"xmin","ymin","xmax","ymax","Name"
163.600634157805,-22.6996395250065,171.361940179979,-19.5913923395698,"New Caledonia"
-165.835964488639,-21.9529984250933,-157.302664528597,-8.9364343742086,"Cook Islands"
131.120002815165,2.93685499597472,134.738143156819,8.10949342107494,"Palau"
