length	L1_alb_region_1	L2_alb_region_1	L3_alb_region_1	L4_alb_region_1	L5_alb_region_1	L6_alb_region_1	L7_alb_region_1	T8_alb_region_1	G9_alb_region_1	L10_alb_region_1	L11_alb_region_1	L12_alb_region_1	L13_alb_region_1	L14_alb_region_1	L15_alb_region_1	L16_alb_region_1	L1_alb_region_2	L2_alb_region_2	L3_alb_region_2	L4_alb_region_2	L5_alb_region_2	L6_alb_region_2	L7_alb_region_2	T8_alb_region_2	G9_alb_region_2	L10_alb_region_2	L11_alb_region_2	L12_alb_region_2	L13_alb_region_2	L14_alb_region_2	L15_alb_region_2	L16_alb_region_2	L1_alb_region_3	L2_alb_region_3	L3_alb_region_3	L4_alb_region_3	L5_alb_region_3	L6_alb_region_3	L7_alb_region_3	T8_alb_region_3	G9_alb_region_3	L10_alb_region_3	L11_alb_region_3	L12_alb_region_3	L13_alb_region_3	L14_alb_region_3	L15_alb_region_3	L16_alb_region_3	L1_alb_region_4	L2_alb_region_4	L3_alb_region_4	L4_alb_region_4	L5_alb_region_4	L6_alb_region_4	L7_alb_region_4	T8_alb_region_4	G9_alb_region_4	L10_alb_region_4	L11_alb_region_4	L12_alb_region_4	L13_alb_region_4	L14_alb_region_4	L15_alb_region_4	L16_alb_region_4	L1_alb_region_5	L2_alb_region_5	L3_alb_region_5	L4_alb_region_5	L5_alb_region_5	L6_alb_region_5	L7_alb_region_5	T8_alb_region_5	G9_alb_region_5	L10_alb_region_5	L11_alb_region_5	L12_alb_region_5	L13_alb_region_5	L14_alb_region_5	L15_alb_region_5	L16_alb_region_5	L1_alb_region_6	L2_alb_region_6	L3_alb_region_6	L4_alb_region_6	L5_alb_region_6	L6_alb_region_6	L7_alb_region_6	T8_alb_region_6	G9_alb_region_6	L10_alb_region_6	L11_alb_region_6	L12_alb_region_6	L13_alb_region_6	L14_alb_region_6	L15_alb_region_6	L16_alb_region_6	L1_alb_region_7	L2_alb_region_7	L3_alb_region_7	L4_alb_region_7	L5_alb_region_7	L6_alb_region_7	L7_alb_region_7	T8_alb_region_7	G9_alb_region_7	L10_alb_region_7	L11_alb_region_7	L12_alb_region_7	L13_alb_region_7	L14_alb_region_7	L15_alb_region_7	L16_alb_region_7	L1_alb_region_8	L2_alb_region_8	L3_alb_region_8	L4_alb_region_8	L5_alb_region_8	L6_alb_region_8	L7_alb_region_8	T8_alb_region_8	G9_alb_region_8	L10_alb_region_8	L11_alb_region_8	L12_alb_region_8	L13_alb_region_8	L14_alb_region_8	L15_alb_region_8	L16_alb_region_8	sum_L1_alb	sum_L2_alb	sum_L3_alb	sum_L4_alb	sum_L5_alb	sum_L6_alb	sum_L7_alb	sum_T8_alb	sum_G9_alb	sum_L10_alb	sum_L11_alb	sum_L12_alb	sum_L13_alb	sum_L14_alb	sum_L15_alb	sum_L16_alb	sum_alb_region_1	sum_alb_region_2	sum_alb_region_3	sum_alb_region_4	sum_alb_region_5	sum_alb_region_6	sum_alb_region_7	sum_alb_region_8	
Quarter 1	
24.04	0	0.0162662	1.32748	0	0	0.000154208	0	0	0	0	0	0.00424207	1.82463e-07	0	0	1.3411e-07	12.6592	0.0369629	55.1653	0.00123	3.80541e-06	0.00329634	0	0	0	0	0	0.0116108	4.38548e-05	0	3.40349e-07	1.21167e-06	14.253	5.12611e-06	0.216131	0.000236505	4.36609e-08	4.67231e-05	1.97536e-08	4.18818e-09	1.30954e-07	0	0	0	0	0	0	2.53754e-09	0	0.214156	10.8332	0	0	0.000173146	0	0	0	0	9.54135e-09	0.000205706	1.502e-06	0	1.58384e-09	3.9466e-08	0.804778	0.268757	127.997	0	1.95434e-07	0.00865669	2.9677e-07	0	0	2.93822e-08	1.93682e-06	0.000102349	0.000633059	7.22403e-12	5.43803e-06	1.8175e-06	0.593953	0.00152522	2.87825	1.88167e-07	0	0.000558553	1.4739e-07	3.62979e-07	2.39864e-09	0	0	0	1.48083e-07	6.55846e-14	1.73777e-08	4.61936e-08	0	0.412018	46.5671	0	0	0.00164045	0	5.53406e-10	0	6.34912e-07	0	0	0	3.58924e-11	5.89568e-09	9.7935e-08	0	0.000827913	1.53912	0	0	1.79974e-05	0	1.4401e-07	6.08695e-09	4.33607e-10	0	0	0	8.82599e-13	0	0	28.3109	0.950519	246.524	0.0014667	4.04451e-06	0.0145441	4.63914e-07	5.1173e-07	1.3944e-07	6.64728e-07	1.94636e-06	0.016161	0.000678747	4.40646e-11	5.80324e-06	3.34941e-06	1.34814	67.8776	14.4694	11.0478	129.08	3.47429	46.9807	1.53996	275.818	275.818	
25.91	0	0.0232188	1.5849	0	0	0.000187317	0	0	0	0	0	0.00623523	3.00485e-07	0	0	1.36718e-07	23.8165	0.0379644	48.6076	0.00186837	4.4614e-06	0.0033342	0	0	0	0	0	0.0136044	5.56329e-05	0	2.95135e-07	1.01339e-06	25.0928	9.95926e-06	0.360059	0.000413267	6.88522e-08	7.7045e-05	7.48839e-08	3.16046e-08	9.58809e-07	0	0	0	0	0	0	4.89413e-09	0	0.361473	15.2105	0	0	0.000276602	0	0	0	0	1.13961e-08	0.000327374	2.45038e-06	0	2.41784e-09	4.05431e-08	0.797802	0.292894	121.412	0	1.78533e-07	0.00885892	8.7593e-07	0	0	3.16558e-08	2.39986e-06	0.000119819	0.0008759	1.68463e-11	6.17147e-06	1.75851e-06	1.36486	0.00478298	4.82876	5.59858e-07	0	0.00154772	1.21011e-06	4.10878e-06	2.71758e-08	0	0	0	5.80895e-07	1.12882e-13	4.61708e-08	9.43872e-08	0	0.595238	47.4142	0	0	0.00174117	0	2.93035e-09	0	6.50442e-07	0	0	0	7.85882e-11	8.51728e-09	7.88207e-08	0	0.00138699	2.07398	0	0	4.72437e-05	0	1.63364e-06	5.73194e-08	9.89631e-10	0	0	0	1.54964e-12	0	0	51.0719	1.31697	241.492	0.00228219	4.70878e-06	0.0160702	2.16093e-06	5.77696e-06	1.0433e-06	6.83088e-07	2.41126e-06	0.0202868	0.000934864	9.70971e-11	6.52371e-06	3.12726e-06	1.61454	72.4809	25.4533	15.5726	122.512	6.19996	48.0112	2.07542	293.92	293.92	
27.75	0	0.0305823	1.79713	0	0	0.00021966	0	0	0	0	0	0.0084223	4.60292e-07	0	0	1.44463e-07	34.7974	0.0366615	41.0206	0.00284218	5.74804e-06	0.00342376	0	0	0	0	0	0.0156746	6.81386e-05	0	2.84353e-07	9.20548e-07	42.9581	1.78687e-05	0.47419	0.000857725	9.95115e-08	0.000111989	4.74045e-07	2.47676e-07	6.22551e-06	0	0	0	0	0	0	7.22951e-09	0	0.589849	21.2144	0	0	0.000439272	0	0	0	0	1.66646e-08	0.000502834	3.98939e-06	0	3.79534e-09	4.42365e-08	0.811992	0.305863	112.184	0	1.67497e-07	0.00913237	2.81573e-06	0	0	3.36999e-08	3.37238e-06	0.000127524	0.00116518	3.55696e-11	7.04304e-06	1.82223e-06	2.93473	0.00960455	6.47403	1.40578e-06	0	0.00265201	1.14325e-05	3.99126e-05	3.00969e-07	0	0	0	1.38672e-06	1.8577e-13	6.73674e-08	1.44835e-07	0	0.866182	51.8194	0	0	0.00204964	0	1.25699e-08	0	6.07646e-07	0	0	0	1.5892e-10	1.38438e-08	6.67478e-08	0	0.00213368	2.51301	0	0	0.000100402	0	1.24001e-05	4.39787e-07	1.54148e-09	0	0	0	2.5195e-12	0	0	81.5022	1.84089	237.497	0.00370131	6.01505e-06	0.0181291	1.47222e-05	5.25729e-05	6.96627e-06	6.42887e-07	3.38904e-06	0.0247272	0.00123916	1.97195e-10	7.4124e-06	3.15029e-06	1.83635	75.8766	43.4333	21.8052	113.313	9.42106	52.6876	2.51526	320.888	320.888	
29.55	0	0.0362353	1.88542	0	0	0.000255369	0	0	0	0	0	0.0104444	6.34338e-07	0	0	1.61757e-07	45.0861	0.0348071	34.6973	0.0042007	8.17751e-06	0.00359111	0	0	0	0	0	0.0182226	8.29704e-05	0	3.08157e-07	9.43627e-07	72.1683	4.44962e-05	0.714117	0.00178283	1.4086e-07	0.000155584	3.35683e-06	2.25579e-06	4.54343e-05	0	0	0	0	0	0	8.83385e-09	0	0.905655	28.0084	0	0	0.000656139	0	0	0	0	2.81974e-08	0.000729704	5.92924e-06	0	6.28806e-09	5.17457e-08	0.844584	0.3339	107.39	0	1.68105e-07	0.00959272	9.06778e-06	0	0	3.50072e-08	5.13326e-06	0.000132725	0.00159201	7.29514e-11	8.7228e-06	2.15535e-06	5.60023	0.0161449	8.08656	3.28797e-06	0	0.00377408	8.96113e-05	0.00032927	2.83618e-06	0	0	0	3.05703e-06	3.15569e-13	9.39477e-08	2.21549e-07	0	1.25352	59.6723	0	0	0.00259562	0	4.60894e-08	0	6.51137e-07	0	0	0	3.15143e-10	2.2686e-08	6.72057e-08	0	0.00317711	3.6271	0	0	0.000165934	0	8.059e-05	2.87874e-06	2.25072e-09	0	0	0	4.29062e-12	0	0	123.699	2.58349	244.081	0.00598682	8.48648e-06	0.0207866	0.000102036	0.000412162	5.11492e-05	6.88395e-07	5.16146e-06	0.0295294	0.00168461	3.927e-10	9.15388e-06	3.61007e-06	1.93236	79.8443	72.8845	28.9154	108.58	13.7071	60.9284	3.63053	370.422	370.422	
31.31	0	0.0411532	1.932	0	0	0.000304319	0	0	0	0	0	0.0126737	8.55586e-07	0	0	2.03281e-07	54.5221	0.0362138	30.8772	0.00600885	1.25604e-05	0.00384	0	0	0	0	0	0.0215999	0.000103661	0	3.74912e-07	1.10287e-06	112.948	0.000108283	1.12153	0.00341699	1.93036e-07	0.000199423	2.11531e-05	1.65021e-05	0.000256336	0	0	0	0	0	0	1.07994e-08	0	1.3041	34.9837	0	0	0.000922743	0	0	0	0	5.27408e-08	0.00100244	8.66947e-06	0	1.00608e-08	6.53172e-08	0.883231	0.388881	106.797	0	1.92922e-07	0.010382	2.79117e-05	0	0	4.11994e-08	8.35287e-06	0.000147341	0.00220286	1.52283e-10	1.20841e-05	2.87249e-06	9.91518	0.0232983	10.6334	7.21571e-06	0	0.00529844	0.000562136	0.00213799	1.90314e-05	0	0	0	6.00598e-06	6.19551e-13	1.45332e-07	3.83451e-07	0	1.80535	70.8133	0	0	0.00335659	0	1.6351e-07	0	1.02409e-06	0	0	0	6.42459e-10	3.72698e-08	8.15424e-08	0	0.00494202	5.1573	0	0	0.000237862	0	0.000411914	1.44114e-05	4.77042e-09	0	0	0	8.48201e-12	0	0	178.268	3.60404	262.316	0.00943305	1.29464e-05	0.0245414	0.000611201	0.00256657	0.000289778	1.07006e-06	8.40561e-06	0.0354233	0.00232205	8.03844e-10	1.26517e-05	4.71975e-06	1.98614	85.467	114.073	36.2898	108.082	20.5799	72.6221	5.1629	444.263	444.263	
33.04	0	0.0494498	2.05853	0	0	0.00037046	0	0	0	0	0	0.0162381	1.2356e-06	0	0	2.97168e-07	62.0101	0.0415272	29.2347	0.00833851	2.0722e-05	0.00464468	0	0	0	0	0	0.0273115	0.000139319	0	5.23839e-07	1.48094e-06	168.06	0.000358899	2.13908	0.0059994	2.76766e-07	0.000267026	0.000108585	0.000115203	0.00116808	0	0	0	0	0	0	1.44553e-08	0	1.79811	43.0389	0	0	0.00124821	0	0	0	0	9.95992e-08	0.0013905	1.22202e-05	0	1.68017e-08	9.59267e-08	0.98383	0.457366	108.102	0	2.57756e-07	0.0115671	8.62188e-05	0	0	6.55357e-08	1.38252e-05	0.000168223	0.00303871	3.01896e-10	1.77946e-05	4.14857e-06	16.5842	0.0372059	14.4972	1.44737e-05	0	0.00706104	0.00304673	0.0116913	0.00013961	0	0	0	1.15763e-05	1.21957e-12	2.24628e-07	7.48123e-07	0	2.50998	85.8276	0	0	0.00430168	0	5.45438e-07	0	2.43582e-06	0	0	0	1.31796e-09	6.53189e-08	1.1421e-07	0	0.00935212	8.0487	0	0	0.000437349	0	0.00220105	8.41293e-05	1.50852e-08	0	0	0	1.67595e-11	0	0	247.638	4.90335	292.947	0.0143524	2.12566e-05	0.0298976	0.00324154	0.0140081	0.00139182	2.51644e-06	1.39248e-05	0.0451083	0.00320306	1.63783e-09	1.86251e-05	6.89939e-06	2.12459	91.3269	170.207	44.8396	109.558	31.1406	88.3419	8.06077	545.599	545.599	
34.73	0	0.0608613	2.31074	0	0	0.000461501	0	0	0	0	0	0.0216501	1.99552e-06	0	0	4.82889e-07	68.5602	0.0495419	28.8705	0.0111791	3.39215e-05	0.0053201	0	0	0	0	0	0.0336428	0.000194718	0	7.72503e-07	2.16553e-06	224.955	0.000775444	3.39802	0.00946715	4.02816e-07	0.000327733	0.000431658	0.000567991	0.00418227	0	0	0	0	0	0	2.08919e-08	0	2.4116	51.3433	0	0	0.00163128	0	0	0	0	1.85221e-07	0.00193785	1.85283e-05	0	2.80764e-08	1.55289e-07	1.08142	0.547941	111.544	0	3.75811e-07	0.0132623	0.000246296	0	0	1.46458e-07	2.31835e-05	0.000200177	0.00416565	5.84447e-10	2.66768e-05	6.24429e-06	24.0114	0.0570263	19.1976	2.53543e-05	0	0.00927363	0.0130257	0.0490975	0.000691069	0	0	0	2.03329e-05	2.3219e-12	3.60987e-07	1.43509e-06	0	3.49164	103.407	0	0	0.00555516	0	1.63142e-06	0	7.06266e-06	0	0	0	2.6738e-09	1.1517e-07	1.75055e-07	0	0.0164487	11.725	0	0	0.000724972	0	0.00903852	0.000384599	5.10409e-08	0	0	0	3.32083e-11	0	0	318.608	6.63584	331.796	0.0206716	3.47001e-05	0.0365567	0.0137037	0.0587057	0.00525794	7.26016e-06	2.33687e-05	0.057431	0.00440122	3.29377e-09	2.79536e-05	1.0679e-05	2.39371	97.5306	228.369	53.7585	113.191	43.3382	106.904	11.7516	657.237	657.237	
36.38	0	0.0800291	2.77141	0	0	0.000571026	0	0	0	0	0	0.0303645	3.34381e-06	0	0	8.42248e-07	73.2798	0.0608367	30.3572	0.0147897	5.66299e-05	0.00634535	0	0	0	0	0	0.0427764	0.00029343	0	1.24152e-06	3.52458e-06	270.184	0.00146122	4.55323	0.0137054	5.88558e-07	0.000411018	0.0014186	0.00295158	0.0142585	0	0	0	0	0	0	3.13071e-08	0	3.16538	61.8576	0	0	0.00212314	0	0	0	0	3.41444e-07	0.00282525	3.0308e-05	0	4.8215e-08	2.81078e-07	1.22379	0.667169	119.587	0	5.90747e-07	0.0156941	0.000697227	0	0	3.93846e-07	3.92285e-05	0.000253508	0.00598768	1.10322e-09	4.16517e-05	1.00999e-05	31.5656	0.0815784	24.5572	4.01243e-05	0	0.0113753	0.0465974	0.179334	0.00349659	0	0	0	3.33209e-05	4.20306e-12	5.80821e-07	2.57788e-06	0	4.73236	126.288	0	0	0.00715497	0	4.44305e-06	0	2.19864e-05	0	0	0	5.47281e-09	2.05587e-07	2.94109e-07	0	0.0303526	17.4208	0	0	0.00117981	0	0.036132	0.00169766	1.90441e-07	0	0	0	6.34553e-11	0	0	376.253	8.81916	387.392	0.0285352	5.78092e-05	0.0448547	0.0487132	0.218422	0.0194527	2.25707e-05	3.957e-05	0.0762196	0.00634808	6.6437e-09	4.37278e-05	1.7651e-05	2.88238	103.762	274.771	65.0279	121.5	56.4452	131.027	17.4902	772.907	772.907	
38	0	0.106961	3.3081	0	0	0.000700166	0	0	0	0	0	0.042997	5.35668e-06	0	0	1.47982e-06	79.1244	0.0741009	32.5497	0.0196679	9.38277e-05	0.0071925	0	0	0	0	0	0.0539547	0.000445268	0	1.99641e-06	5.91835e-06	312.454	0.00237263	5.64726	0.0193744	8.81087e-07	0.000507785	0.00416943	0.0108184	0.0432109	0	0	0	0	0	0	4.66782e-08	0	4.07139	73.1571	0	0	0.00269419	0	0	0	0	6.19387e-07	0.00408168	5.03442e-05	0	8.52602e-08	5.14757e-07	1.3625	0.833555	131.737	0	9.24718e-07	0.0189526	0.00187485	0	0	1.1129e-06	6.75261e-05	0.00033007	0.00886884	2.14879e-09	6.69432e-05	1.69524e-05	39.4168	0.117188	31.1815	6.05645e-05	0	0.0145971	0.146784	0.571736	0.0132546	0	0	0	5.41888e-05	7.92269e-12	1.00384e-06	4.57031e-06	0	6.39473	153.349	0	0	0.00929757	0	1.1379e-05	0	6.61499e-05	0	0	0	1.12148e-08	3.65918e-07	5.19462e-07	0	0.0505958	24.8027	0	0	0.00178952	0	0.121068	0.00608754	6.86117e-07	0	0	0	1.25453e-10	0	0	432.358	11.6509	455.733	0.0391028	9.56335e-05	0.0557315	0.152828	0.703634	0.062553	6.79489e-05	6.81455e-05	0.101363	0.009424	1.34969e-08	7.03947e-05	3.00018e-05	3.45876	111.83	318.182	77.2353	133.964	71.462	159.753	24.9822	900.867	900.867	
39.59	0	0.14935	3.91807	0	0	0.000855991	0	0	0	0	0	0.0612948	8.67261e-06	0	0	2.62663e-06	85.7118	0.0941648	36.6234	0.0267836	0.000159468	0.00858319	0	0	0	0	0	0.0713969	0.000705931	0	3.32702e-06	1.04557e-05	353.533	0.00372015	6.80216	0.0270543	1.3536e-06	0.000620779	0.0112774	0.0459451	0.121778	0	0	0	0	0	0	7.25471e-08	0	5.20228	86.7987	0	0	0.0034432	0	0	0	0	1.14479e-06	0.00585533	8.12281e-05	0	1.49801e-07	9.52545e-07	1.60081	1.05345	147.944	0	1.55187e-06	0.0233316	0.00495494	0	0	3.06501e-06	0.000115483	0.000425148	0.0136143	4.15184e-09	0.000112226	2.9725e-05	48.2921	0.167616	39.98	8.87144e-05	0	0.0185775	0.425924	1.67636	0.0498809	0	0	0	8.3474e-05	1.51205e-11	1.73319e-06	7.95455e-06	0	8.43854	184.428	0	0	0.0117994	0	2.77487e-05	0	0.000192915	0	0	0	2.31723e-08	6.39165e-07	9.5059e-07	0	0.090789	36.6033	0	0	0.00274698	0	0.395295	0.021585	2.30712e-06	0	0	0	2.43361e-10	0	0	489.138	15.1999	543.097	0.0539266	0.000162374	0.0699587	0.442156	2.11763	0.193244	0.000198287	0.000116628	0.138972	0.0144936	2.75826e-08	0.000118076	5.27376e-05	4.12958	122.537	360.545	92.0103	150.641	90.6106	192.878	37.1137	1050.47	1050.47	
41.15	0	0.194677	4.41956	0	0	0.00105303	0	0	0	0	0	0.0843989	1.3129e-05	0	0	4.49541e-06	96.126	0.117605	40.6221	0.0377921	0.000268802	0.010245	0	0	0	0	0	0.0939736	0.00108736	0	5.34674e-06	1.83258e-05	410.371	0.0055058	8.41646	0.038591	2.20648e-06	0.000760301	0.02854	0.138954	0.318285	0	0	0	0	0	0	1.17997e-07	0	6.69606	100.371	0	0	0.00431337	0	0	0	0	2.04393e-06	0.00835887	0.000121676	0	2.5438e-07	1.67799e-06	1.83912	1.29455	162.92	0	2.55395e-06	0.0281038	0.0121604	0	0	7.98656e-06	0.000193416	0.000533881	0.0204061	7.80237e-09	0.000183667	5.08635e-05	58.5781	0.242339	49.9872	0.000129658	0	0.0244117	1.15012	4.38303	0.150253	0	0	0	0.000131949	2.72238e-11	2.96395e-06	1.41476e-05	0	10.6784	210.763	0	0	0.0141757	0	6.21886e-05	0	0.000498609	0	0	0	4.55072e-08	1.09331e-06	1.65452e-06	0	0.152711	49.8257	0	0	0.00408287	0	1.05312	0.065694	6.42134e-06	0	0	0	4.46027e-10	0	0	566.914	19.3819	627.326	0.0765128	0.000273562	0.0871458	1.19082	5.57516	0.534232	0.000513016	0.00019546	0.187265	0.0217602	5.37828e-08	0.000193325	9.12827e-05	4.69971	137.009	419.318	107.08	166.115	114.516	221.456	51.1013	1221.3	1221.3	
42.67	0	0.266775	4.97286	0	0	0.00131981	0	0	0	0	0	0.116409	2.02649e-05	0	0	7.70591e-06	109.905	0.151473	47.4765	0.0552751	0.000462333	0.0132072	0	0	0	0	0	0.131481	0.00175262	0	9.15507e-06	3.3677e-05	463.923	0.00788283	9.86327	0.054453	3.50047e-06	0.000967261	0.068342	0.447085	0.814357	0	0	0	0	0	0	1.81046e-07	0	8.49183	115.53	0	0	0.00538239	0	0	0	0	3.65586e-06	0.0118932	0.000182044	0	4.24067e-07	2.91576e-06	2.19527	1.58462	181.234	0	4.36939e-06	0.0340143	0.0289643	0	0	1.96615e-05	0.000321422	0.000669925	0.0313489	1.38499e-08	0.000305228	8.91722e-05	70.6311	0.334619	60.3834	0.000188718	0	0.0312825	2.86674	10.782	0.435838	0	0	0	0.000201907	4.64898e-11	4.92927e-06	2.45033e-05	0	12.6147	226.587	0	0	0.0159201	0	0.000124413	0	0.00116143	0	0	0	8.4873e-08	1.77091e-06	2.65289e-06	0	0.256051	67.7744	0	0	0.0054204	0	2.6195	0.185571	1.63055e-05	0	0	0	7.38847e-10	0	0	646.654	23.7079	713.821	0.109917	0.000470203	0.107514	2.96405	13.8487	1.43577	0.0011974	0.000325077	0.260453	0.0335057	9.95082e-08	0.000321507	0.000160808	5.35739	157.735	475.179	124.039	185.11	145.465	239.219	70.8409	1402.94	1402.94	
44.17	0	0.337191	5.54894	0	0	0.00171201	0	0	0	0	0	0.163013	3.13516e-05	0	0	1.32182e-05	130.94	0.199518	54.9982	0.0824675	0.000795264	0.0172295	0	0	0	0	0	0.187877	0.00277585	0	1.52722e-05	6.08304e-05	548.106	0.0112168	12.1026	0.07913	5.80267e-06	0.00121542	0.159949	1.16344	1.96056	0	0	0	0	0	0	2.8914e-07	0	10.7282	132.029	0	0	0.0066444	0	0	0	0	6.61054e-06	0.0169433	0.000277473	0	6.86665e-07	5.04567e-06	2.55922	1.899	197.996	0	7.38547e-06	0.0402143	0.0637151	0	0	4.51015e-05	0.000534571	0.000854507	0.0468365	2.34843e-08	0.000489305	0.000152856	86.3694	0.44733	70.2868	0.000279259	0	0.0400929	6.80147	24.32	1.0883	0	0	0	0.000307434	7.62977e-11	8.05093e-06	4.36015e-05	0	14.0108	228.28	0	0	0.0168085	0	0.000220645	0	0.00237805	0	0	0	1.462e-07	2.71005e-06	3.96233e-06	0	0.358298	80.4659	0	0	0.0065883	0	5.36487	0.42807	3.60183e-05	0	0	0	1.16571e-09	0	0	767.975	27.9915	781.708	0.161877	0.000808452	0.130505	7.02513	30.8486	3.47693	0.00245917	0.000541182	0.368688	0.0502286	1.70927e-07	0.000516025	0.000279803	6.0509	186.429	563.585	142.781	202.607	189.354	242.31	86.6238	1619.74	1619.74	
45.63	0	0.441225	6.31583	0	0	0.00223774	0	0	0	0	0	0.230589	4.79827e-05	0	0	2.29052e-05	154.471	0.278115	66.7282	0.122125	0.00137413	0.0234648	0	0	0	0	0	0.272771	0.00453275	0	2.6026e-05	0.000112572	647.877	0.0162554	14.9109	0.113786	9.65431e-06	0.00149789	0.356312	3.03152	4.59392	0	0	0	0	0	0	4.69112e-07	0	13.2601	147.669	0	0	0.0079925	0	0	0	0	1.16472e-05	0.0241169	0.000421359	0	1.07824e-06	8.56504e-06	3.14527	2.2513	217.552	0	1.30341e-05	0.047183	0.13671	0	0	9.60656e-05	0.00087667	0.00110825	0.0710203	3.7321e-08	0.000796224	0.000266369	106.018	0.610361	81.7115	0.000409806	0	0.0487055	15.053	51.6221	2.62104	0	0	0	0.000455858	1.20157e-10	1.23643e-05	7.50139e-05	0	14.7619	220.167	0	0	0.017042	0	0.000350608	0	0.00449308	0	0	0	2.37464e-07	3.94254e-06	5.60249e-06	0	0.520172	97.4829	0	0	0.00753847	0	10.3343	0.935915	7.136e-05	0	0	0	1.70078e-09	0	0	911.512	32.1394	852.537	0.23632	0.00139682	0.155662	15.546	64.9882	8.15088	0.0046605	0.000888317	0.528585	0.0764782	2.76606e-07	0.000839636	0.000491496	6.98995	221.902	670.902	160.961	223.206	257.686	234.951	109.281	1885.88	1885.88	
47.06	0	0.568963	7.04861	0	0	0.00285127	0	0	0	0	0	0.313023	7.1614e-05	0	0	3.84644e-05	181.307	0.373914	78.0312	0.175875	0.00231704	0.0302824	0	0	0	0	0	0.375459	0.00711046	0	4.2415e-05	0.000198696	769.868	0.0236447	18.4587	0.164127	1.6182e-05	0.00185728	0.753858	6.78966	9.92052	0	0	0	0	0	0	7.73358e-07	0	16.2865	162.161	0	0	0.00947585	0	0	0	0	1.99086e-05	0.0331699	0.000622753	0	1.65951e-06	1.40986e-05	3.74664	2.62741	236.549	0	2.21887e-05	0.055183	0.265577	0	0	0.000197076	0.00142519	0.00142369	0.104506	5.87209e-08	0.00123011	0.000448504	127.613	0.796376	90.5647	0.000598073	0	0.0571512	31.1102	100.167	5.2821	0	0	0	0.000667863	1.81102e-10	1.85998e-05	0.000128055	0	16.1182	218.067	0	0	0.0178955	0	0.000520327	0	0.00835192	0	0	0	3.72578e-07	5.77151e-06	7.86991e-06	0	0.656894	105.586	0	0	0.00821784	0	16.9476	1.7156	0.000136654	0	0	0	2.40146e-09	0	0	1082.53	37.4519	916.466	0.3406	0.00235541	0.182914	32.1296	123.905	16.9182	0.00868565	0.0014451	0.723076	0.112978	4.33881e-07	0.00129856	0.000836461	7.93356	260.304	805.98	178.491	243.353	355.591	234.212	124.915	2210.78	2210.78	
48.47	0	0.718073	7.72071	0	0	0.00342613	0	0	0	0	0	0.409424	0.000106598	0	0	6.40952e-05	211.874	0.514369	97.0337	0.253501	0.00399636	0.0392709	0	0	0	0	0	0.51365	0.0117171	0	7.51175e-05	0.000367235	911.835	0.0342808	22.8265	0.237128	2.66674e-05	0.00239152	1.54419	14.854	21.8765	0	0	0	0	0	0	1.28962e-06	0	20.2066	180.465	0	0	0.0113147	0	0	0	0	3.45272e-05	0.0439042	0.0008985	0	2.53896e-06	2.30767e-05	4.70581	3.33662	279.271	0	3.84723e-05	0.0684782	0.532928	0	0	0.000403473	0.00237443	0.00190579	0.166667	9.72768e-08	0.00204522	0.000811324	155.023	1.00993	101.408	0.000879041	0	0.0677946	62.508	196.672	11.2425	0	0	0	0.000999835	2.94722e-10	3.0528e-05	0.000218529	0	18.9234	233.957	0	0	0.0203941	0	0.000740093	0	0.0166132	0	0	0	6.15836e-07	9.05512e-06	1.22808e-05	0	0.80684	117.645	0	0	0.00847015	0	28.2255	3.05288	0.000295662	0	0	0	3.61649e-09	0	0	1283.44	45.5501	1040.33	0.491508	0.0040615	0.22154	64.5851	239.752	36.1719	0.0173123	0.00240896	0.968883	0.180389	7.17024e-07	0.00216246	0.00149783	8.85181	310.245	973.21	200.728	288.089	527.933	252.918	149.739	2711.71	2711.71	
49.84	0	0.885633	8.37243	0	0	0.00397343	0	0	0	0	0	0.515488	0.000147296	0	0	0.000102288	248.446	0.685796	117.025	0.35247	0.00677827	0.0478255	0	0	0	0	0	0.670237	0.0187377	0	0.000125959	0.000649832	1103.15	0.0488371	28.7541	0.344652	4.37531e-05	0.00302008	3.03906	29.6166	41.7162	0	0	0	0	0	0	2.17504e-06	0	25.1336	203.543	0	0	0.013541	0	0	0	0	5.79772e-05	0.0558149	0.00127312	0	4.0432e-06	3.723e-05	5.6636	4.30248	330.861	0	6.63755e-05	0.0853773	0.984315	0	0	0.000809158	0.0039987	0.00256624	0.262691	1.68421e-07	0.00337964	0.00144056	194.657	1.24796	119.125	0.00130654	0	0.0839142	121.058	361.151	22.6412	0	0	0	0.00150044	5.21513e-10	5.21458e-05	0.000379727	0	23.3244	263.14	0	0	0.0244345	0	0.00108127	0	0.0332591	0	0	0	1.06767e-06	1.44504e-05	2.05001e-05	0	0.979094	135.002	0	0	0.00946464	0	46.0666	5.40014	0.000643244	0	0	0	6.04037e-09	0	0	1551.92	56.6078	1205.82	0.698429	0.0068884	0.271551	125.082	436.835	69.7576	0.0347115	0.00405668	1.24411	0.28435	1.24265e-06	0.00357624	0.00263231	9.77778	367.254	1206.68	228.747	342.171	819.968	286.523	187.458	3448.58	3448.58	
51.19	0	1.11258	9.23094	0	0	0.00451641	0	0	0	0	0	0.648874	0.000210504	0	0	0.000164861	281.954	0.947764	146.142	0.476642	0.0113596	0.0589439	0	0	0	0	0	0.881265	0.0302854	0	0.000211527	0.00116665	1340.3	0.0736391	37.8504	0.488772	7.23193e-05	0.00353848	5.66213	53.7436	71.7591	0	0	0	0	0	0	3.96497e-06	0	30.3958	227.174	0	0	0.0160585	0	0	0	0	9.75396e-05	0.0686348	0.00181841	0	6.3804e-06	6.07729e-05	7.34982	5.66115	402.266	0	0.000121119	0.108815	1.8243	0	0	0.00160343	0.00681198	0.0036439	0.421535	2.98251e-07	0.00583581	0.00261	246.29	1.78085	153.507	0.00195357	0	0.105892	225.83	612.93	43.9221	0	0	0	0.00228158	9.42501e-10	8.24005e-05	0.000663202	0	28.9362	299.623	0	0	0.0295966	0	0.00161175	0	0.0672593	0	0	0	1.91671e-06	2.27006e-05	3.46442e-05	0	1.53321	181.575	0	0	0.0128975	0	79.7933	10.4276	0.0013384	0	0	0	1.04554e-08	0	0	1875.9	70.4413	1457.37	0.967368	0.0115531	0.340258	233.317	746.469	126.109	0.0702011	0.00690952	1.60242	0.456131	2.22636e-06	0.00615882	0.00470409	10.9973	430.504	1509.88	257.657	417.652	1284.37	328.658	273.343	4513.07	4513.07	
52.51	0	1.35238	10.0937	0	0	0.00507409	0	0	0	0	0	0.80636	0.000305104	0	0	0.000260063	310.522	1.23389	169.909	0.61657	0.0179723	0.0688142	0	0	0	0	0	1.10286	0.0449423	0	0.000326865	0.00194278	1569.71	0.107854	47.2607	0.667438	0.000115482	0.0040576	9.51838	85.8112	110.111	0	0	0	0	0	0	6.75757e-06	0	35.871	250.29	0	0	0.0186548	0	0	0	0	0.000156133	0.0843627	0.00259462	0	9.65607e-06	9.73615e-05	8.88711	7.17439	466.868	0	0.000204293	0.133369	3.05527	0	0	0.00305595	0.0112711	0.00499686	0.630979	5.18935e-07	0.0093085	0.00437932	293.98	2.47086	192.367	0.00274184	0	0.130591	382.105	926.036	74.7467	0	0	0	0.0033487	1.63528e-09	0.000126751	0.00110392	0	35.859	340.967	0	0	0.0355647	0	0.00229849	0	0.128978	0	0	0	3.36918e-06	3.5247e-05	5.71339e-05	0	2.22362	233.133	0	0	0.0170296	0	127.656	17.9644	0.00268785	0	0	0	1.77178e-08	0	0	2183.1	86.293	1710.89	1.28675	0.0182921	0.413155	394.679	1139.51	202.822	0.134722	0.0114272	1.99858	0.682169	3.90747e-06	0.00980702	0.00784734	12.2581	483.518	1823.19	286.267	486.782	1871.84	376.992	380.997	5721.85	5721.85	
53.8	0	1.64297	11.224	0	0	0.00569366	0	0	0	0	0	1.00923	0.000450108	0	0	0.000414256	328.602	1.56557	201.644	0.781274	0.0274258	0.0824432	0	0	0	0	0	1.39479	0.0669435	0	0.000517553	0.00323849	1726.39	0.144327	53.8352	0.862637	0.000172177	0.00456112	14.6089	120.348	159.015	0	0	0	0	0	0	1.03297e-05	0	41.9324	276.153	0	0	0.0215733	0	0	0	0	0.000243062	0.102604	0.00377099	0	1.4248e-05	0.000153201	10.5558	9.18512	551.765	0	0.000331853	0.166131	4.79779	0	0	0.0057941	0.0186247	0.00691902	0.939602	9.04512e-07	0.0148352	0.00733904	334.218	3.23176	234.069	0.00360564	0	0.155037	589.939	1313.09	122.121	0	0	0	0.00462727	2.87811e-09	0.000188232	0.00173191	0	43.9732	387.571	0	0	0.0424174	0	0.00313001	0	0.241449	0	0	0	5.91503e-06	5.48829e-05	9.31593e-05	0	3.19771	297.117	0	0	0.0233691	0	193.811	30.3394	0.00519105	0	0	0	3.00199e-08	0	0	2399.77	104.873	2013.38	1.64752	0.0279298	0.501225	609.346	1627.25	311.476	0.252434	0.0188678	2.51354	1.01539	6.85244e-06	0.0156101	0.0129804	13.8828	534.168	2075.21	318.214	577.463	2596.83	431.831	524.494	7072.1	7072.1	
55.07	0	1.99523	12.5511	0	0	0.00654376	0	0	0	0	0	1.265	0.000660992	0	0	0.000655634	350.721	1.92458	229.134	0.995694	0.0414109	0.0952912	0	0	0	0	0	1.73088	0.0964561	0	0.000801734	0.00519944	1873.53	0.182838	60.0051	1.11653	0.000253579	0.00541002	21.3032	160.537	223.242	0	0	0	0	0	0	1.53029e-05	0	49.2168	306.303	0	0	0.0251986	0	0	0	0	0.00038412	0.123433	0.00548997	0	2.16169e-05	0.000238433	11.9119	11.5124	635.346	0	0.000508238	0.204973	7.13311	0	0	0.0105503	0.0306898	0.00930764	1.36746	1.5678e-06	0.0227519	0.0119151	373.652	4.19336	284.242	0.00468366	0	0.184621	872.503	1783.89	188.225	0	0	0	0.00652699	5.01984e-09	0.000286874	0.0026847	0	53.4766	436.498	0	0	0.0501702	0	0.00409269	0	0.427091	0	0	0	1.02327e-05	8.50097e-05	0.00014878	0	4.47047	374.632	0	0	0.0312677	0	287.499	48.0825	0.0101989	0	0	0	5.16782e-08	0	0	2609.82	126.972	2338.71	2.11691	0.0421727	0.603475	900.939	2231.93	459.55	0.44784	0.0310739	3.12862	1.47659	1.18572e-05	0.0239471	0.0208574	15.8192	584.745	2339.93	355.674	667.561	3506.9	490.456	714.725	8675.81	8675.81	
56.31	0	2.44572	14.5925	0	0	0.00747777	0	0	0	0	0	1.61703	0.000942795	0	0	0.0010365	372.951	2.41129	270.472	1.28884	0.0620469	0.11581	0	0	0	0	0	2.22347	0.141836	0	0.00126027	0.0084805	2016.53	0.229886	65.0959	1.42424	0.000363845	0.00612747	30.2547	200.097	294.182	0	0	0	0	0	0	2.22704e-05	0	57.6881	336.626	0	0	0.0292442	0	0	0	0	0.000614481	0.146989	0.00794818	0	3.23944e-05	0.000365118	13.677	14.4755	743.393	0	0.000793949	0.253802	10.3656	0	0	0.0188478	0.0507358	0.0127365	2.00234	2.70011e-06	0.0354888	0.0195327	416.256	5.2873	342.84	0.00608944	0	0.215232	1237.43	2303.28	272.049	0	0	0	0.00890351	8.98342e-09	0.000422951	0.00405989	0	63.6626	484.087	0	0	0.0582695	0	0.0050863	0	0.727669	0	0	0	1.75278e-05	0.00012783	0.000235343	0	6.13196	470.416	0	0	0.0430938	0	405.604	74.4701	0.0182956	0	0	0	8.9878e-08	0	0	2819.41	152.332	2727.52	2.71916	0.0632047	0.729056	1278.05	2908.99	640.701	0.764812	0.0513502	4.00023	2.16197	2.03267e-05	0.0373323	0.0337323	18.6647	649.676	2607.82	394.499	784.305	4577.38	548.541	956.684	10537.6	10537.6	
57.52	0	3.03684	16.4238	0	0	0.00869465	0	0	0	0	0	2.06385	0.00136491	0	0	0.00160608	408.069	2.96534	308.158	1.68719	0.0930802	0.138862	0	0	0	0	0	2.81518	0.203066	0	0.00191995	0.0133762	2230.1	0.27785	73.7837	1.85869	0.000538391	0.00706132	41.5008	243.79	380.946	0	0	0	0	0	0	3.40141e-05	0	66.8365	361.945	0	0	0.0334108	0	0	0	0	0.000942214	0.171647	0.0113903	0	4.80255e-05	0.000550826	15.5801	17.5114	840.107	0	0.00121143	0.303395	14.5152	0	0	0.0312375	0.0813741	0.016934	2.85096	4.42595e-06	0.053245	0.0310051	464.197	6.80219	413.108	0.00788291	0	0.249961	1713.89	2837.93	367.053	0	0	0	0.0124437	1.4977e-08	0.000611672	0.00612224	0	72.6427	513.665	0	0	0.0644904	0	0.00602199	0	1.12596	0	0	0	2.858e-05	0.000184788	0.000351664	0	8.77386	591.111	0	0	0.05743	0	543.071	107.189	0.0302899	0	0	0	1.46835e-07	0	0	3117.94	178.847	3118.3	3.55376	0.09483	0.863304	1769.91	3624.8	855.188	1.18749	0.0823163	5.06761	3.07923	3.31677e-05	0.0560094	0.0530461	21.5361	724.145	2972.26	428.999	891.083	5803.27	587.505	1250.23	12679	12679	
58.71	0	3.81143	18.7891	0	0	0.0101942	0	0	0	0	0	2.70926	0.0019849	0	0	0.00251371	449.987	3.79973	369.692	2.24348	0.139736	0.173266	0	0	0	0	0	3.76163	0.300362	0	0.00307721	0.0217251	2424.89	0.307268	78.877	2.40448	0.000779147	0.00818172	55.2947	284.098	494.122	0	0	0	0	0	0	5.11185e-05	0	76.4082	383.134	0	0	0.0373951	0	0	0	0	0.00143836	0.20462	0.0159206	0	6.90443e-05	0.000829616	17.8836	21.499	970.73	0	0.00182721	0.365346	20.0772	0	0	0.0493633	0.129544	0.0228616	4.10087	6.96942e-06	0.0805228	0.049943	517.261	8.22739	475.118	0.0100583	0	0.282846	2270.13	3363.67	460.668	0	0	0	0.0167844	2.44541e-08	0.000875147	0.0090414	0	79.3911	517.419	0	0	0.0681084	0	0.00663543	0	1.64229	0	0	0	4.44878e-05	0.00025223	0.000494377	0	11.3422	683.734	0	0	0.0723165	0	653.518	140.282	0.0472826	0	0	0	2.30568e-07	0	0	3410.02	204.786	3497.49	4.65801	0.142342	1.01765	2345.51	4301.29	1095.07	1.73893	0.130982	6.69837	4.43592	5.17122e-05	0.0847964	0.0845983	25.3245	830.122	3340	459.802	1034.99	7095.4	598.528	1489	14873.2	14873.2	
59.88	0	4.97632	22.0447	0	0	0.01245	0	0	0	0	0	3.63951	0.00291052	0	0	0.00403872	515.835	4.84021	432.854	3.02544	0.212906	0.214397	0	0	0	0	0	5.05418	0.436338	0	0.00473107	0.0347238	2733.94	0.372554	88.4021	3.18513	0.00115289	0.00950607	72.4716	331.433	621.836	0	0	0	0	0	0	7.91989e-05	0	86.3724	400.845	0	0	0.0410361	0	0	0	0	0.00214279	0.253384	0.0226019	0	9.6682e-05	0.00126602	20.3088	25.7332	1090.88	0	0.00274561	0.424857	26.7051	0	0	0.0722929	0.199632	0.0302177	5.77767	1.03928e-05	0.118091	0.0783533	585.545	9.98559	533.794	0.0129148	0	0.320941	2941.92	3857.13	560.479	0	0	0	0.0225771	3.82445e-08	0.00124861	0.0135099	0	83.0446	496.978	0	0	0.0685131	0	0.00671921	0	2.20954	0	0	0	6.49377e-05	0.000329149	0.000656192	0	13.9131	762.376	0	0	0.0842604	0	743.748	171.434	0.0715531	0	0	0	3.43951e-07	0	0	3855.63	229.238	3828.17	6.22348	0.216805	1.17596	3041.09	4932.32	1353.75	2.35339	0.201774	8.97729	6.2621	7.57127e-05	0.124496	0.132627	30.6799	962.511	3851.66	487.538	1170.33	8489.22	582.309	1691.63	17265.9	17265.9	
61.02	0	6.62093	25.9251	0	0	0.0153153	0	0	0	0	0	4.87598	0.00418834	0	0	0.00645794	590.183	6.15495	497.367	4.03844	0.322066	0.261982	0	0	0	0	0	6.69235	0.621173	0	0.007029	0.0545589	3120.4	0.456817	101.623	4.20773	0.00174032	0.01103	92.3777	375.026	748.631	0	0	0	0	0	0	0.000120914	0	96.3003	411.762	0	0	0.0440346	0	0	0	0	0.00310273	0.314996	0.0320731	0	0.000130535	0.00192032	22.9132	29.9217	1196.63	0	0.00409075	0.479536	33.8086	0	0	0.0998214	0.295838	0.0388207	7.93528	1.48231e-05	0.169045	0.11957	663.892	12.2532	593.719	0.0164465	0	0.361549	3689.52	4216.01	639.912	0	0	0	0.0300457	5.70313e-08	0.00173194	0.0201701	0	84.6514	461.203	0	0	0.066603	0	0.00631213	0	2.82506	0	0	0	9.01328e-05	0.000410333	0.000825547	0	16.7807	828.867	0	0	0.0947676	0	796.734	196.234	0.102236	0	0	0	4.92303e-07	0	0	4397.39	253.14	4117.09	8.26262	0.327897	1.33482	3815.71	5387.78	1584.78	3.02712	0.298941	11.9221	8.62276	0.000105505	0.178346	0.203624	37.448	1105.7	4442.74	508.459	1292.41	9815.74	548.754	1838.81	19590.1	19590.1	
62.14	0	8.58597	30.3698	0	0	0.0183334	0	0	0	0	0	6.51408	0.00600878	0	0	0.0103254	654.093	8.1351	605.245	5.2897	0.477828	0.334676	0	0	0	0	0	9.11098	0.912608	0	0.0108213	0.0885852	3486.36	0.570473	113.519	5.41272	0.00254485	0.0123394	113.695	403.478	866.4	0	0	0	0	0	0	0.000180041	0	107.407	422.439	0	0	0.046962	0	0	0	0	0.00445688	0.387594	0.0450969	0	0.000166996	0.00289626	26.4151	36.075	1370.62	0	0.00616841	0.562358	42.6431	0	0	0.138267	0.447956	0.0522092	11.0564	2.15856e-05	0.247627	0.186586	748.057	14.5457	637.762	0.0204749	0	0.397264	4426.1	4399.83	675.969	0	0	0	0.0391726	8.70588e-08	0.00237466	0.0296767	0	89.6059	444.377	0	0	0.0672636	0	0.00567241	0	3.78574	0	0	0	0.000125976	0.000524954	0.00104563	0	18.7046	842.211	0	0	0.103221	0	790.11	208.368	0.145461	0	0	0	7.23697e-07	0	0	4914.93	283.63	4466.55	10.7229	0.486541	1.54242	4582.44	5593.42	1750.74	4.06947	0.452413	16.0649	12.0593	0.000148373	0.261515	0.319296	45.5045	1283.7	4989.45	530.333	1488.45	10902.8	537.843	1859.64	21637.7	21637.7	
63.23	0	10.7637	34.8852	0	0	0.0216133	0	0	0	0	0	8.44645	0.00871236	0	0	0.0159884	749.14	10.2561	714.793	6.84014	0.720534	0.409205	0	0	0	0	0	11.8548	1.31286	0	0.0164862	0.140748	3920.65	0.678968	126.785	7.02454	0.00375324	0.0151083	137.623	437.815	1046.3	0	0	0	0	0	0	0.000259198	0	124.149	451.477	0	0	0.0522651	0	0	0	0	0.00636033	0.475066	0.0633892	0	0.000220691	0.00441282	30.0551	44.5501	1583.47	0	0.00903219	0.676691	52.5426	0	0	0.196224	0.684971	0.0685739	15.5926	3.29271e-05	0.359094	0.290017	834.931	16.684	687.719	0.0256802	0	0.460092	5288.2	4763.9	759.906	0	0	0	0.0541482	1.35014e-07	0.00347237	0.0447756	0	103.096	469.79	0	0	0.0739641	0	0.00521862	0	5.33306	0	0	0	0.000184293	0.000744562	0.00144309	0	20.4765	879.763	0	0	0.111669	0	804.108	224.878	0.231498	0	0	0	1.10731e-06	0	0	5534.78	330.654	4948.69	13.8904	0.73332	1.82061	5478.36	6005.83	2031.09	5.76078	0.691331	20.8449	17.0318	0.000218462	0.380018	0.497645	54.1416	1495.48	5676.9	576.227	1728.5	12351.9	578.301	1929.57	24391.1	24391.1	
64.31	0	13.3282	39.6728	0	0	0.0251009	0	0	0	0	0	10.7227	0.0123506	0	0	0.0243713	860.149	12.8714	838.808	8.70572	1.09641	0.492537	0	0	0	0	0	15.1624	1.88287	0	0.0248	0.22173	4484.24	0.849818	143.373	9.12877	0.00552188	0.0186078	169.012	470.475	1183.07	0	0	0	0	0	0	0.000373214	0	148.228	500.325	0	0	0.0604345	0	0	0	0	0.00955068	0.581428	0.0879837	0	0.000318442	0.00669583	33.8592	55.8839	1838.18	0	0.0135294	0.820091	63.8507	0	0	0.284935	1.06902	0.0893557	22.2293	5.28064e-05	0.531468	0.453037	965.532	19.537	782.5	0.0329687	0	0.545793	6348.4	5116.36	889.035	0	0	0	0.0744818	2.24418e-07	0.00518346	0.0685662	0	124.263	525.662	0	0	0.0865621	0	0.00507319	0	7.7646	0	0	0	0.000289101	0.00110787	0.00219144	0	23.8392	993.136	0	0	0.130443	0	869.435	258.384	0.383529	0	0	0	1.81922e-06	0	0	6343.78	398.8	5661.66	17.8675	1.11547	2.17957	6581.26	6456.28	2330.49	8.43307	1.07857	26.5559	24.287	0.000343951	0.562878	0.776965	63.7856	1739.41	6460.17	649.3	2017.27	14122.1	657.785	2145.31	27855.1	27855.1	
65.36	0	16.4593	45.6983	0	0	0.0290263	0	0	0	0	0	13.713	0.0179085	0	0	0.0376111	940.006	17.077	1022.33	10.723	1.61995	0.612761	0	0	0	0	0	19.8981	2.75732	0	0.0375128	0.353362	5201.95	1.12312	172.487	11.5515	0.00824469	0.0206493	205.606	480.012	1206.96	0	0	0	0	0	0	0.00057992	0	175.992	552.833	0	0	0.0694824	0	0	0	0	0.0143443	0.704433	0.125938	0	0.000463555	0.0101793	39.4852	71.1828	2171.19	0	0.0210728	1.00778	76.7933	0	0	0.42532	1.71907	0.123612	31.6856	8.61694e-05	0.809111	0.713522	1148.13	25.4299	933.461	0.0415281	0	0.639213	7512.01	5145.42	951.224	0	0	0	0.102091	3.84643e-07	0.00730927	0.103825	0	149.543	592.089	0	0	0.102654	0	0.00505161	0	11.3444	0	0	0	0.00046582	0.00160389	0.0033397	0	31.8119	1197.04	0	0	0.168979	0	931.402	292.087	0.611968	0	0	0	3.09865e-06	0	0	7329.57	488.62	6687.12	22.3161	1.64927	2.65054	7794.41	6556.84	2450.27	12.3817	1.73342	34.4392	34.6889	0.000555472	0.856001	1.22242	75.9552	2015.41	7279.72	729.751	2395.16	15716.6	753.09	2453.12	31418.8	31418.8	
66.39	0	19.8177	52.0365	0	0	0.0333018	0	0	0	0	0	17.0537	0.025456	0	0	0.0561345	1005.17	20.8831	1150.11	12.4416	2.30301	0.712879	0	0	0	0	0	24.3486	3.74844	0	0.0529593	0.521703	5806.38	1.42373	201.617	13.8098	0.011969	0.0228017	233.529	466.237	1190.91	0	0	0	0	0	0	0.000876022	0	207.498	607.338	0	0	0.0803184	0	0	0	0	0.0210709	0.850417	0.176371	0	0.000665041	0.0153325	43.3457	86.0106	2420.1	0	0.0307032	1.18466	86.6869	0	0	0.607714	2.65142	0.158456	42.745	0.000137221	1.15395	1.05307	1288.73	32.1693	1085.52	0.0497789	0	0.721176	8386.01	4937.62	974.796	0	0	0	0.136535	6.17314e-07	0.00991389	0.148948	0	179.291	662.963	0	0	0.121114	0	0.00502447	0	16.1043	0	0	0	0.000738722	0.00227733	0.00502228	0	42.4985	1450.38	0	0	0.218401	0	975.715	323.623	0.935689	0	0	0	5.05203e-06	0	0	8143.63	589.591	7630.06	26.3012	2.34568	3.09466	8706.22	6379.58	2489.33	17.6477	2.67249	42.4112	46.8318	0.000881612	1.21977	1.80109	89.0228	2220.3	7913.95	815.98	2685.72	16705.9	858.492	2793.37	34082.7	34082.7	
67.39	0	22.7664	57.5335	0	0	0.0376526	0	0	0	0	0	20.4732	0.0344406	0	0	0.081182	1047.33	24.1973	1242.78	13.9464	3.14848	0.803615	0	0	0	0	0	28.5176	4.87298	0	0.0725877	0.735779	6174.55	1.64723	220.466	15.6971	0.0163761	0.0251084	248.176	430.191	1133.01	0	0	0	0	0	0	0.00124079	0	242.414	663.468	0	0	0.0924033	0	0	0	0	0.0308126	1.01815	0.235314	0	0.000928893	0.0223191	45.5844	100.772	2623.02	0	0.0426724	1.36146	92.9919	0	0	0.855585	3.94144	0.192695	55.6081	0.000213738	1.57715	1.48987	1385.62	38.6388	1231.55	0.056489	0	0.791933	8877.37	4625.54	976.451	0	0	0	0.175805	9.50242e-07	0.0131846	0.204634	0	212.107	735.685	0	0	0.141432	0	0.00491999	0	22.2165	0	0	0	0.00114739	0.00315905	0.0074635	0	55.0643	1721.95	0	0	0.276634	0	994.162	342.293	1.4129	0	0	0	7.97769e-06	0	0	8653.08	697.607	8496.45	29.7	3.20753	3.53023	9218.54	6049.89	2451.75	24.485	3.97225	50.2016	60.9267	0.00137006	1.66701	2.54249	100.926	2366.4	8223.78	907.282	2927.44	17136.4	970.166	3115.16	35747.6	35747.6	
68.38	0	26.3932	64.135	0	0	0.0424148	0	0	0	0	0	25.1216	0.047309	0	0	0.120703	1066.92	29.0472	1400.86	15.4708	4.23457	0.933012	0	0	0	0	0	34.6918	6.56186	0	0.104645	1.07181	6394.56	1.85758	230.781	17.3548	0.0218848	0.0275942	259.571	386.066	1050.83	0	0	0	0	0	0	0.0016951	0	282.053	724.124	0	0	0.105459	0	0	0	0	0.0450346	1.23629	0.316974	0	0.0012586	0.0327537	48.0489	121.658	2940.91	0	0.0581731	1.62229	98.7702	0	0	1.21087	6.05353	0.247072	73.6148	0.000334626	2.19383	2.15764	1483.76	45.3397	1379.37	0.0625867	0	0.873169	9128.97	4307.44	947.635	0	0	0	0.226807	1.52899e-06	0.0179024	0.280334	0	247.968	813.89	0	0	0.165662	0	0.00465599	0	30.1304	0	0	0	0.00177768	0.00434502	0.0112108	0	68.473	1969.17	0	0	0.339813	0	980.242	341.962	2.14421	0	0	0	1.3137e-05	0	0	8993.28	822.789	9523.24	32.8881	4.31462	4.10941	9487.31	5673.76	2340.42	33.4855	6.09856	61.2967	80.7677	0.00212697	2.32198	3.67615	115.86	2559.89	8341.07	1007.91	3296.55	17294	1092.18	3362.33	37069.8	37069.8	
69.35	0	31.177	72.0284	0	0	0.0483306	0	0	0	0	0	30.8317	0.0645669	0	0	0.177185	1099.43	34.1021	1521.44	16.8642	5.74513	1.05988	0	0	0	0	0	41.1183	8.61149	0	0.144671	1.52535	6652.53	2.07875	243.839	18.7998	0.0291072	0.0307013	266.759	348.064	968.227	0	0	0	0	0	0	0.00229072	0	328.697	794.88	0	0	0.121423	0	0	0	0	0.0649379	1.50574	0.430782	0	0.00173707	0.0483533	49.5968	141.71	3199.64	0	0.0784805	1.88078	102.142	0	0	1.64393	9.05206	0.30345	96.108	0.000515351	2.98978	3.05983	1575.1	52.8823	1547.94	0.068782	0	0.981503	9294.79	3944.12	912.841	0	0	0	0.28848	2.4104e-06	0.0241747	0.388697	0	284.876	889.167	0	0	0.190136	0	0.00440054	0	39.2109	0	0	0	0.00270973	0.00598023	0.016698	0	86.5003	2296.88	0	0	0.424416	0	972.942	348.38	3.04307	0	0	0	2.11102e-05	0	0	9376.66	962.023	10565.8	35.7328	5.85272	4.73717	9663.69	5265.13	2229.45	43.8979	9.11699	73.7591	105.503	0.0032486	3.16635	5.2184	134.327	2730.05	8500.36	1125.75	3608.21	17329.4	1213.47	3708.17	38349.7	38349.7	
70.3	0	36.8668	80.6197	0	0	0.0555243	0	0	0	0	0	37.8533	0.0887356	0	0	0.256026	1149.46	39.4552	1641.1	18.2828	7.85819	1.20357	0	0	0	0	0	48.7096	11.2264	0	0.197513	2.16485	7053.99	2.36252	265.343	20.3913	0.0400177	0.0343647	270.449	315.254	902.442	0	0	0	0	0	0	0.00317271	0	377.769	858.206	0	0	0.137587	0	0	0	0	0.0929916	1.8376	0.586104	0	0.00241691	0.070779	51.9765	162.662	3455.96	0	0.106876	2.14275	104.832	0	0	2.12927	13.1948	0.366548	124.903	0.000767414	4.05082	4.32069	1672.68	63.0181	1743.09	0.0747065	0	1.12251	9435.5	3595.21	857.251	0	0	0	0.375131	3.60065e-06	0.0321588	0.546987	0	315.755	933.536	0	0	0.207097	0	0.00409285	0	48.1761	0	0	0	0.00399274	0.00791042	0.0232027	0	111.595	2693.15	0	0	0.535385	0	946.855	345.194	4.11662	0	0	0	3.21234e-05	0	0	9928.11	1109.48	11671	38.7488	8.00509	5.43879	9810.78	4857.32	2104.89	54.422	13.2878	88.7671	137.179	0.00479587	4.29082	7.38571	155.74	2919.66	8830.31	1238.7	3926.65	17368.9	1297.71	4101.44	39839.1	39839.1	
71.23	0	43.8784	92.1896	0	0	0.0635693	0	0	0	0	0	47.7759	0.124647	0	0	0.378646	1185.86	47.6892	1851.82	19.5807	10.5537	1.40989	0	0	0	0	0	60.3206	15.0258	0	0.278562	3.14403	7322.84	2.60094	277.005	21.6805	0.0531533	0.0373057	269.925	285.511	834.418	0	0	0	0	0	0	0.00415788	0	425.714	906.447	0	0	0.150663	0	0	0	0	0.130124	2.25895	0.788172	0	0.00320071	0.102455	54.1157	191.402	3828.58	0	0.141904	2.46622	104.746	0	0	2.70583	19.3406	0.460487	162.21	0.00111128	5.48004	6.13081	1782.13	72.0261	1890.39	0.0787581	0	1.25978	9279.4	3246.24	775.999	0	0	0	0.476503	5.42839e-06	0.0425558	0.756327	0	339.424	943.156	0	0	0.217064	0	0.0036194	0	56.626	0	0	0	0.00564842	0.00989737	0.0306202	0	131.333	2945.59	0	0	0.630316	0	868.097	314.95	5.42139	0	0	0	4.85503e-05	0	0	10345	1254.07	12735.2	41.3399	10.7488	6.23481	9654.07	4399.85	1925.37	64.7532	19.4707	110.816	178.625	0.00681368	5.81425	10.547	184.411	3195.68	9014.08	1335.59	4377.78	17048.8	1339.47	4266.03	40761.8	40761.8	
72.14	0	53.5972	107.286	0	0	0.075304	0	0	0	0	0	61.0979	0.173743	0	0	0.563625	1268.7	56.9559	2058.53	21.1865	14.465	1.62897	0	0	0	0	0	74.2692	19.881	0	0.379637	4.48967	7796.6	2.99055	299.466	23.0086	0.0718328	0.0408661	267.211	265.051	784.209	0	0	0	0	0	0	0.00569855	0	477.973	957.237	0	0	0.163696	0	0	0	0	0.179157	2.80918	1.06055	0	0.00414487	0.147707	56.9863	221.726	4178.23	0	0.192232	2.77092	104.531	0	0	3.25052	27.3998	0.561655	209.098	0.00156215	7.31564	8.58968	1915.1	82.0051	2023.62	0.0821141	0	1.4079	9100.72	2927.95	695.973	0	0	0	0.59779	7.85798e-06	0.0556775	1.04529	0	356.024	924.171	0	0	0.219774	0	0.00316774	0	63.3718	0	0	0	0.00769367	0.0120036	0.0390744	0	152.4	3171.32	0	0	0.714713	0	785.6	286.876	6.73245	0	0	0	6.9973e-05	0	0	11037.4	1403.67	13719.8	44.2772	14.729	7.02214	9472.46	3978.6	1767.06	73.3547	27.579	138.738	230.812	0.00933365	7.7671	14.8807	222.793	3520.49	9438.66	1439.57	4820.65	16748.5	1343.85	4403.64	41938.2	41938.2	
73.03	0	66.0057	123.565	0	0	0.0887818	0	0	0	0	0	77.0565	0.234562	0	0	0.822145	1358.91	67.6721	2261.1	22.5501	19.6919	1.86945	0	0	0	0	0	90.7592	25.8466	0	0.504825	6.28674	8366.49	3.60539	329.777	24.1859	0.0975637	0.0440184	260.935	246.938	726.276	0	0	0	0	0	0	0.00800001	0	532.208	1001.1	0	0	0.175094	0	0	0	0	0.242071	3.42882	1.40661	0	0.00521057	0.207927	60.5002	251.858	4489.39	0	0.264367	3.04558	102.042	0	0	3.77507	37.6459	0.672909	264.973	0.00214349	9.61589	11.8122	2062.7	94.5131	2162.06	0.0843676	0	1.5333	8773.84	2613.39	611.687	0	0	0	0.746555	1.09878e-05	0.0709771	1.41789	0	368.642	888.787	0	0	0.217211	0	0.00272548	0	69.0268	0	0	0	0.0102158	0.0141655	0.0480057	0	177.583	3392.84	0	0	0.794988	0	702.412	255.395	7.97385	0	0	0	9.63526e-05	0	0	11848.6	1562.09	14648.6	46.8204	20.0539	7.76842	9136.82	3562.74	1593.36	80.7757	37.888	171.917	293.208	0.0124667	10.2111	20.6029	267.773	3855.19	9958.35	1538.77	5235.59	16322	1326.75	4537	43041.5	43041.5	
73.9	0	79.49	138.736	0	0	0.102627	0	0	0	0	0	94.8335	0.308471	0	0	1.16031	1444.2	79.1284	2445.84	23.434	26.4284	2.11274	0	0	0	0	0	109.368	33.0408	0	0.663864	8.61895	8885.81	4.30333	357.351	25.0056	0.130517	0.0480597	249.269	228.164	664.946	0	0	0	0	0	0	0.0110858	0	592.708	1046.07	0	0	0.187828	0	0	0	0	0.321704	4.10916	1.81401	0	0.00635362	0.284662	63.993	282.912	4776.71	0	0.357756	3.33277	97.8156	0	0	4.36229	50.8239	0.794411	331.032	0.00292982	12.4496	15.9955	2185.42	107.15	2280.13	0.084563	0	1.63945	8288.01	2326.36	529.832	0	0	0	0.916041	1.49329e-05	0.0900922	1.88272	0	391.974	879.443	0	0	0.220381	0	0.00232398	0	76.6676	0	0	0	0.0135482	0.0172506	0.0581124	0	201.47	3570.14	0	0	0.864149	0	620.148	221.54	9.38	0	0	0	0.000129652	0	0	12579.4	1739.13	15494.4	48.5242	26.9167	8.50802	8635.09	3174.67	1416.32	90.4099	51.1456	209.105	367.111	0.0166226	13.2272	28.0113	314.631	4172.83	10415	1645.5	5640.58	15721.5	1348.4	4623.54	43882	43882	
74.75	0	94.5007	158.217	0	0	0.117551	0	0	0	0	0	119.414	0.43	0	0	1.68646	1518.2	97.0809	2802.39	24.164	35.1039	2.47166	0	0	0	0	0	137.849	44.0614	0	0.938711	12.2822	9349.73	4.95444	377.245	25.8929	0.174076	0.0541672	240.937	212.127	631.938	0	0	0	0	0	0	0.0149108	0	679.961	1126	0	0	0.207275	0	0	0	0	0.434472	5.07538	2.39256	0	0.00779601	0.401733	67.7608	341.435	5408.27	0	0.467539	3.90697	94.7266	0	0	5.43415	73.4931	0.998641	426.902	0.00420639	16.6041	22.411	2340.07	115.934	2380.81	0.0847307	0	1.78203	7885.53	2175.84	470.92	0	0	0	1.16312	2.2006e-05	0.121994	2.52276	0	449.192	949.895	0	0	0.246012	0	0.00202378	0	91.2833	0	0	0	0.0187739	0.0230025	0.077666	0	211.474	3634.03	0	0	0.904942	0	548.296	186.711	11.8205	0	0	0	0.000192265	0	0	13275.8	1994.53	16836.8	50.1417	35.7455	9.69061	8221.19	2936.27	1289.57	108.538	73.9276	263.337	474.95	0.0231946	17.6956	39.3968	374.366	4674.53	10843.1	1814.48	6462.41	15374.8	1490.74	4593.24	45627.6	45627.6	
75.59	0	114.487	182.524	0	0	0.135881	0	0	0	0	0	150.083	0.582244	0	0	2.44267	1643.52	115.964	3169.62	25.0783	48.1477	2.84299	0	0	0	0	0	170.789	58.4634	0	1.3079	17.3843	9979.89	5.60534	402.455	26.7812	0.232057	0.0627724	238.714	204.862	601.197	0	0	0	0	0	0	0.0199087	0	812.437	1278.48	0	0	0.24252	0	0	0	0	0.616316	6.38523	3.18919	0	0.0106322	0.578963	71.5235	414.741	6129.44	0	0.624425	4.60082	92.937	0	0	6.91383	107.527	1.23474	561.102	0.00634872	22.5751	31.7417	2548.49	128.032	2585.44	0.0874603	0	2.01321	7715.88	2083.76	443.042	0	0	0	1.47594	3.42381e-05	0.170355	3.44646	0	537.264	1081.78	0	0	0.290485	0	0.00189353	0	113.803	0	0	0	0.0277422	0.0324016	0.113643	0	233.729	3933.56	0	0	1.00121	0	521.247	173.432	15.0138	0	0	0	0.000299806	0	0	14243.4	2362.26	18763.3	51.947	49.0042	11.1899	8047.53	2809.87	1217.67	135.731	108.143	328.492	624.813	0.034425	24.0964	55.7276	450.254	5253.12	11459.8	2101.94	7444.97	15511.8	1733.32	4877.99	48833.3	48833.3	
76.41	0	139.408	208.683	0	0	0.157441	0	0	0	0	0	185.514	0.763665	0	0	3.47341	1754.87	138.289	3528.16	25.7331	65.7012	3.27004	0	0	0	0	0	207.988	76.2674	0	1.74233	24.2891	11009.4	6.96104	467.784	27.776	0.318559	0.0703907	241.172	198.943	538.227	0	0	0	0	0	0	0.0293773	0	976.222	1452.89	0	0	0.28602	0	0	0	0	0.886677	7.92526	4.32845	0	0.0151236	0.838399	77.4752	493.206	6775.73	0	0.877102	5.31537	92.1631	0	0	8.66533	155.979	1.51951	729.087	0.00957469	30.7837	44.3153	2836.72	157.93	2981.33	0.0917133	0	2.29845	7688.87	1956.74	409.098	0	0	0	1.88761	5.1442e-05	0.223041	4.77838	0	645.351	1232.37	0	0	0.343816	0	0.00188125	0	142.579	0	0	0	0.0418843	0.0454526	0.164489	0	298.033	4647.64	0	0	1.22958	0	516.405	167.164	18.841	0	0	0	0.00045736	0	0	15678.5	2855.4	21294.6	53.6008	66.8969	12.9711	8022.21	2672.09	1114.49	170.086	156.865	402.946	812.334	0.0519678	32.8096	77.8884	538	5826.3	12490.7	2443.39	8415.12	16040	2020.9	5649.31	53423.7	53423.7	
77.22	0	162.882	228.622	0	0	0.175975	0	0	0	0	0	220.081	0.972384	0	0	4.74023	1805.39	158.266	3769.18	25.2358	86.2041	3.63634	0	0	0	0	0	243.296	95.1723	0	2.24563	32.5757	11689.1	8.52268	524.01	27.6483	0.427218	0.0764842	233.756	185.727	467.892	0	0	0	0	0	0	0.0411893	0	1139.25	1597.52	0	0	0.329064	0	0	0	0	1.25456	9.49744	5.69436	0	0.0212498	1.17158	80.88	565.884	7220.22	0	1.17253	5.93035	87.5648	0	0	10.429	217.411	1.79024	911.1	0.0139591	40.3535	59.467	3017.2	189.335	3325.38	0.0922418	0	2.53807	7385.66	1789.62	365.086	0	0	0	2.37191	7.37735e-05	0.281848	6.40305	0	761.287	1379.18	0	0	0.400288	0	0.00184619	0	174.396	0	0	0	0.0617204	0.0625914	0.229675	0	369.273	5373.04	0	0	1.4762	0	499.711	155.795	22.7431	0	0	0	0.000668829	0	0	16592.6	3354.7	23417.2	52.9764	87.8038	14.5628	7706.98	2475.06	988.774	207.568	218.666	474.665	1015.31	0.0764222	42.9648	104.629	617.474	6221.21	13137.2	2754.74	9202.21	16084	2315.62	6422.04	56754.5	56754.5	
78	0	183.542	246.943	0	0	0.190866	0	0	0	0	0	257.797	1.24413	0	0	6.41654	1756.7	181.53	4019.63	23.6929	106.347	3.98379	0	0	0	0	0	283.3	116.579	0	2.89289	43.0307	11760.3	9.43467	549.151	26.3792	0.537128	0.0795887	218.671	166.83	395.04	0	0	0	0	0	0	0.0521528	0	1294.41	1711.31	0	0	0.367763	0	0	0	0	1.70835	11.2048	7.28183	0	0.0285418	1.61162	79.8608	647.851	7653.9	0	1.45435	6.60165	81.3014	0	0	12.3769	303.141	2.14185	1100.76	0.0197559	51.1709	77.3094	3116.66	212.009	3535.36	0.0887159	0	2.70542	6805.27	1609.41	319.493	0	0	0	2.86026	0.00010721	0.347735	8.18726	0	883.267	1524.02	0	0	0.463927	0	0.00174431	0	207.897	0	0	0	0.0880253	0.0837668	0.318314	0	424.539	5873.28	0	0	1.68158	0	465.732	138.676	26.8411	0	0	0	0.000989943	0	0	16713.5	3836.58	25113.6	50.1608	108.338	16.0746	7105.24	2241.97	853.209	247.115	304.849	554.444	1228.72	0.108878	54.5238	136.926	696.133	6537.68	13126.5	3027.92	10017.9	15612.4	2616.14	6930.75	58565.4	58565.4	
78.77	0	204.947	265.204	0	0	0.206472	0	0	0	0	0	298.439	1.56202	0	0	8.59066	1735.57	197.675	4191.27	22.4719	133.496	4.30244	0	0	0	0	0	320.117	140.262	0	3.7437	55.9289	11646.2	10.2509	564.348	24.9519	0.672167	0.0876194	202.651	150.735	343.744	0	0	0	0	0	0	0.0650053	0	1479.37	1857.1	0	0	0.417514	0	0	0	0	2.33855	13.2582	9.17294	0	0.0383595	2.1998	78.9573	728.397	8076.5	0	1.79899	7.35052	75.0056	0	0	14.5745	413.74	2.48021	1337.78	0.0281056	64.6433	100.713	3145.52	233.517	3734.75	0.0845502	0	2.91726	6278.57	1484.36	282.961	0	0	0	3.46894	0.000151927	0.439812	10.4261	0	1024.4	1685.99	0	0	0.537058	0	0.00166602	0	245.604	0	0	0	0.125546	0.113838	0.442182	0	489.92	6397.89	0	0	1.9086	0	440.947	125.796	31.8983	0	0	0	0.00143811	0	0	16606.2	4368.48	26773.1	47.5083	135.968	17.7275	6556.22	2076.05	752.5	292.077	416.078	634.294	1492.25	0.155242	68.979	178.366	778.948	6804.84	12943.7	3363.9	10902	15177	2957.21	7488.36	60415.9	60415.9	
79.53	0	226.937	282.762	0	0	0.222839	0	0	0	0	0	343.486	1.94028	0	0	11.3158	1707	213.157	4326.84	21.3289	167.915	4.62231	0	0	0	0	0	360.48	168.54	0	4.77505	72.1935	11551.6	10.6006	580.556	23.5933	0.835096	0.0941034	189.131	138.37	296.137	0	0	0	0	0	0	0.0793022	0	1674.88	2007.55	0	0	0.471821	0	0	0	0	3.17885	15.4283	11.4653	0	0.0522243	2.95326	77.7443	805.536	8440.41	0	2.24393	8.05919	69.7222	0	0	17.002	556.147	2.84748	1618.72	0.0394827	81.5356	130.664	3168.67	256.043	3962.78	0.0809265	0	3.12744	5815.66	1370.13	250.091	0	0	0	4.1698	0.000213921	0.554864	13.1922	0	1166.54	1837.19	0	0	0.607047	0	0.00159254	0	284.174	0	0	0	0.177502	0.152208	0.609984	0	564.054	7010.63	0	0	2.17502	0	423.391	115.14	37.0352	0	0	0	0.00205751	0	0	16505.1	4917.74	28448.7	45.0031	170.994	19.3798	6074.51	1931.89	661.368	338.211	559.326	722.242	1804.84	0.219256	87.0699	231.008	866.664	7046.85	12791	3715.98	11810.7	14844.5	3289.45	8152.43	62517.6	62517.6	
80.27	0	247.828	301.118	0	0	0.243115	0	0	0	0	0	395.803	2.40934	0	0	14.854	1699	228.298	4480.61	20.4568	211.829	4.99474	0	0	0	0	0	408.252	202.93	0	6.02994	93.2091	11654.6	11.3385	612.89	22.6674	1.06867	0.100486	178.005	128.406	261.735	0	0	0	0	0	0	0.100871	0	1873.6	2143.8	0	0	0.524264	0	0	0	0	4.28649	17.9008	14.4	0	0.0694911	3.94969	78.0584	881.628	8809.13	0	2.82772	8.76582	65.011	0	0	19.2823	734.753	3.25124	1950.93	0.054115	102.327	169.261	3194.19	285.091	4219.83	0.0779951	0	3.35209	5460.85	1269.94	218.548	0	0	0	5.08545	0.000287275	0.685303	16.7956	0	1291.26	1937.93	0	0	0.659993	0	0.00151843	0	314.892	0	0	0	0.244869	0.194588	0.792373	0	661.15	7710.91	0	0	2.51422	0	406.453	104.37	41.5448	0	0	0	0.0028207	0	0	16625.8	5480.2	30216.2	43.2022	215.726	21.1547	5703.87	1804.8	584.653	375.719	739.04	825.207	2175.76	0.302092	109.307	298.963	962.255	7355.62	12870.9	4058.53	12825.3	14674.5	3545.98	8926.95	65219.9	65219.9	
80.99	0	272.079	325.972	0	0	0.263349	0	0	0	0	0	465.101	3.07853	0	0	19.8931	1671.04	252.354	4750.22	19.4851	259.838	5.43209	0	0	0	0	0	473.555	246.307	0	7.67419	121.662	11525.9	12.0954	616.413	21.6277	1.32229	0.104827	166.116	119.366	232.599	0	0	0	0	0	0	0.126715	0	2064.21	2252.99	0	0	0.567835	0	0	0	0	5.57738	20.9741	18.0629	0	0.0877673	5.28049	76.2994	981.751	9334.62	0	3.41487	9.56414	60.3193	0	0	21.4096	978.879	3.82738	2317.9	0.0721435	126.265	216.913	3222.05	303.992	4350.86	0.0746241	0	3.52924	5046.04	1179.14	189.174	0	0	0	6.04258	0.000392574	0.838269	21.1434	0	1398.68	2002.8	0	0	0.702841	0	0.00140808	0	336.469	0	0	0	0.325086	0.239755	1.00637	0	723.199	8028.05	0	0	2.73784	0	377.999	90.9631	45.2163	0	0	0	0.00388476	0	0	16495.3	6008.36	31661.9	41.1874	264.575	22.9022	5272.48	1676.5	512.736	403.095	984.456	963.458	2591.39	0.401506	135.105	386.025	1086.39	7807.57	12695.6	4367.75	14131.2	14322.9	3740.22	9268.16	67419.8	67419.8	
81.7	0	304.761	354.303	0	0	0.29176	0	0	0	0	0	549.211	3.8698	0	0	26.7957	1692.87	278.661	5032.36	18.9384	326.771	5.87695	0	0	0	0	0	547.199	297.832	0	9.54213	158.24	11628.9	13.1073	639.651	20.8618	1.64714	0.11093	157.34	113.541	211.175	0	0	0	0	0	0	0.161422	0	2277.61	2382.12	0	0	0.613722	0	0	0	0	7.22405	24.7091	22.4487	0	0.110475	6.99303	76.0449	1084.2	9856.6	0	4.21577	10.278	56.2139	0	0	22.8872	1269.55	4.40507	2761.31	0.0956965	155.971	278.419	3283.36	325.331	4463.9	0.0713393	0	3.74005	4738.22	1104.65	165.158	0	0	0	7.09197	0.000520907	1.01532	26.9944	0	1489.26	2030.7	0	0	0.73117	0	0.00132551	0	352.349	0	0	0	0.425458	0.289308	1.25476	0	779.524	8279.18	0	0	2.89556	0	352.508	80.0764	47.9656	0	0	0	0.00515608	0	0	16681.2	6552.46	33038.8	39.8715	332.633	24.5382	4951.78	1570.7	456.409	423.202	1276.78	1125.52	3092.55	0.526832	166.928	498.858	1239.23	8368.29	12786.5	4721.83	15580.2	14119.5	3875.01	9542.16	70232.7	70232.7	
82.4	0	342.588	382.093	0	0	0.323947	0	0	0	0	0	642.331	4.77279	0	0	35.5243	1717.83	306.097	5285.85	18.3191	410.188	6.33113	0	0	0	0	0	630.56	356.471	0	11.6363	204.039	11819.7	14.5364	673.448	20.1727	2.05539	0.11582	149.145	108.838	191.858	0	0	0	0	0	0	0.207029	0	2486.83	2491.84	0	0	0.654368	0	0	0	0	9.19169	28.7319	27.4088	0	0.13629	9.11078	76.7262	1174.97	10272.3	0	5.2826	10.8573	52.0313	0	0	23.7586	1608.88	5.03174	3247.77	0.12482	190.925	353.524	3357.3	352.204	4575.36	0.0679826	0	3.9307	4440.72	1028.93	144.889	0	0	0	8.22942	0.000676606	1.19717	34.2975	0	1557.82	2029.15	0	0	0.745917	0	0.00124234	0	361.838	0	0	0	0.548186	0.344626	1.52583	0	846.859	8516.21	0	0	3.032	0	327.257	70.7837	48.9738	0	0	0	0.0066134	0	0	16971.6	7081.9	34226.2	38.5598	417.526	25.9912	4641.9	1465.03	407.531	434.57	1618.07	1306.65	3644.65	0.680296	204.24	638.228	1407.63	8947.32	12980.1	5053.91	17022.2	13947.1	3951.97	9813.12	73123.4	73123.4	
83.08	0	376.269	406.684	0	0	0.353581	0	0	0	0	0	736.65	5.73253	0	0	45.9752	1731.19	333.926	5490.17	17.6004	507.347	6.72059	0	0	0	0	0	716.349	419.664	0	14.0711	258.334	11892.2	15.8293	704.394	19.3973	2.51869	0.120373	140.242	103.8	174.266	0	0	0	0	0	0	0.265138	0	2684.87	2577.27	0	0	0.689623	0	0	0	0	11.3573	32.8724	32.4163	0	0.164256	11.5719	76.9024	1254.96	10617	0	6.50463	11.417	47.7537	0	0	24.5641	1995.27	5.63941	3763.23	0.160217	229.649	442.244	3381.77	375.644	4645.73	0.0637181	0	4.09031	4128.95	959.218	126.683	0	0	0	9.41602	0.00085249	1.40716	43.02	0	1637.48	2041.01	0	0	0.768043	0	0.00115351	0	373.044	0	0	0	0.696224	0.412359	1.82663	0	900.025	8642.81	0	0	3.11627	0	301.67	62.301	50.0534	0	0	0	0.00825903	0	0	17082.1	7579	35125	37.0614	516.37	27.2758	4316.95	1364.69	363.251	447.661	2006.62	1491.51	4230.46	0.865552	245.704	803.237	1571.66	9495.37	13053.1	5351.21	18475.3	13676	4055.23	9959.98	75637.8	75637.8	
83.75	0	410.865	434.447	0	0	0.384274	0	0	0	0	0	852.159	6.94875	0	0	59.8715	1789.08	363.937	5822.94	17.4871	640.024	7.27669	0	0	0	0	0	823.183	502.849	0	17.7962	334.167	11971.6	16.7093	725.922	19.0244	3.1225	0.134452	133.171	100.877	170.434	0	0	0	0	0	0	0.332429	0	2979.14	2741.92	0	0	0.750237	0	0	0	0	14.179	38.4408	38.2046	0	0.197575	14.9073	77.9371	1396.66	11415.8	0	7.93042	12.5683	45.2592	0	0	26.8038	2530.67	6.42584	4480.71	0.213553	281.96	567.582	3381.12	389.142	4751.21	0.0607037	0	4.42443	3915.79	948.374	116.797	0	0	0	11.127	0.00111052	1.79284	55.344	0	1840.72	2199.02	0	0	0.847642	0	0.00110236	0	408.358	0	0	0	0.913207	0.533207	2.30953	0	922.559	8754.45	0	0	3.20328	0	286.568	55.8051	55.7572	0	0	0	0.0107656	0	0	17219.8	8319.74	36845.7	36.5722	651.077	29.5893	4094.22	1335.82	343.035	490.919	2544.85	1720.21	5039.84	1.13864	302.28	1034.51	1764.68	10318.7	13141.4	5827.74	20850.5	13575.2	4452.71	10078.4	80009.2	80009.2	
84.4	0	476.558	500.992	0	0	0.424926	0	0	0	0	0	1032.76	9.43065	0	0	80.8188	1934.8	474.814	7294.73	19.1055	957.591	8.77649	0	0	0	0	0	1033.07	694.488	0	26.8151	497.059	12100.7	17.8944	739.786	18.7879	3.94982	0.200761	122.862	96.6021	134.899	0	0	0	0	0	0	0.412748	0	3378.07	3004.52	0	0	0.828076	0	0	0	0	17.1824	46.8697	48.394	0	0.248867	20.6295	93.8658	2110.62	15029.8	0	10.843	16.6254	52.6987	0	0	26.6623	3711.31	8.63532	6887.99	0.284163	453.958	862.826	3289.58	403.282	5050.04	0.0548207	0	4.5908	3414.88	791.848	92.5322	0	0	0	11.2746	0.00289462	1.89989	66.0934	0	2224.57	2564.58	0	0	1.10869	0	0.00121439	0	407.959	0	0	0	1.23152	0.628193	3.75518	0	938.239	8684.57	0	0	3.16287	0	249.437	43.9847	58.2034	0	0	0	0.0277941	0	0	17418.9	10024	42869	37.9482	972.383	35.718	3590.44	1137.89	271.416	492.825	3728.5	2121.34	7651.58	1.54637	483.55	1531.59	2100.99	12941.2	13236	6516.74	29266.1	13126.1	5203.84	9977.63	92368.6	92368.6	
85.04	0	594.315	595.268	0	0	0.475428	0	0	0	0	0	1275.2	12.412	0	0	111.332	2142.54	615.751	9196.99	20.9964	1325.58	10.5906	0	0	0	0	0	1319.88	959.729	0	39.3662	738.511	12261.4	18.1681	736.57	18.18	5.27474	0.2113	108.065	81.9205	105.181	0	0	0	0	0	0	0.567891	0	4042.79	3542.48	0	0	0.948705	0	0	0	0	23.7194	60.0398	66.646	0	0.336295	30.2987	105.775	2919.95	19846.9	0	15.0627	22.1457	60.9722	0	0	32.9771	5923.01	12.4363	9778.65	0.475954	653.901	1313	3140.65	432.706	5139.6	0.0493398	0	4.85293	2923.33	634.867	72.0033	0	0	0	12.8284	0.00485789	2.12364	81.2139	0	2853.44	3284.08	0	0	1.56598	0	0.00158422	0	541.095	0	0	0	1.9627	0.763596	6.82399	0	983.623	8665.07	0	0	3.33433	0	215.294	36.0912	54.5026	0	0	0	0.0506807	0	0	17650.3	12460.7	51006.9	39.2258	1345.92	44.125	3092.37	932.082	213.276	628.575	5946.73	2667.56	10830.3	2.4942	696.491	2281.75	2589.01	16369.9	13335.5	7767.26	40685.2	12444.2	6689.74	9957.97	109839	109839	
85.67	0	721.694	691.11	0	0	0.524264	0	0	0	0	0	1532.96	15.8975	0	0	149.494	2177.4	735.379	10627.4	21.5421	1685.55	12.1397	0	0	0	0	0	1603.75	1224.1	0	52.6798	1018.26	11493.1	17.1677	694.977	16.2233	6.35605	0.209427	92.5668	67.8361	81.8378	0	0	0	0	0	0	0.708717	0	4987.47	4279.21	0	0	1.1314	0	0	0	0	33.2199	76.355	92.1184	0	0.475535	44.2991	109.871	3585.33	23642.9	0	18.9737	27.0361	64.1182	0	0	43.0295	8689.49	16.4645	12451.2	0.744077	852.602	1812.85	2920.25	427.43	4890.23	0.0423481	0	4.81772	2416.22	500.294	55.6923	0	0	0	13.764	0.00667818	2.34102	93.9651	0	3719.39	4215.95	0	0	2.11557	0	0.00190266	0	762.724	0	0	0	3.11444	1.00298	11.1627	0	974.237	8190.14	0	0	3.29466	0	180.423	29.6585	49.8414	0	0	0	0.0736389	0	0	16700.7	15168.1	57231.9	37.8078	1710.88	51.2689	2572.9	748.555	167.189	855.594	8722.71	3229.53	13797.1	3.93883	909.102	3130.74	3111.68	19158.2	12471	9514.27	51314.6	11325	8715.46	9427.67	125038	125038	
86.28	0	825.768	765.477	0	0	0.559601	0	0	0	0	0	1767.4	19.6683	0	0	192.422	2105.96	814.084	11494.1	21.0082	2022.29	13.2058	0	0	0	0	0	1835.48	1448.56	0	66.1847	1305.05	10240.3	15.2532	616.495	13.9327	7.29273	0.205369	77.0568	55.3862	65.5653	0	0	0	0	0	0	0.814458	0	5981.09	4996.07	0	0	1.32785	0	0	0	0	44.5896	92.4103	119.527	0	0.638327	61.1931	108.815	4064.31	26204.4	0	22.5104	30.8268	63.364	0	0	53.3022	11559.3	19.8134	14781.9	1.06246	1041.99	2333.69	2602.94	395.179	4479.73	0.0359346	0	4.64099	1968.37	401.149	44.1244	0	0	0	14.5902	0.00858313	2.57469	104.229	0	4680.47	5181.82	0	0	2.67698	0	0.00208778	0	1001.62	0	0	0	4.60309	1.3249	16.5616	0	911.125	7478.92	0	0	3.0997	0	149.71	24.2951	46.3567	0	0	0	0.0993178	0	0	15058	17687.3	61217	34.9769	2052.09	56.5431	2108.79	606.247	133.985	1101.28	11603.8	3715.1	16384.3	5.77345	1112.71	4013.96	3571.29	21125.9	11092.3	11296.8	60285.3	10017.6	10889.1	8613.6	136892	136892	
86.88	0	912.964	823.23	0	0	0.595421	0	0	0	0	0	2001.02	23.6365	0	0	244.036	2029.21	867.404	12160.5	20.4832	2405.43	14.2183	0	0	0	0	0	2049.33	1671.83	0	82.5195	1637.5	9074.47	13.2484	538.048	12.0933	8.2275	0.208463	64.8334	46.3162	55.7988	0	0	0	0	0	0	0.890538	0	6958.38	5664.78	0	0	1.52921	0	0	0	0	57.3206	109.034	147.221	0	0.815365	80.7856	107.127	4481.42	28298.2	0	26.3079	34.4084	61.7238	0	0	63.2106	14643.4	22.8547	17186	1.45728	1251.3	2940.91	2323.17	366.024	4169.98	0.0309746	0	4.54994	1640.28	338.792	37.2537	0	0	0	15.5362	0.011092	2.95412	116.239	0	5675.04	6149.81	0	0	3.2482	0	0.00220825	0	1233.49	0	0	0	6.50196	1.72971	23.4314	0	852.711	6923.31	0	0	2.9172	0	128.142	20.5269	45.0377	0	0	0	0.132367	0	0	13534	20127.2	64727.8	32.6074	2439.96	61.6751	1766.84	513.253	113.58	1341.74	14700.7	4182.24	19044.2	8.1027	1339.32	5043.8	4005.48	22938.4	9814.14	13019.9	69118.3	9014.82	13093.3	7972.77	148977	148977	
87.47	0	982.539	862.844	0	0	0.625672	0	0	0	0	0	2210.12	26.556	0	0	302.154	1953.3	896.143	12435.4	19.6222	2826.14	14.9193	0	0	0	0	0	2239.53	1875.53	0	97.4123	1994.81	8251.48	12.0586	484.668	10.8522	9.33072	0.209632	56.7447	40.9929	51.1781	0	0	0	0	0	0	1.00863	0	7648.33	6127.64	0	0	1.69001	0	0	0	0	70.6484	122.615	174.179	0	1.02045	102.194	103.397	4724.09	29166.3	0	30.8389	36.3936	59.1631	0	0	69.6901	17490.9	25.3118	19291.9	1.89708	1467.49	3593.39	2123.18	351.239	4041.45	0.0279916	0	4.55199	1437.93	306.832	34.097	0	0	0	16.6998	0.0140767	3.42826	132.988	0	6312.28	6715.97	0	0	3.58904	0	0.00220105	0	1380.61	0	0	0	8.69297	2.09574	31.1559	0	817.904	6670.9	0	0	2.87247	0	115.772	18.4731	45.4646	0	0	0	0.171003	0	0	12431.4	21744.6	66505.2	30.5024	2866.31	64.8517	1553.83	463.599	103.748	1495.77	17561.6	4597.57	21384.8	10.7751	1571.45	6157.71	4384.83	24352.8	8918.52	14248.3	76060.7	8452.44	14454.4	7671.55	158544	158544	
88.05	0	1044.88	906.769	0	0	0.660438	0	0	0	0	0	2448.33	31.0413	0	0	375.264	1868.12	931.574	12564	18.5671	3236.04	15.5852	0	0	0	0	0	2443.39	2051.93	0	112.632	2396.79	7826.73	11.5411	466.736	10.1025	10.8913	0.210165	52.8158	38.2691	48.6104	0	0	0	0	0	0	1.19399	0	8205.62	6428.92	0	0	1.82173	0	0	0	0	83.8797	137.765	207.467	0	1.21424	129.88	99.2341	4871.05	29483.1	0	35.3064	37.8615	55.0656	0	0	74.0802	20363.3	27.8109	20929.9	2.35065	1670	4278.21	2029.28	346.888	4015.79	0.0267168	0	4.62664	1333.7	289.889	32.5181	0	0	0	18.3127	0.0170396	3.90454	157.044	0	6740.82	7003.87	0	0	3.79442	0	0.00214457	0	1455.25	0	0	0	11.005	2.42952	38.1887	0	809.213	6689.47	0	0	2.94378	0	109.006	17.6025	45.6553	0	0	0	0.209507	0	0	11823.4	22961.6	67558.7	28.6963	3282.24	67.5039	1441.59	437.167	98.731	1574.99	20447.2	5057.29	23238.7	13.5822	1790.18	7376.57	4806.94	25638.7	8467.11	15196.6	81927.3	8232	15255.4	7674.1	167198	167198	
88.61	0	1067.03	914.437	0	0	0.672292	0	0	0	0	0	2627.07	34.1322	0	0	448.606	1819.19	946.894	12611.4	17.6198	3718.31	15.8686	0	0	0	0	0	2596.23	2201.54	0	128.272	2819.42	7528.59	11.6423	460.438	9.57062	12.6369	0.212907	49.7537	36.687	46.8888	0	0	0	0	0	0	1.35641	0	8488.81	6543.06	0	0	1.88353	0	0	0	0	93.3755	148.895	227.669	0	1.37437	154.947	95.4895	4987.95	29689.7	0	40.2283	38.5477	51.3295	0	0	74.9633	22452	29.5034	22459.2	2.81353	1874.18	5016.99	1970.9	347.459	4043.63	0.0253801	0	4.72638	1257.93	277.352	31.268	0	0	0	19.6969	0.0203831	4.42499	184.19	0	6960.37	7099.23	0	0	3.88779	0	0.00203613	0	1465.19	0	0	0	13.2024	2.7483	45.2263	0	837.94	6857.16	0	0	3.05877	0	104.477	17.0968	45.681	0	0	0	0.250605	0	0	11414.2	23648.1	68219	27.2158	3771.18	68.858	1359.01	418.518	95.2537	1585.83	22545.3	5401.69	24942.2	16.2869	2011	8670.74	5091.94	26874.7	8157.78	15660	86812.8	8141.62	15589.9	7865.66	174194	174194	
89.17	0	1111.74	932.138	0	0	0.695059	0	0	0	0	0	2833.12	37.2118	0	0	541.249	1800.78	979.522	12843.1	16.8696	4302.06	16.172	0	0	0	0	0	2787.04	2364.44	0	143.997	3330.31	7385.34	11.7015	465.741	9.17858	14.7153	0.214379	47.4582	35.6082	45.7522	0	0	0	0	0	0	1.5935	0	8771.51	6654.82	0	0	1.9241	0	0	0	0	101.39	161.232	246.407	0	1.53745	183.434	93.2975	5125.91	30092.3	0	46.5477	38.9837	48.1034	0	0	74.6355	24350	31.5534	24031.1	3.3394	2108.03	5888.22	1944.2	350.983	4075.79	0.0241506	0	4.82845	1198.31	265.868	30.2534	0	0	0	20.9586	0.0242841	4.96568	218.368	0	7091.05	7117.16	0	0	3.92584	0	0.00193481	0	1454.61	0	0	0	15.6239	3.06244	53.1636	0	854.844	6969.64	0	0	3.10557	0	99.752	16.5466	44.8674	0	0	0	0.295836	0	0	11223.6	24297.3	69150.7	26.0723	4363.33	69.8492	1293.87	401.23	92.5522	1574.11	24451.4	5812.94	26700.2	19.2835	2261.6	10216.3	5456.16	28584.3	8017.31	16122.3	91932.1	8114.57	15738.6	7989.06	181954	181954	
89.71	0	1160.19	948.321	0	0	0.718432	0	0	0	0	0	3030.58	39.8425	0	0	645.629	1775.78	1010.01	13009.2	16.111	4894.35	16.3506	0	0	0	0	0	2972.71	2502.92	0	157.573	3870.68	7298.3	12.0602	478.113	8.82519	17.0251	0.211187	45.4284	34.5127	44.0808	0	0	0	0	0	0	1.88725	0	8947.86	6693.28	0	0	1.93228	0	0	0	0	107.067	172.593	263.259	0	1.69056	213.83	91.634	5170.79	30142.4	0	53.7364	38.8792	44.8443	0	0	73.2763	25715.8	33.2903	25199.1	3.85901	2326.57	6775.45	1935.72	360.069	4091.89	0.0229213	0	4.87683	1142.15	252.563	29.1301	0	0	0	22.0422	0.0279746	5.43151	256.59	0	7061.25	6998.87	0	0	3.87869	0	0.00183643	0	1419.69	0	0	0	18.0038	3.31095	60.9326	0	874.747	7055.6	0	0	3.12742	0	94.4726	15.9657	42.9231	0	0	0	0.337826	0	0	11101.4	24597	69417.7	24.9591	4965.11	69.9747	1232.42	381.55	89.1767	1535.89	25822.9	6209.18	28027.2	22.2286	2494.58	11825	5825.29	30225.7	7940.44	16401.5	95669.7	8100.51	15565.9	8087.17	187816	187816	
90.24	0	1190.56	957.197	0	0	0.734852	0	0	0	0	0	3200.91	41.7718	0	0	754.085	1736.02	1023.72	13061.1	15.2844	5477.48	16.3387	0	0	0	0	0	3140.59	2600.88	0	170.175	4433.07	7160.31	12.3435	485.682	8.4264	19.2196	0.209708	43.0306	33.2047	42.3077	0	0	0	0	0	0	2.22485	0	9014.32	6653.89	0	0	1.9102	0	0	0	0	110.159	183.281	274.567	0	1.81076	245.088	89.1981	5177.79	30015.8	0	60.6812	38.5133	41.3965	0	0	71.0636	26532.1	34.9174	26022.9	4.36607	2523.61	7684.7	1903.22	365.436	4050.56	0.0215426	0	4.89343	1077.74	239.2	27.8181	0	0	0	22.866	0.031441	5.82467	297.729	0	7007.89	6872.62	0	0	3.84218	0	0.00172117	0	1376.55	0	0	0	20.2856	3.5648	68.508	0	877.907	7058.06	0	0	3.09226	0	88.7378	15.3104	40.7614	0	0	0	0.377481	0	0	10888.8	24670	69155	23.7323	5557.38	69.5346	1162.17	361.144	85.4363	1488.37	26642.3	6559.69	28962.9	25.0606	2704.99	13485.4	6145.25	31674.7	7806.96	16485	98297.1	7995.34	15353.3	8084.24	191842	191842	
90.76	0	1211.4	982.453	0	0	0.757678	0	0	0	0	0	3449.13	44.7579	0	0	890.701	1741.03	1058.23	13466.4	14.9818	6229.7	16.7886	0	0	0	0	0	3384.72	2740.42	0	193.094	5180.91	6992.33	12.2868	483.379	8.13571	21.5289	0.221543	40.8463	32.1297	41.7826	0	0	0	0	0	0	2.53822	0	9332.5	6784.02	0	0	1.94992	0	0	0	0	113.871	199.16	286.1	0	1.92477	284.826	88.3685	5420.7	31256.1	0	67.7756	39.9954	39.4304	0	0	71.4952	27909.8	37.4635	27628.9	5.0303	2789.52	8945.9	1851.56	359.475	4020.03	0.0204914	0	4.99294	1023.56	233.587	27.0228	0	0	0	24.0161	0.035982	6.4882	344.256	0	7355.54	7154.17	0	0	4.05913	0	0.00165315	0	1396.34	0	0	0	23.1765	4.06816	79.8491	0	851.273	6989.61	0	0	3.0238	0	84.0456	14.6527	40.6919	0	0	0	0.435498	0	0	10673.3	25601.4	71136.2	23.138	6319	71.789	1103.83	349.764	83.4581	1508.53	28023.7	7070.48	30724.2	28.6783	2995.09	15729	6579.19	34026.3	7635.17	17004.3	104300	7895.04	16017.2	7983.73	201441	201441	
91.27	0	1297.31	1043.08	0	0	0.792798	0	0	0	0	0	3837.63	48.5748	0	0	1081.02	1749.24	1124.17	14043.4	14.6915	6986.94	17.4129	0	0	0	0	0	3721.47	2910.89	0	217.024	6083.85	6850.91	12.3634	484.078	7.86977	23.6634	0.222475	39.6702	31.4157	39.8801	0	0	0	0	0	0	2.83123	0	10032.9	7254.92	0	0	2.08857	0	0	0	0	121.647	222.346	308.374	0	2.17636	340.01	86.1704	5702.87	32724.3	0	74.7994	41.6127	37.973	0	0	74.0544	29981.6	40.9995	29161.3	5.83932	3070.97	10391.8	1844.49	356.779	4059.07	0.019975	0	5.10579	987.475	228.051	26.2974	0	0	0	24.6831	0.0419254	7.3852	397.629	0	7920.59	7694.84	0	0	4.38853	0	0.00161134	0	1467.66	0	0	0	26.9973	4.72089	98.2254	0	843.396	6994.46	0	0	3.01255	0	81.2264	14.209	40.8148	0	0	0	0.51102	0	0	10530.8	27290.3	74298.2	22.5813	7085.4	74.6363	1065.12	340.695	80.3866	1582.53	30103.2	7822.45	32453.8	33.3896	3302.28	18395.4	7308.4	36869.1	7492.91	18284.4	111394	7937.03	17217.4	7977.63	214481	214481	
91.77	0	1418.8	1107.8	0	0	0.852778	0	0	0	0	0	4233.39	52.3334	0	0	1287.73	1724.59	1174.64	14436.3	14.2724	7748.46	18.1121	0	0	0	0	0	4041.47	3042.08	0	234.071	7009.26	6845.68	13.0218	506.883	7.61141	26.6024	0.212687	39.0331	30.1081	35.9808	0	0	0	0	0	0	3.32653	0	10764.6	7757.18	0	0	2.23601	0	0	0	0	131.781	244.497	339.573	0	2.46399	406.344	86.8143	5795.99	33264.7	0	85.8414	42.3793	36.6264	0	0	75.7902	31478.3	44.0298	30300.2	6.68062	3346.1	11890.8	1858.56	378.109	4149.35	0.0195644	0	5.14947	957.159	214.121	24.2829	0	0	0	25.826	0.0468461	7.81497	454.345	0	8367.89	8061.96	0	0	4.60155	0	0.00160314	0	1530.3	0	0	0	31.4063	5.10961	117.109	0	901.906	7253.88	0	0	3.17982	0	79.3307	13.8178	39.5889	0	0	0	0.578123	0	0	10515.6	28814.9	76538	21.9034	7860.91	76.7237	1032.82	323.561	74.0815	1645.68	31610	8563.39	33760	38.7119	3595.56	21168.9	8100.9	39443.3	7508.46	19648.6	116454	8074.78	18118.4	8292.28	225641	225641	
92.26	0	1460.55	1123.88	0	0	0.876255	0	0	0	0	0	4438.7	52.8417	0	0	1454.66	1630.3	1173.47	14252.4	13.4054	8188.74	18.1877	0	0	0	0	0	4194.65	3040.4	0	241.699	7702.85	6528.59	13.201	504.593	7.07109	28.4227	0.19884	36.426	27.5291	31.629	0	0	0	0	0	0	3.69958	0	11012.5	7904.59	0	0	2.28212	0	0	0	0	135.504	255.429	352.853	0	2.60213	460.036	84.113	5667.99	32618.3	0	93.826	41.5235	34.0802	0	0	73.8909	31402.2	45.1248	30102.3	7.25514	3477.66	12969.8	1779.8	383.555	4057.95	0.0183257	0	4.983	886.355	193.857	21.4554	0	0	0	25.663	0.0493808	7.83911	491.531	0	8553.68	8173.67	0	0	4.67516	0	0.00154637	0	1537.79	0	0	0	34.7244	5.31043	133.206	0	914.988	7196.98	0	0	3.22615	0	74.5915	12.8132	37.2616	0	0	0	0.622019	0	0	10022.8	29180	75832.4	20.4949	8310.99	75.9527	956.862	295.979	65.8976	1648.94	31537.7	8933.9	33574.1	42.6509	3735.11	23215.8	8531.51	40456.1	7181.36	20125.8	116618	7853.06	18443.1	8240.49	227450	227450	
92.74	0	1433.66	1103.3	0	0	0.866683	0	0	0	0	0	4504.21	51.7242	0	0	1581.28	1509.73	1124.26	13709.6	12.38	8405.07	17.7595	0	0	0	0	0	4220.32	2942.79	0	245.641	8193.65	5966.83	12.6026	474.333	6.37776	29.1652	0.184941	32.6581	24.4972	28.0193	0	0	0	0	0	0	3.97906	0	10917	7829.52	0	0	2.26526	0	0	0	0	133.476	259.36	349.294	0	2.64136	499.178	79.0202	5474.37	31522.2	0	97.3336	40.1578	31.1695	0	0	70.2166	30482.7	44.7661	29265.3	7.6305	3511.8	13778.5	1619.67	364.585	3837.89	0.0165308	0	4.69126	794.496	174.287	18.8478	0	0	0	24.672	0.051007	7.86836	511.429	0	8626.97	8209.57	0	0	4.73395	0	0.00145531	0	1521.14	0	0	0	37.0341	5.42851	148.492	0	875.051	6834.97	0	0	3.11911	0	68.3129	11.4879	35.2376	0	0	0	0.655712	0	0	9175.26	28828.5	73521.3	18.7743	8531.57	73.7785	858.323	267.099	58.3549	1626.6	30616.2	9028.65	32633.8	45.3713	3773.38	24716.5	8675.03	40381.2	6578.65	19992.7	114405	7358.5	18553.4	7828.83	223773	223773	
93.21	0	1379.88	1076.27	0	0	0.85167	0	0	0	0	0	4561.37	50.2978	0	0	1708.24	1409.72	1074.99	13289.3	11.6376	8656.17	17.4361	0	0	0	0	0	4242.44	2867.39	0	253.39	8746.6	5404.76	11.772	436.582	5.79756	29.4041	0.181306	29.2405	21.9794	25.6696	0	0	0	0	0	0	4.01903	0	10832.6	7773.78	0	0	2.26197	0	0	0	0	131.381	263.477	338.492	0	2.63534	537.649	75.1828	5340.82	30914.3	0	99.7124	39.4528	29.12	0	0	67.1015	29763	44.5824	28756.2	8.03754	3564.71	14695.3	1466.32	344.264	3655.85	0.0149389	0	4.47936	714.883	160.652	16.9671	0	0	0	23.5066	0.0536685	8.03435	529.504	0	8765.03	8367.08	0	0	4.87944	0	0.00138426	0	1521.91	0	0	0	39.3398	5.63	168.468	0	833.047	6490.65	0	0	3.00612	0	63.1716	10.3473	34.4725	0	0	0	0.701902	0	0	8355.99	28582.4	72003.8	17.4501	8785.29	72.5488	773.244	245.804	52.9841	1623.48	29894.3	9111.87	32035.9	48.1329	3834.4	26389.8	8776.9	40569.1	5969.41	19882.2	113398	6924.53	18872.3	7435.4	221827	221827	
93.67	0	1334.41	1046.91	0	0	0.839031	0	0	0	0	0	4604.96	48.6636	0	0	1831.29	1327.99	1035.04	12877.1	10.9386	8896.85	17.1338	0	0	0	0	0	4274.35	2798.02	0	258.039	9290.18	4987.96	11.2293	406.308	5.35986	29.508	0.17502	26.8486	20.2103	24.0531	0	0	0	0	0	0	4.15165	0	10681.7	7724.1	0	0	2.26039	0	0	0	0	129.974	266.843	328.294	0	2.67713	572.623	71.7518	5190.36	30277.6	0	103.033	38.6235	27.5688	0	0	64.3642	29054.1	44.434	28227.6	8.40129	3618.56	15618.6	1348.55	327.607	3543.86	0.0138023	0	4.3439	656.424	150.525	15.7785	0	0	0	22.3975	0.0563591	8.24847	553.786	0	8773.73	8451.8	0	0	4.93352	0	0.00131953	0	1510.56	0	0	0	41.5399	5.76473	191.291	0	808.949	6276.02	0	0	2.93816	0	59.7159	9.58895	33.9697	0	0	0	0.747942	0	0	7736.25	28163	70603.7	16.3123	9029.39	71.2473	710.842	230.453	49.4205	1608.9	29184.1	9190.58	31425	50.7455	3893.29	28061.9	8867.07	40785.7	5515.8	19708.4	112345	6631.59	18979.6	7191.93	220025	220025	
94.12	0	1303.84	1029.09	0	0	0.836448	0	0	0	0	0	4637.55	47.0251	0	0	1960.04	1265.08	1006.65	12536.9	10.3258	9127.74	16.9462	0	0	0	0	0	4307.62	2726.36	0	260.857	9822.61	4751.64	10.6679	398.251	5.0703	30.4935	0.170945	25.39	19.0073	22.8606	0	0	0	0	0	0	4.39776	0	10509.4	7632.66	0	0	2.25021	0	0	0	0	129.448	269.611	321.474	0	2.70715	611.174	69.5077	5027.64	29719	0	107.441	37.8969	26.0191	0	0	61.5246	28301.1	44.3933	27681.1	8.65551	3669.9	16502	1272.75	318.586	3487.58	0.0130506	0	4.24057	619.841	142.774	14.8853	0	0	0	21.7998	0.0574499	8.27977	584.218	0	8659.23	8388.43	0	0	4.88976	0	0.0012674	0	1470.49	0	0	0	43.1685	5.7337	208.353	0	799.995	6206.62	0	0	2.97295	0	57.4499	9.13817	32.855	0	0	0	0.774073	0	0	7358.97	27636	69398.6	15.4092	9265.68	70.204	671.25	219.233	46.8841	1564.87	28430.6	9259.17	30797.7	52.6556	3947.48	29692.8	8978.38	41081.1	5267.95	19478.8	111256	6475.02	18780.3	7109.81	218427	218427	
94.56	0	1266.04	1003.33	0	0	0.81825	0	0	0	0	0	4626.02	45.0008	0	0	2066.33	1216.04	982.087	12269.9	9.71699	9290.81	16.5397	0	0	0	0	0	4315.43	2624.93	0	261.861	10224.2	4520.25	9.73158	385.197	4.80568	30.9923	0.168855	24.1495	18.1144	22.2424	0	0	0	0	0	0	4.60547	0	10271.6	7485.3	0	0	2.20345	0	0	0	0	124.925	269.885	308.524	0	2.6705	638.455	67.3781	4925.71	29368	0	109.815	36.9527	24.4385	0	0	58.2656	27240.7	44.2025	26993	8.76872	3684.53	17217.6	1217.22	306.798	3430.04	0.012373	0	4.11695	586.154	136.595	14.1612	0	0	0	21.1248	0.0585104	8.34233	609.216	0	8490.67	8252.95	0	0	4.78468	0	0.00120447	0	1410.03	0	0	0	43.6494	5.68366	220.9	0	786.082	6123.59	0	0	2.96368	0	55.1743	8.75179	31.581	0	0	0	0.788262	0	0	7020.89	27038.7	68318.4	14.535	9431.62	68.5483	634.742	209.885	45.1554	1499.87	27365.6	9255.54	29992.6	53.2649	3963.09	30981.4	9007.53	41211.6	5020.26	19103.6	109779	6333.84	18428.7	7008.94	215894	215894	
94.99	0	1265.05	1007.09	0	0	0.803725	0	0	0	0	0	4683.1	43.9909	0	0	2221.19	1172.95	970.84	12119.3	9.09993	9278.91	16.0744	0	0	0	0	0	4368.96	2512.63	0	259.104	10562.7	4349.29	9.49737	385.386	4.57895	31.1231	0.163229	23.2779	17.6009	21.931	0	0	0	0	0	0	4.65121	0	10201.1	7441.95	0	0	2.16471	0	0	0	0	120.465	276.091	304.003	0	2.66687	679.819	64.5896	4839.63	29102.1	0	110.33	35.7993	22.5685	0	0	54.9971	26336.8	44.7541	25964.8	8.71633	3648.33	17659	1189.46	298.002	3380.14	0.011894	0	3.99218	563.549	131.937	13.6546	0	0	0	20.3668	0.0584945	8.33509	631.003	0	8334.5	8085.02	0	0	4.63651	0	0.00112846	0	1340.9	0	0	0	43.2592	5.62491	230.898	0	757.092	6000.54	0	0	2.89576	0	52.9232	8.37933	30.028	0	0	0	0.786961	0	0	6776.28	26675.7	67521.5	13.6908	9420.36	66.5298	609.395	202.463	43.9649	1425.93	26457.3	9372.91	28845.8	52.821	3924.06	31989.2	9221.22	41270.6	4847.5	19028.2	107892	6240.51	18044.8	6852.65	213398	213398	
95.42	0	1260.78	995.995	0	0	0.792831	0	0	0	0	0	4691.12	41.4833	0	0	2343.94	1133.08	951.438	11917.5	8.51151	9265.63	15.532	0	0	0	0	0	4392.71	2381.28	0	251.294	10769.4	4225.46	9.415	389.034	4.36976	31.6214	0.155345	22.4073	16.9965	21.0274	0	0	0	0	0	0	4.83858	0	10031.8	7316.59	0	0	2.09063	0	0	0	0	114.839	279.567	293.685	0	2.62394	706.248	62.7168	4690.95	28551	0	111.872	34.2348	20.9871	0	0	51.2691	24948.5	44.7478	24877.3	8.5924	3597.76	17887.4	1166.59	295.963	3342.41	0.0112473	0	3.8492	540.109	125.699	12.9124	0	0	0	19.5335	0.0575419	8.1665	653.076	0	8028.48	7783.15	0	0	4.39418	0	0.0010629	0	1260.99	0	0	0	42.4045	5.37885	233.796	0	745.325	5923.96	0	0	2.82425	0	50.7246	8.0472	28.1521	0	0	0	0.767695	0	0	6587.84	26014.1	66219.6	12.8925	9409.12	63.8732	583.503	193.421	41.9869	1340.41	25063.3	9408.15	27613.3	51.8221	3865.22	32598.7	9334.12	41086.3	4725.32	18747.4	104887	6168.37	17358.6	6759.8	209067	209067	
95.83	0	1231.58	973.27	0	0	0.772118	0	0	0	0	0	4634.15	38.8512	0	0	2416.16	1088.95	925.881	11661.8	7.92539	9136.25	14.8883	0	0	0	0	0	4368.59	2229.68	0	242.955	10773.3	4073.1	9.4149	390.131	4.15152	31.599	0.149702	21.3204	16.2912	20.2819	0	0	0	0	0	0	4.89825	0	9732.6	7097.89	0	0	1.99104	0	0	0	0	107.085	277.55	278.919	0	2.5032	715.827	60.8141	4520.81	27846.1	0	112.323	32.6915	19.3513	0	0	47.8041	23394.7	44.2411	23654.4	8.36154	3502.5	17825.8	1132.36	291.08	3260.72	0.0104674	0	3.68166	512.517	119.272	12.0728	0	0	0	18.6441	0.0560574	7.84552	662.376	0	7729.22	7498.84	0	0	4.1833	0	0.0010016	0	1179.83	0	0	0	40.9316	5.14292	231.487	0	723.274	5768.03	0	0	2.69313	0	48.1692	7.60936	26.2592	0	0	0	0.739022	0	0	6355.22	25163.8	64496.8	12.0874	9280.18	61.0507	553.189	183.734	39.9641	1253.89	23501.8	9324.53	26220.5	50.0882	3760.94	32629.8	9294.77	40450.2	4571.34	18214.4	101070	6020.63	16689.6	6576.77	202888	202888	
96.24	0	1206.57	966.123	0	0	0.760417	0	0	0	0	0	4671.37	37.8093	0	0	2513.05	1078.02	918.16	11717.4	7.63245	9199.83	14.6196	0	0	0	0	0	4425.78	2144.38	0	246.072	10983.8	3925.98	9.00632	385.008	3.99817	31.5437	0.155225	20.3475	15.7927	20.4847	0	0	0	0	0	0	4.73539	0	9665.04	7038.63	0	0	1.94444	0	0	0	0	100.793	281.454	265.548	0	2.39144	730.556	59.5687	4546.16	28196.1	0	111.477	32.4455	18.3731	0	0	45.6967	22546.1	44.9806	23193.5	8.33281	3485.03	18244.3	1087.72	278.086	3177.95	0.00985848	0	3.58023	488.891	117.221	11.7997	0	0	0	18.1691	0.0557811	7.8723	668.117	0	7786.86	7589.75	0	0	4.20801	0	0.000964169	0	1147.42	0	0	0	40.2928	5.24709	239.332	0	681.705	5581.76	0	0	2.53783	0	46.134	7.20667	25.6482	0	0	0	0.733162	0	0	6151.29	25091.6	64652.8	11.6405	9342.85	60.2513	527.612	179.148	39.491	1218.76	22646.9	9423.58	25659.4	49.4146	3746.61	33383.9	9395.68	40735.7	4417.05	18086.4	100532	5859.48	16813.1	6345.73	202185	202185	
96.63	0	1221.03	974.026	0	0	0.758351	0	0	0	0	0	4777.32	36.5776	0	0	2628.65	1079.79	924.759	11890.6	7.4687	9317.53	14.5494	0	0	0	0	0	4548.53	2108.59	0	246.14	11253.9	3832.26	8.90409	379.577	3.89004	31.4332	0.156353	19.7584	15.5323	20.0559	0	0	0	0	0	0	4.6401	0	9755.49	7156.21	0	0	1.95049	0	0	0	0	98.0318	285.118	256.911	0	2.42595	747.847	57.6825	4616.49	28696.3	0	112.451	32.1832	18.0876	0	0	44.015	22132.9	46.3246	22943.4	8.44193	3515.61	18759.9	1071.02	271.077	3176.49	0.00959152	0	3.50103	473.595	115.187	11.7685	0	0	0	17.6236	0.0568096	8.00452	673.69	0	7900.54	7781.8	0	0	4.25917	0	0.000937272	0	1139.21	0	0	0	40.6679	5.4523	258.444	0	660.123	5524.63	0	0	2.47646	0	45.2514	7.09342	25.6132	0	0	0	0.745082	0	0	6040.74	25358.4	65579.7	11.3683	9461.41	59.8344	511.441	175.972	38.9178	1208.84	22230.9	9657.29	25363.1	49.9117	3777.63	34327.1	9638.36	41391.9	4316.2	18304	100984	5822.02	17130.4	6265.93	203853	203853	
97.02	0	1246.72	991.061	0	0	0.772909	0	0	0	0	0	4880.38	35.0689	0	0	2732.81	1054.78	926.027	11874.2	7.21866	9273.53	14.4926	0	0	0	0	0	4633.76	2056.56	0	238.213	11406.9	3821.43	9.35294	396.995	3.78711	32.0196	0.148788	19.6482	15.1122	18.4168	0	0	0	0	0	0	5.01977	0	9792.02	7237.28	0	0	1.95587	0	0	0	0	98.3066	288.568	254.761	0	2.51264	773.638	55.7701	4530.65	28301.9	0	116.28	31.511	17.577	0	0	42.0331	21586.8	46.9217	22310.1	8.42354	3507.1	18963.9	1081.28	282.889	3222.05	0.00938723	0	3.39619	463.723	109.448	11.2261	0	0	0	17.2603	0.0558232	7.74954	685.872	0	7817.11	7751.44	0	0	4.23077	0	0.000926133	0	1119.05	0	0	0	41.0592	5.379	269.324	0	689.975	5674.16	0	0	2.56883	0	44.7754	7.05223	24.6302	0	0	0	0.732691	0	0	6013.26	25294.7	65449	11.0152	9421.83	59.0769	500.949	169.336	36.6952	1185.71	21685.1	9849.62	24673.8	50.2713	3760.95	34837.5	9886.8	41485.6	4321.93	18449	99519.1	5884.96	17007.6	6443.89	202999	202999	
97.41	0	1209.26	969.191	0	0	0.757655	0	0	0	0	0	4784.49	32.6805	0	0	2704.66	988.742	883.195	11389.2	6.70045	8831.82	13.8586	0	0	0	0	0	4503.88	1915.4	0	222.728	11050.4	3638.56	9.2795	394.345	3.53209	31.1156	0.137559	18.636	14.0951	16.5837	0	0	0	0	0	0	5.16864	0	9434.92	7015.62	0	0	1.88421	0	0	0	0	94.593	281.317	239.414	0	2.46664	762.586	52.3327	4283.29	26929.2	0	114.674	29.8282	16.3866	0	0	38.9812	20247.8	45.3897	20877.9	8.06556	3352.92	18377.4	1038.01	281.098	3120.13	0.00875932	0	3.18171	434.773	100.548	10.3197	0	0	0	16.1804	0.0521943	7.20968	666.962	0	7522.94	7490.75	0	0	4.08819	0	0.000881889	0	1064.22	0	0	0	39.8311	5.09149	269.433	0	691.741	5578.27	0	0	2.56761	0	42.5171	6.66647	22.7898	0	0	0	0.692216	0	0	5717.64	24315.7	62886.7	10.2413	8977.61	56.3038	469.795	157.161	33.5698	1125.99	20342.4	9615.08	23081.6	48.6411	3590.42	33836.6	9701.05	39806	4131.45	17832.8	94374.2	5678.47	16396.4	6345.25	194266	194266	
97.78	0	1124.89	913.038	0	0	0.712926	0	0	0	0	0	4544.54	29.561	0	0	2575.58	910.504	820.376	10676.3	6.11703	8211.78	12.9801	0	0	0	0	0	4256.4	1748.58	0	204.704	10451	3322.01	8.48117	366.073	3.20354	28.8964	0.127902	16.9687	12.7935	14.9646	0	0	0	0	0	0	4.85489	0	8852.56	6627.7	0	0	1.77549	0	0	0	0	88.2514	266.589	218.038	0	2.31628	725.66	47.9205	4008.44	25276.6	0	108.88	27.8187	14.9923	0	0	35.4589	18624.2	42.8893	19205.1	7.56801	3132.42	17377.3	952.954	261.612	2916.14	0.00799282	0	2.93536	394.793	91.5779	9.48092	0	0	0	14.7427	0.0483074	6.67015	625.917	0	7170.01	7191.61	0	0	3.93623	0	0.000820181	0	999.625	0	0	0	37.7164	4.80946	265.042	0	653.184	5253.7	0	0	2.47591	0	39.2176	6.11329	21.1006	0	0	0	0.648553	0	0	5233.39	22899.6	59221.1	9.32855	8349.55	52.7626	426.754	143.59	30.5588	1056.18	18712.5	9110.42	21216	45.9813	3350.92	32025.3	9188.33	37298.7	3778.37	16782.9	87909.6	5276.87	15672.8	5976.44	181884	181884	
98.15	0	1047.08	862.293	0	0	0.669181	0	0	0	0	0	4338.94	27.0918	0	0	2456.7	848.147	764.86	10108.3	5.69178	7725.72	12.2463	0	0	0	0	0	4037.32	1619.6	0	193.137	9974.66	3016.08	7.75803	332.74	2.93007	26.8656	0.123659	15.4003	11.697	13.8678	0	0	0	0	0	0	4.50214	0	8367.55	6312.47	0	0	1.69283	0	0	0	0	82.6719	253.58	198.492	0	2.16834	691.396	44.1329	3792.88	24131.7	0	101.652	26.5078	13.9998	0	0	32.7858	17406.1	40.756	17994.7	7.19321	2962.29	16679.3	869.186	241.834	2740.82	0.00730481	0	2.73228	360.148	85.5262	8.89568	0	0	0	13.5709	0.0456912	6.42911	584.19	0	6938.43	7042.91	0	0	3.88561	0	0.000777168	0	955.346	0	0	0	36.1245	4.66926	265.434	0	616.529	4966.73	0	0	2.36561	0	36.4532	5.67487	20.2941	0	0	0	0.62379	0	0	4777.54	21776.9	56497.9	8.62915	7854.24	50.2233	389.548	133.677	28.4384	1008.43	17488.8	8670.6	19853.5	43.9872	3168.69	30656.2	8732.78	35289.7	3431.96	15910	83234	4913.38	15246.8	5648.67	172407	172407	
98.51	0	994.532	832.313	0	0	0.630773	0	0	0	0	0	4187.09	25.2869	0	0	2377.42	790.348	724.37	9611.38	5.32084	7242.3	11.5776	0	0	0	0	0	3856.9	1517.16	0	180.878	9597.19	2770.52	7.23183	307.2	2.71271	24.6101	0.116868	14.2869	10.9457	13.0146	0	0	0	0	0	0	4.10003	0	8055.2	6148.31	0	0	1.64757	0	0	0	0	79.6941	245.044	186.646	0	2.10663	671.741	40.6498	3582.22	23071.5	0	94.7633	25.3	13.1983	0	0	30.6849	16535.6	39.4609	16837.3	6.84019	2793.37	16026.3	807.166	224.587	2617.9	0.00686841	0	2.58226	335.403	81.2974	8.4917	0	0	0	12.3916	0.0438326	6.22312	551.453	0	6743.58	6931.72	0	0	3.83882	0	0.000733747	0	915.255	0	0	0	34.7758	4.55816	269.807	0	585.792	4756.7	0	0	2.29588	0	34.5028	5.37108	19.8145	0	0	0	0.603097	0	0	4408.69	20917.5	54277	8.04041	7361.68	47.9898	362.888	126.747	26.8774	965.755	16615.3	8328.5	18578.8	42.2629	2987.14	29498	8417.27	33537.4	3154.74	15390.4	79097.1	4647.55	14903.5	5405.08	164553	164553	
98.86	0	950.059	807.598	0	0	0.607506	0	0	0	0	0	4059.66	23.8072	0	0	2302.72	745.459	685.035	9226.27	5.02322	6908.04	11.1144	0	0	0	0	0	3709.93	1430.63	0	170.942	9270.81	2627.38	6.93252	294.522	2.56793	23.5344	0.111863	13.5385	10.4062	12.3794	0	0	0	0	0	0	3.9862	0	7782.59	5979.64	0	0	1.60074	0	0	0	0	77.6813	238.102	178.046	0	2.02801	655.889	38.5167	3406.1	22248.5	0	92.1708	24.2822	12.5314	0	0	29.1489	15721.9	38.0702	15967.8	6.55589	2675.41	15502.2	763.877	215.632	2538.73	0.00650761	0	2.46819	318.66	77.6344	8.09008	0	0	0	11.7462	0.0414248	5.97151	530.961	0	6510.88	6747.44	0	0	3.72979	0	0.000702157	0	874.456	0	0	0	33.6495	4.34196	267.594	0	570.633	4661.05	0	0	2.29816	0	33.0855	5.14963	19.1052	0	0	0	0.575996	0	0	4175.23	20127.9	52503.8	7.59766	7023.74	46.2129	344.73	121.127	25.6192	922.71	15799.6	8045.76	17612.1	40.8228	2858.69	28534.1	8144.45	32163.3	2995.36	14915.6	75763.2	4473.82	14442.1	5291.9	158190	158190	
99.2	0	899.499	780.832	0	0	0.58004	0	0	0	0	0	3924.9	22.2197	0	0	2221.26	712.367	650.091	8938.37	4.72171	6620.99	10.6071	0	0	0	0	0	3580.74	1345.2	0	163.027	8912.62	2485.59	6.59153	279.552	2.43231	22.5647	0.108078	12.8045	9.98005	12.0888	0	0	0	0	0	0	3.80392	0	7502.59	5788.78	0	0	1.53921	0	0	0	0	74.2123	229.824	166.63	0	1.92098	630.248	36.5348	3280.63	21662.4	0	89.0753	23.2576	11.8218	0	0	27.6268	14858.6	36.6006	15188.9	6.27401	2566.87	14949.4	726.051	207.501	2455.74	0.00612929	0	2.36123	301.696	74.5469	7.79298	0	0	0	11.047	0.039549	5.79331	509.701	0	6287.05	6543.38	0	0	3.59122	0	0.000667461	0	831.725	0	0	0	32.2197	4.13107	259.208	0	551.133	4524.72	0	0	2.25185	0	31.6264	4.9167	18.1007	0	0	0	0.55119	0	0	3960.55	19385.1	50973.7	7.16015	6732.63	44.2964	326.322	116.154	24.7985	877.452	14932.8	7772.07	16734	39.0845	2741.75	27486.2	7849.29	30938.7	2835.52	14395.7	72737.9	4302.27	13961.3	5133.3	152154	152154	
99.54	0	866.59	761.665	0	0	0.560473	0	0	0	0	0	3825.61	20.7127	0	0	2165.96	691.123	624.613	8770.85	4.42945	6377.28	10.1313	0	0	0	0	0	3503.51	1262.94	0	154.989	8541.89	2386.91	6.38478	269.953	2.3229	21.8915	0.104229	12.2392	9.68397	11.8518	0	0	0	0	0	0	3.62529	0	7264.16	5637.02	0	0	1.47384	0	0	0	0	70.2189	225.437	157.22	0	1.82987	608.734	35.177	3190.82	21229.3	0	87.1434	22.1854	11.0953	0	0	26.1327	14046.5	35.4642	14487.5	6.00765	2474.43	14372.2	699.975	199.692	2379.8	0.00583138	0	2.24344	289.023	71.8437	7.56831	0	0	0	10.4804	0.0377487	5.64228	487.506	0	6054.26	6324.96	0	0	3.41392	0	0.000638782	0	788.268	0	0	0	30.7452	3.9139	248.823	0	527.685	4380.9	0	0	2.18183	0	30.1792	4.71081	16.815	0	0	0	0.524626	0	0	3813.18	18734.2	49754.4	6.75819	6486.32	42.2944	312.357	111.708	24.1309	831.215	14116.7	7590.02	15938.8	37.3152	2640.81	26428.7	7641.09	29941.8	2724.96	13966.1	70023.9	4153.81	13454.4	4963	146869	146869	
99.87	0	839.536	741.879	0	0	0.541888	0	0	0	0	0	3705.54	19.2256	0	0	2105.46	666.655	600.993	8562.38	4.11791	6096.04	9.60841	0	0	0	0	0	3416.04	1174.35	0	145.125	8089.2	2306.19	6.42149	265.286	2.21825	21.332	0.0980735	11.6848	9.37587	11.3047	0	0	0	0	0	0	3.50055	0	6986.76	5462.19	0	0	1.3966	0	0	0	0	65.6714	219.128	148.396	0	1.74083	583.809	33.6591	3060.93	20586.1	0	85.6114	20.9491	10.3001	0	0	24.5938	13162.5	34.3673	13699	5.70631	2369.08	13654.3	682.902	195.787	2308.17	0.00554375	0	2.10471	277.236	68.4974	7.24431	0	0	0	9.89795	0.0356364	5.39686	462.467	0	5752.22	6022.3	0	0	3.17599	0	0.000607424	0	739.179	0	0	0	29.0716	3.63447	232.903	0	511.551	4249.06	0	0	2.10261	0	28.7465	4.52723	15.2523	0	0	0	0.493488	0	0	3689.41	17954.2	48197.4	6.3417	6202.98	39.9774	299.221	106.62	23.0762	779.026	13228.2	7375.07	15050.8	35.307	2524.98	25131.6	7412.19	28764.5	2637.42	13469.1	66747.1	4019.74	12782.5	4811.73	140644	140644	
100.19	0	804.64	716.859	0	0	0.518693	0	0	0	0	0	3554.95	17.6162	0	0	2029.34	638.678	574.646	8277.14	3.82651	5778.95	9.05062	0	0	0	0	0	3298.63	1084.16	0	135.79	7594.64	2214.84	6.4059	260.59	2.1032	20.5797	0.0932621	11.1301	8.99918	10.818	0	0	0	0	0	0	3.31448	0	6675.18	5246	0	0	1.31376	0	0	0	0	60.4419	211.991	138.459	0	1.62595	555.157	32.4017	2926.48	19868.5	0	83.38	19.7764	9.47907	0	0	23.1635	12264.2	33.2706	12866.6	5.38233	2248.01	12854	660.166	189.623	2215.68	0.00520042	0	1.94971	263.735	65.0829	6.82705	0	0	0	9.32133	0.033506	5.09154	433.085	0	5466.07	5732.26	0	0	2.96989	0	0.000577	0	692.6	0	0	0	27.2504	3.37861	214.602	0	491.67	4080.03	0	0	1.99172	0	27.1779	4.27911	13.9638	0	0	0	0.462237	0	0	3546.09	17134.7	46397	5.93492	5882.91	37.6641	284.345	101.261	21.9242	729.728	12324.6	7098.84	14116.1	33.1284	2393.89	23684.1	7123.93	27395.5	2538.87	12890.2	63234.6	3850.6	12139.1	4619.58	133792	133792	
100.51	0	769.943	705.148	0	0	0.502771	0	0	0	0	0	3482	16.6086	0	0	1990.89	628.289	559.38	8191.62	3.68305	5616.98	8.75795	0	0	0	0	0	3247.45	1030.25	0	133.755	7335.37	2125.85	6.21687	249.619	2.02409	19.905	0.0959109	10.6005	8.73944	11.0336	0	0	0	0	0	0	3.08541	0	6526.03	5127.99	0	0	1.26824	0	0	0	0	56.4126	210.3	130.075	0	1.51617	536.949	31.836	2906.57	19903.7	0	80.8594	19.4084	8.95588	0	0	22.4057	11729.4	32.7425	12457	5.21969	2180.87	12469.7	632.876	179.159	2136.86	0.00492118	0	1.86095	252.206	64.2138	6.67999	0	0	0	8.95463	0.0326888	4.931	411.454	0	5428.92	5731.02	0	0	2.9593	0	0.000557307	0	673.495	0	0	0	26.121	3.37377	207.562	0	460.153	3920.53	0	0	1.87209	0	25.9159	4.03858	13.6168	0	0	0	0.448548	0	0	3418.85	16836.4	45966.5	5.71207	5717.74	36.7256	271.762	98.8698	21.7522	709.517	11785.8	6972.49	13642.9	31.8219	2324.45	22955	6965.09	26755.5	2437.17	12590.5	61848.7	3699.23	12073.5	4426.58	130796	130796	
100.82	0	761.973	702.995	0	0	0.494249	0	0	0	0	0	3467.08	15.7184	0	0	1986.15	625.627	555.552	8192.1	3.57621	5524.8	8.54251	0	0	0	0	0	3248.21	998.558	0	131.249	7189.39	2070.59	5.96343	244.67	1.96699	19.2307	0.0953887	10.2905	8.6603	11.0433	0	0	0	0	0	0	2.88397	0	6476.63	5136.51	0	0	1.25255	0	0	0	0	54.6457	209.217	124.867	0	1.51151	525.399	31.1662	2913.76	19998	0	79.913	19.1465	8.74138	0	0	22.0726	11437.8	32.5942	12183.1	5.1582	2147.92	12255	623.422	172.665	2127.77	0.00476905	0	1.82678	244.875	63.3214	6.76649	0	0	0	8.60106	0.0327446	4.89988	402.588	0	5436.53	5806.37	0	0	2.98092	0	0.000547265	0	666.425	0	0	0	25.7149	3.42265	212.871	0	444.458	3868.05	0	0	1.79954	0	25.4834	3.98198	13.5066	0	0	0	0.447875	0	0	3350.8	16767.5	46076.5	5.54796	5623.95	36.1384	263.907	97.4656	21.7917	702.004	11492.4	6957.11	13330.8	31.3538	2289.01	22574.3	6934.41	26477.6	2375.39	12530	61134.3	3656.78	12154.3	4357.73	129621	129621	
101.12	0	766.769	696.194	0	0	0.490925	0	0	0	0	0	3437.26	15.1233	0	0	1964.47	608.251	549.707	8067.7	3.45216	5345.46	8.34713	0	0	0	0	0	3214.57	959.814	0	123.741	6987.99	2068.7	6.19985	255.964	1.91805	19.0989	0.0895844	10.2286	8.5047	10.3394	0	0	0	0	0	0	2.91744	0	6383.53	5108.63	0	0	1.23249	0	0	0	0	54.1112	206.024	124.187	0	1.53253	520.798	30.5157	2822.97	19441	0	80.6673	18.6074	8.57422	0	0	21.5359	11110.6	32.195	11712.2	5.03746	2093.12	11870.4	630.614	178.516	2165.73	0.0046828	0	1.78462	240.899	60.3768	6.61597	0	0	0	8.44276	0.0316068	4.65645	398.811	0	5305.65	5696.94	0	0	2.9138	0	0.000539289	0	650.07	0	0	0	25.3732	3.29365	210.373	0	463.893	3972.12	0	0	1.84203	0	25.363	4.02959	13.2331	0	0	0	0.435168	0	0	3338.08	16477.2	45404.3	5.37489	5445.22	35.308	259.702	94.2451	20.9849	684.839	11164.7	6890.05	12819.7	30.8775	2226.34	21955.7	6880.31	25869	2383.96	12400	59247.4	3696.48	11894.6	4480.92	126853	126853	
101.42	0	736.169	660.159	0	0	0.4675	0	0	0	0	0	3264.67	14.1448	0	0	1856.28	567.588	522.224	7636.56	3.21519	4974.07	7.86293	0	0	0	0	0	3047.36	889.606	0	112.824	6539.01	1975.99	6.26028	254.211	1.7962	18.2216	0.0830436	9.78031	7.97957	9.45781	0	0	0	0	0	0	2.80193	0	6051.68	4868.52	0	0	1.16648	0	0	0	0	51.841	195.407	118.485	0	1.46974	495.736	28.908	2642.77	18240.6	0	76.9096	17.4813	8.11499	0	0	20.1112	10396.6	30.5982	10854	4.73999	1959.65	11076.5	607.992	176.264	2105.94	0.00440854	0	1.67759	227.383	55.6382	6.17751	0	0	0	8.00044	0.0292475	4.22085	378.453	0	5027.85	5427.8	0	0	2.77716	0	0.000512552	0	613.97	0	0	0	24.1234	3.10121	199.948	0	461.458	3922.05	0	0	1.81034	0	24.2003	3.89503	12.5552	0	0	0	0.406156	0	0	3180.47	15624.7	43115.8	5.01579	5069.2	33.3264	245.278	87.8186	19.5303	646.636	10448.4	6538.04	11884.3	29.2988	2081.26	20548.8	6531.89	24300.3	2286.58	11784.3	55357	3571.78	11299.6	4426.37	119558	119558	
101.71	0	682.608	608.149	0	0	0.431898	0	0	0	0	0	3022.71	13.0177	0	0	1701.97	519.846	484.361	7060.75	2.94899	4541.87	7.24386	0	0	0	0	0	2817.83	810.551	0	102.724	5988.81	1811.34	5.83008	237.091	1.63597	16.6856	0.0774432	8.98226	7.24601	8.58134	0	0	0	0	0	0	2.54218	0	5605.54	4517.77	0	0	1.08268	0	0	0	0	48.3293	180.12	108.413	0	1.37498	457.146	26.5433	2444.24	16920.4	0	70.026	16.2106	7.56162	0	0	18.3603	9562.27	28.3243	9915	4.39205	1800.65	10175.5	559.866	164.025	1982.48	0.00400256	0	1.54368	207.632	50.88	5.65892	0	0	0	7.39424	0.0269066	3.80174	346.119	0	4706.45	5147.88	0	0	2.64383	0	0.000476042	0	571.79	0	0	0	22.4717	2.93902	190.283	0	431.194	3718.9	0	0	1.70618	0	22.4271	3.61647	11.8907	0	0	0	0.376094	0	0	2917.6	14524.2	40193.4	4.58896	4628.58	30.9402	224.176	80.5536	17.8567	602.041	9610.6	6048.98	10854.4	27.2668	1911.49	18862.4	6028.89	22336.9	2100.02	10919.8	50989.5	3329.43	10644.5	4190.11	110539	110539	
102	0	632.432	565.402	0	0	0.399814	0	0	0	0	0	2822.77	12.1459	0	0	1573.08	481.073	449.949	6590.56	2.75152	4212.17	6.73427	0	0	0	0	0	2629.22	752.449	0	95.8765	5574.74	1655.03	5.34332	218.679	1.50232	15.3154	0.0747301	8.21044	6.61395	8.03088	0	0	0	0	0	0	2.29604	0	5236.59	4234.94	0	0	1.01674	0	0	0	0	45.3919	167.5	99.1434	0	1.29445	424.35	24.5692	2290.49	15970.4	0	63.3559	15.337	7.17571	0	0	16.9561	8933.86	26.5378	9232.42	4.13977	1676.64	9536.46	513.27	150.953	1878.92	0.00365878	0	1.44671	190.442	47.5022	5.23315	0	0	0	6.90572	0.0252921	3.55259	319.036	0	4482.76	4977.88	0	0	2.57106	0	0.00044586	0	540.05	0	0	0	21.2155	2.84756	185.005	0	403.009	3523.26	0	0	1.60097	0	20.9767	3.35086	11.6143	0	0	0	0.354921	0	0	2673.94	13651.5	37960.1	4.25749	4290.84	29.1813	205.828	75.0932	16.6149	568.62	8979.25	5646.04	10103.1	25.7355	1780.21	17615	5606.24	20795.5	1921.1	10210.2	47798.4	3117.29	10212.3	3964.17	103625	103625	
102.28	0	598.997	539.367	0	0	0.372128	0	0	0	0	0	2675.18	11.6025	0	0	1484.8	446.762	420.002	6173.04	2.57923	3909.94	6.26674	0	0	0	0	0	2477.74	708.409	0	89.092	5238.43	1525.69	4.82397	204.934	1.39732	13.9892	0.0698785	7.62038	6.19685	7.6461	0	0	0	0	0	0	2.08241	0	4991.66	4066.38	0	0	0.978673	0	0	0	0	43.7845	158.482	94.1474	0	1.26137	403.167	22.4979	2154.35	15101.4	0	57.1946	14.566	6.84859	0	0	15.7201	8493.62	25.2164	8618.74	3.90811	1563.85	9003.97	474.24	140.086	1805.48	0.00342959	0	1.36504	178.346	45.0866	4.99814	0	0	0	6.43015	0.0242076	3.36469	297.497	0	4321.81	4841.75	0	0	2.5041	0	0.000421392	0	512.269	0	0	0	20.1514	2.76431	183.024	0	379.227	3369.61	0	0	1.51993	0	19.9602	3.15603	11.3668	0	0	0	0.339297	0	0	2469.19	13011	36101.9	3.97998	3981.12	27.6425	192.815	71.244	15.8003	539.356	8537.4	5336.61	9439.32	24.423	1660.33	16613	5310.32	19472.3	1774.45	9759.86	45081.8	2956.92	9884.27	3785.18	98025.1	98025.1	
102.55	0	562.259	515.932	0	0	0.355424	0	0	0	0	0	2558.23	11.0578	0	0	1410.25	421.437	395.49	5860.13	2.43888	3697.29	5.94843	0	0	0	0	0	2363.21	674.235	0	83.8647	4978.64	1449.21	4.52484	199.138	1.32616	13.2353	0.0661971	7.30755	5.9063	7.32682	0	0	0	0	0	0	2.03998	0	4779.66	3905.55	0	0	0.941256	0	0	0	0	42.478	151.821	90.2641	0	1.20824	386.743	21.1899	2044.86	14420.2	0	53.4454	13.9521	6.56317	0	0	14.7533	8099.4	24.0313	8170.68	3.73226	1485	8595.83	447.827	133.391	1751.78	0.0032368	0	1.3032	170.045	42.9009	4.80111	0	0	0	6.1515	0.0229792	3.14609	284.316	0	4147.73	4667.75	0	0	2.40454	0	0.000402479	0	487.556	0	0	0	19.3254	2.61707	176.8	0	367.816	3294.62	0	0	1.47925	0	19.2121	3.04258	10.9432	0	0	0	0.321455	0	0	2339.66	12435.7	34615.1	3.76827	3763.97	26.4504	183.915	68.0197	15.1705	513.252	8141.88	5097.29	8952.39	23.4021	1575.84	15834.6	5058.08	18482.7	1690.08	9358.66	42953.7	2845.69	9504.17	3697.43	93590.5	93590.5	
102.82	0	529.1	492.338	0	0	0.336635	0	0	0	0	0	2446.82	10.4219	0	0	1338.87	404.174	374.205	5616.81	2.30853	3515.76	5.6588	0	0	0	0	0	2266.56	640.022	0	79.7416	4722.2	1372.81	4.34247	189.96	1.25989	12.5498	0.0637345	6.97609	5.6701	7.18081	0	0	0	0	0	0	1.95889	0	4578.47	3744.7	0	0	0.899373	0	0	0	0	40.3097	145.042	85.092	0	1.13686	365.435	20.2906	1966.78	13937.9	0	50.4162	13.3361	6.28528	0	0	13.8469	7703.48	23.0899	7775	3.56289	1415.3	8194.95	423.454	126.95	1692.15	0.00305766	0	1.23954	161.523	41.1106	4.62888	0	0	0	5.82359	0.0218331	3.01797	269.57	0	3986.99	4495.45	0	0	2.29358	0	0.000383652	0	462.602	0	0	0	18.4118	2.49189	167.237	0	354.788	3189.1	0	0	1.4169	0	18.3961	2.92718	10.4492	0	0	0	0.304448	0	0	2220.73	11921.6	33358.4	3.57148	3578.73	25.2447	174.784	65.1772	14.7369	486.898	7743.79	4881.51	8516.36	22.3009	1501.69	15060.2	4817.89	17627.4	1602.77	8961.09	41124.2	2729.49	9135.48	3577.38	89575.7	89575.7	
103.09	0	507.868	473.832	0	0	0.322077	0	0	0	0	0	2355.27	9.7708	0	0	1281.27	392.33	361.305	5458.27	2.19023	3363.09	5.41052	0	0	0	0	0	2199.89	606.754	0	75.9407	4476.11	1318.63	4.18918	183.302	1.20895	12.0555	0.0614561	6.72931	5.47738	7.01378	0	0	0	0	0	0	1.85137	0	4405.5	3608.36	0	0	0.857916	0	0	0	0	38.1358	139.769	80.6478	0	1.08251	348.004	19.5917	1904.11	13557.3	0	48.0882	12.7252	6.03262	0	0	13.0327	7327.15	22.3801	7424.06	3.4077	1356.93	7793.95	406.862	120.859	1635.97	0.00292662	0	1.17231	155.262	39.5305	4.4638	0	0	0	5.53851	0.0208085	2.88915	254.592	0	3820.95	4323.8	0	0	2.16269	0	0.000366355	0	437.518	0	0	0	17.5163	2.37873	157.305	0	338.644	3077.2	0	0	1.35555	0	17.6366	2.81101	9.85767	0	0	0	0.286888	0	0	2137.41	11463.4	32318	3.40211	3423.23	24.0677	168.024	62.6448	14.2886	460.408	7365.29	4717.31	8126.77	21.2317	1439.22	14313.1	4628.33	16941.3	1540.52	8622.36	39488.7	2627.16	8761.63	3447.8	86057.8	86057.8	
103.34	0	492.746	455.283	0	0	0.309325	0	0	0	0	0	2257.7	9.15903	0	0	1226.74	377.614	347.471	5274.04	2.06713	3197.44	5.1329	0	0	0	0	0	2123.75	568.959	0	71.0832	4203.01	1274.3	4.12037	180.277	1.15783	11.5557	0.0574886	6.49422	5.26705	6.68787	0	0	0	0	0	0	1.77494	0	4217.44	3463.26	0	0	0.810293	0	0	0	0	35.8205	134.392	76.1353	0	1.03658	330.248	18.9125	1818.7	13037.9	0	46.3231	12.0172	5.74919	0	0	12.2035	6922.29	21.6133	7034.17	3.23698	1295.02	7332.35	395.658	116.926	1581.11	0.00278416	0	1.09732	149.345	37.5623	4.22449	0	0	0	5.24621	0.0196417	2.74107	239.364	0	3614.9	4097.86	0	0	2.00545	0	0.000350395	0	410.499	0	0	0	16.5494	2.22301	145.184	0	328.243	2967.73	0	0	1.29538	0	16.9172	2.6942	9.1968	0	0	0	0.266957	0	0	2066.49	10940.5	31057.4	3.22774	3255.32	22.7254	161.588	59.7469	13.6066	431.899	6958.11	4537.46	7693.67	20.073	1372.1	13478.7	4441.94	16170.6	1491.69	8259.14	37560.5	2533.3	8289.22	3326.34	82072.7	82072.7	
103.6	0	470.498	435.138	0	0	0.29552	0	0	0	0	0	2145.1	8.5468	0	0	1170.36	360.008	332.631	5069.53	1.93739	3020.05	4.82995	0	0	0	0	0	2028.49	528.135	0	66.5244	3925.91	1222.47	4.0002	176.501	1.10146	11.0343	0.0541148	6.2375	5.03441	6.41524	0	0	0	0	0	0	1.66107	0	4012.91	3297.26	0	0	0.760509	0	0	0	0	33.5522	128.35	71.3444	0	0.973245	312.227	18.1176	1727.33	12482.9	0	44.1908	11.3186	5.39787	0	0	11.3714	6479.51	20.7242	6620.09	3.05522	1227	6854.36	381.367	112.149	1515.7	0.00262542	0	1.01902	142.444	35.6538	3.98998	0	0	0	4.96012	0.0184381	2.60982	222.754	0	3432.06	3880.28	0	0	1.86464	0	0.00033488	0	385.294	0	0	0	15.5367	2.06558	132.841	0	314.01	2837.92	0	0	1.22933	0	16.0913	2.54188	8.56357	0	0	0	0.248442	0	0	1981.96	10405.6	29695.3	3.04147	3075.27	21.3717	154.079	56.7799	12.9471	405.229	6513.06	4322.66	7233.07	18.8588	1299.17	12620.1	4229.94	15338	1434.51	7857.37	35505.4	2422.67	7849.94	3180.6	77818.5	77818.5	
103.84	0	450.548	422.821	0	0	0.286035	0	0	0	0	0	2078.55	8.1729	0	0	1136.82	353.721	322.329	4984.56	1.86678	2925.54	4.64727	0	0	0	0	0	1972.54	502.402	0	65.7593	3767.13	1173.51	3.76382	168.952	1.06221	10.6645	0.0546631	5.97762	4.8982	6.56253	0	0	0	0	0	0	1.53997	0	3905.34	3199	0	0	0.731526	0	0	0	0	31.557	125.637	67.0729	0	0.905557	298.724	17.6223	1710.43	12386	0	41.3885	11.0599	5.12252	0	0	10.896	6215.05	20.1628	6417.62	2.95579	1187.25	6608.48	363.8	104.931	1455.7	0.00247306	0	0.973489	136.714	35.2518	3.95734	0	0	0	4.75872	0.0178939	2.5527	210.661	0	3409.02	3856.12	0	0	1.83721	0	0.000326834	0	375.645	0	0	0	14.9006	2.03596	126.754	0	293.231	2706.72	0	0	1.1573	0	15.437	2.42176	8.38725	0	0	0	0.241949	0	0	1908.65	10199.6	29179.8	2.93146	2977.59	20.7474	147.814	55.5874	12.9416	394.928	6246.6	4196.89	7000.03	18.1162	1258.5	12150.1	4097.2	14900.5	1376.98	7628.96	34634	2319.32	7786.31	3027.59	75770.9	75770.9	
104.09	0	444.412	416.743	0	0	0.278796	0	0	0	0	0	2048.09	7.86996	0	0	1122.19	351.981	317.502	4952.47	1.8071	2869.91	4.52241	0	0	0	0	0	1957.96	486.274	0	64.6333	3658.51	1143.36	3.65798	162.571	1.03345	10.3356	0.0540761	5.83171	4.85152	6.53601	0	0	0	0	0	0	1.43737	0	3862.03	3185.5	0	0	0.719079	0	0	0	0	30.4888	124.272	64.8567	0	0.890284	289.945	17.3819	1710.46	12390.6	0	40.5146	10.815	4.94654	0	0	10.729	6056.5	19.9828	6274.63	2.9131	1164.47	6455.05	359.002	101.113	1437.57	0.00240305	0	0.944835	132.912	34.9431	3.98569	0	0	0	4.59106	0.018009	2.52838	202.672	0	3392.09	3880.89	0	0	1.82275	0	0.000318438	0	371.655	0	0	0	14.6359	2.04697	128.319	0	281.808	2664.5	0	0	1.117	0	15.1812	2.40935	8.29713	0	0	0	0.242098	0	0	1871.72	10113.1	29090.8	2.84295	2920.76	20.274	143.69	54.9761	12.9311	390.682	6086.99	4150.31	6838.22	17.8091	1234.57	11858.1	4039.59	14665.6	1339.67	7558.7	34159	2280.28	7791.46	2973.55	74807.8	74807.8	
104.32	0	443.238	411.6	0	0	0.27433	0	0	0	0	0	2009.35	7.63991	0	0	1101.12	340.934	310.48	4835.88	1.72771	2772.58	4.37673	0	0	0	0	0	1931.67	467.628	0	61.215	3523.66	1142.25	3.8162	168.06	1.00896	10.2662	0.0507811	5.83059	4.75879	6.13822	0	0	0	0	0	0	1.45751	0	3791.64	3156.08	0	0	0.703207	0	0	0	0	30.1624	121.472	65.0056	0	0.893652	286.019	17.2251	1650.23	12017.1	0	40.9397	10.4487	4.75902	0	0	10.5461	5875.79	19.6332	6030.5	2.83656	1130.9	6232.78	364.931	104.166	1451.64	0.00236533	0	0.91121	130.875	33.4979	3.834	0	0	0	4.51982	0.0174862	2.40137	197.968	0	3291.8	3786.75	0	0	1.7642	0	0.000312646	0	361.656	0	0	0	14.3819	1.96898	125.744	0	293.428	2724.02	0	0	1.13027	0	15.0892	2.4253	7.9663	0	0	0	0.235352	0	0	1865.34	9888.8	28551.1	2.73904	2823.79	19.6594	141.464	53.3462	12.3975	380.169	5905.95	4082.13	6575.29	17.4713	1197.38	11468.7	3973.23	14250.2	1343.63	7451.98	33043.6	2294.76	7584.07	3044.29	72985.8	72985.8	
104.56	0	421.236	390.958	0	0	0.259768	0	0	0	0	0	1894.28	7.15015	0	0	1033.96	317.275	292.009	4543.2	1.58706	2579.86	4.06684	0	0	0	0	0	1827.5	433.107	0	56.4468	3268.83	1092.35	3.69754	166.294	0.947405	9.77901	0.0463551	5.55623	4.47113	5.60382	0	0	0	0	0	0	1.45143	0	3586.05	2999.73	0	0	0.662947	0	0	0	0	28.5139	114.316	62.3549	0	0.858005	270.917	16.4098	1537.79	11268.4	0	39.3055	9.79457	4.37967	0	0	9.99359	5499	18.5219	5596.21	2.65928	1058.73	5815.86	352.632	102.132	1410.57	0.00221092	0	0.848872	123.609	31.0963	3.54483	0	0	0	4.29015	0.016333	2.1907	186.16	0	3103.76	3584.09	0	0	1.66958	0	0.000296695	0	341.314	0	0	0	13.6302	1.82855	118.53	0	292.054	2670.64	0	0	1.09661	0	14.407	2.32084	7.38596	0	0	0	0.221154	0	0	1778.67	9338.73	27033.8	2.53668	2628.95	18.4455	133.545	49.9747	11.4695	358.693	5527.51	3854.62	6103.11	16.5269	1120.06	10695.7	3747.84	13323.9	1290.2	7063.41	30877	2217.1	7164.82	2988.13	68672.4	68672.4	
104.78	0	386.503	362.44	0	0	0.237792	0	0	0	0	0	1742.12	6.55252	0	0	946.708	289.865	267.501	4180.12	1.4318	2356.85	3.70387	0	0	0	0	0	1685.97	394.804	0	51.8472	2982.98	1003.81	3.37801	155.108	0.865178	9.0066	0.0435807	5.07516	4.09702	5.13079	0	0	0	0	0	0	1.33626	0	3317.54	2786.08	0	0	0.613097	0	0	0	0	26.0912	104.923	57.8653	0	0.793492	250.607	14.9606	1413.09	10442.3	0	35.9481	9.05814	3.93391	0	0	9.30174	5048.78	17.032	5116.06	2.45036	971.336	5348.99	324.775	94.6333	1325.98	0.00201291	0	0.78306	112.951	28.6553	3.27056	0	0	0	3.97134	0.0150764	1.98604	170.681	0	2899.77	3375.92	0	0	1.58475	0	0.000275483	0	318.207	0	0	0	12.662	1.72528	111.933	0	274.172	2521.55	0	0	1.01764	0	13.3574	2.1523	6.82046	0	0	0	0.207119	0	0	1633.41	8656.58	25149.5	2.29899	2401.81	17.0419	121.96	46.11	10.5537	334.329	5074.87	3550.04	5579.25	15.3345	1027.69	9813.23	3444.56	12215.1	1187.85	6544.52	28433.2	2067.7	6721.8	2819.28	63434	63434	
105.01	0	355.188	337.914	0	0	0.218123	0	0	0	0	0	1616.57	6.13458	0	0	873.166	268.355	246.563	3895.72	1.31289	2187.37	3.41969	0	0	0	0	0	1568.02	365.883	0	48.882	2767.81	920.105	3.0205	141.677	0.796763	8.31955	0.0421628	4.61783	3.78472	4.81159	0	0	0	0	0	0	1.20911	0	3099.16	2617.34	0	0	0.574457	0	0	0	0	23.9797	97.812	54.0735	0	0.744173	233.682	13.7691	1321.24	9843.52	0	33.0253	8.54919	3.57118	0	0	8.80136	4702.24	15.8344	4766.77	2.29276	901.608	5014.95	298.32	87.2536	1256.68	0.00184934	0	0.7409	103.642	26.9116	3.08079	0	0	0	3.72965	0.0142447	1.84214	158.807	0	2754.4	3244.43	0	0	1.54544	0	0.000257961	0	301.162	0	0	0	11.906	1.6852	108.964	0	255.485	2385.87	0	0	0.943549	0	12.4784	2.00706	6.42974	0	0	0	0.198552	0	0	1500.55	8122.31	23723.2	2.1115	2228.72	16.0335	111.831	43.175	9.89943	316.393	4726.22	3298.25	5196.59	14.4116	954.761	9158.59	3189.2	11353.3	1088.38	6127.37	26636.2	1941.02	6424.1	2663.42	59423	59423	
105.23	0	331.781	318.646	0	0	0.202748	0	0	0	0	0	1519.59	5.78559	0	0	818.174	251.429	229.764	3661.03	1.22205	2056.72	3.18266	0	0	0	0	0	1478.19	345.904	0	45.7155	2605.52	856.44	2.79173	131.299	0.744464	7.77711	0.0401247	4.27617	3.5652	4.56213	0	0	0	0	0	0	1.12066	0	2915.42	2487.13	0	0	0.54559	0	0	0	0	22.4977	92.0285	51.1527	0	0.723014	220.947	12.8866	1248.5	9348.68	0	30.7589	8.09604	3.31823	0	0	8.34503	4444.4	14.9091	4488.78	2.17163	847.589	4755.59	278.252	81.9763	1214.12	0.00172938	0	0.71196	96.7777	25.4794	2.94008	0	0	0	3.51478	0.0136802	1.74602	150.818	0	2630.81	3135.07	0	0	1.50368	0	0.00024461	0	287.178	0	0	0	11.3613	1.63907	108.689	0	239.748	2291.69	0	0	0.889169	0	11.803	1.90471	6.10255	0	0	0	0.192863	0	0	1399.01	7680.78	22587.7	1.96825	2095.26	15.172	104.372	40.8478	9.40692	301.626	4466.9	3104.71	4895.14	13.7395	897.412	8660.86	2994.18	10678.7	1012.62	5790.44	25214	1856.35	6176.25	2552.33	56274.9	56274.9	
105.44	0	313.393	303.439	0	0	0.192898	0	0	0	0	0	1445.95	5.53939	0	0	775.701	237.911	217.539	3478.71	1.15484	1955.6	3.02581	0	0	0	0	0	1413.46	330.74	0	43.2175	2483.55	817.323	2.63839	125.836	0.708766	7.41958	0.0387296	4.05658	3.39012	4.33787	0	0	0	0	0	0	1.10436	0	2766.88	2378.82	0	0	0.52247	0	0	0	0	21.4096	88.1684	49.2348	0	0.700183	212.618	12.3096	1185.39	8929.14	0	29.285	7.74608	3.09834	0	0	7.93445	4236.73	14.1591	4271.04	2.06946	806.99	4549.62	264.097	78.1928	1182.03	0.00163978	0	0.68909	92.1775	24.2565	2.79269	0	0	0	3.39041	0.0130161	1.63078	145.896	0	2508.31	3013.46	0	0	1.445	0	0.000233943	0	273.629	0	0	0	10.9008	1.58063	105.992	0	230.504	2235.36	0	0	0.858676	0	11.2753	1.82809	5.78441	0	0	0	0.185239	0	0	1331.64	7302.84	21646.8	1.86525	1992.31	14.5188	99.3324	38.9222	8.95864	287.348	4258.13	2961.74	4659.94	13.1685	854.119	8274.48	2844.21	10164.9	966.854	5518.36	24055.5	1795.17	5915.31	2485.79	53746.1	53746.1	
105.65	0	295.891	290.378	0	0	0.183687	0	0	0	0	0	1379.28	5.20173	0	0	736.817	228.039	208.388	3331.25	1.09209	1868.78	2.87553	0	0	0	0	0	1358.17	315.477	0	41.3424	2366.11	777.053	2.50875	119.631	0.674454	7.00871	0.0381532	3.85177	3.23615	4.2053	0	0	0	0	0	0	1.07553	0	2637.82	2278.47	0	0	0.499147	0	0	0	0	20.2462	84.7223	46.3416	0	0.673684	202.311	11.8422	1136.63	8606.79	0	27.8086	7.41049	2.9217	0	0	7.50551	4025.68	13.5433	4075.34	1.97396	770.585	4348.4	250.864	73.9993	1143.92	0.0015581	0	0.661591	87.5048	23.2449	2.65676	0	0	0	3.21495	0.0123557	1.5554	139.533	0	2399.41	2897.22	0	0	1.37849	0	0.000222081	0	260.113	0	0	0	10.3955	1.54204	100.759	0	222.15	2159.55	0	0	0.818243	0	10.7672	1.74558	5.46101	0	0	0	0.176399	0	0	1267.8	6976.8	20827.2	1.7681	1903.6	13.8653	94.2783	37.2485	8.60765	273.079	4045.93	2835.72	4445.57	12.5582	815.698	7895.01	2707.75	9721.53	919.283	5271.08	23036.4	1727.17	5670.82	2400.67	51454.7	51454.7	
105.85	0	286.389	281.096	0	0	0.176532	0	0	0	0	0	1325.79	4.85506	0	0	706.256	220.588	202.483	3224.37	1.03458	1795.46	2.74724	0	0	0	0	0	1315.44	299.823	0	39.6514	2249.94	747.72	2.36842	115.687	0.647377	6.7162	0.0370526	3.69674	3.11491	4.07257	0	0	0	0	0	0	1.03673	0	2529.83	2192.1	0	0	0.477376	0	0	0	0	19.1584	81.6573	43.9973	0	0.658418	193.508	11.3865	1094.59	8339.74	0	26.6859	7.09813	2.77134	0	0	7.15199	3836.65	12.9743	3903.47	1.88572	740.768	4150.41	241.035	70.0815	1108.94	0.00149488	0	0.628388	84.1068	22.3639	2.54304	0	0	0	3.0801	0.0117589	1.49414	132.924	0	2289.86	2779.5	0	0	1.30243	0	0.000212403	0	246.369	0	0	0	9.8968	1.4953	94.5498	0	210.56	2076.41	0	0	0.780699	0	10.28	1.66153	5.12942	0	0	0	0.167557	0	0	1220.73	6686.16	20117.8	1.68345	1828.86	13.2478	90.5749	35.759	8.27714	258.651	3855.81	2735.87	4255.22	11.9618	784.068	7528.63	2604.56	9351.54	885.097	5061.39	22135.6	1667.21	5422.98	2304.99	49433.3	49433.3	
106.06	0	281.162	274.798	0	0	0.168856	0	0	0	0	0	1272.79	4.59297	0	0	681.237	210.739	195.715	3091.59	0.969692	1700.5	2.59526	0	0	0	0	0	1260.96	280.778	0	37.1696	2116.92	717.154	2.31333	114.414	0.61881	6.39035	0.0350655	3.52278	2.99857	3.8584	0	0	0	0	0	0	0.972344	0	2444	2126.07	0	0	0.457995	0	0	0	0	18.2714	79.4984	42.6591	0	0.649677	188.453	10.8068	1035.58	7956.56	0	25.6935	6.71279	2.59798	0	0	6.73387	3632.68	12.4004	3687.99	1.77377	702.17	3910.67	231.525	67.5366	1075.08	0.00144663	0	0.589247	81.1554	21.393	2.41171	0	0	0	2.94136	0.0110618	1.41646	125.555	0	2171.35	2634.22	0	0	1.21763	0	0.000201166	0	230.73	0	0	0	9.2911	1.43314	86.6186	0	201.816	2005.5	0	0	0.746051	0	9.81474	1.5854	4.7872	0	0	0	0.156803	0	0	1170.22	6399.47	19278.2	1.58995	1732.58	12.5229	87.2761	34.2065	7.85552	242.251	3650.95	2625.65	4018.96	11.2327	742.838	7110.43	2514.75	8897.93	852.278	4900.06	20992.4	1609.62	5134.87	2224.4	47126.3	47126.3	
106.25	0	271.629	263.309	0	0	0.160591	0	0	0	0	0	1209.85	4.33534	0	0	651.404	200.022	187.02	2960.88	0.90861	1608.8	2.44299	0	0	0	0	0	1202.77	261.665	0	34.8519	1980.83	688.339	2.23462	112.036	0.590259	6.14173	0.0326634	3.39673	2.86644	3.69156	0	0	0	0	0	0	0.898825	0	2334.24	2027.88	0	0	0.432244	0	0	0	0	17.1567	76.592	40.6081	0	0.619412	179.682	10.3522	981.914	7590.96	0	24.5437	6.34446	2.4532	0	0	6.33219	3420.66	11.7968	3486.1	1.67572	665.41	3668.66	222.994	64.902	1038.56	0.00137553	0	0.549474	77.8064	20.3874	2.26591	0	0	0	2.81349	0.0103926	1.33465	117.941	0	2060.1	2496.63	0	0	1.14003	0	0.00019208	0	217.737	0	0	0	8.73463	1.33853	78.7608	0	192.03	1927.54	0	0	0.706512	0	9.31492	1.49086	4.5152	0	0	0	0.146508	0	0	1121.71	6094.07	18417.8	1.50024	1639.48	11.809	83.6563	32.5689	7.44834	228.585	3437.82	2501.01	3795.52	10.5672	703.554	6678.18	2400.69	8440.18	820.228	4677.21	19877.2	1549.57	4864.44	2135.74	44765.3	44765.3	
106.45	0	260.898	255.577	0	0	0.154727	0	0	0	0	0	1171.75	4.17148	0	0	632.615	196.35	182.043	2909.69	0.877057	1565.17	2.35887	0	0	0	0	0	1172.73	251.112	0	34.3958	1910.74	661.437	2.09767	106.967	0.571464	5.932	0.0324841	3.237	2.77628	3.76035	0	0	0	0	0	0	0.811601	0	2278.33	1967.14	0	0	0.416538	0	0	0	0	16.3174	75.1248	38.444	0	0.578158	172.503	10.1589	972.166	7538.83	0	23.3998	6.20487	2.34965	0	0	6.087	3303.13	11.4901	3397.89	1.63149	646.866	3547.81	213.21	60.9149	1003.51	0.00130851	0	0.528725	75.0367	20.2322	2.21653	0	0	0	2.71559	0.0101699	1.32546	111.91	0	2044.62	2484.52	0	0	1.12979	0	0.00018831	0	213.198	0	0	0	8.41295	1.3021	75.5801	0	178.199	1849.28	0	0	0.666378	0	8.91998	1.40801	4.38918	0	0	0	0.142597	0	0	1081.16	5979.27	18115.5	1.44983	1594.5	11.4924	80.6234	31.9287	7.38489	223.674	3319.44	2431.1	3694.34	10.1972	684.468	6451.97	2325.17	8225.46	787.624	4548.86	19468	1491.61	4828.76	2043	43718.5	43718.5	
106.63	0	258.098	252.451	0	0	0.150772	0	0	0	0	0	1152.76	4.01393	0	0	625.154	195.551	180.227	2889.46	0.851148	1543.67	2.30072	0	0	0	0	0	1160.28	244.926	0	34.0522	1864.26	645.417	1.99065	103.001	0.558744	5.78737	0.0319268	3.15484	2.74609	3.73682	0	0	0	0	0	0	0.761917	0	2260.04	1959.23	0	0	0.410265	0	0	0	0	15.7411	73.8771	37.1371	0	0.559563	166.907	9.90144	968.776	7528.45	0	22.8822	6.08288	2.2742	0	0	5.99778	3241.95	11.3498	3341.7	1.61448	637.936	3473.34	209.567	58.5801	988.011	0.00127687	0	0.519532	73.2866	20.1375	2.23466	0	0	0	2.60487	0.0102845	1.3341	108.893	0	2043.11	2501.26	0	0	1.1328	0	0.00018342	0	212.293	0	0	0	8.29169	1.29645	76.9866	0	171.808	1814.85	0	0	0.640567	0	8.8036	1.39234	4.22708	0	0	0	0.143604	0	0	1060.44	5942.63	18036.7	1.41117	1572.34	11.2695	78.7157	31.6874	7.36382	222.518	3257.69	2398.26	3630.38	10.0601	675.178	6316.3	2292.63	8115.58	767.186	4513.9	19252.2	1465.18	4844.37	2001.87	43253	43253	
106.82	0	259.034	249.791	0	0	0.148029	0	0	0	0	0	1130.29	3.97106	0	0	612.443	189.996	176.596	2821.9	0.815868	1496.74	2.22815	0	0	0	0	0	1136.5	236.268	0	32.3951	1796.55	645.253	2.03471	106.172	0.547792	5.77251	0.0295428	3.17505	2.70963	3.51713	0	0	0	0	0	0	0.778251	0	2224.1	1946.09	0	0	0.401144	0	0	0	0	15.3268	72.5495	37.0244	0	0.555446	164.211	9.71111	935.815	7288.73	0	23.1092	5.8909	2.17418	0	0	5.93516	3154.63	11.075	3225.82	1.57497	620.459	3355.62	212.546	60.4002	987.039	0.00126034	0	0.507848	72.378	19.3709	2.18304	0	0	0	2.54669	0.0100736	1.27425	107.994	0	1992.57	2437.3	0	0	1.10342	0	0.00017876	0	208.125	0	0	0	8.16073	1.23081	76.5595	0	178.707	1845.38	0	0	0.648742	0	8.78307	1.40719	3.94927	0	0	0	0.140697	0	0	1057.51	5829.27	17682.4	1.36492	1525.62	10.9578	77.7272	30.8638	7.10736	218.01	3169.96	2350.42	3505.63	9.88648	655.915	6114.15	2255.68	7889.98	769.989	4460.26	18640.5	1466.25	4725.06	2039.02	42246.8	42246.8	
107	0	247.067	237.623	0	0	0.139027	0	0	0	0	0	1064.67	3.77266	0	0	575.371	177.303	165.742	2653.13	0.756408	1393.73	2.07994	0	0	0	0	0	1069.27	220.17	0	29.7315	1668.83	617.159	2.01899	104.264	0.516638	5.53881	0.0265339	3.03976	2.56838	3.22749	0	0	0	0	0	0	0.76239	0	2104.12	1851.07	0	0	0.376723	0	0	0	0	14.3404	68.463	35.4961	0	0.526227	155.979	9.19609	872.635	6813.64	0	22.358	5.50669	1.98971	0	0	5.64858	2957.05	10.3736	2998.65	1.47724	579.387	3122.43	205.723	59.6905	949.38	0.00118954	0	0.479054	68.5816	18.0398	2.05798	0	0	0	2.41933	0.00942386	1.16568	102.651	0	1882.9	2296.01	0	0	1.04173	0	0.000169299	0	197.388	0	0	0	7.73509	1.12293	73.4173	0	176.44	1800.94	0	0	0.634032	0	8.38958	1.3623	3.64798	0	0	0	0.132247	0	0	1009.38	5510.61	16706.1	1.27424	1421.62	10.2837	73.6111	28.998	6.64778	206.685	2971.39	2212.78	3260.5	9.354	611.933	5699.44	2128.65	7380.74	739.122	4230.37	17400.3	1410.2	4459.61	1991.54	39740.6	39740.6	
107.18	0	226.339	219.789	0	0	0.126902	0	0	0	0	0	978.532	3.50572	0	0	527.055	162.713	150.333	2437.84	0.688409	1273.04	1.89964	0	0	0	0	0	984.088	200.882	0	27.4741	1521.71	567.413	1.89257	95.9619	0.473363	5.12151	0.024312	2.77555	2.37419	3.00333	0	0	0	0	0	0	0.730489	0	1945.93	1717.61	0	0	0.346635	0	0	0	0	13.0539	63.2087	32.7281	0	0.478009	143.474	8.48702	806.969	6296.22	0	20.6332	5.08749	1.77376	0	0	5.29137	2711.91	9.5268	2743.77	1.36179	529.512	2862.89	190.086	55.5186	882.78	0.00108735	0	0.443186	62.8196	16.6733	1.92967	0	0	0	2.23255	0.00870223	1.07042	94.5861	0	1762.19	2149.73	0	0	0.97976	0	0.000156286	0	184.248	0	0	0	7.1757	1.03211	69.7476	0	165.167	1689.58	0	0	0.592838	0	7.79398	1.28151	3.34316	0	0	0	0.122622	0	0	928.699	5114.34	15489.5	1.16286	1298.79	9.50076	67.3689	26.8416	6.21451	192.882	2724.97	2035.36	2983.12	8.66881	559.566	5220.19	1955.35	6760.67	679.77	3916.84	16003.4	1308.15	4175.1	1867.89	36667.2	36667.2	
107.35	0	205.966	203.341	0	0	0.116515	0	0	0	0	0	907.262	3.29153	0	0	487.003	151.067	137.229	2261.95	0.637656	1179.92	1.75725	0	0	0	0	0	913.266	185.993	0	26.0416	1408.46	520.529	1.74868	86.9176	0.436659	4.74314	0.0230665	2.53882	2.20388	2.83255	0	0	0	0	0	0	0.678812	0	1815.46	1601.95	0	0	0.32275	0	0	0	0	11.8697	58.6431	30.0848	0	0.436669	132.219	7.87607	755.701	5914.48	0	18.9831	4.77762	1.59817	0	0	4.99275	2520.1	8.81341	2553.44	1.27304	490.068	2667.65	175.29	51.4725	821.507	0.000992541	0	0.418309	57.7345	15.7104	1.8277	0	0	0	2.06629	0.00821579	1.00746	87.9176	0	1669.99	2046.97	0	0	0.946406	0	0.000145323	0	174.012	0	0	0	6.71919	0.978101	68.1678	0	153.968	1584.48	0	0	0.550425	0	7.28387	1.20721	3.11948	0	0	0	0.116004	0	0	854.762	4791.54	14521.6	1.07531	1203.65	8.91235	61.8715	25.1983	5.86746	182.124	2531.97	1887.98	2774.88	8.11645	518.531	4852.1	1806.98	6266.32	622.652	3650.99	14949.8	1214.96	3967.79	1750.72	34230.2	34230.2	
107.52	0	190.563	189.958	0	0	0.108252	0	0	0	0	0	850.887	3.12382	0	0	457.769	142.039	127.538	2116.85	0.597607	1108.68	1.64072	0	0	0	0	0	859.627	174.764	0	24.5056	1322.25	485.248	1.64495	80.4014	0.408147	4.44146	0.0214561	2.35975	2.06691	2.64645	0	0	0	0	0	0	0.645219	0	1710.27	1512.42	0	0	0.304164	0	0	0	0	11.0476	54.8507	28.3961	0	0.411773	124.188	7.35826	712.851	5611.27	0	17.5147	4.51019	1.47129	0	0	4.74598	2370.81	8.27452	2401.02	1.2055	459.769	2514.74	163.457	48.1354	777.86	0.000930901	0	0.402797	53.973	14.9197	1.72784	0	0	0	1.94586	0.00788309	0.965408	83.8492	0	1596.76	1963.2	0	0	0.915321	0	0.000135695	0	165.861	0	0	0	6.38105	0.924361	68.1227	0	145.971	1508.34	0	0	0.52211	0	6.92958	1.14912	2.95208	0	0	0	0.111145	0	0	798.103	4533.73	13760.3	1.00669	1130.64	8.42502	57.8041	23.9163	5.5234	173.559	2381.85	1773.64	2609.25	7.70558	486.576	4571.57	1692.41	5878.49	579.884	3441.89	14115.5	1147.25	3802.16	1665.98	32323.6	32323.6	
107.69	0	180.576	181.281	0	0	0.10281	0	0	0	0	0	808.055	3.0056	0	0	435.042	134.479	120.421	2009.02	0.5687	1052.44	1.55894	0	0	0	0	0	817.63	166.2	0	23.2939	1259.39	463.134	1.54478	76.8466	0.388874	4.23478	0.020589	2.24095	1.95711	2.50158	0	0	0	0	0	0	0.639716	0	1625.62	1441.13	0	0	0.289339	0	0	0	0	10.46	51.86	27.2382	0	0.387913	118.703	6.95696	673.409	5359.54	0	16.5045	4.30916	1.37365	0	0	4.56454	2254.61	7.85687	2280.67	1.14811	436.476	2394.62	155.3	45.8502	748.491	0.000884305	0	0.392493	51.4676	14.2402	1.6236	0	0	0	1.86586	0.00750922	0.921634	81.5641	0	1521.42	1878.15	0	0	0.879382	0	0.000129395	0	157.95	0	0	0	6.10438	0.876533	66.5498	0	140.477	1453.62	0	0	0.505874	0	6.65229	1.09707	2.81096	0	0	0	0.105797	0	0	759.869	4309.32	13148.1	0.958459	1073.18	8.05859	55.0822	22.8497	5.22225	165.325	2265.07	1685.4	2478.98	7.3658	461.956	4356.51	1608.06	5585	553.509	3275.69	13442	1101.72	3631.93	1605.27	30803.2	30803.2	
107.85	0	171.883	173.745	0	0	0.0975532	0	0	0	0	0	769.329	2.86837	0	0	413.197	128.718	114.804	1927.7	0.541528	1002.87	1.48201	0	0	0	0	0	781.386	157.86	0	22.4331	1197.22	441.332	1.40557	72.3521	0.371385	4.00257	0.0199262	2.12052	1.86333	2.41301	0	0	0	0	0	0	0.620039	0	1552.33	1376.69	0	0	0.274557	0	0	0	0	9.78826	49.2442	25.8933	0	0.367091	112.38	6.63197	643.3	5164.1	0	15.6799	4.11704	1.28946	0	0	4.41419	2139.7	7.50927	2173.07	1.09211	415.396	2282.48	147.784	43.4594	719.77	0.000837943	0	0.379017	48.8984	13.6869	1.53932	0	0	0	1.779	0.00713829	0.884471	78.2176	0	1451.02	1795.79	0	0	0.836812	0	0.000122815	0	149.967	0	0	0	5.80956	0.843706	63.6216	0	135.109	1394	0	0	0.480181	0	6.37065	1.04202	2.67625	0	0	0	0.100391	0	0	724.466	4113.31	12624.1	0.913751	1022.55	7.6871	52.3084	21.921	4.99435	157.057	2149.49	1607.47	2361.47	7.00919	439.924	4147.74	1531.12	5335.01	526.5	3126.97	12858.8	1056.41	3467.88	1539.78	29442.4	29442.4	
108.01	0	165.686	168.166	0	0	0.0933333	0	0	0	0	0	738.593	2.73052	0	0	395.283	124.342	110.324	1865.94	0.516072	960.241	1.41966	0	0	0	0	0	752.965	150.221	0	21.6064	1139.29	424.84	1.32326	69.1085	0.357333	3.82602	0.0192875	2.02695	1.79393	2.34024	0	0	0	0	0	0	0.593967	0	1489.99	1322.22	0	0	0.261693	0	0	0	0	9.2757	46.9931	24.8864	0	0.35395	107.687	6.339	617.459	5001.95	0	15.0351	3.9278	1.2208	0	0	4.26005	2037.54	7.24989	2079.13	1.04	398.076	2178.81	141.886	41.3211	693.256	0.000807015	0	0.360656	46.9167	13.1903	1.47459	0	0	0	1.71686	0.00677171	0.857536	74.1466	0	1382.22	1715.93	0	0	0.787415	0	0.000117359	0	142.112	0	0	0	5.52924	0.811861	60.0242	0	127.361	1331.83	0	0	0.459266	0	6.09166	0.98689	2.52432	0	0	0	0.0952522	0	0	697.407	3935.68	12168.4	0.874212	979.102	7.32911	50.1645	21.076	4.80172	148.896	2046.81	1545.8	2258.68	6.67126	421.706	3955.84	1470.55	5126.86	506.229	3001.67	12352	1015.13	3307.41	1469.35	28249.2	28249.2	
108.17	0	160.478	162.13	0	0	0.0893909	0	0	0	0	0	706.466	2.60187	0	0	377.586	119.099	105.668	1798.31	0.488986	914.079	1.35305	0	0	0	0	0	722.405	141.721	0	20.5374	1074.83	410.667	1.27128	66.8458	0.343579	3.69274	0.0185369	1.96223	1.72382	2.21115	0	0	0	0	0	0	0.573381	0	1426.16	1267.63	0	0	0.248278	0	0	0	0	8.74603	44.7418	24.0334	0	0.341306	103.209	6.05317	586.518	4796.37	0	14.5463	3.71509	1.15163	0	0	4.07977	1930.39	6.99248	1977.88	0.985709	380.149	2065.78	137.525	40.025	669.112	0.000778891	0	0.336674	45.1655	12.568	1.39808	0	0	0	1.65722	0.00637799	0.820392	69.4917	0	1303.58	1620.05	0	0	0.730313	0	0.000111306	0	133.677	0	0	0	5.23751	0.777835	55.503	0	121.887	1276.95	0	0	0.439234	0	5.82917	0.938356	2.36355	0	0	0	0.0898529	0	0	673.345	3745.59	11657.4	0.833343	932.318	6.93057	48.2793	20.1212	4.54758	140.12	1939.14	1480.61	2147.89	6.31945	402.626	3746.98	1409.35	4898.5	489.31	2875.12	11774.6	978.107	3119.55	1408.5	26953.1	26953.1	
108.33	0	153.275	155.306	0	0	0.0851151	0	0	0	0	0	672.261	2.44774	0	0	358.886	113.583	100.812	1726.36	0.464137	867.754	1.28462	0	0	0	0	0	689.546	133.315	0	19.3182	1011.2	393.699	1.2342	64.3283	0.328603	3.56541	0.0176369	1.88383	1.65076	2.11394	0	0	0	0	0	0	0.542583	0	1359.44	1206.69	0	0	0.234443	0	0	0	0	8.2225	42.4939	22.9118	0	0.328076	98.259	5.76576	556.657	4590.38	0	13.8757	3.50447	1.08395	0	0	3.83329	1825.57	6.70059	1877.28	0.934436	361.762	1950.07	131.798	38.5475	641.408	0.000742829	0	0.311702	43.2427	11.9664	1.32327	0	0	0	1.5911	0.00603044	0.779618	64.4949	0	1238.67	1536.02	0	0	0.684719	0	0.000105372	0	126.486	0	0	0	4.94854	0.742312	51.055	0	115.781	1220.69	0	0	0.417474	0	5.54161	0.884363	2.24818	0	0	0	0.0846704	0	0	644.845	3564.41	11141.2	0.793482	885.195	6.54018	46.2105	19.1589	4.32158	132.567	1833.79	1411	2037.55	5.97367	382.93	3534.51	1342.26	4663.64	469.364	2738.58	11197.4	935.469	2958.61	1345.64	25651	25651	
108.48	0	147.352	151.569	0	0	0.0823934	0	0	0	0	0	652.086	2.36344	0	0	347.773	111.866	98.2508	1698.38	0.453065	846.229	1.24725	0	0	0	0	0	669.779	128.623	0	19.0088	977.934	377.712	1.15293	61.1366	0.318733	3.45873	0.0176777	1.79027	1.60775	2.15275	0	0	0	0	0	0	0.508841	0	1327.85	1170.59	0	0	0.226837	0	0	0	0	7.82905	41.4808	21.7715	0	0.313455	95.0335	5.58627	551.549	4561.83	0	13.0974	3.42819	1.0501	0	0	3.6748	1771.22	6.52996	1837.29	0.913155	353.004	1893.92	125.296	36.2604	621.518	0.00071302	0	0.2984	41.7869	11.8802	1.31476	0	0	0	1.55263	0.00592136	0.765945	60.9987	0	1233.98	1529.14	0	0	0.678245	0	0.000102653	0	124.79	0	0	0	4.79107	0.734381	49.2296	0	107.559	1167.12	0	0	0.396078	0	5.33988	0.842229	2.23719	0	0	0	0.0831185	0	0	620.461	3503.95	10961.3	0.772511	862.785	6.37507	44.6273	18.8279	4.30973	130.702	1779.05	1369.88	1991.6	5.79326	373.827	3425.4	1301.23	4551.77	449.857	2665.09	11003.1	901.679	2943.35	1283.58	25099.6	25099.6	
108.62	0	146.316	149.957	0	0	0.0806489	0	0	0	0	0	642.333	2.25938	0	0	341.987	111.681	97.2802	1686.63	0.446186	835.842	1.22419	0	0	0	0	0	663.188	126.315	0	18.7458	958.625	369.03	1.11751	58.7838	0.312555	3.33469	0.0173962	1.73926	1.5955	2.15081	0	0	0	0	0	0	0.478081	0	1320.54	1166.37	0	0	0.223868	0	0	0	0	7.60526	41.194	20.756	0	0.308833	92.2379	5.49069	552.65	4558.96	0	12.9388	3.3676	1.04513	0	0	3.61746	1743.49	6.46876	1813.5	0.906152	350.004	1854.83	123.21	35.0713	617.373	0.000697525	0	0.293111	40.9459	11.8434	1.33086	0	0	0	1.48604	0.00596366	0.776757	59.3123	0	1233.59	1536.8	0	0	0.675272	0	0.00010074	0	125.046	0	0	0	4.74305	0.737335	50.0434	0	103.422	1146.28	0	0	0.384536	0	5.29257	0.839833	2.24292	0	0	0	0.0834828	0	0	609.412	3489.99	10921.2	0.759439	852.116	6.26663	43.7303	18.7315	4.3215	130.906	1751.09	1353.18	1964.31	5.73865	370.572	3357.51	1282.93	4499.98	438.559	2649.24	10907.3	891.65	2951.63	1258.55	24879.8	24879.8	
108.77	0	145.775	147.624	0	0	0.079488	0	0	0	0	0	630.415	2.18642	0	0	333.703	108.707	95.3805	1645.06	0.435421	812.965	1.19646	0	0	0	0	0	651.892	122.29	0	17.7697	929.715	369.112	1.16312	60.5064	0.307424	3.29849	0.0160568	1.76091	1.56978	2.0243	0	0	0	0	0	0	0.484826	0	1302.66	1153.9	0	0	0.219487	0	0	0	0	7.53755	40.6383	20.4365	0	0.308683	90.7697	5.45962	535.614	4411.26	0	13.2101	3.26377	1.02505	0	0	3.53989	1699.81	6.34247	1756.52	0.885136	342.581	1788.74	125.098	36.3946	619.824	0.000688166	0	0.288229	40.6178	11.4115	1.28575	0	0	0	1.4469	0.00578275	0.747519	59.3483	0	1200.58	1493.38	0	0	0.658777	0	9.82307e-05	0	123.038	0	0	0	4.68066	0.705165	49.4045	0	107.435	1163.86	0	0	0.392873	0	5.3028	0.846151	2.18937	0	0	0	0.0813152	0	0	608.377	3425.01	10695.4	0.743533	829.473	6.11515	43.4037	18.2842	4.15621	128.767	1707.35	1329.29	1902.88	5.65289	362.112	3252.17	1259.78	4385.41	440.244	2616.47	10568.3	896.469	2872.45	1280.11	24319.2	24319.2	
108.91	0	138.274	139.401	0	0	0.0752218	0	0	0	0	0	595.276	2.05588	0	0	312.171	101.768	89.318	1541.26	0.408739	760.748	1.12556	0	0	0	0	0	615.854	113.769	0	16.3215	870.015	353.741	1.14479	59.4223	0.290483	3.16205	0.0144389	1.70787	1.48301	1.87265	0	0	0	0	0	0	0.471456	0	1234.53	1094.01	0	0	0.207075	0	0	0	0	7.22156	38.6096	19.4075	0	0.293603	86.3215	5.22103	501.138	4120.2	0	12.6759	3.05933	0.962955	0	0	3.31877	1595.56	5.95911	1640.35	0.834399	321.974	1663.86	120.626	35.9425	594.308	0.000651709	0	0.275687	38.6838	10.6432	1.19781	0	0	0	1.3727	0.00539842	0.691821	57.2099	0	1136.96	1407.95	0	0	0.627454	0	9.23496e-05	0	117.052	0	0	0	4.44738	0.647564	47.2254	0	106.811	1132.67	0	0	0.386009	0	5.10063	0.811092	2.06057	0	0	0	0.0763603	0	0	581.356	3244.12	10089.2	0.699874	776.586	5.77078	41.3546	17.2269	3.88155	122.431	1602.78	1255.7	1776.95	5.36354	339.928	3037.28	1187.25	4110.59	423.31	2480.6	9875.11	860.957	2714.91	1247.92	22900.7	22900.7	
109.05	0	126.424	127.798	0	0	0.0692023	0	0	0	0	0	548.143	1.88891	0	0	285.522	93.8945	81.9499	1415.32	0.375699	700.213	1.03675	0	0	0	0	0	568.443	103.794	0	15.0066	799.584	325.982	1.04351	55.0235	0.266876	2.9172	0.0129659	1.57906	1.36648	1.74141	0	0	0	0	0	0	0.43344	0	1142.32	1012.52	0	0	0.191335	0	0	0	0	6.6432	35.872	17.744	0	0.267557	79.1715	4.86427	465.135	3805.29	0	11.6966	2.83391	0.886518	0	0	3.05401	1470.33	5.47961	1508.57	0.774393	296.211	1522.17	111.342	33.3665	551.103	0.000597762	0	0.261255	35.6285	9.84741	1.11698	0	0	0	1.26176	0.00501256	0.634724	53.8061	0	1067.55	1319.25	0	0	0.595088	0	8.50953e-05	0	109.898	0	0	0	4.13597	0.585286	44.6574	0	100.223	1058.9	0	0	0.362123	0	4.76162	0.756618	1.91873	0	0	0	0.0710309	0	0	536.083	3018.01	9345.2	0.643172	714.827	5.36263	38.0941	15.9756	3.61501	114.871	1476.97	1157.94	1633.25	4.98641	312.705	2785.34	1089.84	3779.61	390.367	2294.73	9097.29	798.374	2546.66	1166.99	21163.9	21163.9	
109.18	0	115.997	117.834	0	0	0.0638752	0	0	0	0	0	508.474	1.74118	0	0	264.033	87.4825	75.7203	1313	0.349909	653.306	0.969094	0	0	0	0	0	528.682	96.1224	0	14.1948	746.103	300.118	0.957369	50.4612	0.246931	2.69767	0.0122223	1.4589	1.26926	1.64792	0	0	0	0	0	0	0.386299	0	1065.71	944.356	0	0	0.179012	0	0	0	0	6.14296	33.6003	16.1611	0	0.240284	73.0985	4.52197	436.427	3564.94	0	10.7166	2.66948	0.822784	0	0	2.84674	1371.6	5.08628	1409.86	0.728102	275.719	1413.91	102.53	30.8229	513.653	0.000550861	0	0.251108	32.9242	9.2869	1.05984	0	0	0	1.16213	0.00472552	0.597379	50.8765	0	1015.98	1257.46	0	0	0.577841	0	7.95333e-05	0	104.508	0	0	0	3.87935	0.54217	43.105	0	94.0221	994.064	0	0	0.337998	0	4.46619	0.714548	1.81736	0	0	0	0.067318	0	0	494.653	2835.64	8755.77	0.597391	666.72	5.06063	35.2059	15.0224	3.42231	109.172	1377.74	1075.84	1525.05	4.67949	291.293	2591.51	1008.14	3515.93	359.256	2139.49	8499.85	743.169	2426.06	1095.49	19787.4	19787.4	
109.32	0	107.934	109.907	0	0	0.0597522	0	0	0	0	0	477.601	1.63357	0	0	247.742	82.264	71.2517	1234.91	0.328537	616.763	0.913627	0	0	0	0	0	498.215	89.9744	0	13.3736	702.887	280.962	0.890313	46.716	0.231563	2.52619	0.0113626	1.36352	1.19418	1.54645	0	0	0	0	0	0	0.351364	0	1006.14	894.055	0	0	0.169214	0	0	0	0	5.74048	31.7897	15.0588	0	0.221613	68.2871	4.20634	412.964	3375.51	0	10.0801	2.52269	0.777828	0	0	2.68191	1293.77	4.8017	1330.07	0.692514	259.707	1327.25	95.8645	28.6879	485.334	0.000518885	0	0.244243	30.8873	8.83881	1.01275	0	0	0	1.08013	0.00452896	0.565211	48.876	0	971.608	1205.91	0	0	0.56024	0	7.47445e-05	0	99.9919	0	0	0	3.68252	0.507868	42.2091	0	89.0747	944.525	0	0	0.316839	0	4.24253	0.684252	1.7138	0	0	0	0.0645769	0	0	463.296	2688.55	8296.86	0.560618	629.37	4.79796	33.0286	14.2756	3.24345	104.388	1299.51	1012.41	1437.82	4.44414	274.375	2437.6	944.876	3310.88	335.793	2021.46	8025.03	701.396	2324.47	1040.62	18704.5	18704.5	
109.45	0	102.129	104.397	0	0	0.0568455	0	0	0	0	0	454.548	1.56085	0	0	235.416	77.9997	67.5095	1172.55	0.312244	587.381	0.872686	0	0	0	0	0	474.639	85.2566	0	12.7647	669.816	268.762	0.852777	44.7467	0.220995	2.4189	0.0107456	1.30423	1.13635	1.46872	0	0	0	0	0	0	0.329925	0	958.617	852.659	0	0	0.161087	0	0	0	0	5.4673	30.4398	14.317	0	0.207235	65.1394	3.96826	391.766	3212.57	0	9.6008	2.41701	0.742668	0	0	2.56111	1232.42	4.56986	1265.94	0.6627	246.858	1258.96	91.0327	27.4054	462.791	0.000495934	0	0.238449	29.5329	8.43431	0.965138	0	0	0	1.03085	0.00431681	0.533941	47.379	0	926.928	1151.15	0	0	0.537705	0	7.12812e-05	0	95.5627	0	0	0	3.51731	0.47476	40.6333	0	85.614	910.299	0	0	0.305246	0	4.06114	0.656586	1.61121	0	0	0	0.0615691	0	0	441.763	2560.82	7911.17	0.533735	599.4	4.59977	31.5798	13.6319	3.09044	99.735	1237.89	964.196	1368.1	4.2459	260.839	2317.68	898.107	3149.1	321.252	1927.01	7633.04	669.349	2218.8	1002.61	17819.3	17819.3	
109.58	0	96.8113	99.766	0	0	0.0540363	0	0	0	0	0	434.269	1.46845	0	0	224.381	74.5872	64.3056	1124.29	0.297067	561.796	0.832722	0	0	0	0	0	454.705	81.0005	0	12.3199	637.993	256.049	0.80809	42.1664	0.211039	2.31543	0.0103496	1.24727	1.08877	1.42762	0	0	0	0	0	0	0.310178	0	916.848	813.442	0	0	0.152932	0	0	0	0	5.1339	29.1354	13.4761	0	0.193506	61.5357	3.76812	374.853	3080.14	0	9.13563	2.31406	0.704587	0	0	2.44361	1173.13	4.34262	1208.85	0.633126	234.914	1197.09	86.448	26.2313	442.002	0.000469316	0	0.230255	28.1235	8.09493	0.930663	0	0	0	0.974433	0.00412556	0.507869	45.5032	0	887.172	1097.91	0	0	0.513634	0	6.77945e-05	0	91.1976	0	0	0	3.34077	0.450068	38.6275	0	82.3885	872.195	0	0	0.287448	0	3.87552	0.627071	1.51547	0	0	0	0.0583893	0	0	420.853	2449.42	7571.91	0.508575	573.247	4.39544	30.0754	13.0593	2.98535	95.1567	1178.27	922.452	1305.77	4.03641	248.385	2205.44	856.75	3012.13	305.635	1839.92	7292.33	639.051	2119.21	960.947	17026	17026	
109.7	0	92.8269	96.0516	0	0	0.0518053	0	0	0	0	0	418.249	1.39785	0	0	215.858	72.0034	61.6467	1083.72	0.283555	540.327	0.80056	0	0	0	0	0	439.315	77.1492	0	11.9394	608.763	245.993	0.773843	40.4747	0.202904	2.23932	0.00994931	1.20079	1.05225	1.39084	0	0	0	0	0	0	0.292649	0	879.276	779.425	0	0	0.145848	0	0	0	0	4.842	28.0185	12.9409	0	0.183801	58.83	3.59896	361.023	2963.34	0	8.73116	2.21684	0.673381	0	0	2.33972	1120.76	4.15248	1158.81	0.606515	224.786	1142.27	82.62	24.9953	422.326	0.000452308	0	0.220372	26.9957	7.78955	0.904738	0	0	0	0.938448	0.00395336	0.485544	43.4827	0	847.299	1046.55	0	0	0.486809	0	6.41435e-05	0	86.7385	0	0	0	3.1733	0.42725	36.498	0	77.9761	834.561	0	0	0.272505	0	3.6876	0.60196	1.42092	0	0	0	0.0551279	0	0	404.215	2345.82	7266.45	0.486911	551.297	4.20469	28.8699	12.5295	2.89754	90.4991	1125.6	889.735	1251.23	3.8389	237.822	2106	824.435	2895.95	293.63	1763.66	6993.3	610.763	2021.17	918.575	16321.5	16321.5	
109.82	0	89.5163	92.4199	0	0	0.0496355	0	0	0	0	0	401.702	1.32283	0	0	207.156	68.8894	59.0336	1040.14	0.269023	517.119	0.76536	0	0	0	0	0	423.256	72.9769	0	11.4398	577.374	237.151	0.766639	39.5587	0.194931	2.1684	0.00943873	1.16752	1.01546	1.32111	0	0	0	0	0	0	0.276864	0	839.691	744.954	0	0	0.13832	0	0	0	0	4.56926	26.8107	12.4093	0	0.175198	56.1433	3.43306	343.569	2819.36	0	8.42784	2.11288	0.640964	0	0	2.24209	1065.58	3.96557	1104.51	0.577739	214.406	1083.35	79.8634	24.2779	404.095	0.000436319	0	0.209091	25.9607	7.41163	0.868172	0	0	0	0.900017	0.00376373	0.463374	41.3519	0	800.356	986.3	0	0	0.456951	0	6.07242e-05	0	81.7888	0	0	0	3.00206	0.403011	34.1659	0	74.7445	801.421	0	0	0.25908	0	3.50603	0.579861	1.31837	0	0	0	0.0516109	0	0	389.337	2231.95	6928.24	0.46439	527.715	4.00075	27.7692	11.9332	2.76915	85.3492	1070.15	855.735	1192.12	3.63518	226.888	1999.82	792.167	2771.26	283.63	1684.89	6652.17	585.406	1906.47	881.881	15557.9	15557.9	
109.94	0	86.3045	89.2985	0	0	0.0471158	0	0	0	0	0	384.645	1.28014	0	0	198.193	65.5495	56.0251	986.824	0.255083	488.969	0.723024	0	0	0	0	0	403.298	68.4947	0	10.7952	543.881	225.806	0.75733	38.5487	0.186136	2.06397	0.00904304	1.10102	0.972522	1.26466	0	0	0	0	0	0	0.256361	0	808.904	715.578	0	0	0.132192	0	0	0	0	4.32878	25.8872	12.0356	0	0.168135	54.3756	3.25922	325.668	2669.51	0	7.94022	2.00572	0.603646	0	0	2.11452	1007.76	3.76255	1044.98	0.543198	202.476	1023.3	75.0222	23.3059	383.862	0.000420245	0	0.19634	24.9105	7.10075	0.826589	0	0	0	0.856847	0.00354105	0.44191	38.7913	0	764.955	936.335	0	0	0.43194	0	5.73468e-05	0	77.0151	0	0	0	2.81305	0.389668	31.9658	0	71.1122	762.899	0	0	0.245004	0	3.32541	0.552146	1.23215	0	0	0	0.0483206	0	0	369.637	2137.03	6582.86	0.441639	498.973	3.79038	26.6152	11.3987	2.64339	80.3617	1012.08	817.593	1127.65	3.40811	214.271	1890.77	759.769	2624.81	270.966	1621.41	6293.93	555.318	1813.91	839.414	14779.5	14779.5	
110.06	0	82.9122	87.0495	0	0	0.0455212	0	0	0	0	0	374.945	1.24475	0	0	192.501	64.2628	54.2926	967.225	0.248733	476.392	0.701551	0	0	0	0	0	392.324	66.4105	0	10.6214	528.646	216.808	0.727174	36.6508	0.180516	2.00058	0.00916359	1.04768	0.945451	1.2948	0	0	0	0	0	0	0.237652	0	792.833	695.352	0	0	0.128559	0	0	0	0	4.13218	25.436	11.6367	0	0.161163	52.9371	3.17637	322.733	2647.05	0	7.49293	1.96848	0.583629	0	0	2.04101	978.593	3.63126	1024.14	0.529513	197.591	998.521	71.3521	21.9244	367.328	0.000403228	0	0.190024	24.1379	7.07286	0.816931	0	0	0	0.840409	0.00344137	0.44051	37.1428	0	762.423	933.788	0	0	0.429965	0	5.618e-05	0	75.8329	0	0	0	2.72249	0.391669	30.8589	0	66.3844	729.024	0	0	0.232519	0	3.19603	0.527319	1.21577	0	0	0	0.0471322	0	0	355.599	2104.23	6463.47	0.429652	485.885	3.70578	25.7692	11.2144	2.63905	79.0897	982.725	796.337	1104.27	3.30258	209.206	1840.84	738.699	2561.12	259.902	1582.62	6188.05	531.25	1806.45	800.627	14468.7	14468.7	
110.18	0	82.0174	86.2033	0	0	0.0446999	0	0	0	0	0	370.479	1.18941	0	0	189.434	64.1151	53.7947	963.617	0.24471	470.986	0.688202	0	0	0	0	0	388.705	65.3468	0	10.4513	520.496	211.741	0.694614	35.2767	0.17704	1.93083	0.00900148	1.01886	0.941195	1.29995	0	0	0	0	0	0	0.225501	0	789.433	694.113	0	0	0.127502	0	0	0	0	4.08729	25.1775	11.2929	0	0.161429	51.845	3.10915	323.51	2647.16	0	7.34616	1.94032	0.58326	0	0	2.01268	966.138	3.59636	1013.77	0.52702	196.272	984.395	70.0497	21.1763	363.747	0.000396517	0	0.186826	23.7204	7.05417	0.833774	0	0	0	0.817137	0.00346132	0.445494	36.1596	0	764.942	940.461	0	0	0.430533	0	5.5331e-05	0	75.9089	0	0	0	2.70347	0.392395	30.8713	0	64.2281	715.251	0	0	0.227926	0	3.17447	0.526364	1.21896	0	0	0	0.0472819	0	0	349.015	2099.8	6445.83	0.422146	480.263	3.65501	25.3225	11.1699	2.66008	79.1405	970.225	787.958	1092.42	3.28124	207.723	1813.43	729.368	2538.44	253.315	1576.24	6150.37	524.194	1815.71	784.674	14372.3	14372.3	
110.29	0	82.1936	84.9241	0	0	0.04424	0	0	0	0	0	362.997	1.15272	0	0	185.047	62.5008	53.145	943.39	0.23805	457.817	0.672041	0	0	0	0	0	380.947	63.3565	0	9.89076	506.082	211.988	0.723036	36.427	0.174297	1.90859	0.00838515	1.03375	0.932102	1.22253	0	0	0	0	0	0	0.226681	0	779.865	688.481	0	0	0.125443	0	0	0	0	4.10275	24.7165	11.236	0	0.161415	51.1149	3.05029	313.665	2565.21	0	7.40626	1.88683	0.57839	0	0	1.97521	944.675	3.54054	983.62	0.516467	192.599	953.692	71.015	21.941	366.823	0.000392867	0	0.182429	23.5632	6.80283	0.818825	0	0	0	0.797027	0.0033479	0.431524	35.6653	0	746.47	914.78	0	0	0.41857	0	5.49869e-05	0	74.5364	0	0	0	2.67569	0.373384	29.7306	0	67.0631	727.267	0	0	0.233073	0	3.1855	0.536268	1.19806	0	0	0	0.0459069	0	0	348.555	2065.07	6327.3	0.41274	467.132	3.57101	25.1753	10.9205	2.57762	77.7096	948.778	772.201	1060.16	3.24142	203.456	1761.56	716.359	2478.04	254.645	1559.8	5972.42	528.044	1768.98	799.529	14077.8	14077.8	
110.4	0	78.5125	80.2292	0	0	0.0420588	0	0	0	0	0	341.286	1.09105	0	0	173.316	58.5948	50.5078	888.496	0.223634	428.291	0.633031	0	0	0	0	0	357.845	59.1212	0	9.04331	473.885	203.461	0.730516	35.8514	0.165192	1.82996	0.00765292	1.00197	0.884299	1.12651	0	0	0	0	0	0	0.214061	0	740.129	654.522	0	0	0.118807	0	0	0	0	3.93933	23.3414	10.7782	0	0.153293	48.5392	2.91372	294.298	2405.53	0	7.14507	1.77734	0.551392	0	0	1.87062	888.482	3.34232	919.952	0.487712	181.648	890.798	68.7576	21.6849	353.619	0.000373911	0	0.171579	22.4648	6.35338	0.768193	0	0	0	0.75385	0.00311216	0.399805	33.7663	0	707.39	863.952	0	0	0.394452	0	5.30931e-05	0	70.7298	0	0	0	2.54912	0.345927	27.6182	0	66.5573	709.968	0	0	0.228463	0	3.06334	0.520085	1.1446	0	0	0	0.0431469	0	0	333.727	1959.81	5992.17	0.389199	437.266	3.37338	24.0182	10.3011	2.41479	73.7451	892.421	725.815	991.696	3.08309	191.59	1648.14	674.477	2326.64	245.273	1481.52	5598.8	508.743	1672.98	781.525	13290	13290	
110.51	0	72.5127	73.7463	0	0	0.0388948	0	0	0	0	0	312.887	0.990845	0	0	158.723	54.0107	46.9206	819.382	0.206289	393.032	0.58419	0	0	0	0	0	327.789	54.3111	0	8.21532	435.827	187.821	0.68434	33.1727	0.152126	1.68373	0.00699199	0.926438	0.814125	1.03295	0	0	0	0	0	0	0.191822	0	686.353	607.201	0	0	0.110332	0	0	0	0	3.68815	21.5743	9.87193	0	0.14151	44.6418	2.70939	272.781	2233.75	0	6.63253	1.64142	0.512015	0	0	1.71782	818.597	3.08031	846.221	0.45244	167.845	817.086	63.8143	20.2397	329.1	0.000342279	0	0.157839	20.7316	5.88716	0.707484	0	0	0	0.688812	0.0028569	0.367839	30.9387	0	661.145	810.603	0	0	0.368769	0	4.99678e-05	0	66.1887	0	0	0	2.37543	0.32092	25.5404	0	62.0711	664.617	0	0	0.214864	0	2.86095	0.484434	1.08153	0	0	0	0.0401592	0	0	308.355	1822.71	5571.57	0.358757	401.349	3.1233	22.1701	9.56228	2.22486	68.988	822.285	665.331	912.084	2.87089	176.89	1512.95	618.899	2140.28	226.486	1373.58	5173.02	472.637	1566.54	731.37	12302.8	12302.8	
110.61	0	66.9276	68.3868	0	0	0.0362594	0	0	0	0	0	288.932	0.91028	0	0	146.864	50.2576	43.6202	761.995	0.19263	365.075	0.544527	0	0	0	0	0	302.549	50.3768	0	7.70282	405.816	173.019	0.631472	30.3812	0.140967	1.54451	0.00669352	0.853156	0.754627	0.975429	0	0	0	0	0	0	0.172623	0	641.1	567.517	0	0	0.103754	0	0	0	0	3.46004	20.0824	8.98416	0	0.130505	41.2232	2.53821	255.642	2104.44	0	6.12958	1.5407	0.479223	0	0	1.59476	761.781	2.88141	790.049	0.42524	156.834	761.365	59.1603	18.7032	307.148	0.000314655	0	0.14642	19.1882	5.54455	0.657963	0	0	0	0.633562	0.00266894	0.347458	28.4657	0	627.331	771.836	0	0	0.35034	0	4.72432e-05	0	62.6508	0	0	0	2.23411	0.305311	23.7913	0	57.9365	621.57	0	0	0.201337	0	2.69557	0.450426	1.04206	0	0	0	0.0378694	0	0	284.975	1711.89	5233.27	0.333912	372.75	2.93003	20.5205	8.99479	2.08382	65.2876	765.241	614.444	850.954	2.69988	165.32	1407.7	572.057	1988.13	208.48	1282.6	4845.7	439.998	1488.5	683.933	11509.4	11509.4	
110.72	0	62.4177	64.1547	0	0	0.0341428	0	0	0	0	0	269.955	0.83543	0	0	137.839	47.1785	40.8095	716.321	0.181062	342.712	0.513523	0	0	0	0	0	283.004	47.2766	0	7.22709	381.54	161.543	0.571094	28.1659	0.132173	1.42119	0.0063847	0.800715	0.71212	0.930528	0	0	0	0	0	0	0.154166	0	604.978	536.63	0	0	0.0987296	0	0	0	0	3.28883	18.8544	8.22926	0	0.123581	38.299	2.38529	241.394	1996.21	0	5.76986	1.45011	0.451721	0	0	1.48606	716.185	2.73271	744.103	0.403413	148.178	715.096	55.6169	17.4295	291.592	0.000294571	0	0.137367	18.0207	5.26701	0.627916	0	0	0	0.579085	0.00253582	0.332457	26.5358	0	599.72	738.353	0	0	0.332693	0	4.49236e-05	0	59.6852	0	0	0	2.12275	0.29396	22.4974	0	54.5499	586.467	0	0	0.192286	0	2.57876	0.424978	0.99843	0	0	0	0.036196	0	0	266.724	1621.87	4957.89	0.31353	349.903	2.76524	19.2732	8.55794	1.98342	62.1697	719.473	574.546	801.023	2.5649	156.156	1321.96	535.236	1866.76	194.437	1210.5	4575.85	416.141	1423.01	645.248	10867.2	10867.2	
110.82	0	58.0274	60.6698	0	0	0.0327221	0	0	0	0	0	255.554	0.790963	0	0	130.865	44.7019	38.5213	678.564	0.172139	324.982	0.489875	0	0	0	0	0	268.15	44.7479	0	6.8508	362.098	154.052	0.538177	27.0956	0.125924	1.34433	0.0060751	0.766706	0.679427	0.889233	0	0	0	0	0	0	0.145588	0	575.728	510.564	0	0	0.0944687	0	0	0	0	3.15715	17.958	7.79056	0	0.11891	36.4511	2.26418	229.064	1898.54	0	5.48209	1.38107	0.427942	0	0	1.399	679.768	2.61428	706.966	0.384365	141.072	678.467	52.8692	16.594	279.958	0.000280953	0	0.129994	17.2307	5.01878	0.602182	0	0	0	0.551114	0.00239843	0.316715	25.1727	0	572.834	703.679	0	0	0.31537	0	4.31437e-05	0	56.9757	0	0	0	2.02816	0.279903	21.1562	0	52.5452	563.955	0	0	0.187112	0	2.48472	0.40868	0.950472	0	0	0	0.0344831	0	0	253.887	1543.85	4723.03	0.298344	331.809	2.63669	18.4254	8.18296	1.90009	59.3252	682.925	544.276	760.846	2.44941	148.638	1254.36	505.94	1769.28	185.643	1151.86	4347.83	398.446	1357.27	620.565	10336.8	10336.8	
110.92	0	54.4068	57.5168	0	0	0.0311963	0	0	0	0	0	243.003	0.740728	0	0	124.311	42.7967	36.3797	646.07	0.164073	309.492	0.468008	0	0	0	0	0	256.074	42.5062	0	6.58116	344.313	146.721	0.518287	25.7639	0.120132	1.27143	0.00589374	0.733295	0.651807	0.866109	0	0	0	0	0	0	0.135747	0	549.034	486.09	0	0	0.0902791	0	0	0	0	2.99497	17.1391	7.28713	0	0.113235	34.553	2.16574	219.326	1819.52	0	5.14876	1.31602	0.404091	0	0	1.3179	644.531	2.50577	673.896	0.365461	134.494	644.782	50.1723	15.7653	268.215	0.000266684	0	0.123058	16.4145	4.81445	0.579052	0	0	0	0.520206	0.00227698	0.304299	23.7807	0	548.399	671.111	0	0	0.298398	0	4.09904e-05	0	54.3281	0	0	0	1.92732	0.267947	19.8371	0	50.3246	541.547	0	0	0.17898	0	2.3783	0.39229	0.902486	0	0	0	0.032925	0	0	241.856	1474.15	4515.84	0.284471	315.912	2.51183	17.5519	7.84461	1.83745	56.5485	647.526	518.722	724.95	2.32798	141.76	1191.71	480.009	1684.85	176.788	1097.3	4149.77	380.692	1296.17	595.757	9861.33	9861.33	
111.02	0	51.9917	55.0719	0	0	0.0299451	0	0	0	0	0	232.8	0.696187	0	0	118.732	41.281	34.9452	619.869	0.157231	296.549	0.450798	0	0	0	0	0	246.444	40.555	0	6.34567	328.944	140.771	0.497832	24.641	0.115348	1.21197	0.00572714	0.704785	0.628221	0.839643	0	0	0	0	0	0	0.127959	0	525.21	465.533	0	0	0.0866183	0	0	0	0	2.84585	16.4748	6.92751	0	0.108553	33.051	2.08318	211.098	1750	0	4.91899	1.25539	0.384686	0	0	1.24654	613.031	2.4188	644.753	0.347876	128.76	615.143	47.9994	14.9544	256.959	0.000256814	0	0.116382	15.7261	4.62833	0.557214	0	0	0	0.495639	0.00217016	0.291033	22.5133	0	523.515	639.892	0	0	0.281332	0	3.88666e-05	0	51.73	0	0	0	1.83122	0.258633	18.5383	0	47.7693	517.239	0	0	0.170293	0	2.27425	0.376392	0.85752	0	0	0	0.0315326	0	0	232.135	1409.98	4329.2	0.272836	302.68	2.39648	16.8155	7.53084	1.77325	53.834	615.877	498.138	693.427	2.2128	135.764	1137.05	459.322	1615.54	169.543	1050.24	3975.44	364.243	1236.05	568.719	9439.09	9439.09	
111.11	0	50.1142	52.7664	0	0	0.0286925	0	0	0	0	0	222.551	0.655628	0	0	113.142	39.5267	33.5506	592.683	0.149787	282.691	0.433424	0	0	0	0	0	236.713	38.3488	0	6.06658	312.13	135.661	0.486963	23.9046	0.110732	1.15655	0.0054553	0.682454	0.603344	0.794276	0	0	0	0	0	0	0.121841	0	500.833	445.298	0	0	0.0827621	0	0	0	0	2.71617	15.7899	6.61582	0	0.10507	31.7345	2.0011	201.089	1666.83	0	4.72945	1.19153	0.364907	0	0	1.18124	581.16	2.33349	613.449	0.329402	122.691	583.434	46.3418	14.4176	246.35	0.00024848	0	0.109508	15.0865	4.395	0.526424	0	0	0	0.475084	0.00205021	0.274415	21.1906	0	494.636	603.592	0	0	0.264144	0	3.66417e-05	0	48.8831	0	0	0	1.73362	0.246318	17.1714	0	46.1246	495.37	0	0	0.163228	0	2.1783	0.36078	0.804729	0	0	0	0.0299017	0	0	223.53	1341.25	4126.79	0.260768	288.577	2.27875	16.1338	7.17668	1.68148	50.8691	583.877	477.387	659.544	2.09497	129.383	1078.92	439.257	1542.29	163.527	1003.18	3780.78	349.169	1166.53	545.031	8989.76	8989.76	
111.21	0	48.1156	50.3591	0	0	0.0273636	0	0	0	0	0	212.057	0.622785	0	0	107.315	37.6812	32.2547	567.753	0.142232	268.823	0.414352	0	0	0	0	0	225.754	36.1201	0	5.80277	295.253	130.013	0.470281	23.0956	0.105839	1.10601	0.00518805	0.655489	0.576181	0.758999	0	0	0	0	0	0	0.113787	0	476.56	423.658	0	0	0.0786062	0	0	0	0	2.57398	15.0775	6.2815	0	0.100359	30.3456	1.91359	191.63	1588.5	0	4.51552	1.13623	0.345206	0	0	1.12309	550.794	2.23993	583.595	0.312107	116.545	553.291	44.3567	13.7838	234.394	0.00023762	0	0.103334	14.4296	4.18277	0.497274	0	0	0	0.457003	0.00192861	0.260122	19.9628	0	471.222	572.61	0	0	0.251079	0	3.47825e-05	0	46.2861	0	0	0	1.63951	0.233097	16.0271	0	44.0088	471.278	0	0	0.155594	0	2.07336	0.340683	0.756782	0	0	0	0.0282284	0	0	213.964	1278.05	3931.64	0.248308	274.445	2.17175	15.4303	6.83235	1.59696	48.166	553.368	455.129	627.076	1.98177	122.941	1022.31	418.496	1470	156.9	954.675	3595.94	332.43	1108.27	518.641	8555.35	8555.35	
113.94	0	1065.85	1145.24	0	0	0.602826	0	0	0	0	0	4602.33	13.5669	0	0	2441.58	817.969	709.893	12843.7	3.04682	5790.78	8.65177	0	0	0	0	0	4837.5	782.165	0	119.915	6218.64	2883.33	10.2481	549.63	2.35039	23.9886	0.114976	14.3914	12.8832	16.8977	0	0	0	0	0	0	2.48935	0	10902	9987.71	0	0	1.80285	0	0	0	0	59.4954	330.095	140.232	0	2.31683	650.965	41.7186	4303.16	36832.8	0	97.6227	25.6552	7.93995	0	0	25.3653	12490.3	50.5607	12784.3	7.33293	2585.89	12075.4	1005.72	313.506	5642.97	0.0051786	0	2.03941	328.295	97.2494	11.385	0	0	0	10.1508	0.0450381	5.68757	400.052	0	11279.7	14519.6	0	0	5.6104	0	0.00089112	0	1072.69	0	0	0	38.505	5.56779	340.325	0	1043.93	11564.7	0	0	3.66224	0	49.1646	7.89986	18.4602	0	0	0	0.636268	0	0	4748.74	29628.2	93086.4	5.40238	5912.39	48.1397	350.626	159.298	36.1826	1116.52	12549.8	9820.48	13730.4	46.5192	2719.38	22129.5	9269.17	32132.3	3516.32	22074.6	81328.1	7817.11	27262	12688.4	196088	196088	
Quarter 2	
24.04	0	0.0383848	1.16962	0	0	0.000699664	0	0	0	0	0	0.00387342	1.01564e-06	0	9.87725e-10	1.27906e-07	5.17259	0.109107	16.3622	0.00116932	3.48018e-06	0.00414958	0	0	0	0	0	0.0143993	3.18985e-05	0	1.56197e-07	9.65959e-07	92.2253	0.0352495	49.5139	0.00238367	8.25872e-08	0.00207337	1.06823e-08	9.89619e-09	4.45904e-09	0	0	0	0	0	1.20501e-08	2.12643e-08	0	0.335114	8.61779	0	0	0.000487776	0	0	0	0	2.02088e-08	0.000385207	1.79635e-06	6.56776e-15	5.55875e-09	4.97127e-08	0.485755	0.119479	46.9937	0	1.10028e-07	0.00984261	1.19758e-07	5.26764e-11	0	1.08161e-08	2.04634e-06	0.000443953	0.000527677	8.68127e-12	5.21628e-06	1.71506e-06	3.41926	0.0805059	60.1864	1.88354e-06	0	0.00609223	5.30489e-07	7.5872e-08	4.17501e-12	0	1.42607e-08	0	1.80178e-06	1.15523e-13	2.08299e-07	1.63413e-07	0	0.156575	10.5385	0	0	0.000802318	0	2.41209e-09	0	4.97281e-07	0	0	0	4.35029e-11	0	2.74232e-09	0	0.0775247	9.06671	0	0	0.000782427	0	8.57509e-09	2.77515e-12	0	0	0	0	7.97038e-13	0	9.94479e-10	101.303	0.95194	202.449	0.00355487	3.67279e-06	0.02493	6.6093e-07	9.68081e-08	4.46599e-09	5.08097e-07	2.08081e-06	0.0191019	0.000564189	5.31033e-11	5.59937e-06	3.04705e-06	1.21258	21.6636	141.779	8.95378	47.6097	63.6923	10.6959	9.14501	304.752	304.752	
25.91	0	0.0573728	1.58037	0	0	0.000855555	0	0	0	0	0	0.00577013	1.4567e-06	0	1.17416e-09	1.36943e-07	6.9541	0.128834	16.5215	0.00210291	3.95311e-06	0.00468359	0	0	0	0	0	0.0183449	4.43061e-05	0	1.53168e-07	9.18499e-07	127.231	0.0486624	70.9934	0.00374203	1.2034e-07	0.00325825	3.16527e-08	4.39753e-08	2.4733e-08	0	0	0	0	0	2.09174e-08	2.72062e-08	0	0.47608	10.9638	0	0	0.00066991	0	0	0	0	2.76192e-08	0.000574676	2.9882e-06	1.33383e-14	7.91594e-09	5.41664e-08	0.502009	0.14823	49.8941	0	9.92201e-08	0.0116273	3.67956e-07	2.44685e-10	0	9.69866e-09	3.04511e-06	0.000587793	0.000788832	2.00035e-11	6.65057e-06	1.82728e-06	5.51496	0.150866	106.021	4.53912e-06	0	0.0115144	2.82702e-06	5.73108e-07	5.74627e-11	0	3.83366e-08	0	4.94462e-06	2.33941e-13	4.77891e-07	2.82871e-07	0	0.244513	13.9941	0	0	0.00118019	0	1.25007e-08	0	5.35342e-07	0	0	0	1.01328e-10	0	2.5383e-09	0	0.130164	14.045	0	0	0.00132017	0	8.79164e-08	3.86741e-11	0	0	0	0	1.75517e-12	0	1.15185e-09	140.202	1.38472	284.013	0.00584948	4.17267e-06	0.0351094	3.22663e-06	7.17745e-07	2.48291e-08	5.45041e-07	3.11107e-06	0.0252775	0.000842527	1.23334e-10	7.31164e-06	3.25066e-06	1.64437	23.6296	198.28	11.4411	50.5573	111.699	14.2398	14.1764	425.667	425.667	
27.75	0	0.0812757	1.97944	0	0	0.000995764	0	0	0	0	0	0.00860235	2.02197e-06	0	1.39815e-09	1.52785e-07	8.97021	0.147019	16.4548	0.00357972	5.22634e-06	0.00553299	0	0	0	0	0	0.0226507	6.07761e-05	0	1.6385e-07	9.94004e-07	154.438	0.0709978	90.6968	0.00604057	1.52221e-07	0.0043344	1.82955e-07	1.83071e-07	1.31634e-07	0	0	0	0	0	3.59415e-08	3.07386e-08	0	0.694777	14.2283	0	0	0.000937643	0	0	0	0	4.46912e-08	0.000898521	5.08223e-06	3.05193e-14	1.04753e-08	6.3479e-08	0.52094	0.179193	51.896	0	9.43605e-08	0.0139799	1.21727e-06	1.12861e-09	0	9.79703e-09	4.96666e-06	0.000768399	0.00114387	4.49271e-11	8.81347e-06	2.20323e-06	8.989	0.249518	157.198	9.26768e-06	0	0.0186552	1.93973e-05	4.22935e-06	7.22977e-10	0	6.33745e-08	0	1.11264e-05	4.4578e-13	9.20013e-07	4.57359e-07	0	0.377191	18.2166	0	0	0.0017334	0	5.89938e-08	0	5.46974e-07	0	0	0	2.29685e-10	0	2.35379e-09	0	0.194898	21.0059	0	0	0.00221632	0	8.12233e-07	4.72047e-10	0	0	0	0	3.54173e-12	0	1.80897e-09	172.918	1.99487	371.675	0.00962956	5.47292e-06	0.0483857	2.07975e-05	5.28478e-06	1.32829e-07	5.56771e-07	5.07473e-06	0.03292	0.00122287	2.7863e-10	9.94515e-06	3.90575e-06	2.07032	25.6038	245.216	14.9249	52.612	166.455	18.5955	21.203	546.68	546.68	
29.55	0	0.113761	2.39753	0	0	0.00117263	0	0	0	0	0	0.0126488	2.9876e-06	0	1.66572e-09	1.86232e-07	11.3518	0.162615	15.906	0.00593119	7.8283e-06	0.00702171	0	0	0	0	0	0.0276352	7.96373e-05	0	1.87803e-07	1.20046e-06	192.659	0.114934	121.6	0.010164	1.89052e-07	0.00601705	1.22167e-06	8.01596e-07	5.91132e-07	0	0	0	0	0	6.88255e-08	3.96113e-08	0	1.04892	19.3277	0	0	0.00139244	0	0	0	0	8.80158e-08	0.00140604	8.36021e-06	6.71886e-14	1.50121e-08	8.25123e-08	0.542624	0.206926	53.5039	0	9.75287e-08	0.016545	3.78417e-06	4.46801e-09	0	1.05616e-08	8.14513e-06	0.000942009	0.00158659	9.4263e-11	1.17174e-05	2.9595e-06	14.4823	0.389568	214.936	1.76797e-05	0	0.0276914	0.000122398	2.81268e-05	5.93879e-09	0	9.76659e-08	0	2.35034e-05	8.04795e-13	1.67582e-06	7.8914e-07	0	0.564482	22.7868	0	0	0.0024852	0	2.19409e-07	0	5.86212e-07	0	0	0	4.82442e-10	0	2.36774e-09	0	0.281513	29.9312	0	0	0.0035121	0	5.68249e-06	4.36112e-09	0	0	0	0	6.43752e-12	0	3.09276e-09	219.035	2.88271	480.39	0.0161129	8.11488e-06	0.0658375	0.000127404	3.48348e-05	6.01432e-07	5.96773e-07	8.33082e-06	0.0426321	0.00170108	5.84015e-10	1.36665e-05	5.26291e-06	2.52512	27.461	314.39	20.3794	54.2726	229.836	23.3538	30.2162	702.434	702.434	
31.31	0	0.153373	2.73184	0	0	0.00140318	0	0	0	0	0	0.0177713	4.50275e-06	0	2.03576e-09	2.45087e-07	13.9324	0.17294	14.8427	0.00945386	1.26338e-05	0.00904045	0	0	0	0	0	0.0329346	0.000100278	0	2.29685e-07	1.56356e-06	255.967	0.189135	165.991	0.0173512	2.41026e-07	0.00851142	6.87544e-06	3.75196e-06	2.55985e-06	0	0	0	0	0	1.37159e-07	5.54007e-08	0	1.59905	26.356	0	0	0.00207489	0	0	0	0	1.82513e-07	0.00216745	1.37173e-05	1.41288e-13	2.28734e-08	1.18027e-07	0.569422	0.233422	54.3606	0	1.12984e-07	0.0190505	1.05724e-05	1.59088e-08	0	1.24898e-08	1.30999e-05	0.00112564	0.0021099	1.85775e-10	1.5593e-05	4.26773e-06	22.0563	0.582045	275.294	3.1138e-05	0	0.037596	0.000662361	0.000166393	3.08659e-08	0	1.58749e-07	0	4.4417e-05	1.42257e-12	2.95958e-06	1.39947e-06	0	0.792562	26.8223	0	0	0.00331881	0	6.80668e-07	0	7.94702e-07	0	0	0	9.29667e-10	0	2.59659e-09	0	0.378851	38.4986	0	0	0.0048527	0	2.67772e-05	2.7075e-08	0	0	0	0	1.11872e-11	0	4.62678e-09	292.525	4.10138	604.897	0.0268362	1.29878e-05	0.085848	0.000679809	0.000197619	2.61779e-06	8.07192e-07	1.34411e-05	0.053999	0.00227281	1.12819e-09	1.89444e-05	7.6565e-06	2.90439	28.9996	422.173	27.9593	55.1858	297.971	27.6182	38.8823	901.693	901.693	
33.04	0	0.202417	3.13668	0	0	0.00169894	0	0	0	0	0	0.024396	6.4249e-06	0	2.38501e-09	3.56826e-07	16.6086	0.172606	13.3555	0.0142673	2.14586e-05	0.0121414	0	0	0	0	0	0.037405	0.000121485	0	2.86759e-07	2.10597e-06	359.42	0.317051	233.471	0.0290537	3.22572e-07	0.0125441	4.42463e-05	2.10415e-05	1.33339e-05	0	0	0	0	0	2.78287e-07	8.98986e-08	0	2.40433	35.0307	0	0	0.00307872	0	0	0	0	3.88015e-07	0.00339412	2.25814e-05	3.13644e-13	3.54272e-08	1.87274e-07	0.57884	0.249943	53.1649	0	1.39443e-07	0.0209097	2.69436e-05	4.7046e-08	0	1.87802e-08	2.04566e-05	0.00122158	0.00269487	3.38618e-10	2.0246e-05	6.16467e-06	32.196	0.822559	334.98	5.10597e-05	0	0.0476439	0.00303875	0.000866658	1.50356e-07	0	2.60751e-07	0	7.71093e-05	2.41722e-12	4.86291e-06	2.55469e-06	0	1.04296	30.0323	0	0	0.00409886	0	1.8786e-06	0	1.51441e-06	0	0	0	1.69816e-09	0	2.63587e-09	0	0.467414	47.0152	0	0	0.0063281	0	0.000111299	1.67812e-07	0	0	0	0	1.78677e-11	0	7.73875e-09	408.804	5.67929	750.186	0.0433721	2.19206e-05	0.108444	0.00310994	0.00100092	1.36521e-05	1.53319e-06	2.11054e-05	0.0664167	0.00292247	2.05738e-09	2.57118e-05	1.14697e-05	3.3652	30.2007	593.25	37.4415	54.0186	368.05	31.0793	47.4891	1164.89	1164.89	
34.73	0	0.248967	3.48078	0	0	0.00202064	0	0	0	0	0	0.0316622	8.90022e-06	0	3.08045e-09	5.33368e-07	20.0807	0.172713	12.3848	0.0208734	3.73567e-05	0.0151114	0	0	0	0	0	0.0421488	0.000149873	0	3.75273e-07	2.92199e-06	530.159	0.526246	327.839	0.0489528	4.93744e-07	0.0185759	0.000260632	0.000111207	6.30519e-05	0	0	0	0	0	5.39948e-07	1.7364e-07	0	3.47671	44.4436	0	0	0.00425119	0	0	0	0	7.69127e-07	0.00507777	3.45023e-05	6.45208e-13	5.45257e-08	3.04444e-07	0.640947	0.269559	52.4097	0	1.86844e-07	0.0229504	7.00213e-05	1.19133e-07	0	3.74975e-08	3.20614e-05	0.0013177	0.00351763	6.11972e-10	2.79967e-05	9.13944e-06	46.4414	1.11129	383.78	8.55012e-05	0	0.0567613	0.0130349	0.00433151	6.76299e-07	0	4.61429e-07	0	0.000125026	3.91993e-12	8.09944e-06	4.54865e-06	0	1.354	33.8263	0	0	0.00501982	0	4.48146e-06	0	3.56544e-06	0	0	0	3.09955e-09	0	2.67235e-09	0	0.545177	54.1229	0	0	0.00795719	0	0.000492206	9.18104e-07	0	0	0	0	2.71073e-11	0	1.22657e-08	597.322	7.70467	912.287	0.0699117	3.80373e-05	0.132648	0.0133655	0.00493952	6.46463e-05	3.60294e-06	3.3292e-05	0.0802065	0.00383593	3.7432e-09	3.7069e-05	1.76365e-05	3.76344	32.7166	858.592	47.9297	53.3481	431.407	35.1854	54.6765	1517.62	1517.62	
36.38	0	0.304445	4.13474	0	0	0.00247553	0	0	0	0	0	0.0412409	1.18698e-05	0	4.00284e-09	8.59712e-07	23.7152	0.185471	12.3374	0.0295267	6.67564e-05	0.0184489	0	0	0	0	0	0.0491723	0.000197358	0	5.41895e-07	4.33456e-06	768.401	0.866226	462.536	0.0794895	7.88342e-07	0.0275804	0.00165156	0.00062635	0.00028803	0	0	0	0	0	1.02235e-06	3.48014e-07	0	4.88281	54.8078	0	0	0.00574727	0	0	0	0	1.50564e-06	0.0074304	5.20339e-05	1.32413e-12	9.04851e-08	5.19251e-07	0.740072	0.304712	54.4823	0	2.86406e-07	0.0262253	0.000170266	3.00615e-07	0	9.2188e-08	5.15754e-05	0.00148139	0.00482957	1.13614e-09	4.18168e-05	1.43419e-05	66.6234	1.533	451.764	0.000140803	0	0.0697326	0.0495843	0.0184743	3.12545e-06	0	8.41608e-07	0	0.000205759	6.58949e-12	1.32727e-05	8.3389e-06	0	1.80535	39.4559	0	0	0.00626573	0	1.11105e-05	0	9.8571e-06	0	0	0	6.0078e-09	0	3.2179e-09	0	0.73865	72.329	0	0	0.0117196	0	0.00202219	4.9766e-06	0	0	0	0	4.38665e-11	0	2.727e-08	859.479	10.6207	1151.85	0.109157	6.78312e-05	0.168195	0.0514061	0.0211343	0.000296132	9.94929e-06	5.39227e-05	0.0993249	0.00529659	7.19572e-09	5.67482e-05	2.87729e-05	4.48291	36.3354	1231.91	59.7039	55.5599	520.058	41.2676	73.0814	2022.4	2022.4	
38	0	0.369928	4.78728	0	0	0.00300505	0	0	0	0	0	0.0530913	1.57789e-05	0	6.45175e-09	1.41176e-06	27.1731	0.211259	13.1388	0.0406972	0.000115605	0.0211747	0	0	0	0	0	0.0595717	0.000278635	0	8.56947e-07	6.80803e-06	1054.98	1.39625	636.339	0.12673	1.30735e-06	0.0399417	0.00815953	0.00230074	0.00092874	0	0	0	0	0	1.92288e-06	7.22994e-07	0	6.62667	66.1155	0	0	0.00748671	0	0	0	0	2.83118e-06	0.00993826	7.89187e-05	2.7019e-12	1.54196e-07	8.95728e-07	0.836307	0.362929	59.6135	0	4.64303e-07	0.0310845	0.000404247	7.54949e-07	0	2.42332e-07	8.53021e-05	0.00174375	0.00684016	2.16425e-09	6.5049e-05	2.36643e-05	94.8011	2.29593	594.78	0.000231904	0	0.0976164	0.168457	0.0604091	1.08118e-05	0	1.62175e-06	0	0.000360292	1.22213e-11	2.36535e-05	1.65196e-05	0	2.4267	46.5142	0	0	0.0079391	0	2.78067e-05	0	2.78946e-05	0	0	0	1.18715e-08	0	4.54006e-09	0	1.11094	102.252	0	0	0.0173608	0	0.00687483	2.02223e-05	0	0	0	0	8.13905e-11	0	5.67347e-08	1177.79	14.8006	1523.54	0.167659	0.000117377	0.225609	0.177021	0.0696133	0.000959774	2.81369e-05	8.9755e-05	0.124345	0.00757378	1.4132e-08	9.16429e-05	5.00837e-05	5.21332	40.645	1692.89	72.7597	60.853	692.204	48.9489	103.387	2716.9	2716.9	
39.59	0	0.461275	5.82189	0	0	0.00366825	0	0	0	0	0	0.0710503	2.33716e-05	0	1.10712e-08	2.51728e-06	29.933	0.252135	14.8632	0.0535623	0.000195994	0.023868	0	0	0	0	0	0.0752154	0.000420582	0	1.44151e-06	1.13309e-05	1322.36	2.0142	792.531	0.184109	2.09592e-06	0.0530127	0.0359526	0.00823699	0.00281827	0	0	0	0	0	3.38253e-06	1.36518e-06	0	8.61487	78.1552	0	0	0.00962718	0	0	0	0	5.24845e-06	0.0128143	0.000119709	5.33148e-12	2.47108e-07	1.55936e-06	0.984809	0.433482	66.6024	0	7.74093e-07	0.0373761	0.00100668	1.62972e-06	0	6.40726e-07	0.00014195	0.0021141	0.010059	3.99204e-09	0.000103866	4.06949e-05	126.219	3.23757	756.534	0.000356314	0	0.133272	0.493446	0.170079	3.63123e-05	0	2.91397e-06	0	0.000594364	2.24074e-11	3.98962e-05	3.09195e-05	0	3.2248	55.3405	0	0	0.0099743	0	6.63252e-05	0	7.82641e-05	0	0	0	2.36211e-08	0	6.96357e-09	0	1.64056	143.096	0	0	0.0249485	0	0.022065	7.82821e-05	0	0	0	0	1.47911e-10	0	1.12805e-07	1479.5	19.8789	1912.94	0.238027	0.000198865	0.295747	0.530405	0.200449	0.00293287	7.89049e-05	0.000150113	0.161194	0.0112171	2.77888e-08	0.000148845	8.85068e-05	6.35791	45.2016	2117.19	86.7927	68.0716	886.789	58.5755	144.783	3413.77	3413.77	
41.15	0	0.596133	6.72366	0	0	0.00438794	0	0	0	0	0	0.0963814	3.61607e-05	0	2.00356e-08	4.4298e-06	32.6627	0.311895	16.7369	0.0691033	0.000317758	0.0258703	0	0	0	0	0	0.0958051	0.000650945	0	2.33297e-06	1.91839e-05	1559.34	2.68348	922.412	0.25577	3.34891e-06	0.0655635	0.113509	0.0226666	0.00708002	0	0	0	0	0	5.63329e-06	2.4462e-06	0	10.914	90.9426	0	0	0.012106	0	0	0	0	9.62956e-06	0.0164826	0.000187672	9.78274e-12	3.91658e-07	2.75851e-06	1.13019	0.530094	74.4662	0	1.23606e-06	0.0457164	0.00241892	3.51137e-06	0	1.67696e-06	0.000241027	0.00265831	0.0149865	7.38676e-09	0.000165117	7.1272e-05	158.055	4.3603	926.006	0.000516572	0	0.173643	1.2803	0.424033	0.000101232	0	5.15901e-06	0	0.000928469	3.92657e-11	6.63849e-05	5.53633e-05	0	4.26214	66.0007	0	0	0.0126237	0	0.000150547	0	0.000210994	0	0	0	4.65283e-08	0	1.11748e-08	0	2.34461	190.618	0	0	0.0347825	0	0.0614891	0.000241772	0	0	0	0	2.64139e-10	0	2.11702e-07	1751.19	26.0027	2293.91	0.32539	0.000322343	0.374693	1.39623	0.508342	0.00742302	0.000212671	0.000255816	0.211327	0.0167897	5.42283e-08	0.000239879	0.000155677	7.42061	49.9033	2484.9	101.885	76.1927	1090.3	70.2758	193.059	4073.94	4073.94	
42.67	0	0.794017	7.86144	0	0	0.00522271	0	0	0	0	0	0.134082	6.1102e-05	0	3.56012e-08	8.02565e-06	36.2435	0.401871	19.5677	0.0889111	0.0005229	0.0287885	0	0	0	0	0	0.127007	0.00105329	0	3.88937e-06	3.42696e-05	1796.03	3.40981	1027.47	0.338974	5.22192e-06	0.0779669	0.33989	0.0604492	0.0161292	0	0	0	0	0	8.49899e-06	4.16418e-06	0	13.6249	103.877	0	0	0.0150897	0	0	0	0	1.76131e-05	0.0223851	0.000294803	1.87456e-11	6.40253e-07	4.86398e-06	1.38535	0.663834	86.8052	0	2.02687e-06	0.056894	0.00583348	7.19259e-06	0	4.23728e-06	0.00041205	0.00344567	0.0235063	1.37426e-08	0.000276925	0.000128053	193.757	5.70716	1123.4	0.000710174	0	0.224244	3.0731	1.00087	0.000276623	0	8.83433e-06	0	0.00137633	6.72358e-11	0.000109438	9.23172e-05	0	5.57446	78.4751	0	0	0.0158103	0	0.000318406	0	0.000547997	0	0	0	9.24666e-08	0	1.84759e-08	0	3.41563	259.073	0	0	0.0486349	0	0.173838	0.000759697	0	0	0	0	4.66277e-10	0	3.89152e-07	2027.41	33.5917	2706.53	0.428595	0.000530149	0.472651	3.41882	1.23549	0.0171655	0.000552234	0.000438498	0.28692	0.0262918	1.06761e-07	0.000399427	0.000272101	8.79483	56.4594	2827.74	117.54	88.9449	1327.17	84.0662	262.712	4773.42	4773.42	
44.17	0	1.0647	8.67241	0	0	0.00626755	0	0	0	0	0	0.181932	9.81457e-05	0	5.76631e-08	1.39048e-05	39.9258	0.515029	22.4277	0.117593	0.00084683	0.0327985	0	0	0	0	0	0.16713	0.00165327	0	6.4675e-06	6.0221e-05	2065.71	4.31578	1153.56	0.459248	8.1878e-06	0.0942286	0.862164	0.138333	0.0341107	0	0	0	0	0	1.3186e-05	6.97609e-06	0	16.9081	118.573	0	0	0.0187021	0	0	0	0	3.19174e-05	0.0305615	0.000456772	3.55437e-11	1.10567e-06	8.41372e-06	1.62424	0.839883	101.309	0	3.27944e-06	0.0710664	0.0126105	1.43176e-05	0	1.00177e-05	0.000707759	0.00451799	0.0363968	2.60826e-08	0.000454958	0.000227488	234.428	7.51204	1376.26	0.000998857	0	0.294482	6.90579	2.1004	0.000661858	0	1.53498e-05	0	0.00208098	1.20632e-10	0.000182325	0.000158141	0	7.23691	92.5203	0	0	0.01982	0	0.000635956	0	0.00134606	0	0	0	1.81224e-07	0	3.20389e-08	0	4.93414	342.038	0	0	0.0679557	0	0.402522	0.0019158	0	0	0	0	8.54301e-10	0	7.63478e-07	2341.69	43.3265	3215.36	0.57784	0.000858297	0.605321	7.78056	2.6419	0.0366884	0.00135608	0.000755026	0.384141	0.040686	2.08317e-07	0.000658099	0.00047594	9.92543	63.1886	3225.17	135.531	103.899	1627.5	99.779	347.445	5612.44	5612.44	
45.63	0	1.33676	9.14719	0	0	0.00758389	0	0	0	0	0	0.244845	0.000155182	0	9.35136e-08	2.34292e-05	45.2326	0.679235	26.6412	0.15915	0.00140297	0.0397057	0	0	0	0	0	0.228226	0.00266227	0	1.09467e-05	0.000108835	2388.31	5.38902	1278.01	0.617794	1.29319e-05	0.112783	2.08741	0.302349	0.0694835	0	0	0	0	0	2.02615e-05	1.18561e-05	0	20.7424	133.292	0	0	0.0227797	0	0	0	0	5.64091e-05	0.0404258	0.000675823	6.21034e-11	1.80407e-06	1.42458e-05	1.98539	1.06095	120.499	0	5.42897e-06	0.0880479	0.0269564	2.64917e-05	0	2.16893e-05	0.00120102	0.00581371	0.0579875	4.81064e-08	0.000771929	0.000406736	284.998	9.71835	1679.89	0.00138756	0	0.387407	14.694	4.2364	0.00137615	0	2.66854e-05	0	0.00310585	2.19242e-10	0.000301146	0.000267569	0	9.06471	106.434	0	0	0.0240567	0	0.00120395	0	0.00305218	0	0	0	3.43445e-07	0	5.70691e-08	0	6.82833	428.419	0	0	0.0865848	0	0.802263	0.0042205	0	0	0	0	1.55638e-09	0	1.3263e-06	2720.53	54.8198	3782.33	0.778332	0.00142133	0.768948	16.8084	5.34224	0.0750801	0.00307387	0.00128411	0.51931	0.0645866	3.93389e-07	0.00110618	0.000834054	10.7366	72.9843	3674.9	154.099	123.726	1993.93	115.527	436.14	6582.05	6582.05	
47.06	0	1.66722	9.52604	0	0	0.0097025	0	0	0	0	0	0.3296	0.000249038	0	1.63455e-07	3.90008e-05	53.1688	0.887314	31.0132	0.222673	0.00230895	0.04972	0	0	0	0	0	0.309608	0.00419359	0	1.78673e-05	0.000192347	2800.81	6.80825	1436.08	0.846073	2.0813e-05	0.134623	4.51387	0.627185	0.136902	0	0	0	0	0	3.08156e-05	2.01666e-05	0	25.5631	148.162	0	0	0.0274984	0	0	0	0	9.78664e-05	0.0528714	0.00099432	1.14583e-10	2.85037e-06	2.38237e-05	2.34277	1.31523	137.474	0	8.77104e-06	0.10628	0.0544472	4.54513e-05	0	4.45845e-05	0.00202267	0.00764618	0.0892503	8.48403e-08	0.00125063	0.000702598	342.71	12.2942	1956.45	0.00191309	0	0.484106	29.5988	8.11628	0.00279294	0	4.58814e-05	0	0.00467382	3.76291e-10	0.000486363	0.000447307	0	10.8498	116.282	0	0	0.0280141	0	0.00207132	0	0.00624569	0	0	0	6.04771e-07	0	1.00413e-07	0	8.59762	492.147	0	0	0.102648	0	1.42588	0.00813194	0	0	0	0	2.65937e-09	0	2.07259e-06	3199.03	67.9828	4327.14	1.07066	0.00233853	0.942592	34.1671	10.1715	0.147827	0.00629027	0.00216642	0.699726	0.099361	6.92761e-07	0.00178869	0.00142742	11.5328	85.658	4249.96	173.807	141.393	2349.66	127.169	502.281	7641.46	7641.46	
48.47	0	2.11115	10.4119	0	0	0.0130373	0	0	0	0	0	0.460663	0.000418797	0	2.90299e-07	6.82566e-05	62.8481	1.2094	38.0375	0.317654	0.00391354	0.0657581	0	0	0	0	0	0.447579	0.00690785	0	3.0811e-05	0.000356895	3345.2	8.76406	1647.07	1.1746	3.34219e-05	0.164117	9.49194	1.19948	0.260578	0	0	0	0	0	4.62635e-05	3.39934e-05	0	31.3874	161.625	0	0	0.0325993	0	0	0	0	0.000166808	0.071623	0.00145601	2.01808e-10	4.48904e-06	3.99961e-05	2.88169	1.62726	160.918	0	1.5116e-05	0.127394	0.109578	6.95699e-05	0	8.64756e-05	0.00341283	0.0103777	0.142321	1.42195e-07	0.00209836	0.00123993	416.192	15.5156	2246.18	0.0026799	0	0.585266	56.6581	14.5887	0.00503348	0	7.81282e-05	0	0.00706195	6.2364e-10	0.000770575	0.000749255	0	12.1369	118.422	0	0	0.0304001	0	0.00316857	0	0.0115486	0	0	0	1.00354e-06	0	1.64377e-07	0	10.3932	537.392	0	0	0.113109	0	2.30049	0.013972	0	0	0	0	4.22708e-09	0	3.04757e-06	3827.13	83.145	4920.05	1.49494	0.00396208	1.13168	66.2596	18.0919	0.279584	0.0116351	0.00365777	0.990243	0.158166	1.15079e-06	0.00295079	0.00249153	12.9973	102.937	5013.33	193.118	165.823	2749.73	130.604	550.213	8918.76	8918.76	
49.84	0	2.72595	11.3034	0	0	0.0173355	0	0	0	0	0	0.63864	0.0006726	0	4.82135e-07	0.000116768	74.0379	1.61301	45.4498	0.453845	0.00645478	0.0854571	0	0	0	0	0	0.631688	0.0108995	0	5.22687e-05	0.000633601	4043.94	11.4411	1937.49	1.66999	5.42908e-05	0.20401	18.8201	2.18553	0.475032	0	0	0	0	0	7.30695e-05	5.86931e-05	0	38.1592	172.413	0	0	0.037779	0	0	0	0	0.000272304	0.0980587	0.00217265	3.69889e-10	7.01466e-06	6.66646e-05	3.38214	1.96849	182.034	0	2.49598e-05	0.147914	0.197489	9.91299e-05	0	0.000155409	0.00560446	0.0141949	0.216721	2.25198e-07	0.00329931	0.00210258	502.82	19.5036	2550.88	0.0037611	0	0.700138	101.972	24.4376	0.0083303	0	0.000131721	0	0.0106702	9.8201e-10	0.00119679	0.00125995	0	12.9439	114.671	0	0	0.0314193	0	0.00434141	0	0.0193238	0	0	0	1.54316e-06	0	2.4964e-07	0	11.6554	554.41	0	0	0.12024	0	3.18129	0.0201588	0	0	0	0	6.39058e-09	0	4.26171e-06	4624.18	100.011	5568.65	2.12759	0.00653403	1.34429	120.989	29.8089	0.503521	0.0194792	0.00600848	1.38258	0.241136	1.7761e-06	0.00462894	0.00424277	14.6861	122.29	6016.22	210.711	187.973	3200.34	127.67	569.388	10449.3	10449.3	
51.19	0	3.52834	12.2962	0	0	0.0215535	0	0	0	0	0	0.87115	0.00105059	0	7.84893e-07	0.000199026	86.6682	2.17623	55.9572	0.6301	0.0107064	0.108703	0	0	0	0	0	0.900114	0.0176069	0	8.97385e-05	0.00114883	4855.76	14.834	2250.88	2.33256	8.622e-05	0.250739	34.9351	3.67261	0.826671	0	0	0	0	0	0.000111585	9.96196e-05	0	46.3424	183.506	0	0	0.0432821	0	0	0	0	0.000436526	0.132445	0.00323233	6.70393e-10	1.07911e-05	0.000110973	4.09275	2.39545	211.025	0	4.22331e-05	0.171969	0.349271	0.000129106	0	0.000291521	0.00916334	0.0196304	0.336239	3.49932e-07	0.00533606	0.00360896	598.691	23.8742	2799.88	0.00517498	0	0.80148	173.79	38.9264	0.0125689	0	0.000211386	0	0.0154697	1.51064e-09	0.001813	0.00203051	0	13.622	109.245	0	0	0.0318838	0	0.0054611	0	0.0317404	0	0	0	2.36206e-06	0	3.62409e-07	0	12.6037	553.247	0	0	0.121402	0	4.31563	0.0289162	0	0	0	0	9.29778e-09	0	5.8461e-06	5545.22	119.376	6176.03	2.96783	0.0108349	1.55101	209.074	46.9202	0.868156	0.0320319	0.00981126	1.92334	0.373599	2.72347e-06	0.00736196	0.00720413	16.7185	146.47	7163.49	230.027	218.409	3636	122.936	570.317	12104.4	12104.4	
52.51	0	4.37432	12.7908	0	0	0.0259994	0	0	0	0	0	1.12388	0.0015426	0	1.23396e-06	0.000323163	103.543	2.8795	67.5571	0.86903	0.0176808	0.131255	0	0	0	0	0	1.22426	0.027906	0	0.000145714	0.00199799	5991.15	19.3331	2659.57	3.32264	0.000142742	0.314228	63.0893	6.29104	1.47295	0	0	0	0	0	0.000165591	0.000172022	0	56.4392	199.546	0	0	0.0505806	0	0	0	0	0.000717436	0.17199	0.00472974	1.19296e-09	1.60967e-05	0.000180761	4.99681	2.90938	241.294	0	6.99598e-05	0.20222	0.612748	0.000152007	0	0.000544308	0.0149945	0.0266589	0.515329	5.55194e-07	0.00853048	0.00608616	717.037	29.6722	3065.11	0.00727976	0	0.910867	297.954	63.5925	0.0215319	0	0.000343029	0	0.0224193	2.29781e-09	0.00278014	0.00327074	0	15.0885	109.979	0	0	0.0338204	0	0.00656014	0	0.0530064	0	0	0	3.73141e-06	0	5.09788e-07	0	14.8671	605.063	0	0	0.136932	0	6.85352	0.0488785	0	0	0	0	1.3349e-08	0	8.10544e-06	6816.73	145.563	6960.91	4.19895	0.0178935	1.8059	361.656	76.7438	1.54337	0.0535508	0.016055	2.54679	0.571926	4.30344e-06	0.0116393	0.0120394	18.3169	176.252	8744.54	256.213	250.588	4174.34	125.161	626.969	14372.4	14372.4	
53.8	0	5.29514	13.3438	0	0	0.0303911	0	0	0	0	0	1.42466	0.00233841	0	1.90571e-06	0.000519421	122.07	3.90566	83.4332	1.17467	0.0294446	0.158413	0	0	0	0	0	1.68666	0.0454678	0	0.000245779	0.00358016	7414.34	25.5502	3188.23	4.71497	0.000228051	0.397154	110.662	9.56803	2.43796	0	0	0	0	0	0.000243038	0.00029106	0	69.1423	222.535	0	0	0.0604537	0	0	0	0	0.00117926	0.215195	0.00677235	2.1116e-09	2.39873e-05	0.00029221	6.41887	3.79691	292.359	0	0.000123526	0.250005	1.10247	0.000193176	0	0.000996555	0.0253299	0.0376553	0.830468	9.41542e-07	0.0145744	0.0108264	876.636	38.1364	3489.7	0.0102817	0	1.07851	494.143	95.748	0.0339526	0	0.000569666	0	0.0325317	3.7778e-09	0.00427341	0.00525747	0	18.0159	120.55	0	0	0.0389212	0	0.00823219	0	0.0952798	0	0	0	6.35667e-06	0	7.78257e-07	0	19.668	720.939	0	0	0.173247	0	10.2192	0.0738264	0	0	0	0	2.11138e-08	0	1.3895e-05	8419.47	183.51	8131.09	5.89991	0.0297961	2.18709	605.908	115.544	2.54574	0.0962764	0.0270788	3.36417	0.917578	7.32522e-06	0.0193625	0.0207814	20.0969	212.507	10755.9	291.961	304.847	4995.53	138.708	751.073	17470.6	17470.6	
55.07	0	6.35018	13.8564	0	0	0.0350779	0	0	0	0	0	1.75866	0.00349756	0	2.85543e-06	0.000819041	137.893	5.07096	99.1684	1.57234	0.0473959	0.187593	0	0	0	0	0	2.22853	0.0700637	0	0.000405767	0.00615993	9109.11	33.8291	3852.25	6.79495	0.00036114	0.513878	188.906	13.0482	3.62361	0	0	0	0	0	0.00040336	0.000505442	0	83.103	249.341	0	0	0.0718381	0	0	0	0	0.00191008	0.26371	0.00986267	3.36461e-09	3.76755e-05	0.000468869	7.6535	4.99149	353.949	0	0.000208634	0.30999	1.745	0.000255321	0	0.00176035	0.0426082	0.0529221	1.29987	1.63971e-06	0.0238897	0.0187941	1094.93	51.3942	4297.05	0.014606	0	1.40628	777.421	128.231	0.0487009	0	0.00100094	0	0.0503131	6.7429e-09	0.0068614	0.00900459	0	22.3119	137.284	0	0	0.0468155	0	0.0108091	0	0.172486	0	0	0	1.10098e-05	0	1.27078e-06	0	26.8341	897.682	0	0	0.226746	0	14.6452	0.108099	0	0	0	0	3.67628e-08	0	2.40954e-05	10349.6	233.885	9900.59	8.3819	0.0479657	2.79822	968.072	155.935	3.78041	0.174246	0.0455192	4.30382	1.4336	1.26963e-05	0.0316007	0.0357773	22.0046	246.245	13208.1	332.792	370.09	6350.56	159.826	939.496	21629.1	21629.1	
56.31	0	7.58832	14.7546	0	0	0.0389003	0	0	0	0	0	2.16191	0.00531737	0	4.16915e-06	0.00129122	149.027	6.59259	118.415	2.00582	0.0732096	0.220682	0	0	0	0	0	2.94573	0.107047	0	0.000662681	0.0104923	10503.9	42.2171	4360.25	9.167	0.000538127	0.620761	287.652	16.0439	4.7764	0	0	0	0	0	0.000633859	0.000819322	0	96.9562	274.445	0	0	0.0841091	0	0	0	0	0.00300715	0.313799	0.0137617	5.79295e-09	5.67533e-05	0.00071938	9.02747	6.50446	426.671	0	0.000342615	0.382774	2.64833	0.000335312	0	0.00306391	0.0706156	0.0741304	1.9914	2.83475e-06	0.0388834	0.0319092	1297.87	65.8228	5063.8	0.0193655	0	1.77035	1120.94	156.99	0.0649526	0	0.00164438	0	0.0737908	1.18472e-08	0.0105608	0.0145468	0	27.3241	155.716	0	0	0.0560035	0	0.0140446	0	0.304614	0	0	0	1.89675e-05	0	2.09751e-06	0	35.3053	1079.14	0	0	0.291325	0	19.6296	0.146323	0	0	0	0	6.383e-08	0	4.14463e-05	11959.9	288.311	11493.2	11.1922	0.0740904	3.4649	1411.24	192.678	4.98767	0.307677	0.0752672	5.49557	2.19132	2.18837e-05	0.0508016	0.0598219	24.5504	279.398	15224.7	371.816	447.445	7707.37	183.415	1134.51	25373.2	25373.2	
57.52	0	9.02137	15.9481	0	0	0.0433808	0	0	0	0	0	2.62212	0.00791303	0	6.10518e-06	0.00201049	158.528	8.16699	133.119	2.49987	0.107995	0.251897	0	0	0	0	0	3.6933	0.154119	0	0.000991744	0.0167189	11692.4	50.28	4745.76	11.8207	0.000781789	0.716943	401.705	18.8938	6.00873	0	0	0	0	0	0.000908916	0.0012557	0	112.308	299.284	0	0	0.0979288	0	0	0	0	0.00470809	0.3673	0.0193271	9.47675e-09	8.27744e-05	0.00109185	10.1276	8.10043	483.831	0	0.000524661	0.461319	3.69838	0.000408606	0	0.00531818	0.113824	0.0991697	2.85754	4.79639e-06	0.058674	0.0508347	1475.2	80.9706	5797.16	0.0250208	0	2.15037	1523.54	183.178	0.0838322	0	0.00259147	0	0.103003	2.01978e-08	0.0155594	0.0226301	0	33.3335	176.205	0	0	0.0666939	0	0.0172593	0	0.514303	0	0	0	3.19741e-05	0	3.31641e-06	0	46.9252	1314.69	0	0	0.37626	0	25.9578	0.197573	0	0	0	0	1.08482e-07	0	6.8573e-05	13336.2	349.106	12966	14.3456	0.109301	4.16479	1928.94	228.047	6.29014	0.519621	0.121123	6.78189	3.1419	3.69087e-05	0.0762229	0.0946137	27.645	306.539	16927.6	412.083	509.405	9062.45	210.137	1388.15	28844	28844	
58.71	0	10.838	17.7372	0	0	0.04848	0	0	0	0	0	3.24287	0.0118836	0	9.2047e-06	0.00317377	170.301	10.4454	153.722	3.086	0.15966	0.295478	0	0	0	0	0	4.78695	0.229387	0	0.00151666	0.0272074	12774.8	58.5744	5046.34	14.784	0.00111881	0.804623	528.077	21.7174	7.17017	0	0	0	0	0	0.00124939	0.00182944	0	130.502	324.64	0	0	0.113525	0	0	0	0	0.00731391	0.435086	0.0269432	1.51973e-08	0.000121255	0.00164042	11.7659	10.257	556.475	0	0.000813553	0.566591	5.23	0.000484048	0	0.00897081	0.185597	0.134676	4.16506	8.15642e-06	0.0913815	0.082244	1655.2	98.25	6536.77	0.0310193	0	2.565	2015.54	212.631	0.108067	0	0.0039455	0	0.137113	3.48901e-08	0.0226916	0.0333509	0	40.2991	197.76	0	0	0.0789174	0	0.0199676	0	0.848162	0	0	0	5.39166e-05	0	5.24032e-06	0	62.0624	1596.66	0	0	0.496269	0	34.0553	0.257541	0	0	0	0	1.85832e-07	0	0.000115934	14612.1	421.229	14430.1	17.901	0.161593	4.96888	2548.85	268.424	7.53578	0.857133	0.196856	8.59959	4.57039	6.23089e-05	0.11697	0.149567	31.8816	343.055	18452.3	455.727	588.964	10521.3	239.006	1693.53	32325.8	32325.8	
59.88	0	13.2985	19.8216	0	0	0.0560207	0	0	0	0	0	4.03742	0.017504	0	1.38143e-05	0.00495916	180.891	13.0988	171.381	3.88233	0.233637	0.34467	0	0	0	0	0	6.03839	0.328211	0	0.00224571	0.0427829	14091.8	67.923	5422.28	18.6375	0.00159626	0.921718	681.645	23.7728	8.33456	0	0	0	0	0	0.00170624	0.00270663	0	152.198	351.67	0	0	0.132408	0	0	0	0	0.0113577	0.514891	0.0376384	2.40493e-08	0.000181729	0.00246392	13.2559	12.751	625.941	0	0.00122348	0.686918	7.02727	0.000561345	0	0.0145949	0.297955	0.178083	5.89004	1.36642e-05	0.135972	0.129341	1856.15	118.728	7449.42	0.0389442	0	3.10575	2579.09	232.045	0.130081	0	0.00606004	0	0.186067	5.96309e-08	0.0329261	0.0498372	0	48.3073	219.954	0	0	0.0922299	0	0.0223635	0	1.33137	0	0	0	8.89173e-05	0	8.00444e-06	0	82.64	1950.25	0	0	0.654814	0	41.3512	0.314166	0	0	0	0	3.19184e-07	0	0.000199449	16142.1	508.944	16210.7	22.5588	0.236457	5.99453	3267.76	297.192	8.77881	1.34597	0.315373	10.7688	6.45946	0.000102984	0.173046	0.232298	37.236	376.244	20315.3	504.567	666.309	12239	269.708	2075.21	36483.5	36483.5	
61.02	0	16.1407	22.081	0	0	0.0658631	0	0	0	0	0	5.04164	0.0247584	0	2.07923e-05	0.00759877	197.333	16.1451	190.395	4.91582	0.342199	0.404449	0	0	0	0	0	7.57596	0.459712	0	0.00329165	0.0653989	15647.4	79.1596	5856.78	23.6312	0.00232964	1.06689	855.707	25.8735	9.57594	0	0	0	0	0	0.00243069	0.00407581	0	175.608	375.48	0	0	0.151726	0	0	0	0	0.0170824	0.603474	0.0525221	3.83914e-08	0.000268683	0.00366921	14.7216	15.4606	696.329	0	0.00180205	0.81061	8.8546	0.000629229	0	0.0217686	0.465495	0.23068	8.15587	2.21526e-05	0.198104	0.198631	2093.09	142.813	8481.38	0.0486748	0	3.78379	3227.6	249.63	0.149618	0	0.00921034	0	0.252778	1.00983e-07	0.0482259	0.0751645	0	56.2609	238.418	0	0	0.104889	0	0.0234411	0	1.95499	0	0	0	0.000140554	0	1.2163e-05	0	103.808	2272.68	0	0	0.811495	0	45.4334	0.353074	0	0	0	0	5.3811e-07	0	0.000317943	17952.6	605.396	18133.5	28.5956	0.346331	7.19971	4092.16	320.961	10.0786	1.97676	0.491787	13.4518	8.94564	0.000163384	0.252342	0.354868	43.3617	417.64	22499.2	551.917	745.45	14198.9	296.763	2423.09	41176.3	41176.3	
62.14	0	19.8215	25.4943	0	0	0.0783855	0	0	0	0	0	6.5524	0.0354078	0	3.22304e-05	0.0118286	218.577	21.0976	225.995	6.14074	0.506288	0.498828	0	0	0	0	0	10.2083	0.686064	0	0.00505616	0.105555	17194.8	92.5467	6268.38	29.3988	0.00330506	1.20774	1041.44	27.7654	11.0809	0	0	0	0	0	0.003249	0.00587492	0	198.941	390.458	0	0	0.167565	0	0	0	0	0.0247846	0.711194	0.0709628	5.92483e-08	0.000391679	0.00539456	17.1892	19.1383	794.826	0	0.00270265	0.954505	11.5212	0.000674701	0	0.0310368	0.724552	0.30739	11.6669	3.49044e-05	0.301795	0.315134	2328.52	168.038	9284.86	0.0594503	0	4.41201	3884	264.569	0.168767	0	0.0133051	0	0.325522	1.6716e-07	0.0685674	0.10757	0	62.393	246.523	0	0	0.114827	0	0.0232732	0	2.74131	0	0	0	0.000213887	0	1.82838e-05	0	121.443	2472.21	0	0	0.950208	0	46.6362	0.361777	0	0	0	0	8.74899e-07	0	0.000497724	19759	703.42	19708.8	35.599	0.512295	8.38407	4936.96	338.994	11.6115	2.77234	0.762642	17.7793	12.7849	0.000249893	0.379091	0.551873	51.9938	483.82	24666.6	590.38	856.98	15935.1	311.796	2641.6	45538.3	45538.3	
63.23	0	25.036	30.2528	0	0	0.0977421	0	0	0	0	0	8.70796	0.0513349	0	5.06862e-05	0.01871	247.148	27.0754	262.67	7.89007	0.749252	0.612752	0	0	0	0	0	13.5829	0.987211	0	0.00758421	0.166847	19551.6	111.004	6924.25	37.3707	0.00481257	1.40269	1270.84	29.3583	12.9257	0	0	0	0	0	0.00450831	0.00875092	0	222.991	399.223	0	0	0.182261	0	0	0	0	0.0351608	0.864085	0.0974575	9.14175e-08	0.000565464	0.00806531	19.716	23.1871	886.963	0	0.00397684	1.08757	14.257	0.000665027	0	0.0417498	1.0889	0.403499	16.2456	5.17592e-05	0.436268	0.482642	2610.64	199.884	10177.7	0.0725237	0	5.09191	4567.19	270.321	0.182737	0	0.0195688	0	0.431023	2.61614e-07	0.0963402	0.155703	0	66.1192	242	0	0	0.118559	0	0.0218276	0	3.52785	0	0	0	0.000304572	0	2.56225e-05	0	141.454	2658.78	0	0	1.07945	0	45.8128	0.365564	0	0	0	0	1.33663e-06	0	0.000731942	22429.1	816.75	21581.8	45.3333	0.758041	9.67293	5852.29	345.514	13.474	3.5696	1.14363	23.5584	17.8127	0.000358021	0.545317	0.841476	64.1646	560.89	27938.8	623.401	963.915	17831.8	311.788	2847.49	51142.2	51142.2	
64.31	0	32.0153	35.4518	0	0	0.121089	0	0	0	0	0	11.6027	0.0738002	0	7.6786e-05	0.0294512	279.555	33.892	299.229	10.0886	1.10719	0.746402	0	0	0	0	0	17.8326	1.37927	0	0.0111796	0.259359	22308.8	135.012	7734.82	47.529	0.00705642	1.63577	1516.98	29.8219	14.5561	0	0	0	0	0	0.00648438	0.0133329	0	248.941	403.648	0	0	0.194903	0	0	0	0	0.0488303	1.07273	0.134318	1.40817e-07	0.000810986	0.0121088	22.3202	27.5456	976.658	0	0.00581503	1.21184	16.5811	0.000614637	0	0.0546903	1.59178	0.519861	22.1317	7.41557e-05	0.61454	0.721653	2919.04	238.392	11127.9	0.0887143	0	5.82957	5216.9	266.53	0.184123	0	0.0286829	0	0.575023	3.99129e-07	0.134257	0.22732	0	68.1368	229.442	0	0	0.118086	0	0.0195818	0	4.33996	0	0	0	0.000419239	0	3.41432e-05	0	159.892	2785.59	0	0	1.18331	0	42.5565	0.346221	0	0	0	0	1.98132e-06	0	0.00103663	25529.7	943.827	23592.7	57.7064	1.12006	11.041	6750.47	338.929	15.0865	4.39465	1.66929	31.0279	24.2941	0.000495916	0.767349	1.26429	79.2942	644.1	31789.2	654.053	1069.96	19775.8	302.057	2989.57	57304.1	57304.1	
65.36	0	40.7095	41.141	0	0	0.143132	0	0	0	0	0	15.2659	0.106745	0	0.000113185	0.0458613	308.106	43.5669	353.668	12.3069	1.60597	0.918579	0	0	0	0	0	24.2088	1.99498	0	0.0167512	0.414438	24794.4	162.097	8441.55	58.5877	0.0100372	1.85715	1756.89	29.6455	15.4218	0	0	0	0	0	0.00882736	0.0198546	0	276.963	407.452	0	0	0.205643	0	0	0	0	0.0666625	1.31605	0.183099	2.12192e-07	0.00111779	0.0178911	25.2722	33.2755	1103.41	0	0.00848843	1.37398	19.6182	0.000550036	0	0.0736362	2.34047	0.685389	30.6059	0.000106194	0.888187	1.09896	3205.11	277.286	11824.5	0.103702	0	6.44811	5719.45	256.85	0.178231	0	0.0403926	0	0.744304	6.03069e-07	0.181952	0.319969	0	69.5827	214.647	0	0	0.116485	0	0.0173529	0	5.32393	0	0	0	0.000579534	0	4.44785e-05	0	175.36	2843.74	0	0	1.26677	0	39.3485	0.325689	0	0	0	0	2.90086e-06	0	0.00144043	28332.9	1078.84	25230.1	70.9984	1.62449	12.3298	7495.96	325.862	15.9257	5.39757	2.44752	41.4762	33.635	0.000689444	1.09695	1.91846	97.4122	746.807	35260.5	686.205	1218.65	21291.2	289.688	3060.04	62650.5	62650.5	
66.39	0	50.66	47.8139	0	0	0.168909	0	0	0	0	0	19.5938	0.151777	0	0.000175108	0.0704172	352.24	55.2373	414.768	14.9344	2.36407	1.09622	0	0	0	0	0	31.6143	2.86264	0	0.0242558	0.644304	28304.6	195.007	9359.92	71.8401	0.014808	2.15623	2017.55	31.455	16.6341	0	0	0	0	0	0.0120804	0.0296308	0	317.443	428.961	0	0	0.227227	0	0	0	0	0.0969558	1.60807	0.250077	3.11545e-07	0.00151848	0.0266779	28.8604	40.0711	1232	0	0.0123212	1.57448	23.0337	0.000465054	0	0.107754	3.48261	0.87522	42.2053	0.000156347	1.27609	1.64031	3562.83	328.722	12617	0.121651	0	7.08923	6491.03	264.522	0.195245	0	0.0578403	0	0.968919	8.84758e-07	0.251384	0.453855	0	75.4425	212.426	0	0	0.120195	0	0.0159042	0	6.73684	0	0	0	0.000837579	0	5.56073e-05	0	212.811	3167.63	0	0	1.48232	0	43.0335	0.364218	0	0	0	0	4.2125e-06	0	0.00195738	32248.6	1275.39	27480.5	86.8961	2.3912	13.9148	8531.61	339.027	17.1935	6.84459	3.63741	53.6914	46.4387	0.000999335	1.5655	2.86721	118.459	875.785	39999.2	748.614	1375.14	23273.2	294.743	3425.33	70110.5	70110.5	
67.39	0	62.6275	55.5899	0	0	0.197919	0	0	0	0	0	24.7452	0.223655	0	0.000261244	0.107186	399.982	69.2288	476.099	17.9302	3.49371	1.29876	0	0	0	0	0	40.4261	4.03702	0	0.0353729	0.989238	32886.9	241.123	10730.2	88.0305	0.0214701	2.58063	2329.72	31.9768	18.2197	0	0	0	0	0	0.0165015	0.0437107	0	375.845	466.231	0	0	0.262439	0	0	0	0	0.144833	1.96943	0.339427	4.68571e-07	0.00210815	0.0395386	33.0795	49.6858	1389.29	0	0.018255	1.86852	26.9338	0.000414731	0	0.15215	5.29382	1.10793	58.5861	0.000242395	1.85426	2.47662	4057.53	403.884	14148.7	0.14491	0	8.19984	7339.89	265.081	0.205776	0	0.085836	0	1.3025	1.34688e-06	0.353358	0.654106	0	88.3656	230.339	0	0	0.135415	0	0.0150745	0	9.03973	0	0	0	0.00128447	0	7.43352e-05	0	279.191	3793.92	0	0	1.89271	0	45.7087	0.396366	0	0	0	0	6.45073e-06	0	0.0031696	37377.5	1569.95	31290.4	106.106	3.53344	16.4362	9696.54	342.782	18.8219	9.19188	5.52449	68.2487	64.4887	0.00153513	2.26186	4.31364	143.492	1013.52	46328.9	844.834	1570.35	26226	327.896	4121.11	80576.1	80576.1	
68.38	0	78.9625	64.9455	0	0	0.227629	0	0	0	0	0	31.3383	0.323378	0	0.00037392	0.164318	428.665	89.4174	561.965	20.7503	5.0682	1.58337	0	0	0	0	0	53.7678	5.84573	0	0.0547201	1.57247	37266.7	296.698	12220.1	106.521	0.0303753	3.08738	2658.78	29.6214	18.3451	0	0	0	0	0	0.0236184	0.0649073	0	451.379	511.596	0	0	0.305354	0	0	0	0	0.212635	2.45917	0.479186	7.58755e-07	0.00311527	0.059897	36.1933	64.4642	1649.76	0	0.0274654	2.31026	30.4381	0.00042371	0	0.214261	8.35665	1.49009	83.6262	0.000394071	2.79776	3.90312	4667.91	505.91	16566.1	0.171813	0	10.0874	7938.66	246.46	0.198298	0	0.131022	0	1.7978	2.29546e-06	0.513527	0.991291	0	106.671	261.607	0	0	0.159309	0	0.0149706	0	12.5708	0	0	0	0.00204685	0	0.000113114	0	358.567	4537.24	0	0	2.3975	0	45.66	0.39869	0	0	0	0	1.09555e-05	0	0.0050835	42399.4	1952.07	36373.3	127.444	5.12604	20.1582	10627.9	321.757	18.942	12.7851	8.7003	89.0554	92.0723	0.00245493	3.39312	6.7612	175.962	1168.69	52599.9	966.495	1883.58	29939	381.025	4944.26	92058.9	92058.9	
69.35	0	96.4257	73.9932	0	0	0.256277	0	0	0	0	0	38.4634	0.442016	0	0.000510193	0.242439	446.738	108.33	619.94	23.0227	7.02685	1.82207	0	0	0	0	0	66.5193	7.85506	0	0.0777991	2.30894	40721.2	345.015	13333.5	121.34	0.0418665	3.58583	2841.09	26.6279	17.2625	0	0	0	0	0	0.0329371	0.0928823	0	533.405	559.013	0	0	0.353758	0	0	0	0	0.309566	3.02139	0.662513	1.206e-06	0.0046003	0.0892692	37.6044	78.7914	1850.66	0	0.0391455	2.73222	31.4926	0.000418976	0	0.290057	12.6379	1.86939	112.201	0.000622833	3.9278	5.71154	5160.22	611.082	18774.9	0.193974	0	11.9434	8175.07	220.421	0.186627	0	0.19291	0	2.36798	3.74666e-06	0.721216	1.42806	0	128.099	296.559	0	0	0.187226	0	0.0145652	0	17.0664	0	0	0	0.00319937	0	0.000165088	0	451.268	5322.95	0	0	2.94355	0	45.2031	0.397678	0	0	0	0	1.79391e-05	0	0.00755472	46365.7	2352.41	40831.5	144.557	7.10787	23.8243	11047.6	292.267	17.8468	17.3565	13.1404	109.873	123.529	0.0038451	4.76487	9.88085	209.823	1283.64	57409.8	1096.86	2137.96	32958.7	441.93	5822.77	101361	101361	
70.3	0	112.713	81.7687	0	0	0.281816	0	0	0	0	0	45.64	0.57663	0	0.000702965	0.344139	456.212	126.004	657.808	24.4879	9.41582	2.03113	0	0	0	0	0	78.2832	10.1008	0	0.104623	3.20703	42887.8	386.012	14040.1	130.138	0.0557132	4.00909	2863.22	23.4393	15.479	0	0	0	0	0	0.0432834	0.128534	0	621.023	608.502	0	0	0.40539	0	0	0	0	0.444035	3.61574	0.879041	1.82099e-06	0.00648571	0.128285	38.337	92.4471	1987.23	0	0.053691	3.13737	31.8136	0.000408057	0	0.392166	18.4144	2.23117	144.22	0.000959146	5.30314	7.96916	5497.21	711.243	20529.7	0.207624	0	13.6207	8137.15	195.144	0.17109	0	0.27303	0	2.98162	5.79657e-06	0.979838	1.94944	0	151.844	333.236	0	0	0.218133	0	0.0138082	0	22.6296	0	0	0	0.0049168	0	0.000238581	0	562.656	6181.52	0	0	3.57502	0	44.6078	0.394688	0	0	0	0	2.80428e-05	0	0.010952	48879.6	2763.94	44419.8	154.834	9.52522	27.2786	11032.2	263.205	16.0448	23.0218	19.1315	129.77	158.758	0.0059116	6.43807	13.7378	241.325	1367.65	60350.4	1235	2331.55	35090.6	507.947	6792.76	107917	107917	
71.23	0	131.903	90.654	0	0	0.312128	0	0	0	0	0	54.3338	0.767296	0	0.00100901	0.491538	463.198	152.636	724.754	25.2434	12.4923	2.31081	0	0	0	0	0	95.7098	13.566	0	0.144063	4.58734	44150.5	423.625	14515.5	134.82	0.0736052	4.36121	2819.4	21.1377	13.4623	0	0	0	0	0	0.0549437	0.17109	0	717.424	660.342	0	0	0.461197	0	0	0	0	0.636969	4.33002	1.16718	2.7011e-06	0.00894737	0.184028	39.3801	110.936	2164.74	0	0.0734372	3.68145	33.4551	0.000396735	0	0.528856	27.2609	2.70771	188.431	0.0014813	7.33173	11.3577	5784.32	815.989	22114.5	0.215622	0	15.29	7992.17	177.318	0.15875	0	0.377205	0	3.62361	9.01557e-06	1.30255	2.58348	0	177.133	369.5	0	0	0.252293	0	0.0131725	0	29.4821	0	0	0	0.00751479	0	0.000346815	0	697.261	7175.55	0	0	4.39224	0	44.0766	0.390178	0	0	0	0	4.41969e-05	0	0.0163734	50437.4	3226.91	47815.5	160.279	12.6394	31.0613	10845	242.546	14.0112	30.0109	28.275	157.081	207.555	0.009052	8.84325	19.3919	278.463	1494.64	62083.1	1384.55	2589.89	36907.8	576.388	7921.69	113237	113237	
72.14	0	155.143	101.127	0	0	0.353098	0	0	0	0	0	64.8989	1.04671	0	0.00137864	0.704487	470.22	180.059	774.566	26.0307	16.6028	2.59283	0	0	0	0	0	113.501	17.6011	0	0.194812	6.40339	46052.8	465.073	15161.1	138.853	0.0960706	4.82367	2746.03	18.7059	11.9131	0	0	0	0	0	0.0708215	0.230135	0	830.707	721.284	0	0	0.530828	0	0	0	0	0.920734	5.214	1.54703	4.01321e-06	0.0124484	0.263069	40.4006	130.182	2317.78	0	0.100111	4.26486	33.6595	0.000383404	0	0.684126	39.6414	3.22348	243.004	0.0022531	9.84048	15.8434	6072.69	929.927	24024.3	0.22091	0	17.4629	7735.23	156.801	0.141774	0	0.520804	0	4.52	1.38202e-05	1.72457	3.4659	0	205.707	409.395	0	0	0.290624	0	0.0123745	0	37.4087	0	0	0	0.0112825	0	0.000495199	0	856.27	8248.08	0	0	5.34679	0	42.0793	0.372372	0	0	0	0	6.87661e-05	0	0.0253105	52636.1	3753.07	51757.6	165.105	16.7989	35.6656	10514.9	217.599	12.4272	38.0928	41.083	186.837	267.719	0.0136222	11.8445	26.9362	323.274	1607.77	64599.7	1560.48	2838.63	38947	652.826	9152.17	119682	119682	
73.03	0	182.633	111.681	0	0	0.399964	0	0	0	0	0	77.792	1.38133	0	0.00190836	0.996096	485.732	210.037	832.619	26.7751	22.1955	2.91822	0	0	0	0	0	134.612	22.7381	0	0.260503	8.89803	48272.3	514.674	15923.2	142.677	0.128269	5.37107	2653.19	17.0105	10.6317	0	0	0	0	0	0.0961291	0.314245	0	954.684	780.035	0	0	0.602487	0	0	0	0	1.29116	6.30212	2.04411	6.06065e-06	0.0175906	0.372882	41.3543	149.846	2489.71	0	0.134985	4.85816	32.7619	0.000369701	0	0.834458	56.4691	3.78967	311.109	0.003343	13.0684	21.8703	6395.48	1057.91	26171.5	0.22461	0	20.1508	7428.83	140.51	0.125131	0	0.714431	0	5.76592	2.09222e-05	2.30672	4.77663	0	234.354	445.959	0	0	0.329245	0	0.0115027	0	45.7385	0	0	0	0.0164254	0	0.000733704	0	1012.76	9189.77	0	0	6.22515	0	39.0937	0.343332	0	0	0	0	0.000104938	0	0.0370883	55194.9	4316.89	55944.5	169.676	22.4588	40.8551	10114.8	196.626	11.1002	46.5729	58.4747	222.496	343.039	0.0199003	15.7513	37.266	374.885	1746.79	67539.5	1745.35	3125.81	41228.3	726.41	10248.2	126735	126735	
73.9	0	213.023	123.206	0	0	0.459519	0	0	0	0	0	94.0862	1.81182	0	0.00264608	1.39888	508.756	243.212	896.038	27.4299	29.6616	3.28685	0	0	0	0	0	159.259	29.2249	0	0.342424	12.2821	50751.2	575.879	16831.9	144.508	0.171816	5.91966	2529.29	15.9048	9.65799	0	0	0	0	0	0.124058	0.421471	0	1078.03	825.169	0	0	0.666113	0	0	0	0	1.76134	7.49153	2.60961	8.74286e-06	0.0239358	0.515238	42.7344	169.896	2625.25	0	0.179407	5.39035	31.5063	0.000337259	0	0.985891	78.0384	4.42972	392.269	0.00475822	17.087	29.7439	6696.48	1194.04	27897.7	0.224974	0	22.5368	7064.19	128.319	0.11212	0	0.949076	0	7.26925	2.9964e-05	3.01964	6.48409	0	258.102	465.637	0	0	0.358262	0	0.0104069	0	53.2976	0	0	0	0.0229355	0	0.00101308	0	1169.87	9973.83	0	0	7.02304	0	36.1979	0.311387	0	0	0	0	0.000151829	0	0.0523243	57999.2	4902.05	59638.7	172.163	30.0128	45.6405	9624.99	180.432	10.0815	54.2834	80.7488	265.267	433.184	0.0278843	20.5997	50.899	433.988	1909.49	70865	1916.27	3397.52	43021.3	777.429	11187.3	133508	133508	
74.75	0	256.614	138.866	0	0	0.534732	0	0	0	0	0	116.938	2.43034	0	0.00381209	2.01086	527.471	297.705	1013.95	27.875	39.308	3.83605	0	0	0	0	0	202.417	39.4217	0	0.474851	17.7809	53274	654.558	17952.3	147.316	0.227324	6.51194	2461.73	14.694	8.69782	0	0	0	0	0	0.156068	0.560067	0	1205.1	851.528	0	0	0.712869	0	0	0	0	2.32253	9.08522	3.40375	1.23671e-05	0.0322246	0.723424	44.5522	200.495	2866.63	0	0.241012	6.10445	31.6115	0.000307019	0	1.15412	109.602	5.44691	506.003	0.00669065	22.9453	41.9907	7041.31	1344.02	29430.7	0.222633	0	24.7694	6599.28	115.667	0.0970299	0	1.25543	0	9.02035	4.33941e-05	3.89631	8.74348	0	273.707	465.354	0	0	0.372763	0	0.00923544	0	59.0846	0	0	0	0.0311006	0	0.00133937	0	1312.63	10520.9	0	0	7.69409	0	32.2654	0.26798	0	0	0	0	0.000219542	0	0.0733321	60887.3	5544.83	63240.2	175.414	39.7763	50.5363	9092.62	162.636	9.06283	60.2387	113.18	333.887	560.279	0.0380666	27.5086	71.8841	517.398	2170.24	74520.8	2072.91	3836.79	44579	798.56	11873.8	140369	140369	
75.59	0	311.056	156.537	0	0	0.629776	0	0	0	0	0	145.891	3.22242	0	0.00530465	2.88152	552.49	350.2	1111.33	28.3814	52.2463	4.37341	0	0	0	0	0	248.744	50.866	0	0.634353	24.911	56565.3	748.337	19282.4	150.1	0.302206	7.21812	2400.85	13.435	7.66366	0	0	0	0	0	0.203335	0.751768	0	1352.89	878.974	0	0	0.765124	0	0	0	0	3.05198	11.0743	4.46681	1.78195e-05	0.0434114	1.0155	45.7528	231.047	3070.76	0	0.323239	6.74716	30.2073	0.000277091	0	1.29484	150.103	6.53389	638.822	0.00919005	29.8346	57.6365	7397.17	1507.23	30950.5	0.220727	0	26.9632	6159.45	103.172	0.0807932	0	1.68388	0	11.2129	6.12333e-05	5.01233	11.6885	0	289.646	458.286	0	0	0.380762	0	0.00820518	0	63.7551	0	0	0	0.0413801	0	0.00173233	0	1437.19	10855.7	0	0	8.16376	0	28.0553	0.22705	0	0	0	0	0.000308766	0	0.0973871	64560.7	6227.6	66764.5	178.702	52.8718	55.2413	8590.51	144.671	7.9715	65.05	154.839	412.243	708.59	0.050958	35.7333	98.9839	620.223	2424.18	79176.6	2252.28	4269.07	46174.4	812.119	12329.5	148058	148058	
76.41	0	368.148	173.299	0	0	0.722423	0	0	0	0	0	177.899	4.05993	0	0.00710314	3.9921	575.636	399.61	1195.61	28.3716	68.5399	4.87789	0	0	0	0	0	297.591	63.8788	0	0.822085	33.8364	59495.8	843.477	20485.3	150.82	0.398219	7.9195	2314.07	12.3917	6.74177	0	0	0	0	0	0.256861	0.98566	0	1514.15	908.115	0	0	0.819101	0	0	0	0	3.99079	13.2333	5.74508	2.50009e-05	0.0561719	1.39418	46.5826	260.178	3244.01	0	0.423179	7.31609	28.4234	0.000249908	0	1.47527	200.791	7.68076	788.404	0.0124191	38.0095	77.1632	7659.34	1661.79	32038.5	0.214584	0	28.6449	5736.86	92.8921	0.0679541	0	2.22726	0	13.5962	8.35244e-05	6.34885	15.324	0	307.194	448.222	0	0	0.387066	0	0.00720768	0	68.4929	0	0	0	0.0547872	0	0.00216854	0	1552.41	11118.4	0	0	8.58355	0	25.2361	0.196189	0	0	0	0	0.000418867	0	0.120424	67777.3	6906.96	69611.4	179.406	69.3613	59.2705	8079.35	130.527	7.00592	69.9682	207.01	496.404	875.684	0.0677338	45.5006	132.818	728.128	2668.78	83318.1	2447.5	4700.47	47255.8	824.36	12704.9	154648	154648	
77.22	0	429.866	194.312	0	0	0.825933	0	0	0	0	0	216.121	5.04495	0	0.00992835	5.4863	623.555	460.207	1323.28	28.6006	91.8567	5.48285	0	0	0	0	0	356.922	82.2437	0	1.07078	46.1043	63358	956.42	21874.2	151.618	0.542903	8.74283	2245.89	12.4446	6.24502	0	0	0	0	0	0.325711	1.29112	0	1726.48	972.221	0	0	0.9063	0	0	0	0	5.44193	15.7121	7.34551	3.43494e-05	0.0712321	1.91741	49.9797	294.799	3476.53	0	0.555101	8.06446	27.733	0.000218569	0	1.86162	273.302	8.8927	989.044	0.0171954	49.6134	104.065	8055.66	1859.06	33362.4	0.21152	0	30.2652	5608.92	91.4379	0.0651363	0	2.93575	0	16.2139	0.00011206	8.18987	19.7719	0	337.389	454.109	0	0	0.407067	0	0.0064347	0	76.1647	0	0	0	0.0755341	0	0.0026106	0	1794.55	12149.6	0	0	9.71991	0	26.035	0.194537	0	0	0	0	0.000563659	0	0.150114	72087.2	7858.77	73806.6	180.43	92.9547	64.4146	7882.55	129.924	6.50469	78.0263	281.68	597.648	1099.89	0.0934395	59.2809	178.789	851.666	3019.32	88615.8	2730.1	5284.46	49055.1	868.154	13980.2	164405	164405	
78	0	512.848	222.785	0	0	0.941143	0	0	0	0	0	265.292	6.82398	0	0.0137579	7.70711	658.816	560.756	1510.62	28.8904	122.214	6.34501	0	0	0	0	0	449.17	110.106	0	1.47413	65.6618	67945.2	1117.32	23853.2	154.297	0.714569	9.76817	2237.32	12.2092	5.81831	0	0	0	0	0	0.402597	1.70797	0	2017.07	1073.53	0	0	1.03203	0	0	0	0	7.67456	19.1166	9.59109	4.68011e-05	0.0929718	2.70424	54.287	355.557	3872	0	0.744465	9.48148	28.734	0.000201457	0	2.39348	392.496	10.936	1284.99	0.0250896	67.3716	147.17	8676.65	2149.05	36024.9	0.211651	0	33.2759	5482.75	88.153	0.0600368	0	3.91426	0	19.7884	0.000158943	10.5679	25.7391	0	388.655	497.432	0	0	0.457213	0	0.00606465	0	89.6725	0	0	0	0.109547	0	0.00333575	0	2167.57	13823.9	0	0	11.6255	0	25.561	0.185172	0	0	0	0	0.000811777	0	0.225352	77335	9268.83	80878.4	183.399	123.673	72.9265	7748.8	125.929	6.06352	92.066	404.085	744.515	1431.3	0.135654	79.923	250.918	1016.41	3514.05	95338	3130.81	6226.18	52515.1	976.336	16029.1	178746	178746	
78.77	0	620.442	254.07	0	0	1.06963	0	0	0	0	0	325.106	9.08851	0	0.0185299	10.8522	682.779	661.301	1668.33	29.2879	163.134	7.24621	0	0	0	0	0	548.032	141.297	0	1.98995	91.5752	73267.4	1311.1	26325	159.145	0.938909	11.1322	2251.09	11.352	5.12985	0	0	0	0	0	0.547507	2.39674	0	2427.21	1217.67	0	0	1.21519	0	0	0	0	10.8652	23.9553	13.0194	7.1216e-05	0.131237	3.89834	56.4533	426.42	4349.75	0	1.01494	11.1886	28.8705	0.000211889	0	2.85538	563.141	13.5667	1664.3	0.0375419	90.4871	206.128	9417.77	2545.46	40672	0.215227	0	38.9685	5332.93	81.7729	0.0524818	0	5.46283	0	25.6999	0.000242268	14.1324	35.817	0	470.534	575.876	0	0	0.544661	0	0.0062067	0	111.132	0	0	0	0.163154	0	0.00481929	0	2593.46	15662.7	0	0	13.5867	0	24.3279	0.170024	0	0	0	0	0.0012436	0	0.320413	83424.4	11055.9	90725.4	188.648	165.088	84.9516	7612.89	117.459	5.35235	113.987	579.469	910.66	1853.41	0.202253	107.307	350.993	1220.65	3994.97	103345	3697.96	7414.22	58170.3	1158.26	18294.6	197296	197296	
79.53	0	716.974	277.442	0	0	1.17055	0	0	0	0	0	381.499	11.3975	0	0.0230226	14.5763	684.786	742.324	1772.74	28.5313	209.707	7.97061	0	0	0	0	0	636.54	173.388	0	2.55962	121.687	75663.9	1471.95	27857.8	157.453	1.19231	12.1675	2162.02	10.3354	4.33331	0	0	0	0	0	0.74397	3.24692	0	2826.14	1348.03	0	0	1.39344	0	0	0	0	14.8393	28.796	16.8392	0.000103789	0.179959	5.35745	56.4809	487.856	4698.93	0	1.32523	12.656	27.0272	0.000218361	0	3.29331	771.113	15.9041	2060.61	0.0542259	116.468	274.242	9808.34	2901.84	44395.9	0.210116	0	44.0202	5002.08	74.0265	0.045216	0	7.35005	0	32.1395	0.000354147	18.2115	48.0217	0	555.517	654.35	0	0	0.638526	0	0.00626401	0	134.808	0	0	0	0.236446	0	0.00680709	0	3019.2	17210.2	0	0	15.3288	0	23.0613	0.156241	0	0	0	0	0.00182697	0	0.43106	86213.5	12721.8	98215.3	186.194	212.225	95.3455	7191.13	107.43	4.53477	138.101	793.302	1062.74	2294.37	0.292957	138.186	467.569	1403.08	4380.23	107345	4241.57	8525.96	62332.1	1345.56	20268.3	209842	209842	
80.27	0	790.646	294.96	0	0	1.24202	0	0	0	0	0	429.922	13.7985	0	0.0288359	18.8484	670.469	812.295	1828.32	26.9148	261.082	8.50179	0	0	0	0	0	711.32	206.509	0	3.18261	155.02	75451	1580.69	28432.7	149.697	1.47196	12.8243	2002.39	9.36996	3.65016	0	0	0	0	0	0.930934	4.12157	0	3180.02	1454.15	0	0	1.55292	0	0	0	0	19.8307	33.1063	20.5282	0.000142112	0.236703	7.01724	55.9792	537.284	4880.62	0	1.66208	13.8036	25.1421	0.000215132	0	3.74367	1015.19	17.7865	2457.7	0.0753435	145.066	348.825	9890.78	3190.26	46769.4	0.198264	0	47.6842	4616.63	67.3083	0.0386719	0	9.49451	0	38.2529	0.000490914	22.6255	61.2234	0	637.369	725.455	0	0	0.729834	0	0.00613561	0	158.67	0	0	0	0.332363	0	0.00913623	0	3453.69	18588.4	0	0	17.0426	0	22.0092	0.144973	0	0	0	0	0.00256254	0	0.566533	86068.2	14182.3	102974	176.81	264.216	103.381	6644.17	98.6938	3.8338	162.413	1044.51	1192.13	2736.79	0.410902	172.07	595.631	1549.45	4683.62	107649	4716.44	9502.87	64713.9	1522.57	22081.8	216419	216419	
80.99	0	869.188	315.918	0	0	1.3174	0	0	0	0	0	481.535	16.8864	0	0.037648	24.3721	652.513	916.483	1937.43	25.1563	319.36	9.18721	0	0	0	0	0	817.287	253.244	0	4.03416	200.344	74065.1	1669.62	28632.9	140.363	1.78707	13.2127	1847.5	8.81092	3.13564	0	0	0	0	0	1.11359	5.11733	0	3533.5	1555.33	0	0	1.70901	0	0	0	0	26.2449	37.8283	25.274	0.000191367	0.303329	9.25842	55.1035	602.028	5091.62	0	2.07545	15.2865	24.3049	0.00021026	0	4.44536	1355.39	20.3359	2942.04	0.104383	182.335	448.411	9869.08	3446.64	48419.5	0.188384	0	50.7105	4281.69	63.2981	0.0339197	0	11.9697	0	44.419	0.000687531	27.4513	76.1949	0	722.679	794.644	0	0	0.82734	0	0.00597164	0	183.601	0	0	0	0.462078	0	0.0121366	0	3913.84	20069.5	0	0	19.1607	0	21.3975	0.133927	0	0	0	0	0.00362272	0	0.76115	84641.8	15674	106817	165.708	323.222	111.411	6153.5	93.5126	3.30348	188.046	1393.6	1356.99	3281.87	0.570963	215.275	764.472	1709.26	5135.04	106389	5189.45	10743.5	66291.1	1702.23	24024.7	221184	221184	
81.7	0	958.957	337.615	0	0	1.41295	0	0	0	0	0	542.705	20.792	0	0.0476847	31.5609	638.298	1007.72	1992.21	23.7593	394.294	9.83044	0	0	0	0	0	916.578	303.267	0	5.08049	255.884	73410.2	1753.85	29063.7	132.458	2.16495	13.8344	1724.02	8.15562	2.71858	0	0	0	0	0	1.34656	6.3139	0	3925.52	1669.43	0	0	1.89968	0	0	0	0	34.9077	43.1244	30.5359	0.000261476	0.390257	12.0438	54.5706	664.125	5263.5	0	2.62837	16.8259	23.6049	0.000211553	0	5.061	1783.44	22.8315	3506.24	0.143721	226.018	572.57	9848.19	3695.53	50500.3	0.179097	0	54.7129	3974.77	58.3963	0.0297306	0	15.3759	0	51.771	0.000948859	33.1116	94.9914	0	816.829	874.946	0	0	0.933163	0	0.00583889	0	209.996	0	0	0	0.639743	0	0.0161647	0	4375.31	21511	0	0	21.4014	0	20.2271	0.119879	0	0	0	0	0.00507209	0	1.03342	83951.2	17197.8	111213	156.397	399.088	120.851	5722.39	86.7851	2.86819	215.057	1833.72	1525.24	3912.6	0.789746	265.994	974.413	1893.09	5546.92	106119	5717.85	12141.6	68327.4	1903.37	25929.1	227578	227578	
82.4	0	1058.23	356.258	0	0	1.50955	0	0	0	0	0	615.405	24.5579	0	0.0590846	40.4211	631.188	1097.64	2063.39	22.6361	489.715	10.5574	0	0	0	0	0	1027.99	361.783	0	6.33965	326.225	73066.6	1848.32	29519	126.488	2.66855	14.6197	1617.53	7.69631	2.37279	0	0	0	0	0	1.71045	8.02123	0	4353.3	1785.17	0	0	2.09232	0	0	0	0	45.15	49.3302	37.2755	0.000369542	0.505674	15.7326	53.957	723.958	5468.77	0	3.30409	18.3446	22.3507	0.000214694	0	5.54451	2314.21	25.7218	4161.86	0.195132	278.618	730.003	9853	3954.13	52847.8	0.172754	0	59.5161	3714.66	54.5503	0.0261888	0	19.593	0	60.7741	0.0013052	40.5792	120.396	0	914.381	952.079	0	0	1.04033	0	0.00578951	0	235.635	0	0	0	0.87081	0	0.0217919	0	4765.23	22626.4	0	0	23.1862	0	19.0181	0.107865	0	0	0	0	0.00701908	0	1.31185	83604.8	18715.2	115619	149.297	495.688	130.866	5354.54	81.2707	2.50684	241.18	2378.95	1718.45	4646.25	1.07464	327.812	1242.13	2096.44	6037.46	106215	6288.56	13806.8	70725.2	2104.03	27435.2	234709	234709	
83.08	0	1146.61	373.615	0	0	1.62066	0	0	0	0	0	695.797	29.4764	0	0.0740695	51.6621	634.096	1186.99	2136.51	21.6712	605.054	11.2722	0	0	0	0	0	1148.3	428.308	0	7.74371	411.284	72879.4	1952.16	30045.8	120.426	3.27824	15.3352	1519.43	7.45479	2.12896	0	0	0	0	0	2.09222	9.94524	0	4736.68	1873.81	0	0	2.25447	0	0	0	0	57.1788	55.3459	44.3472	0.00049331	0.627152	20.0895	54.4046	777.874	5605.96	0	4.07607	19.573	21.2808	0.000208178	0	5.88873	2918.29	28.3364	4864.85	0.256281	338.331	918.575	9840.79	4187.62	54252.1	0.165008	0	62.9325	3479.35	52.0632	0.0236765	0	24.4321	0	70.0431	0.00169883	48.9265	148.663	0	990.591	998.408	0	0	1.12016	0	0.00552947	0	253.406	0	0	0	1.14442	0	0.0274642	0	5128.12	23446.7	0	0	24.5839	0	17.9995	0.0964206	0	0	0	0	0.00923744	0	1.64163	83408.7	20106.6	118733	142.263	612.408	138.692	5020.06	77.5232	2.24906	259.295	2999.91	1927.78	5437.03	1.41213	397.794	1561.89	2298.86	6591.23	106557	6790.33	15557.7	72167.1	2244.7	28619.1	240827	240827	
83.75	0	1254.97	396.609	0	0	1.75475	0	0	0	0	0	797.189	35.8318	0	0.0907596	66.9237	643.825	1289.75	2227.99	21.0434	752.782	12.09	0	0	0	0	0	1297.37	506.849	0	9.4361	524.26	73763	2103.57	31125.4	116.816	4.06108	16.1666	1448.85	7.18959	1.95798	0	0	0	0	0	2.56154	12.4212	0	5135.68	1946.43	0	0	2.39982	0	0	0	0	71.2444	62.8049	52.4005	0.000641858	0.772113	25.5363	55.4109	838.359	5771.71	0	5.07889	20.7791	19.9734	0.000200764	0	6.05366	3632.91	31.6393	5683.78	0.331698	410.53	1160	9919.73	4460.03	55825.7	0.157978	0	66.2215	3266.28	49.4593	0.0212755	0	30.7498	0	81.7787	0.00219583	59.1234	186.557	0	1052.77	1021.62	0	0	1.17213	0	0.00522815	0	263.81	0	0	0	1.47284	0	0.0341301	0	5483.05	24074.2	0	0	25.6607	0	16.851	0.0872178	0	0	0	0	0.0119362	0	2.05637	84382	21618.2	122390	138.017	761.922	146.245	4735.1	73.5053	2.06647	269.864	3734.91	2189	6360.64	1.81931	482.513	1977.79	2553.37	7285.4	108602	7297.27	17636.6	73945.8	2340.88	29602	249263	249263	
84.4	0	1362.11	413.968	0	0	1.83235	0	0	0	0	0	891.873	43.0023	0	0.108246	85.0915	633.331	1437.63	2354.66	20.2256	909.048	13.0119	0	0	0	0	0	1508.16	605.519	0	11.5976	678.04	73549.2	2261.9	32080.1	113.127	4.8996	16.8292	1384.88	6.81347	1.78744	0	0	0	0	0	3.05046	15.3914	0	5346.55	1936.26	0	0	2.4473	0	0	0	0	84.3774	69.6555	61.7362	0.000822442	0.939893	32.276	54.2781	918.466	5979.16	0	6.20155	22.2362	18.4418	0.000197905	0	6.08876	4532.02	36.4096	6588.2	0.42385	495.529	1471.23	9893.34	4703.07	56754.7	0.150169	0	68.5459	3014.47	46.0309	0.0184152	0	37.8293	0	94.4064	0.0028632	69.9525	232.615	0	1091.18	1017.1	0	0	1.19607	0	0.00492724	0	267.347	0	0	0	1.84642	0	0.0421845	0	5662.33	24013	0	0	25.9629	0	15.0323	0.0756483	0	0	0	0	0.0155895	0	2.531	84130.1	22783.2	124549	133.503	920.149	152.062	4417.78	67.8818	1.8815	273.435	4654.22	2506.1	7392.86	2.28955	581.178	2517.22	2797.99	8171.23	109438	7534.25	20128.7	74915.1	2378.71	29719	255083	255083	
85.04	0	1482	432.583	0	0	1.90905	0	0	0	0	0	1006.85	50.7313	0	0.130523	107.917	627.642	1534.63	2443.48	19.3118	1096.13	13.6585	0	0	0	0	0	1690.51	699.734	0	13.7394	850.69	73218.5	2391.55	32755.7	108.369	5.92624	17.3502	1319.58	6.50138	1.62695	0	0	0	0	0	3.52419	18.7038	0	5713.5	1976.16	0	0	2.54172	0	0	0	0	101.018	78.9253	72.3449	0.0010456	1.13328	40.6028	53.3507	977.218	6118.16	0	7.49427	23.2282	16.8525	0.00019143	0	6.26247	5476.87	40.3766	7489.13	0.533343	585.241	1819.95	9789.32	4879.56	56939.4	0.140843	0	69.6499	2794.63	43.222	0.0165281	0	45.2649	0	107.096	0.0036313	81.6834	285.718	0	1130.49	1007.26	0	0	1.21516	0	0.00462959	0	271.011	0	0	0	2.2953	0	0.0506125	0	5769.04	23766.6	0	0	26.0119	0	13.8392	0.0667005	0	0	0	0	0.0197506	0	2.97937	83688.8	23878	125439	127.822	1109.55	155.565	4131.06	63.5674	1.71018	277.273	5623.15	2816.65	8419.04	2.85307	685.452	3126.61	3082.12	8989.52	109847	7986.23	22614.7	75035.7	2412.32	29578.6	259547	259547	
85.67	0	1619.07	469.144	0	0	2.07287	0	0	0	0	0	1163.81	60.0998	0	0.187592	139.02	679.198	1703.13	2746.88	19.2451	1389.87	14.8048	0	0	0	0	0	1955.99	859.274	0	16.6846	1096.98	73017	2516.18	33272.3	104.115	7.58134	17.786	1248.72	6.09717	1.50125	0	0	0	0	0	3.97606	23.0892	0	6328.43	2131.8	0	0	2.77147	0	0	0	0	128.595	90.471	86.8651	0.00131405	1.3463	52.9533	56.5429	1075.97	6545.51	0	9.12156	25.1991	17.5136	0.000180037	0	7.92504	6918.73	45.5426	8886.7	0.706355	724.612	2311.45	9677.49	5075.68	57123	0.133184	0	70.5657	2631.49	40.8912	0.0158446	0	53.4339	0	120.326	0.00454531	96.8243	349.31	0	1219.36	1034.02	0	0	1.29126	0	0.00454999	0	293.317	0	0	0	3.03127	0	0.0596394	0	6098.2	24412.5	0	0	27.3034	0	13.6497	0.0630332	0	0	0	0	0.0249338	0	3.56673	83430.2	25636	127735	123.494	1406.57	161.795	3897.73	60.6428	1.58013	301.242	7100.76	3255.81	10013.3	3.76842	843.631	3976.43	3453.4	10482.1	110218	8823.23	26625.5	75239.2	2551.08	30555.3	267948	267948	
86.28	0	1832.62	539.49	0	0	2.37845	0	0	0	0	0	1392.79	79.3526	0	0.266633	188.681	724.3	1957.96	3130.63	19.9293	1789.97	16.6091	0	0	0	0	0	2341.26	1081.1	0	21.4142	1467	72229.5	2667.77	34149.8	100.732	9.27196	18.4944	1176.66	5.53382	1.37843	0	0	0	0	0	4.61265	28.0447	0	7450.13	2476.44	0	0	3.27746	0	0	0	0	178.381	108.685	106.123	0.00164019	1.62342	71.2798	61.6456	1255.07	7361.87	0	11.5853	29.5354	19.4789	0.000166443	0	10.62	9241.99	53.8008	10963.9	1.01626	922.274	3080.42	9602.59	5363.97	58789.1	0.128571	0	73.8842	2444.9	37.0707	0.0140976	0	62.6423	0	138.905	0.00593009	115.388	432.159	0	1454.36	1203.44	0	0	1.50698	0	0.00471499	0	354.792	0	0	0	4.43284	0	0.0722735	0	6568	25309.6	0	0	29.1669	0	12.6641	0.0576908	0	0	0	0	0.0329756	0	4.8232	82618.1	28549.9	132960	120.79	1810.83	174.853	3641.04	55.2734	1.45022	365.412	9483.01	3896.54	12369.3	5.48965	1065.58	5272.47	4035.58	12550.2	110392	10395.9	33013.2	77060.8	3018.6	31924.3	282390	282390	
86.88	0	2174.27	624.58	0	0	2.70301	0	0	0	0	0	1688.3	102.069	0	0.341474	258.318	738.724	2252.5	3512.79	20.6446	2269.23	18.9461	0	0	0	0	0	2827.03	1329.22	0	28.017	1973.91	69562.5	2778.45	34739	96.9231	11.1024	19.1835	1088.3	4.74075	1.21638	0	0	0	0	0	5.90534	33.974	0	9245.08	2999.43	0	0	4.02869	0	0	0	0	243.969	138.525	137.814	0.00242709	2.23873	99.982	63.3435	1497.14	8476.92	0	15.0855	35.6524	20.2437	0.000191935	0	13.4493	12514.4	66.6166	13503.9	1.51356	1164.92	4161.62	9362.5	5675	61390	0.125728	0	79.4253	2218.47	31.7799	0.0118305	0	74.5017	0	163.455	0.00833475	139.302	555.066	0	1910.04	1547.26	0	0	1.94861	0	0.00548215	0	469.732	0	0	0	6.77974	0	0.10755	0	6781.69	25304	0	0	29.7886	0	11.0419	0.0505216	0	0	0	0	0.0468478	0	6.00336	79727.1	32314.2	138594	117.693	2295.42	191.676	3327.01	47.5682	1.27873	483.182	12832.9	4720.46	15236.5	8.35091	1340.73	7088.98	4850.58	14971	108341	12871.1	41534.9	79689.6	3935.87	32132.6	298327	298327	
87.47	0	2478.47	690.722	0	0	2.94022	0	0	0	0	0	1960.58	120.29	0	0.417813	334.211	718.174	2453.16	3740.92	20.3274	2708.6	20.6566	0	0	0	0	0	3232.54	1533.51	0	34.4612	2507.06	63660.9	2718.74	33389	88.5001	12.7211	18.8563	961.344	3.96709	1.0378	0	0	0	0	0	6.98557	38.8043	0	11036.2	3499.23	0	0	4.73427	0	0	0	0	312.369	169.198	171.853	0.00358264	2.98502	134.259	61.8271	1687.45	9218.22	0	18.6714	40.6214	20.403	0.000218093	0	15.5912	15827.4	77.9958	15619.1	2.10963	1387.71	5305.89	8677.02	5679.64	60480.2	0.117575	0	80.0285	1944.09	26.7024	0.00992795	0	83.3416	0	177.263	0.0109506	157.461	661.149	0	2398.43	1905.29	0	0	2.42821	0	0.0060668	0	591.832	0	0	0	9.74834	0	0.157075	0	6687.84	24262.4	0	0	29.1049	0	9.64193	0.043714	0	0	0	0	0.0623122	0	6.80114	73118	35139.9	137186	108.945	2739.99	199.37	2925.84	40.3177	1.09144	607.423	16223.1	5440.32	17622	11.9348	1590.02	8988.33	5587.64	16969.4	100901	15330.8	49282.9	77967	4907.89	30995.9	301942	301942	
88.05	0	2730.81	740.321	0	0	3.07695	0	0	0	0	0	2192.66	137.691	0	0.51221	415.917	665.115	2628.97	3920.72	19.2197	3039.24	21.8307	0	0	0	0	0	3618.91	1725.46	0	41.0605	3086.62	55974.2	2568.98	30895	77.4541	14.002	17.6751	824.974	3.42047	0.893804	0	0	0	0	0	7.88346	42.272	0	12549.9	3912.22	0	0	5.27702	0	0	0	0	374.459	198.921	206.335	0.00485545	3.77133	175.344	57.359	1840.55	9634.05	0	21.9632	44.6566	20.0731	0.000226264	0	17.7361	19194.2	88.0267	17256.3	2.7704	1592.25	6482.71	7769.89	5488.56	56949.9	0.105615	0	76.3307	1688.01	23.0342	0.00866538	0	87.2927	0	180.151	0.0137104	170.349	734.452	0	2819.04	2193.2	0	0	2.84478	0	0.00631558	0	693.279	0	0	0	13.1119	0	0.209128	0	6506.91	22994.7	0	0	28.2732	0	8.55215	0.0385085	0	0	0	0	0.0794813	0	7.68523	64466.6	37133.7	131240	96.7794	3075.2	199.965	2533.06	35.0134	0.940978	711.015	19655.9	6098.52	19506	15.9804	1815.83	10945.2	6220.99	18767.1	90426.8	17426.3	56252.7	73168.1	5721.7	29546.3	297530	297530	
88.61	0	2906.04	788.217	0	0	3.23255	0	0	0	0	0	2419.31	151.206	0	0.625335	507.71	633.82	2721.08	4039.76	18.2732	3437.62	22.8056	0	0	0	0	0	3913.28	1899.37	0	47.4347	3678.76	50127.4	2417	28766.2	67.8799	15.4322	16.6891	719.328	3.11229	0.788185	0	0	0	0	0	8.59328	46.1332	0	13908.1	4300.46	0	0	5.81491	0	0	0	0	442.889	225.825	235.398	0.0062363	4.45831	219.374	54.5896	1943.45	9914.5	0	25.4317	47.8517	19.9438	0.000224554	0	20.0494	22357.8	94.9819	18819.1	3.53074	1809.5	7737.98	7049.18	5309.66	53853.7	0.0955643	0	72.8338	1514.32	21.0914	0.00783004	0	90.7186	0	179.941	0.0165096	183.749	804.339	0	3207.58	2449.02	0	0	3.22707	0	0.00652581	0	786.254	0	0	0	17.1547	0	0.264629	0	6480.92	22447.1	0	0	28.3404	0	8.0738	0.0368892	0	0	0	0	0.0978873	0	8.63099	57865	38893.9	126559	86.2487	3478.49	200.795	2253.6	32.2842	0.832904	806.303	22891.4	6653.39	21285	20.8061	2054.36	13003.2	6776.34	20412.2	82188.6	19342.4	62848.7	69079.6	6463.5	28973.2	296085	296085	
89.17	0	3046.75	821.304	0	0	3.352	0	0	0	0	0	2629.53	167.163	0	0.69411	612.371	604.642	2763.52	4024	17.3714	3900.28	23.5642	0	0	0	0	0	4167.04	2032.72	0	54.3558	4349.8	46438.6	2324.32	27671.9	61.5014	17.091	16.3194	650.559	2.93867	0.695919	0	0	0	0	0	9.50204	51.9796	0	14913.3	4577.94	0	0	6.25588	0	0	0	0	507.455	249.828	260.515	0.00788591	5.14231	266.505	52.8465	2017.86	10077.9	0	29.8229	50.5571	19.4982	0.000226089	0	20.5343	25134.7	102.298	20274.3	4.39682	2038.45	9221.92	6576.14	5250.45	52607.4	0.0886568	0	72.0766	1396.89	19.7498	0.00718895	0	95.7285	0	183.79	0.0202481	200.081	898.801	0	3533.92	2686.34	0	0	3.57286	0	0.00654455	0	855.269	0	0	0	21.749	0	0.329322	0	6635.56	22576.2	0	0	29.3613	0	7.80941	0.0362134	0	0	0	0	0.121195	0	10.2192	53672.3	40485.7	125043	78.9614	3947.2	205.059	2066.95	30.5046	0.739321	875.803	25737.9	7148.7	22918.5	26.2951	2308.23	15411.9	7281.17	21937.3	77245.5	20787	69045.1	67301.3	7101.19	29259.3	299958	299958	
89.71	0	3155.55	837.928	0	0	3.40026	0	0	0	0	0	2814.46	177.194	0	0.762083	721.887	580.344	2788.79	4039.59	16.595	4414.05	24.2348	0	0	0	0	0	4407.22	2153.64	0	61.0562	5081.13	44380.5	2281.59	27237.7	57.8137	19.2368	16.4427	606.664	2.80234	0.62784	0	0	0	0	0	10.8882	60.9498	0	15618	4766.16	0	0	6.54334	0	0	0	0	551.035	271.84	286.378	0.0101471	5.90209	318.335	51.0494	2064.78	10206.7	0	34.203	52.1956	18.3523	0.000230824	0	20.3011	27332.4	110.089	21529.7	5.27135	2269.29	10773.2	6307.89	5250.29	52602.9	0.0841001	0	73.7767	1315.12	18.75	0.00670013	0	101.146	0	193.859	0.0244828	221.778	1034.82	0	3754.11	2830.87	0	0	3.85747	0	0.00658951	0	899.687	0	0	0	26.2455	0	0.41448	0	6778.18	22794.2	0	0	30.152	0	7.49019	0.0351895	0	0	0	0	0.147524	0	12.1445	51319.8	41691.2	125316	74.4928	4467.49	210.603	1940.14	29.0494	0.66973	919.988	27984.6	7603.62	24340.7	31.699	2569.68	18002.9	7711.18	23566.7	74675.2	21824.2	74467.6	67120.5	7515.19	29622.3	306503	306503	
90.24	0	3163.84	849.695	0	0	3.43538	0	0	0	0	0	2959.93	186.44	0	0.844039	838.099	563.592	2789.18	4056.63	15.7735	4956.15	24.4977	0	0	0	0	0	4613.83	2254.63	0	67.0388	5842.38	43131	2275.05	27055.3	54.842	21.6131	16.6009	576.319	2.71815	0.593779	0	0	0	0	0	12.0153	70.766	0	15777.7	4802.81	0	0	6.61774	0	0	0	0	580.99	284.323	298.546	0.011931	6.35332	366.295	50.1852	2077.04	10179.5	0	38.4158	52.5025	17.3436	0.000216445	0	20.1001	28684.5	115.41	22455.9	6.06443	2487.59	12310.3	6143.97	5227.53	52403.9	0.080626	0	74.824	1247.71	18.0379	0.00640268	0	105.105	0	203.02	0.0282624	243.44	1190.6	0	3801.96	2847.32	0	0	3.93912	0	0.00624241	0	896.373	0	0	0	30.2421	0	0.48609	0	6864.3	22941.7	0	0	30.5854	0	7.21687	0.0342921	0	0	0	0	0.171636	0	14.2002	49888.7	41976.6	125137	70.6962	5016.18	213.003	1841.38	27.9794	0.634474	916.474	29370.6	7973.49	25398.6	36.5184	2817.29	20633.1	8002.28	25183.7	73216.8	22123.6	78494.8	66858.2	7580.33	29858.2	311318	311318	
90.76	0	3203.96	869.188	0	0	3.49173	0	0	0	0	0	3135.15	195.669	0	0.907712	975.431	551.895	2812.79	4103.57	15.1455	5558.99	24.7515	0	0	0	0	0	4870.97	2344.3	0	72.7082	6711.91	42484.1	2306.6	27377.5	52.8431	24.3474	16.8449	555.683	2.62029	0.57421	0	0	0	0	0	13.1482	81.6288	0	15967.6	4811.87	0	0	6.64796	0	0	0	0	602.504	299.95	310.158	0.0136826	6.83206	419.694	49.2501	2097.42	10185.2	0	43.4021	52.6753	16.3794	0.000208115	0	19.4849	29673.1	121.791	23324.7	6.86316	2714.98	14050.8	6051.37	5262.9	52476.7	0.0773116	0	75.528	1189.85	17.2431	0.00609496	0	110.989	0	212.125	0.0322161	266.143	1374.09	0	3811.91	2824.78	0	0	3.94416	0	0.00591605	0	877.218	0	0	0	34.1433	0	0.55959	0	6924.38	22966.7	0	0	30.618	0	6.88316	0.0334575	0	0	0	0	0.195145	0	16.4324	49136.6	42387.5	125615	68.066	5626.74	214.502	1761.91	26.7527	0.613762	896.703	30386.6	8427.86	26386.9	41.2475	3074.72	23630.6	8383.79	27067	72915.9	22425.2	82356	67037	7552.56	29945.2	317683	317683	
91.27	0	3273.09	881.49	0	0	3.48434	0	0	0	0	0	3306.85	205.643	0	0.981545	1127.84	525.482	2853.16	4141.67	14.433	6020.7	24.8278	0	0	0	0	0	5195.3	2413.99	0	78.0419	7683.97	41547.5	2354.95	27694.5	50.9136	26.7778	16.9091	535.962	2.48523	0.550803	0	0	0	0	0	14.2348	93.3878	0	16109.3	4778.92	0	0	6.58891	0	0	0	0	606.213	319.627	326.497	0.0154169	7.42244	485.788	46.4646	2125.34	10136	0	48.4741	52.7619	15.2327	0.000199818	0	18.7418	30446.9	129.78	23799.1	7.56264	2902.29	15862.4	5901.97	5287.28	52245.2	0.0736504	0	75.1792	1120.66	16.2879	0.00558637	0	114.511	0	219.59	0.0366244	284.3	1568.88	0	3782.37	2754.23	0	0	3.8925	0	0.00558869	0	838.321	0	0	0	37.2248	0	0.63291	0	6829.83	22477.2	0	0	29.935	0	6.31983	0.0314703	0	0	0	0	0.220648	0	18.959	48021.4	42615.3	125109	65.4203	6095.96	213.579	1671.86	25.0988	0.58786	857.063	31167.6	8951.56	26964.8	45.0601	3287.27	26841.8	8799.38	28951.6	72338.2	22640.3	85591.1	66834	7416.68	29362.5	321934	321934	
91.77	0	3282.94	881.399	0	0	3.4466	0	0	0	0	0	3458.08	210.458	0	1.03323	1280.38	506.322	2815.34	4119.14	13.6122	6471.81	24.5114	0	0	0	0	0	5407.4	2426.6	0	80.9825	8546.08	40469	2347.99	27676.4	48.5462	29.0923	16.7454	516.77	2.39983	0.524191	0	0	0	0	0	15.0682	104.298	0	16080.2	4692.42	0	0	6.47407	0	0	0	0	599.625	334.776	334.807	0.0165873	7.83076	545.817	44.3214	2109.56	10011.9	0	53.1893	51.8671	14.0811	0.000192219	0	17.854	30364.4	134.426	23909.6	8.1499	3046.1	17455.6	5720.98	5225.33	51351	0.0690677	0	73.5246	1054.11	15.5125	0.00522834	0	116.904	0	223.045	0.0400451	297.307	1765.17	0	3709.46	2658.36	0	0	3.79993	0	0.00529991	0	801.168	0	0	0	39.858	0	0.710185	0	6656.49	21817	0	0	28.9399	0	5.92534	0.0301307	0	0	0	0	0.239663	0	20.8795	46740.6	42227.3	123208	62.2275	6554.09	209.309	1584.96	23.8432	0.55955	819.022	31081	9334.68	27104.5	48.3042	3448.32	29719	9117.73	30411.8	71226.8	22602	87221.1	65843	7213.36	28529.5	322165	322165	
92.26	0	3291.77	897.864	0	0	3.52139	0	0	0	0	0	3678.1	213.862	0	1.1833	1458.69	511.39	2838.48	4274.41	13.178	7068.77	24.7728	0	0	0	0	0	5718.29	2506.95	0	85.0427	9550.66	39798.5	2343.4	27661.6	46.5047	32.3105	16.6568	501.369	2.42709	0.522241	0	0	0	0	0	15.6603	116.58	0	16282.7	4746.78	0	0	6.50422	0	0	0	0	611.98	350.133	342.846	0.0170885	8.01644	616.82	44.4335	2128.31	10105.1	0	57.7157	51.7305	13.5268	0.000182799	0	18.6811	30691.2	139.131	24409.6	8.84176	3248.95	19282.9	5615.27	5169.33	50434.1	0.0648816	0	71.4815	1023.18	15.5969	0.00530696	0	118.454	0	223.322	0.0425445	311.453	1948.95	0	3693.13	2609.35	0	0	3.75699	0	0.00500767	0	784.134	0	0	0	43.2923	0	0.770719	0	6706.87	21928.7	0	0	29.1959	0	6.05166	0.0306025	0	0	0	0	0.253455	0	23.1048	45969.6	42453.9	122658	59.7476	7158.79	207.62	1538.08	24.0809	0.55815	802.815	31421.6	9885.65	27696.5	52.4471	3670.31	32998.5	9544.99	32591.9	70535.6	22965.7	90200	64931.3	7134.43	28694.2	326598	326598	
92.74	0	3372.91	928.889	0	0	3.70645	0	0	0	0	0	3978.75	226.923	0	1.27042	1686.65	515.968	2905.39	4410.58	13.0417	7767.34	25.4831	0	0	0	0	0	6130.64	2588.42	0	91.7264	10829	39555.1	2404.29	28197.8	45.3451	35.251	16.9537	490.053	2.34475	0.521104	0	0	0	0	0	16.0554	129.942	0	16840.7	4919.93	0	0	6.72429	0	0	0	0	645.538	374.444	347.938	0.0179383	8.36147	696.034	44.9754	2187.37	10387.6	0	63.2603	53.1343	13.386	0.000171827	0	19.0609	31484.6	146.77	25302.6	9.77384	3492.83	21750.2	5586.41	5262.59	51011.3	0.062568	0	71.8202	989.982	15.0825	0.00518057	0	119.553	0	226.832	0.0450982	331.086	2165.76	0	3802.58	2683.66	0	0	3.82521	0	0.0047941	0	783.601	0	0	0	48.169	0	0.840801	0	6939.45	22538.6	0	0	30.3048	0	5.96805	0.0295084	0	0	0	0	0.271882	0	27.2382	45702.5	43715.2	125078	58.4493	7865.85	211.952	1493.42	23.4003	0.555793	802.662	32249.7	10630.6	28692.7	58.2778	3941.33	37285.7	10199.1	35277.6	70893.7	23839.7	94955.6	65780.5	7322.69	29541.8	337811	337811	
93.21	0	3524.08	948.098	0	0	3.80472	0	0	0	0	0	4289.66	233.917	0	1.27614	1922.17	502.094	2938.55	4450.14	12.889	8384.54	26.2832	0	0	0	0	0	6529.96	2620.51	0	97.9561	12206.5	38694.8	2461.47	28714.5	44.4761	37.7124	17.3539	471.353	2.13846	0.486876	0	0	0	0	0	17.6102	147.444	0	17624.2	5118.27	0	0	6.95979	0	0	0	0	657.308	409.767	360.838	0.0206555	9.28453	789.588	43.3024	2245.62	10692.7	0	69.6648	54.7034	12.6247	0.000175641	0	18.2636	32116.3	157.008	25941.5	10.7605	3693.31	24349.4	5464.08	5411.01	52575.5	0.0612909	0	74.2994	937.193	13.8024	0.00474169	0	121.245	0	235.349	0.0495301	354.683	2454.62	0	4015.74	2812.26	0	0	4.03358	0	0.00483069	0	803.11	0	0	0	53.262	0	0.996427	0	7004.33	22612.2	0	0	30.4735	0	5.53228	0.0265641	0	0	0	0	0.302582	0	31.0446	44704.3	45225	127924	57.4264	8491.92	217.911	1421.17	21.4782	0.518181	821.374	32894.8	11386.4	29392.1	64.3953	4174.12	41901.7	10923	37769.4	70609.4	24976.2	99405.1	67641.9	7689.41	29683.9	348698	348698	
93.67	0	3512.65	930.706	0	0	3.73888	0	0	0	0	0	4420.84	225	0	1.25867	2072.92	473.198	2841.99	4332.45	12.2301	8613.62	26.0444	0	0	0	0	0	6634.67	2531.21	0	100.059	13030.1	36089.4	2390.91	27865.3	41.5639	38.6609	16.9337	432.534	1.90921	0.435439	0	0	0	0	0	18.291	159.854	0	17665.2	5124.59	0	0	6.90692	0	0	0	0	636.536	426.701	357.718	0.0224845	9.6536	854.457	40.2693	2211.45	10559.1	0	72.7412	53.9615	11.4812	0.000174748	0	16.7617	31301.3	160.823	25388.5	11.2455	3726.91	25896.6	5097.59	5306.6	51648.2	0.0571017	0	73.4832	856.299	12.3532	0.00432315	0	117.045	0	232.104	0.0520784	359.855	2649.18	0	4081.4	2829.38	0	0	4.11813	0	0.00474545	0	798.888	0	0	0	56.0511	0	1.14374	0	6803.33	21862.6	0	0	29.5205	0	5.0968	0.0235828	0	0	0	0	0.321453	0	32.6766	41700.4	44813.6	125152	53.8511	8725.03	214.707	1300.31	19.3641	0.463344	815.65	32054.9	11643	28734.6	67.6925	4216.02	44696.9	11167.1	38595.5	67055.8	25081.8	99451.2	66352.8	7770.98	28733.6	344209	344209	
94.12	0	3365.83	890.736	0	0	3.62242	0	0	0	0	0	4407.04	207.43	0	1.25076	2146.93	441.655	2672.27	4148.03	11.3176	8573.71	25.108	0	0	0	0	0	6542.07	2397.08	0	99.1795	13369.1	32724.9	2241.03	26108.7	37.4788	38.5712	15.9208	386.062	1.73314	0.391194	0	0	0	0	0	17.8353	163.759	0	17128.5	5003.89	0	0	6.68562	0	0	0	0	607.774	425.986	344.025	0.0236804	9.50971	893.301	37.16	2106.95	10164.8	0	72.5484	51.7864	10.2983	0.000162355	0	15.6246	29666.5	157.423	24163.4	11.3379	3650.82	26531	4634.27	5010.28	48867	0.0522469	0	69.7349	772.816	11.1605	0.00401859	0	107.222	0	216.805	0.0519447	352.752	2698.01	0	4026.47	2766.35	0	0	4.06871	0	0.00450641	0	773.515	0	0	0	57.1075	0	1.21434	0	6531.63	20896.4	0	0	28.3789	0	4.77589	0.0213488	0	0	0	0	0.324377	0	33.5152	37838	43082.9	118846	48.8487	8684.83	205.306	1169.18	17.6742	0.416562	789.14	30381.5	11532.5	27328.8	68.8455	4131.35	45836.8	11022.8	38279.5	61736.4	24419.7	96639.6	62740.2	7628.73	27495.1	329962	329962	
94.56	0	3199.41	860.693	0	0	3.55354	0	0	0	0	0	4391.81	194.722	0	1.30546	2216.38	420.027	2534.23	4008.21	10.5727	8558.4	24.332	0	0	0	0	0	6459.21	2298	0	98.5777	13692.6	29911.1	2097.02	24481.7	33.795	38.5223	14.9756	347.6	1.62795	0.359301	0	0	0	0	0	16.6172	165.4	0	16628.4	4923.93	0	0	6.51998	0	0	0	0	591.371	422.897	323.821	0.0238638	9.14357	924.49	35.1782	2014.52	9815.47	0	71.424	50.0193	9.5546	0.00014784	0	14.9573	28326.9	153.478	23131.3	11.423	3598.09	26913	4251.67	4746.4	46225	0.0477263	0	65.7446	715.159	10.5391	0.00380135	0	97.564	0	200.307	0.0510054	343.998	2684.13	0	3982.17	2708.76	0	0	4.0189	0	0.0042644	0	751.273	0	0	0	58.2711	0	1.25217	0	6344.79	20342.7	0	0	27.9903	0	4.63139	0.0199534	0	0	0	0	0.324713	0	35.336	34618	41546.9	113366	44.4154	8668.34	197.154	1072.31	16.8029	0.383055	766.231	29015.8	11427.4	26148.1	70.0937	4067.74	46632.5	10867.9	38104.2	57108.7	23830.6	94145.2	59340.6	7505.74	26755.8	317659	317659	
94.99	0	3099.91	834.47	0	0	3.48347	0	0	0	0	0	4362.54	189.09	0	1.33338	2295.98	392.241	2452.07	3872.99	9.91929	8385.35	23.5739	0	0	0	0	0	6467.17	2208.21	0	99.4099	14092.6	27718.1	1989.28	23353	31.0324	37.651	14.3298	321.294	1.5301	0.337707	0	0	0	0	0	15.3075	167.481	0	16242.9	4886.23	0	0	6.41847	0	0	0	0	577.484	427.932	314.264	0.0244504	8.96079	973.352	32.9464	1964.42	9506.28	0	71.1459	49.3406	8.90101	0.000132982	0	14.1373	27526.7	153.566	22214.2	11.4466	3540.72	27519.7	3947.13	4539.56	44253.2	0.0445749	0	63.3027	666.348	9.92872	0.00347744	0	88.9052	0	188.951	0.0515752	331.85	2708.55	0	3957.33	2671.95	0	0	3.99413	0	0.00411768	0	721.468	0	0	0	58.6633	0	1.30563	0	6205.28	19969.7	0	0	27.9239	0	4.40145	0.018702	0	0	0	0	0.333053	0	38.6077	32090.4	40450.8	109348	40.9963	8494.15	192.367	996.543	15.8645	0.359887	735.605	28193.1	11411.2	25114.7	70.519	3997.58	47797.6	10786.8	38003.6	53649.3	23437.6	92613.5	56797.8	7414.72	26246.3	308949	308949	
95.42	0	3025.23	812.951	0	0	3.38537	0	0	0	0	0	4360.32	175.711	0	1.31256	2358.2	371.595	2358.77	3754.32	9.33659	8314.88	22.955	0	0	0	0	0	6421.74	2107.44	0	98.9697	14392.3	26319	1890.69	22593.6	29.1262	37.7265	14.0044	305.335	1.46566	0.320201	0	0	0	0	0	14.677	176.038	0	15936.3	4847.81	0	0	6.32535	0	0	0	0	556.147	433.125	305.413	0.0257787	9.02792	1019.79	31.2131	1905.81	9282.92	0	71.0792	48.4773	8.1876	0.000127943	0	13.2336	26604.6	154.025	21438.2	11.4492	3500.89	27932.4	3763.7	4366.36	43146.5	0.0420936	0	62.3627	630.441	9.4522	0.00327165	0	83.6535	0	181.54	0.0522519	330.862	2787.77	0	3926.02	2639.22	0	0	4.00169	0	0.00401107	0	701.518	0	0	0	58.8718	0	1.40831	0	6040.17	19603.6	0	0	27.4823	0	4.1951	0.0175321	0	0	0	0	0.340639	0	40.3665	30485.5	39449.3	106681	38.5049	8423.69	188.994	943.964	15.1171	0.341004	714.751	27244.4	11369.2	24208.3	70.7397	3955.74	48708.3	10737.1	37852.3	51381.9	23113.9	91002.5	55362.8	7331.04	25716.2	302498	302498	
95.83	0	2905.83	792.762	0	0	3.28801	0	0	0	0	0	4323.51	164.886	0	1.29766	2389.46	358.622	2259.97	3667.05	8.77664	8203.13	22.1337	0	0	0	0	0	6325.04	2002.25	0	96.4423	14439.6	25273.1	1810.13	21942.1	27.4879	37.819	13.6304	291.7	1.426	0.313476	0	0	0	0	0	13.9761	183.151	0	15454.4	4753.15	0	0	6.13499	0	0	0	0	530.972	427.314	290.002	0.0256841	8.68635	1040.23	30.031	1835.07	9015.61	0	69.7728	46.9046	7.62049	0.000118188	0	12.4283	25333.1	150.892	20532.6	11.2203	3436.3	27720.1	3619.14	4197.64	41895.2	0.0395755	0	60.5731	598.724	9.10785	0.00317557	0	78.375	0	172.678	0.0510907	324.644	2797.07	0	3824.47	2560.08	0	0	3.915	0	0.00383252	0	669.105	0	0	0	57.8807	0	1.43663	0	5870.54	19220.2	0	0	26.7908	0	4.02939	0.016828	0	0	0	0	0.337283	0	41.5627	29280.9	38158.1	103846	36.3041	8310.73	183.371	898.045	14.5672	0.333479	681.533	25942.4	11226.8	23162.4	69.5151	3881.34	48612.6	10581	37383	49594.8	22510.9	88201.6	53753.2	7116.89	25163.5	294305	294305	
96.24	0	2817.48	784.192	0	0	3.19717	0	0	0	0	0	4319.59	155.714	0	1.24174	2434.33	350.154	2185.02	3608.03	8.30993	8124.6	21.396	0	0	0	0	0	6290.32	1898.91	0	93.6368	14482.9	24588.8	1773.73	21696.7	26.2758	37.8633	13.3404	282.298	1.37989	0.3122	0	0	0	0	0	13.4603	189.336	0	15081.6	4649.8	0	0	5.92439	0	0	0	0	504.435	427.728	273.738	0.025195	8.47338	1052.98	29.2351	1781.71	8827.93	0	69.5601	45.2813	7.0546	0.000111222	0	11.6266	24071.9	149.649	19727.5	10.9418	3385.31	27353.4	3521.5	4087.55	41094.7	0.0374883	0	58.8145	571.996	8.73191	0.0030799	0	75.1168	0	165.499	0.0502533	321.087	2822.05	0	3718.17	2468.53	0	0	3.78444	0	0.00367385	0	633.757	0	0	0	56.454	0	1.45422	0	5715.35	18810.7	0	0	25.9243	0	3.85189	0.0160664	0	0	0	0	0.330132	0	42.8311	28489.7	37160.7	101941	34.6233	8232.03	177.662	861.348	13.9675	0.331347	645.384	24651.4	11187.3	22221.4	67.8014	3823.21	48379.3	10515.7	37063.3	48623.5	22004.7	85471.1	52727.1	6882.16	24599	287887	287887	
96.63	0	2727.62	770.241	0	0	3.0716	0	0	0	0	0	4287.08	146.536	0	1.17367	2452.34	340.052	2100.98	3501.63	7.83346	7967.09	20.5246	0	0	0	0	0	6232.13	1775.81	0	89.8837	14303.9	23919.1	1746.98	21514	25.206	37.456	13.0135	273.016	1.30617	0.305722	0	0	0	0	0	13.0214	191.353	0	14674.2	4497.55	0	0	5.6538	0	0	0	0	471.106	427.656	258.32	0.0247772	8.2768	1052.32	28.1595	1724.93	8618.23	0	69.1577	43.2547	6.48086	0.000106545	0	10.7037	22651.8	148.192	18793.1	10.5497	3300.81	26594.5	3411.89	3998.02	40402	0.035636	0	56.89	541.66	8.22347	0.00288188	0	72.6122	0	159.098	0.0490476	316.531	2840.4	0	3596.38	2359.34	0	0	3.62114	0	0.00354418	0	595.592	0	0	0	54.25	0	1.46907	0	5485.66	18134.7	0	0	24.6217	0	3.57431	0.0146237	0	0	0	0	0.32072	0	43.2708	27699.2	36054.8	99797.7	33.0751	8073.71	170.651	821.157	13.1076	0.323227	606.295	23195.5	11095.1	21132.9	65.1942	3729.69	47479.5	10388.1	36339.8	47734.8	21395.1	81999.9	51807.4	6610.65	23692.1	279968	279968	
97.02	0	2610.9	752.689	0	0	2.92472	0	0	0	0	0	4207.94	134.821	0	1.11088	2431.37	328.518	2006.55	3396.29	7.33728	7732.99	19.5086	0	0	0	0	0	6124.5	1649.65	0	85.5494	13878.9	23066	1703.17	21087.5	23.9823	36.457	12.5104	262.211	1.24739	0.293385	0	0	0	0	0	12.5051	188.237	0	14152.1	4313.33	0	0	5.34941	0	0	0	0	436.298	422.148	241.532	0.0237424	7.95045	1031.37	26.9827	1658.8	8351.05	0	67.9267	40.8783	5.91214	0.000101225	0	10.0424	21145.4	145.352	17730.3	10.0629	3186.5	25418.6	3276.6	3872.59	39246.1	0.033574	0	54.1283	511.907	7.79318	0.00274308	0	69.7867	0	150.151	0.0473435	307.711	2810.83	0	3448.69	2225.79	0	0	3.4282	0	0.0033652	0	556.346	0	0	0	51.5218	0	1.4619	0	5222.38	17427.6	0	0	23.2955	0	3.36958	0.0137985	0	0	0	0	0.306376	0	42.1756	26698.1	34675.2	96800.3	31.3532	7837.37	162.023	780.03	12.4136	0.309927	566.388	21651.5	10899.9	19906.4	61.9622	3601.33	45803	10141.8	35229.8	46394.1	20610.1	77797.8	50307.7	6287.24	22719.1	269488	269488	
97.41	0	2518.96	751.689	0	0	2.87491	0	0	0	0	0	4213.37	124.568	0	1.14936	2434.69	328.512	1967.56	3428.53	7.05002	7663.64	18.9795	0	0	0	0	0	6134.22	1595.43	0	82.6259	13670.1	22472.8	1664.29	20717.9	22.8908	36.6877	12.1378	254.091	1.2655	0.290393	0	0	0	0	0	11.7288	184.288	0	13836.5	4242.81	0	0	5.17661	0	0	0	0	417.378	415.125	227.361	0.0224613	7.48598	1023.32	26.8259	1619.78	8238.01	0	67.0148	39.4572	5.69151	9.48208e-05	0	9.99079	20230.6	144.015	17096.1	9.75893	3145.6	24653.8	3199.49	3774.01	38133	0.0320437	0	51.2289	498.89	7.86615	0.00283485	0	67.5	0	139.811	0.0455332	300.303	2734.3	0	3344.99	2133.88	0	0	3.28045	0	0.00322497	0	531.411	0	0	0	50.0024	0	1.40549	0	5164.47	17362.5	0	0	22.9897	0	3.44972	0.0142468	0	0	0	0	0.291775	0	41.6858	26027.7	33890.6	95008.2	29.9729	7767.34	156.125	758.673	12.5847	0.307475	541.402	20715.4	10906.7	19183.2	60.1211	3548.89	44743.5	10047.3	34896.6	45378.4	20175.2	75286.5	48906.4	6064.97	22595.4	263351	263351	
97.78	0	2488.98	757.665	0	0	2.91596	0	0	0	0	0	4286.87	120.607	0	1.16276	2466.68	326.022	1962.1	3437.16	6.90623	7663.9	18.7606	0	0	0	0	0	6233.2	1551.89	0	81.8423	13650.6	22254.3	1673.87	20887	22.3371	36.5852	12.0633	249.751	1.23117	0.295642	0	0	0	0	0	11.206	184.178	0	13781.1	4234.02	0	0	5.13844	0	0	0	0	412.75	415.034	214.483	0.0211201	7.26519	1022.14	27.0888	1615.5	8278.71	0	67.4813	39.276	5.63954	9.10318e-05	0	9.54743	19774.7	145.532	16786.1	9.71783	3140.83	24519.4	3180.9	3762.31	38171.5	0.0307721	0	50.153	485.984	7.67193	0.0028082	0	66.5549	0	133.42	0.0443791	297.66	2696.41	0	3339.16	2140.02	0	0	3.23878	0	0.00305117	0	519.421	0	0	0	49.9848	0	1.36748	0	5257.77	17637.4	0	0	23.2961	0	3.40453	0.013985	0	0	0	0	0.2841	0	43.7142	25788.3	33880.8	95543.5	29.2741	7767.97	154.842	741.375	12.3108	0.312435	528.968	20254	11080.6	18806.4	60.0522	3539.96	44584.5	10124.9	34932.4	45332.8	20092	74419.5	48852.7	6053.2	22965.9	262773	262773	
98.15	0	2498.59	749.466	0	0	2.88779	0	0	0	0	0	4345.6	113.609	0	1.08451	2471.62	310.629	1931.52	3365.97	6.72253	7555.56	18.5382	0	0	0	0	0	6284.33	1479.98	0	81.0745	13552.1	21801.5	1682.57	21030.8	22.0056	35.7056	12.0238	242.489	1.12467	0.285304	0	0	0	0	0	11.4284	190.035	0	13835.9	4202.35	0	0	5.11875	0	0	0	0	398.609	425.308	209.138	0.0215771	7.61129	1030.53	25.989	1609.64	8320.07	0	68.1219	39.0973	5.20039	9.31904e-05	0	8.71815	19279.1	148.567	16368.4	9.69298	3098.37	24332.4	3125.09	3790.74	38941.4	0.0298416	0	50.7041	462.978	7.06272	0.00257766	0	65.8992	0	131.257	0.0450667	298.18	2743.71	0	3383.56	2173.64	0	0	3.29687	0	0.00301158	0	516.097	0	0	0	49.8758	0	1.42547	0	5210.09	17497.6	0	0	22.9048	0	3.18093	0.0127927	0	0	0	0	0.288014	0	44.0177	25263.3	33942.6	96281.2	28.758	7659.39	154.572	710.668	11.3714	0.300674	524.815	19743.7	11203.8	18302.4	59.9235	3497.75	44365.8	10182.9	34586.4	45030	20114.5	73313.4	49617.1	6127.89	22778.1	261750	261750	
98.51	0	2424.2	709.902	0	0	2.71126	0	0	0	0	0	4206.66	104.903	0	1.01771	2372.12	281.988	1841.44	3192.39	6.28097	7030.9	17.4707	0	0	0	0	0	6104.36	1365.87	0	77.0603	12902.2	20236.4	1608.99	20075.6	20.6009	33.0645	11.3962	224.983	1.01254	0.262428	0	0	0	0	0	10.6166	185.877	0	13389.7	4046.49	0	0	4.9044	0	0	0	0	370.387	421.432	201.042	0.0213338	7.68921	1015.99	23.4433	1549.81	7971.99	0	65.7931	37.4411	4.63151	8.96369e-05	0	7.8395	18240.7	146.33	15269.7	9.18174	2918.82	23091.1	2908.05	3646.6	37651.8	0.027759	0	48.6355	424.28	6.37587	0.00234995	0	61.6232	0	123.446	0.0442022	282.543	2638.82	0	3300.98	2107.64	0	0	3.22493	0	0.00288054	0	489.919	0	0	0	47.229	0	1.40909	0	4945.05	16662.9	0	0	21.6821	0	2.90184	0.0117065	0	0	0	0	0.282711	0	43.1383	23449.8	32706.8	92418.6	26.9096	7129.76	147.466	653.894	10.2932	0.276485	497.759	18672.7	10878.8	17065	56.759	3297.74	42250.6	9821.51	32820	42408.7	19457.6	69336.7	47792.2	5950.4	21675.9	249263	249263	
98.86	0	2250.56	654.756	0	0	2.50957	0	0	0	0	0	3977.7	92.4579	0	0.95416	2199.77	254.243	1694.24	2973.12	5.72479	6438.64	16.1018	0	0	0	0	0	5722.41	1235.72	0	70.5022	11892.3	18341.2	1480.03	18506.2	18.5865	30.3387	10.4882	204.389	0.921885	0.235787	0	0	0	0	0	9.4983	177.893	0	12541.4	3803.96	0	0	4.58513	0	0	0	0	339.738	400.109	183.046	0.0197661	7.25536	956.437	21.3564	1438.15	7449.14	0	60.968	34.8516	4.15323	8.26843e-05	0	7.02503	16789.8	138.761	13964	8.54336	2694.95	21273.8	2669.47	3377.67	35043.6	0.024894	0	44.96	384.61	5.81341	0.00213999	0	55.9096	0	111.878	0.0408269	260.024	2450.92	0	3114.33	1997.57	0	0	3.07207	0	0.00264466	0	458.714	0	0	0	44.1583	0	1.36427	0	4641.19	15716.8	0	0	20.3952	0	2.71777	0.0109745	0	0	0	0	0.263558	0	40.1764	21286.3	30537.6	86145.1	24.3362	6529.94	136.964	593.152	9.45578	0.248902	465.739	17185.4	10239	15587.1	53.0258	3043.18	38992.6	9178.71	30303	38779.7	18236.6	63885.5	44404.9	5619.21	20421.6	230829	230829	
99.2	0	2086.75	610.22	0	0	2.37519	0	0	0	0	0	3780.77	83.4144	0	0.944329	2055.17	234.782	1574.48	2813.13	5.28623	5979.73	14.976	0	0	0	0	0	5401.78	1140.06	0	64.9345	11061.3	16799.5	1362.43	17107.9	16.8545	28.6079	9.67487	186.933	0.870963	0.213427	0	0	0	0	0	8.43106	168.265	0	11799.4	3617.61	0	0	4.33009	0	0	0	0	318.978	378.17	166.803	0.0176053	6.73828	904.092	19.8122	1340.75	7031.44	0	56.5487	32.7112	3.83379	7.5635e-05	0	6.59382	15636	130.611	12926.7	8.0375	2517.93	19801	2476.11	3142.76	32669	0.0222141	0	41.4449	356.596	5.51772	0.00203681	0	50.9111	0	100.6	0.037533	241.797	2234.32	0	2953.71	1905.86	0	0	2.93379	0	0.00243064	0	433.022	0	0	0	41.9009	0	1.26557	0	4421.79	15124.6	0	0	19.7162	0	2.65992	0.0106696	0	0	0	0	0.245151	0	38.5009	19530.2	28682.1	80879.7	22.1629	6064.89	128.162	547.362	9.05111	0.226133	439.615	16005.9	9691.33	14417.6	50.2387	2840.77	36263.9	8619.65	28290.5	35689.7	17196.2	59512	41319.1	5338.7	19607.5	215573	215573	
99.54	0	1957.86	573.627	0	0	2.28139	0	0	0	0	0	3613.97	76.9698	0	0.909329	1938.4	218.89	1478.74	2659.72	4.94329	5634.6	14.0792	0	0	0	0	0	5147.96	1060.34	0	60.6832	10454.6	15712.7	1276.05	16184.3	15.6465	26.9463	9.12274	174.585	0.819128	0.200745	0	0	0	0	0	7.44639	162.03	0	11203.7	3476.6	0	0	4.15069	0	0	0	0	304.756	361.589	152.589	0.0159541	6.33907	858.403	18.2957	1260.72	6713.93	0	53.6105	31.2593	3.63891	6.98234e-05	0	6.12174	14751.4	124.675	12139.2	7.68589	2380.73	18761.6	2327.83	2957.8	31068	0.0204206	0	39.2835	333.604	5.19355	0.0019416	0	47.3571	0	93.0763	0.0349877	228.299	2094.92	0	2839.77	1854.43	0	0	2.8409	0	0.0022811	0	411.085	0	0	0	40.3451	0	1.20946	0	4269.44	14738.3	0	0	19.3417	0	2.57637	0.0101834	0	0	0	0	0.232299	0	38.4388	18277.7	27244.1	77268.9	20.6102	5715.15	122.359	511.828	8.5914	0.212871	417.207	15103.5	9248.19	13522.1	48.3142	2684.41	34309.6	8164.01	26734.6	33569.8	16368.2	56252.8	39195.4	5149.68	19068.4	204503	204503	
99.87	0	1868.97	544.095	0	0	2.18935	0	0	0	0	0	3485.99	71.0741	0	0.87098	1844.24	206.529	1402.01	2556.95	4.66774	5369.97	13.4104	0	0	0	0	0	4954.98	994.135	0	57.37	9968.89	14923.3	1207.82	15545.5	14.8527	26.0564	8.73951	165.781	0.781568	0.192323	0	0	0	0	0	7.08383	160.002	0	10759.5	3367.8	0	0	3.99565	0	0	0	0	289.182	349.825	143.629	0.0149317	6.13666	828.778	17.0279	1201.15	6490.46	0	51.8013	30.0813	3.39381	6.80374e-05	0	5.74067	14029.3	120.073	11512.2	7.39046	2271.92	17913.9	2215.24	2819.42	30063.4	0.0191268	0	38.0843	316.677	4.93957	0.00185657	0	45.4746	0	88.8367	0.0337942	220.095	2017.35	0	2756.43	1810.41	0	0	2.78817	0	0.00218201	0	395.225	0	0	0	38.8974	0	1.20068	0	4112.46	14320.1	0	0	18.7612	0	2.47417	0.00965283	0	0	0	0	0.225629	0	38.1396	17362.1	26127.8	74698.7	19.5396	5447.83	118.05	485.851	8.19755	0.203832	400.966	14363.9	8910.87	12809.9	46.5622	2563.48	32772.5	7817.42	25528.9	32060.1	15748.9	53654.4	37829.6	5004.96	18492.2	196136	196136	
100.19	0	1774.51	520.649	0	0	2.09579	0	0	0	0	0	3366.96	65.1881	0	0.827617	1750.8	198.139	1329.2	2482.27	4.40847	5129.12	12.7247	0	0	0	0	0	4775.55	933.525	0	54.1446	9464.07	14273.3	1152.03	14977.8	14.1087	25.2464	8.37402	158.011	0.761686	0.18675	0	0	0	0	0	6.55535	155.66	0	10314.3	3252.92	0	0	3.81737	0	0	0	0	272.47	335.062	134.198	0.0138848	5.73023	792.077	16.2174	1147.25	6265.11	0	49.6404	28.7364	3.19014	6.51674e-05	0	5.42842	13275.7	115	10911.7	7.04385	2169.72	16988	2124.73	2698.64	28969.9	0.0179387	0	36.4767	302.211	4.76972	0.00182033	0	43.4966	0	83.9944	0.0319767	209.806	1930.91	0	2651.77	1744.78	0	0	2.69338	0	0.00205149	0	375.228	0	0	0	37.1581	0	1.17848	0	3952.8	13877.5	0	0	18.0492	0	2.4035	0.00937657	0	0	0	0	0.215731	0	36.7208	16612.4	25020.5	72091	18.5351	5204	112.968	463.412	7.93703	0.197947	380.656	13591.7	8592.57	12128.7	44.4635	2446.79	31119.4	7481.03	24383.1	30772.1	15110.6	50982.8	36405	4812.8	17887.7	187835	187835	
100.51	0	1700.81	505.499	0	0	1.99865	0	0	0	0	0	3279.33	60.7307	0	0.76206	1677.41	191.831	1271.74	2420.59	4.18723	4923.37	12.1124	0	0	0	0	0	4648.55	874.594	0	51.1139	8990.86	13812.8	1121.25	14647.4	13.5371	24.4853	8.09402	152.766	0.738242	0.182199	0	0	0	0	0	6.22525	151.06	0	9954.68	3143.83	0	0	3.63913	0	0	0	0	255.799	325.867	125.283	0.0129843	5.44204	756.475	15.6635	1103.43	6102.3	0	48.3358	27.4279	2.97515	6.179e-05	0	5.06096	12569.4	111.265	10395.3	6.70374	2087.51	16074.3	2063.21	2608.29	28113.6	0.0170535	0	34.8599	289.653	4.58224	0.00176342	0	41.8398	0	79.3134	0.0303094	201.605	1834.36	0	2547.28	1672.74	0	0	2.57478	0	0.00197167	0	354.416	0	0	0	35.3811	0	1.12516	0	3806.03	13421.6	0	0	17.2418	0	2.31744	0.00899563	0	0	0	0	0.205063	0	35.4629	16083.5	24113.5	70027.6	17.7414	4996.19	107.948	445.394	7.63996	0.192958	359.477	12867	8365.01	11535.2	42.3332	2352.66	29521	7226.54	23388.9	29938.6	14571	48549.6	35271.4	4613.52	17282.9	180842	180842	
100.82	0	1631.43	488.499	0	0	1.87668	0	0	0	0	0	3177.32	55.67	0	0.684846	1599.74	183.316	1210.79	2337.73	3.96238	4694.06	11.4598	0	0	0	0	0	4511.36	810.271	0	47.9078	8474.71	13369.1	1096.98	14377.6	13.0174	23.6333	7.7822	147.721	0.698772	0.174007	0	0	0	0	0	5.99104	146.314	0	9596.07	3001.77	0	0	3.43764	0	0	0	0	235.58	318.171	116.839	0.0122052	5.2116	717.857	14.9533	1061.1	5920.2	0	47.3964	25.9528	2.71711	5.99626e-05	0	4.64061	11811.2	107.945	9839.51	6.33944	1995.71	15085.6	1997.03	2529.4	27341.9	0.016215	0	33.2085	275.487	4.31349	0.0016567	0	40.6909	0	74.9697	0.0287073	194.411	1745.7	0	2439.81	1591.69	0	0	2.44639	0	0.00188745	0	332.541	0	0	0	33.3942	0	1.07889	0	3621.73	12837.3	0	0	16.2059	0	2.18435	0.00839067	0	0	0	0	0.194358	0	33.3823	15564.4	23187.3	67896.7	16.996	4765.09	102.37	425.925	7.19856	0.184054	337.182	12087.5	8114.8	10897.3	39.9689	2249.92	27804.3	6955.22	22285.6	29189	13994.9	45923.3	34237.2	4400.96	16511	173497	173497	
101.12	0	1550.45	469.817	0	0	1.75	0	0	0	0	0	3049.65	49.6926	0	0.636957	1506.67	174.559	1150.96	2236.75	3.72027	4441.26	10.7637	0	0	0	0	0	4339.58	747.954	0	44.4009	7908.66	12839.7	1057.22	13981.1	12.3971	22.5702	7.37322	141.935	0.666331	0.165762	0	0	0	0	0	5.65818	139.68	0	9168.3	2847.73	0	0	3.21725	0	0	0	0	215.922	307.001	108.445	0.0113838	4.96884	677.861	14.101	1013.46	5686	0	45.8791	24.3217	2.50305	5.80965e-05	0	4.33184	11000.8	103.902	9230.71	5.93431	1891.23	13994.5	1915.86	2424.17	26298.1	0.0153083	0	31.1082	261.388	4.0832	0.00157611	0	39.1861	0	69.2726	0.0268543	186.161	1627.32	0	2318.12	1490.75	0	0	2.29641	0	0.00181312	0	310.758	0	0	0	31.2478	0	1.00927	0	3424.99	12237.1	0	0	15.1608	0	2.08432	0.0078685	0	0	0	0	0.181989	0	30.1722	14944.2	22107.7	65247.4	16.1327	4509.71	95.9912	405.826	6.83572	0.175207	315.089	11255.9	7800.14	10206.1	37.4023	2133.06	25885.9	6628.67	21058.6	28208.4	13333.5	43017.6	32856.7	4154.18	15709.7	164967	164967	
101.42	0	1487.27	465.468	0	0	1.69489	0	0	0	0	0	2992.66	45.824	0	0.647653	1452.18	173.578	1121.18	2225.99	3.57018	4302.27	10.3679	0	0	0	0	0	4252.94	718.274	0	42.0456	7564.35	12469.2	1023.42	13669.7	11.8468	22.3016	7.03293	137.771	0.680063	0.16614	0	0	0	0	0	5.25093	133.653	0	8871.81	2779.29	0	0	3.08875	0	0	0	0	206.599	295.822	102.724	0.0104151	4.61145	653.935	14.0406	982.666	5552.79	0	44.3473	23.295	2.44257	5.48458e-05	0	4.3741	10496.5	100.937	8851.33	5.664	1835.86	13256.8	1871.08	2333.47	25339.3	0.0145074	0	29.085	255.947	4.13184	0.00163579	0	37.6735	0	63.7727	0.0252712	178.295	1500.55	0	2231.35	1415.95	0	0	2.18227	0	0.00176448	0	297.382	0	0	0	29.9147	0	0.907749	0	3360.51	12094.2	0	0	14.8224	0	2.14378	0.00815984	0	0	0	0	0.170752	0	28.2673	14527.9	21411.7	63542.7	15.4314	4368.92	91.5692	396.161	6.95751	0.175935	301.756	10740.8	7642.36	9781.92	35.7852	2066.71	24590.6	6445.75	20414.6	27481.1	12917.9	41171	31613.4	3977.68	15500.1	159521	159521	
101.71	0	1455.42	466.423	0	0	1.68737	0	0	0	0	0	2977.02	45.4496	0	0.631026	1434.98	171.931	1107.36	2210.45	3.47309	4221.23	10.126	0	0	0	0	0	4227.64	695.292	0	40.894	7392.11	12349.5	1024.2	13708.7	11.5668	21.669	6.91694	136.101	0.666817	0.166892	0	0	0	0	0	4.98523	128.902	0	8744.91	2753.68	0	0	3.04326	0	0	0	0	204.777	289.858	97.8001	0.0097405	4.41519	634.475	14.188	969.191	5497.46	0	44.0444	22.9858	2.44037	5.17243e-05	0	4.34405	10226.2	99.8872	8651.86	5.55947	1808.66	12898.4	1860.96	2316.45	25185.6	0.0140813	0	28.3035	250.301	4.03785	0.00162074	0	36.8437	0	60.9276	0.0245821	172.881	1431.97	0	2203.88	1408.64	0	0	2.13184	0	0.00170651	0	290.699	0	0	0	29.4722	0	0.844901	0	3393.58	12223.1	0	0	14.9083	0	2.10898	0.00822564	0	0	0	0	0.16499	0	29.4788	14396.6	21215	63454	15.054	4286.95	90.103	388.842	6.8154	0.176739	295.043	10467.8	7594.41	9551.33	35.231	2032.46	23951.1	6381.61	20080.5	27393.3	12733	40245.2	31348.3	3935.66	15663.4	157781	157781	
102	0	1446.06	456.366	0	0	1.64639	0	0	0	0	0	2932.12	43.8579	0	0.601967	1401.51	163.481	1084.52	2140.91	3.35578	4091.89	9.84809	0	0	0	0	0	4177.28	661.282	0	39.5091	7181.35	12125.8	1024.74	13711.3	11.4182	20.6285	6.84743	133.402	0.612155	0.156897	0	0	0	0	0	5.15178	128.187	0	8690.15	2706.9	0	0	2.99164	0	0	0	0	197.769	290.405	95.2618	0.00974447	4.55466	620.43	13.556	958.625	5435.58	0	43.2705	22.6119	2.35797	5.3721e-05	0	4.06438	9955.95	99.0324	8395.8	5.48284	1762.55	12539.4	1827.25	2330.79	25559.3	0.0137671	0	28.4607	239.759	3.72989	0.00150024	0	36.8685	0	60.8169	0.0247039	171.395	1438.21	0	2203.63	1423.06	0	0	2.14438	0	0.001692	0	288.309	0	0	0	29.0343	0	0.878042	0	3347.52	12095.7	0	0	14.5644	0	1.9527	0.00773322	0	0	0	0	0.165378	0	29.6047	14130	21086	63529.2	14.7877	4155.79	89.1149	375.519	6.29649	0.166131	292.373	10190.6	7498.83	9257.02	34.7169	1983.77	23339.6	6282.16	19553.4	27168.2	12608.5	39238.3	31696.6	3947.06	15489.6	155984	155984	
102.28	0	1392.03	429.354	0	0	1.54031	0	0	0	0	0	2767.74	40.1544	0	0.573082	1303.32	148.774	1026.09	2007.59	3.10773	3765.54	9.13373	0	0	0	0	0	3966.99	610.397	0	36.6324	6715.67	11299.8	977.423	13021.1	10.7491	18.8308	6.41851	124.147	0.55409	0.14179	0	0	0	0	0	4.96333	121.58	0	8341.61	2587.17	0	0	2.84598	0	0	0	0	183.825	281.01	91.1513	0.00925701	4.5447	595.642	12.1812	917.188	5130.24	0	40.36	21.3993	2.17602	5.23696e-05	0	3.67566	9378.85	94.9453	7798.54	5.14132	1642.37	11717.7	1691.14	2229.99	24637.3	0.0127867	0	27.1579	220.768	3.38546	0.00136368	0	34.8239	0	57.2615	0.0240451	162.045	1367.78	0	2121.01	1373.25	0	0	2.07401	0	0.0016258	0	272.725	0	0	0	27.1604	0	0.864878	0	3173.52	11504.2	0	0	13.6657	0	1.77301	0.00709864	0	0	0	0	0.161187	0	27.7333	13151.9	20178.9	60690.2	13.8696	3824.73	84.2354	347.091	5.71424	0.150253	276.4	9597.5	7110.69	8597.51	32.4962	1851.13	21850.3	5934.71	18289.9	25585.7	12087.8	36764.8	30431.7	3797.09	14721.1	147613	147613	
102.55	0	1288.13	396.908	0	0	1.42737	0	0	0	0	0	2558.07	36.2419	0	0.545291	1186.41	134.929	944.384	1848.85	2.80357	3415.01	8.31132	0	0	0	0	0	3655.76	555.687	0	33.2615	6100.14	10266.6	893.288	11957.8	9.75545	17.0539	5.88335	113.198	0.501746	0.127849	0	0	0	0	0	4.57576	109.925	0	7739.16	2411.66	0	0	2.64101	0	0	0	0	169.554	260.061	83.3781	0.00832079	4.25929	547.916	11.1106	848.372	4734.39	0	36.4846	19.7983	2.00493	4.8771e-05	0	3.37313	8633.9	87.7567	7105.33	4.7481	1504.43	10693	1550.14	2054.4	22883.8	0.0114463	0	24.9532	200.943	3.1017	0.00123887	0	31.68	0	51.7935	0.0222942	148.516	1242.7	0	1976.4	1293.6	0	0	1.94509	0	0.00150055	0	254.904	0	0	0	25.1357	0	0.803367	0	2969.51	10810.7	0	0	12.7565	0	1.63376	0.00646101	0	0	0	0	0.149985	0	25.8333	11962.8	18713.6	56337.8	12.5705	3468.54	77.7161	316.146	5.23876	0.135549	258.277	8835.13	6561.65	7832.43	30.0644	1695.59	19906.8	5467.74	16699.1	23378.7	11218.6	33684.7	28192.1	3552.78	13820.6	136014	136014	
102.82	0	1188.95	371.463	0	0	1.35207	0	0	0	0	0	2381.29	33.0498	0	0.538947	1094.85	125.457	878.162	1731.41	2.56015	3147.89	7.65372	0	0	0	0	0	3407.37	518.623	0	30.3969	5627.06	9432.47	817.728	11022	8.88639	15.7665	5.43276	104.326	0.475569	0.118928	0	0	0	0	0	4.11817	97.9545	0	7206.74	2271.64	0	0	2.4761	0	0	0	0	159.501	240.054	76.9952	0.0074345	3.9543	510.015	10.3764	786.074	4416.26	0	33.0275	18.532	1.9064	4.39385e-05	0	3.21686	8046.84	81.118	6565.15	4.4476	1396.73	9918.94	1435.79	1892.8	21294	0.0103481	0	22.9569	186.721	2.94963	0.0011728	0	28.5394	0	46.6656	0.0206854	137.338	1133.22	0	1855.72	1232.93	0	0	1.83296	0	0.00138478	0	240.554	0	0	0	23.5976	0	0.747153	0	2810.48	10354.9	0	0	12.2248	0	1.55481	0.00616874	0	0	0	0	0.139072	0	24.2436	11004.1	17436.7	52694.5	11.4569	3196.68	72.4613	292.953	4.98144	0.12627	243.771	8234.88	6109.83	7240.48	28.2124	1573.08	18407	5071.49	15476.6	21509.3	10471.4	31282.6	26181	3355.39	13203.5	126551	126551	
103.09	0	1113.05	351.671	0	0	1.29727	0	0	0	0	0	2243.55	31.058	0	0.51622	1026.01	117.593	824.993	1618.61	2.3779	2945.2	7.14289	0	0	0	0	0	3211.03	487.936	0	28.4311	5292.51	8837.1	760.015	10367.8	8.26692	14.6472	5.13314	97.901	0.45091	0.112421	0	0	0	0	0	3.77236	89.1098	0	6791.89	2167.03	0	0	2.35791	0	0	0	0	152.579	225.653	71.2544	0.00661251	3.75429	477.509	9.82568	734.912	4177.46	0	30.4584	17.6792	1.82635	4.02174e-05	0	3.01239	7613.68	76.3005	6161.33	4.24217	1312.77	9404.22	1346.35	1771.09	20195.8	0.00948019	0	21.7217	174.797	2.77681	0.00112329	0	26.2265	0	43.1526	0.0195692	129.678	1056.6	0	1765.93	1194.79	0	0	1.75032	0	0.00126859	0	229.204	0	0	0	22.5303	0	0.700796	0	2693.27	10057.1	0	0	11.8732	0	1.47858	0.00597044	0	0	0	0	0.131576	0	23.7137	10310.9	16455.2	50130.3	10.6543	2990.3	68.9556	274.524	4.7076	0.119515	232.216	7792.49	5756.54	6794.73	26.9303	1478.92	17370.4	4767.16	14535.8	20184.3	9892.04	29547.7	24768.3	3214.91	12787.5	119698	119698	
103.34	0	1060.16	336.099	0	0	1.23889	0	0	0	0	0	2140.76	29.0547	0	0.491087	971.063	111.528	781.848	1543.44	2.23761	2789.65	6.76579	0	0	0	0	0	3063.42	462.103	0	26.8706	5039.02	8396.74	718.128	9877.34	7.8611	13.8781	4.93173	93.119	0.430535	0.1064	0	0	0	0	0	3.60991	83.3354	0	6490.12	2086.52	0	0	2.25726	0	0	0	0	145.123	215.779	68.1444	0.00627194	3.63812	455.836	9.32254	696.66	4009.4	0	28.8213	16.9828	1.71743	3.82152e-05	0	2.84058	7269.87	72.8625	5848.69	4.07464	1248.27	9004.78	1276.83	1682.46	19436.1	0.00894722	0	20.9759	166.079	2.64309	0.00106762	0	24.6162	0	41.0781	0.0190688	123.784	1017.79	0	1695.19	1159.44	0	0	1.69086	0	0.00120321	0	220.315	0	0	0	21.5924	0	0.683868	0	2580.5	9735.99	0	0	11.4222	0	1.39783	0.00570592	0	0	0	0	0.127963	0	22.8879	9794.41	15705.1	48184.3	10.1077	2832.35	66.2654	260.915	4.47269	0.113174	223.155	7439.6	5492.83	6449.07	25.8203	1406.66	16595.4	4538.87	13826.9	19199.5	9467.43	28214.3	23792.3	3098.91	12352.3	114491	114491	
103.6	0	1009.95	323.884	0	0	1.18638	0	0	0	0	0	2052.94	27.1387	0	0.472318	920.036	107.396	741.547	1488.3	2.11694	2653.48	6.40744	0	0	0	0	0	2934.82	437.829	0	25.3057	4780.49	8022.84	683.755	9456.61	7.47963	13.3099	4.74966	89.0188	0.41828	0.101641	0	0	0	0	0	3.36232	78.3443	0	6203.17	2008.1	0	0	2.14728	0	0	0	0	137.382	205.278	64.5951	0.00580675	3.40801	432.911	9.02771	666.212	3860.32	0	27.2594	16.2134	1.63642	3.59522e-05	0	2.67526	6917.74	69.9986	5554.51	3.89097	1189.81	8559.14	1222.23	1603.79	18644.5	0.00840492	0	20.0168	158.739	2.55185	0.00103423	0	23.1471	0	38.7785	0.0183239	117.629	967.868	0	1620.81	1113.86	0	0	1.61727	0	0.00112298	0	210.025	0	0	0	20.5617	0	0.658045	0	2471.15	9405.71	0	0	10.9387	0	1.33875	0.00552452	0	0	0	0	0.122687	0	21.5483	9361.49	15000.4	46301.3	9.60498	2694.05	63.2769	249.394	4.31004	0.1082	212.7	7078.27	5263.04	6122.85	24.5995	1339.99	15761	4335.61	13177.7	18360	9057	26878.4	22799.2	2967.54	11910.8	109486	109486	
103.84	0	968.686	315.016	0	0	1.13664	0	0	0	0	0	1982.58	25.5561	0	0.444983	875.799	104.008	710.766	1444.01	2.01696	2539.29	6.10058	0	0	0	0	0	2829.77	413.18	0	23.9855	4529.25	7747.18	661.583	9166.66	7.19014	12.7898	4.60428	85.9342	0.401719	0.09823	0	0	0	0	0	3.1964	74.0756	0	5962.88	1931.63	0	0	2.04381	0	0	0	0	129.623	198.252	61.0695	0.0054654	3.25213	411.634	8.86467	640.288	3746.75	0	26.0248	15.4442	1.54764	3.38266e-05	0	2.52255	6587.4	68.2685	5300.27	3.71855	1142.51	8099.21	1182.94	1539.03	17993.1	0.00802498	0	19.0934	152.54	2.4513	0.000989353	0	21.9657	0	36.5493	0.0174534	113.529	913.222	0	1550.16	1067.47	0	0	1.53758	0	0.00105997	0	199.238	0	0	0	19.5588	0	0.618126	0	2367.28	9080.68	0	0	10.4258	0	1.2754	0.00526326	0	0	0	0	0.116546	0	20.3425	9042.99	14400.7	44745.3	9.21512	2578.1	60.3863	240.022	4.12951	0.104483	201.761	6738.99	5078.87	5836.62	23.4168	1286.91	14924.2	4169.22	12602.4	17763.7	8700.39	25642.8	21974.4	2838.59	11480.1	105172	105172	
104.09	0	928.703	304.86	0	0	1.0782	0	0	0	0	0	1903.21	23.689	0	0.4151	831.529	99.5343	678.708	1389.6	1.91528	2417.28	5.77367	0	0	0	0	0	2719.77	386.469	0	22.6139	4254.59	7484.23	642.079	8909.38	6.9255	12.1181	4.44078	82.905	0.377444	0.0935171	0	0	0	0	0	3.05791	70.091	0	5725.78	1839.87	0	0	1.93202	0	0	0	0	120.5	192.341	57.4572	0.0052029	3.15478	389.17	8.54435	614.082	3623.87	0	25.0097	14.6056	1.45498	3.22853e-05	0	2.31918	6224.34	66.366	5032.42	3.53334	1092.76	7594.77	1140.31	1481.05	17418.3	0.00767815	0	18.1925	145.364	2.31113	0.000917864	0	21.0405	0	34.4717	0.0166895	109.89	862.649	0	1481.34	1015.9	0	0	1.4552	0	0.00100765	0	187.96	0	0	0	18.4788	0	0.582856	0	2243.47	8686.18	0	0	9.78673	0	1.17732	0.00484477	0	0	0	0	0.110358	0	18.8537	8732.62	13795.2	43188	8.84846	2454.41	57.2647	229.724	3.86694	0.0992798	190.28	6365.88	4881.69	5534.51	22.1444	1231.89	14022.2	3993.48	11976.3	17215.7	8330.21	24304.1	21233.6	2705.72	10959.6	100719	100719	
104.32	0	880.759	292.307	0	0	1.01356	0	0	0	0	0	1808.04	21.7074	0	0.385498	785.124	94.8043	644.746	1332.98	1.80413	2285.08	5.43069	0	0	0	0	0	2587.44	359.738	0	21.1517	3961.73	7174.76	615.859	8561.78	6.60754	11.5314	4.20588	79.454	0.361543	0.0881644	0	0	0	0	0	2.92574	65.8728	0	5458.18	1740.23	0	0	1.81149	0	0	0	0	111.016	184.651	53.6301	0.00485553	3.02402	365.386	8.13047	584.021	3469.86	0	23.7007	13.6767	1.34709	3.09337e-05	0	2.16889	5830.84	63.4377	4738.49	3.32455	1036.56	7049.51	1091.4	1412.11	16680.2	0.0072708	0	17.0419	138.166	2.19072	0.000876295	0	20.2288	0	32.0377	0.0158509	105.169	801.28	0	1404.57	953.671	0	0	1.36351	0	0.000959551	0	176.938	0	0	0	17.3529	0	0.539298	0	2114.63	8280.9	0	0	9.15273	0	1.12187	0.00465868	0	0	0	0	0.103191	0	17.1081	8369.09	13114.9	41311.9	8.41894	2320.32	53.6965	218.967	3.67513	0.0936994	179.107	5962.09	4643.56	5205.6	20.8013	1169.22	13046.5	3789.33	11294.9	16523.4	7917.93	22825.1	20299.8	2554.44	10423	95627.9	95627.9	
104.56	0	842.855	287.118	0	0	0.978357	0	0	0	0	0	1757	20.2976	0	0.387288	757.777	94.2447	625.158	1325.5	1.73568	2210.08	5.22727	0	0	0	0	0	2508.37	347.228	0	20.1113	3779.98	6966.96	594.04	8290.03	6.33168	11.4383	4.00542	77.1044	0.371696	0.0864994	0	0	0	0	0	2.7139	61.8181	0	5273.53	1698.51	0	0	1.73605	0	0	0	0	106.275	177.658	51.454	0.00445272	2.82033	352.125	8.02442	564.107	3375.95	0	22.8185	13.0744	1.317	2.91332e-05	0	2.2049	5585.15	61.0029	4554.79	3.17466	1004.74	6687.87	1065.37	1357.8	16009.7	0.00701554	0	15.9307	135.685	2.22446	0.000907327	0	19.6589	0	29.7011	0.0149397	101.887	742.204	0	1348.86	903.715	0	0	1.29293	0	0.000925604	0	170.092	0	0	0	16.6624	0	0.488857	0	2075.46	8166.31	0	0	8.91579	0	1.16522	0.0048901	0	0	0	0	0.0964809	0	15.8173	8134.59	12681.8	40056.8	8.07438	2244.34	51.161	214.107	3.76233	0.0922968	172.297	5711.09	4504.03	5003.47	19.9529	1132.66	12398.1	3666.41	10917.6	16014.9	7664.11	21884.2	19480.2	2441.11	10267.8	92336.3	92336.3	
104.78	0	823.927	285.985	0	0	0.964177	0	0	0	0	0	1737.42	20.0001	0	0.372912	743.913	93.9095	615.332	1308.21	1.6922	2168.67	5.09962	0	0	0	0	0	2475.35	338.504	0	19.5425	3688.15	6905.71	590.626	8277.89	6.21222	11.2199	3.91595	76.1925	0.365012	0.0870273	0	0	0	0	0	2.57932	59.3473	0	5187.8	1679.69	0	0	1.70021	0	0	0	0	104.699	172.752	49.4666	0.00419079	2.65907	341.316	8.13367	557.277	3328.35	0	22.6984	12.8358	1.31885	2.84067e-05	0	2.18109	5454.44	60.0686	4454.59	3.10374	988.885	6521.88	1061.46	1342.34	15868.4	0.00689896	0	15.4234	133.256	2.19232	0.000889449	0	19.7052	0	28.3539	0.014415	99.2366	705.763	0	1329.26	893.941	0	0	1.2568	0	0.000899735	0	166.232	0	0	0	16.4094	0	0.450173	0	2097.95	8191.98	0	0	8.92145	0	1.15274	0.00479467	0	0	0	0	0.093187	0	16.1553	8069.22	12544.5	39834.4	7.91132	2202.59	50.1174	210.768	3.711	0.0927114	168.414	5578.84	4445.6	4890.92	19.6249	1113.28	12077	3612.59	10714.5	15934.2	7540.09	21415.8	19276.1	2407.55	10316.3	91217	91217	
105.01	0	816.273	280.518	0	0	0.925529	0	0	0	0	0	1701.51	19.0668	0	0.339356	723.176	90.453	600.22	1259.04	1.63153	2103.94	4.95875	0	0	0	0	0	2437.34	324.741	0	19.0183	3578.85	6788.91	587.79	8247.36	6.14959	10.7446	3.85084	74.7079	0.338843	0.0839953	0	0	0	0	0	2.6952	58.49	0	5131.16	1643.16	0	0	1.66396	0	0	0	0	100.494	171.79	48.3774	0.00430467	2.68841	331.994	7.88569	551.448	3284.06	0	22.678	12.5674	1.24785	2.96604e-05	0	2.05893	5313.75	59.1021	4325.7	3.04465	962.851	6374.15	1043.66	1339.2	16032.7	0.0068375	0	15.4512	128.008	2.03764	0.000823988	0	19.9517	0	28.0177	0.0145963	97.7788	703.246	0	1329.44	896.536	0	0	1.25331	0	0.000894649	0	164.904	0	0	0	16.1201	0	0.458794	0	2062.94	8055.96	0	0	8.68683	0	1.06912	0.00444549	0	0	0	0	0.0940688	0	15.7438	7930.92	12418.5	39699.4	7.78796	2137.36	49.3578	203.964	3.44652	0.0892647	166.963	5434.2	4369.74	4745.9	19.2778	1085.37	11786.1	3541.81	10420.2	15781.1	7431.34	20920.6	19410.1	2408.71	10144.5	90058.3	90058.3	
105.23	0	774.468	263.421	0	0	0.852238	0	0	0	0	0	1601.43	17.4117	0	0.298426	674.657	84.3728	564.705	1174.84	1.51143	1963.37	4.63434	0	0	0	0	0	2304.63	301.012	0	17.7629	3349.97	6380.88	556.684	7831.39	5.8111	10.0585	3.61703	70.2625	0.30781	0.0780909	0	0	0	0	0	2.64794	54.5035	0	4875.13	1552.18	0	0	1.57067	0	0	0	0	93.4633	163.939	46.1003	0.00424081	2.62504	311.791	7.30378	523.881	3114.77	0	21.5192	11.8361	1.13152	2.98729e-05	0	1.9288	4988.65	55.5099	4039.46	2.87577	901.805	5998.89	982.927	1279.63	15465.7	0.00649444	0	14.8338	119.001	1.8535	0.000752963	0	19.3283	0	26.4693	0.0141705	92.5842	671.856	0	1277.94	862.201	0	0	1.20328	0	0.000856826	0	158.124	0	0	0	15.2605	0	0.446368	0	1949.93	7658.59	0	0	8.18265	0	0.992263	0.00407257	0	0	0	0	0.0912226	0	14.6457	7455.48	11802.4	37923.1	7.32902	1994.95	46.7302	190.395	3.15446	0.0829164	160.053	5101.44	4125.5	4430.45	18.2459	1017.72	11076.8	3332.54	9766.8	14916.2	7046.8	19669.6	18674.2	2315.17	9632.43	85353.7	85353.7	
105.44	0	712.22	242.391	0	0	0.770198	0	0	0	0	0	1474.47	15.8534	0	0.267676	616.103	77.9077	519.637	1080.68	1.37095	1795.72	4.24025	0	0	0	0	0	2129.93	276.401	0	16.1125	3078.82	5840.64	510.875	7212.05	5.30867	9.31076	3.30396	64.4809	0.284745	0.0726408	0	0	0	0	0	2.45243	49.0658	0	4500.4	1439.91	0	0	1.4534	0	0	0	0	86.2393	150.523	42.7205	0.00393778	2.42589	286.926	6.69094	482.986	2876.66	0	19.9133	10.939	1.03866	2.81144e-05	0	1.81556	4591.2	50.5784	3695.56	2.65428	827.393	5524.74	904.983	1185.44	14403.8	0.00597635	0	13.7236	109.135	1.71131	0.0007056	0	17.9729	0	24.1014	0.0131896	84.8047	617.128	0	1192.83	809.396	0	0	1.12268	0	0.000794777	0	147.902	0	0	0	14.1725	0	0.414637	0	1822.51	7201.2	0	0	7.66069	0	0.932943	0.00384213	0	0	0	0	0.0856613	0	13.6317	6830.22	10926.9	35266.1	6.68559	1824.94	43.2138	174.655	2.92982	0.0771885	149.718	4695.41	3805.5	4054.64	16.9295	933.456	10186.8	3062.07	8980.83	13697.8	6510.6	18092.2	17362.9	2165.84	9046.03	78918.2	78918.2	
105.65	0	654.702	224.734	0	0	0.710168	0	0	0	0	0	1370.55	14.7523	0	0.248797	570.267	73.0386	483.188	1014.37	1.26055	1664.23	3.93345	0	0	0	0	0	1986.7	259.626	0	14.7656	2871.53	5392.21	470.478	6686.4	4.86011	8.7693	3.0331	59.6426	0.271412	0.0682413	0	0	0	0	0	2.28024	44.3268	0	4183.44	1353.97	0	0	1.36507	0	0	0	0	81.4301	138.155	39.8427	0.00357467	2.21068	266.561	6.16121	448.47	2680.29	0	18.3792	10.2482	0.973265	2.5965e-05	0	1.75833	4281.49	46.313	3429.09	2.47568	769.095	5167.34	839.913	1102.04	13446	0.00551649	0	12.7251	101.853	1.63472	0.00067104	0	16.7238	0	22.0543	0.0121218	78.0311	569.608	0	1118.61	769.634	0	0	1.05946	0	0.000742907	0	139.347	0	0	0	13.3189	0	0.385472	0	1727.2	6869.25	0	0	7.32371	0	0.902368	0.00370788	0	0	0	0	0.07994	0	13.0417	6311.32	10188.1	33044.6	6.12618	1691.38	40.3983	162.469	2.80927	0.0726202	141.106	4379.65	3541.72	3765.37	15.8903	866.631	9503.06	2835.97	8372.64	12672.3	6066.98	16862.1	16190.6	2042.36	8617.8	73660.8	73660.8	
105.85	0	612.305	210.975	0	0	0.666482	0	0	0	0	0	1289.7	14.2455	0	0.231495	536.842	68.929	456.348	955.96	1.17739	1564.36	3.69243	0	0	0	0	0	1879.61	246.427	0	13.825	2728.68	5065.69	439.37	6321.98	4.53829	8.29904	2.83881	56.3034	0.257571	0.0629642	0	0	0	0	0	2.13472	40.4232	0	3936.45	1291.45	0	0	1.30196	0	0	0	0	78.434	129.234	37.2671	0.00330428	2.09396	250.728	5.81819	422.302	2528.71	0	17.3166	9.78593	0.928013	2.45325e-05	0	1.64767	4048.63	43.0826	3230.33	2.34847	723.438	4932.77	789.634	1038.33	12771	0.0051554	0	12.107	95.6359	1.54362	0.000633141	0	15.8595	0	20.7288	0.0113441	73.039	541.73	0	1060.71	745.762	0	0	1.01179	0	0.000698849	0	132.55	0	0	0	12.7031	0	0.368299	0	1657.36	6609.4	0	0	7.07633	0	0.861074	0.00356343	0	0	0	0	0.0761938	0	13.0499	5930.07	9623.18	31435.2	5.72084	1589.98	38.4807	152.867	2.66299	0.0671607	134.198	4142.92	3341.63	3549	15.1424	814.762	9044.59	2664.97	7919.01	11941.9	5726.96	15967.1	15359.6	1953.11	8287.83	69820.5	69820.5	
106.06	0	587.651	200.383	0	0	0.625203	0	0	0	0	0	1226.46	13.812	0	0.222148	509.67	65.3178	437.376	912.043	1.11412	1475.02	3.48466	0	0	0	0	0	1799.19	235.162	0	13.0485	2618.33	4778.11	415.011	6023.33	4.30559	7.86081	2.67501	53.1192	0.245267	0.0580729	0	0	0	0	0	2.02466	38.1048	0	3779.97	1255	0	0	1.2596	0	0	0	0	75.3121	124.768	36.6201	0.00322619	2.06096	244.852	5.48124	403.147	2402.04	0	16.4069	9.41306	0.864478	2.35313e-05	0	1.53622	3877.39	41.0096	3064.67	2.21518	683.771	4751.33	734.315	984.371	12206.8	0.0048756	0	11.6437	90.6017	1.47709	0.000594286	0	15.0787	0	19.9579	0.0109455	68.9669	527.217	0	1020.41	721.092	0	0	0.977595	0	0.000672664	0	125.288	0	0	0	11.9999	0	0.362132	0	1581.71	6331.76	0	0	6.75033	0	0.809438	0.00332405	0	0	0	0	0.0747229	0	12.7435	5583.22	9209.65	30052.5	5.42459	1499.29	36.8292	144.585	2.53249	0.0619913	126.825	3967.78	3191.42	3370.22	14.304	770.094	8702.61	2538.82	7560.08	11324.8	5519.85	15259.3	14660.5	1880.13	7933.84	66677.3	66677.3	
106.25	0	560.386	192.038	0	0	0.591996	0	0	0	0	0	1173.1	13.213	0	0.21047	485.262	62.5095	417.767	877.194	1.05048	1399.93	3.29933	0	0	0	0	0	1720.81	223.862	0	12.2816	2493.54	4539.97	393.282	5746.11	4.07125	7.55558	2.53556	50.7912	0.236971	0.0550189	0	0	0	0	0	1.86633	35.4745	0	3610.17	1206.83	0	0	1.20353	0	0	0	0	71.7521	118.955	35.301	0.00303384	1.95511	235.125	5.25451	384.638	2293.14	0	15.5425	9.00086	0.814622	2.2366e-05	0	1.45203	3687.59	38.9758	2912.29	2.09804	649.765	4532.53	700.677	929.663	11593.6	0.00457352	0	11.0363	86.385	1.42452	0.000567375	0	14.2009	0	18.9632	0.010372	64.7929	506.24	0	971.793	691.584	0	0	0.933487	0	0.000646056	0	118.923	0	0	0	11.3641	0	0.352028	0	1503.53	6060.09	0	0	6.41219	0	0.776255	0.00316836	0	0	0	0	0.0715234	0	11.965	5308.41	8771.23	28660.6	5.1263	1423.03	35.0133	137.991	2.43841	0.0587547	120.375	3773.55	3051.84	3203.63	13.547	730.872	8300.48	2424.8	7212.25	10781.9	5281.3	14533.1	13927	1794.95	7582.84	63538.2	63538.2	
106.45	0	538.659	185.536	0	0	0.56387	0	0	0	0	0	1130.57	12.6446	0	0.197502	464.631	60.1065	402.546	848.926	0.998285	1337.96	3.14532	0	0	0	0	0	1657.6	212.526	0	11.6352	2373.9	4373.09	377.528	5558.39	3.89467	7.28981	2.43225	49.1362	0.228452	0.0531585	0	0	0	0	0	1.75624	33.5265	0	3461.86	1159.66	0	0	1.14959	0	0	0	0	68.1582	114.785	33.8559	0.00288338	1.90088	225.524	5.07754	367.761	2207.55	0	14.8982	8.59483	0.771827	2.10982e-05	0	1.3784	3506.24	37.366	2782.23	1.99394	621.932	4299.85	677.11	886.52	11104.6	0.00434453	0	10.4853	82.9144	1.37079	0.000542989	0	13.3686	0	17.9568	0.00977104	62.1288	478.462	0	925.802	663.594	0	0	0.887741	0	0.000615424	0	112.569	0	0	0	10.7753	0	0.330579	0	1434.27	5826.28	0	0	6.0742	0	0.742757	0.00300305	0	0	0	0	0.0676889	0	11.28	5115.38	8394.95	27554.5	4.8973	1360.15	33.3331	132.822	2.34263	0.0567045	113.947	3587.77	2940.32	3059.21	12.8496	699.55	7887.51	2332.8	6909.35	10407.3	5066.9	13855.6	13334.9	1713.96	7278.73	60899.6	60899.6	
106.63	0	516.609	178.279	0	0	0.532109	0	0	0	0	0	1083	11.8492	0	0.181901	442.34	57.2635	385.756	812.639	0.946101	1273.95	2.98276	0	0	0	0	0	1593.18	199.694	0	11.0216	2243.47	4220.41	364.579	5393.61	3.74348	6.958	2.33505	47.4481	0.215318	0.0507646	0	0	0	0	0	1.68071	31.8776	0	3318.85	1103.39	0	0	1.08943	0	0	0	0	63.9298	110.839	32.0183	0.00274586	1.8636	214.395	4.81724	351.101	2116.83	0	14.2693	8.13811	0.727569	1.98488e-05	0	1.27473	3316.16	35.7374	2648.22	1.8882	593.775	4035.76	651.972	848.979	10688.4	0.00411854	0	9.95202	79.0885	1.2975	0.00050398	0	12.599	0	16.9553	0.00922894	59.6603	450.96	0	880.068	633.311	0	0	0.839998	0	0.000588068	0	105.942	0	0	0	10.1678	0	0.312131	0	1356.53	5562.93	0	0	5.69085	0	0.692941	0.0027714	0	0	0	0	0.0639883	0	10.4576	4934.47	8022.46	26489.3	4.6937	1295.18	31.5603	127.264	2.20637	0.05404	107.217	3392.69	2822.75	2908.74	12.1319	668.184	7429.57	2232.79	6580.9	10072.9	4846.38	13128.7	12819.8	1630.64	6936.36	58248.5	58248.5	
106.82	0	491.716	170.845	0	0	0.499537	0	0	0	0	0	1030.2	10.9393	0	0.171258	419.231	54.5898	366.6	778.048	0.894031	1208.14	2.81179	0	0	0	0	0	1522.11	187.157	0	10.3708	2107.1	4041.06	347.435	5183.5	3.56864	6.60207	2.22378	45.5335	0.204885	0.0482298	0	0	0	0	0	1.61896	30.0199	0	3167.93	1048.04	0	0	1.02544	0	0	0	0	59.6052	106.277	29.897	0.00260822	1.79812	201.844	4.55236	333.751	2023.21	0	13.575	7.6366	0.678972	1.85613e-05	0	1.19514	3122.42	33.9583	2506.38	1.78205	565.498	3754.31	622.41	807.431	10211.9	0.00391809	0	9.34182	75.2582	1.23262	0.000480144	0	11.9227	0	15.7808	0.00869647	57.1783	418.181	0	832.447	597.681	0	0	0.787959	0	0.000564813	0	99.8724	0	0	0	9.56185	0	0.289146	0	1279.97	5304.86	0	0	5.33567	0	0.65867	0.00261444	0	0	0	0	0.0599981	0	9.54869	4722.61	7627.28	25318.1	4.46659	1228.31	29.6626	121.471	2.09676	0.0513243	101.068	3193.95	2692.54	2750.15	11.4152	636.636	6940.52	2123.6	6237.82	9661.81	4616.42	12368.9	12230.7	1540.64	6600.44	55380.4	55380.4	
107	0	471.459	168.358	0	0	0.48208	0	0	0	0	0	1002.43	10.3156	0	0.171743	405.866	54.331	356.213	773.181	0.865247	1174.49	2.71398	0	0	0	0	0	1479.48	181.755	0	9.91321	2026.46	3917.21	334.01	5013.25	3.41826	6.55198	2.1295	44.2826	0.209448	0.0483198	0	0	0	0	0	1.50098	28.2813	0	3065.42	1025.03	0	0	0.984212	0	0	0	0	57.3314	102.318	28.5051	0.0024033	1.70299	194.504	4.5473	323.134	1973.21	0	13.0182	7.3194	0.659627	1.74613e-05	0	1.21116	3009.55	32.7084	2422.59	1.71445	551.189	3572.91	607	774.295	9780.29	0.00377167	0	8.76572	74.1026	1.24987	0.000495561	0	11.506	0	14.67	0.00821416	55.525	388.207	0	800.014	568.784	0	0	0.747194	0	0.000546994	0	96.4748	0	0	0	9.22036	0	0.263908	0	1255.82	5240.33	0	0	5.22313	0	0.685805	0.00269624	0	0	0	0	0.0565992	0	8.90047	4583.09	7380.36	24542.4	4.28728	1194.06	28.3652	119.045	2.14569	0.0515116	97.6859	3078.38	2616.93	2657.84	11.002	620.003	6625.39	2059.08	6059.4	9350.89	4475.79	11913.8	11715.6	1475.5	6511.02	53561.1	53561.1	
107.18	0	460.912	169.079	0	0	0.472398	0	0	0	0	0	989.662	10.2857	0	0.161235	401.121	54.1247	348.849	763.764	0.850957	1157.47	2.65928	0	0	0	0	0	1459.66	177.485	0	9.72867	1985.91	3882.53	332.88	4988.36	3.3595	6.47301	2.09456	43.8184	0.206831	0.0489364	0	0	0	0	0	1.41879	27.498	0	3020.24	1014.12	0	0	0.968552	0	0	0	0	56.9116	100.386	27.5473	0.00227938	1.60327	189.041	4.60112	319.07	1950.95	0	13.0786	7.21035	0.650648	1.67914e-05	0	1.20884	2953.4	32.4642	2381.77	1.68758	543.354	3499.56	605.707	768.179	9669.59	0.0037163	0	8.54277	73.035	1.23318	0.000491132	0	11.3239	0	14.146	0.00803398	54.5281	372.581	0	792.399	562.368	0	0	0.730966	0	0.000525139	0	94.9203	0	0	0	9.12365	0	0.24581	0	1266.77	5271.91	0	0	5.25151	0	0.687537	0.00269937	0	0	0	0	0.0552132	0	9.16382	4546.97	7309.31	24390.1	4.21418	1177.02	27.9304	117.504	2.12809	0.0521269	96.1291	3021.63	2582.18	2611.24	10.8768	610.794	6485.12	2031.69	5960.51	9288.69	4410.82	11709	11578.9	1459.79	6553.84	52993.2	52993.2	
107.35	0	455.204	165.754	0	0	0.448684	0	0	0	0	0	966.052	10.0894	0	0.144021	392.114	52.0264	337.865	737.579	0.830322	1125.46	2.59296	0	0	0	0	0	1430.85	170.782	0	9.51488	1933.21	3820.21	332.033	4952.49	3.33513	6.24579	2.06129	42.9759	0.192801	0.0464531	0	0	0	0	0	1.45392	27.7779	0	2995.14	992.666	0	0	0.95109	0	0	0	0	54.9192	100.257	27.0355	0.0023825	1.60609	184.269	4.37066	314.977	1924.65	0	13.1398	7.07945	0.615541	1.72965e-05	0	1.14627	2883.3	31.9296	2322.54	1.66176	528.397	3431.66	596.994	770.193	9745.88	0.00367503	0	8.60716	70.2515	1.14898	0.000456794	0	11.2326	0	14.2506	0.00810946	54.0157	375.64	0	793.613	563.016	0	0	0.733418	0	0.000524562	0	94.224	0	0	0	8.98562	0	0.253033	0	1247.97	5173.03	0	0	5.13076	0	0.646261	0.00255861	0	0	0	0	0.0559184	0	9.25075	4473.6	7247	24255.1	4.16912	1144.85	27.6048	113.843	1.98859	0.0494685	95.3702	2949.45	2529.09	2544.7	10.7138	595.131	6354.17	1989.81	5800.71	9188.83	4356.85	11465.5	11648.2	1460.83	6436.09	52346.8	52346.8	
107.52	0	431.454	156.015	0	0	0.409426	0	0	0	0	0	907.328	9.32949	0	0.1281	367.546	48.4573	314.7	690.732	0.77865	1051.96	2.43344	0	0	0	0	0	1347.34	158.788	0	8.90769	1807.61	3595.47	315.299	4695.4	3.16354	5.80643	1.93451	40.5685	0.176997	0.0423645	0	0	0	0	0	1.43464	26.8918	0	2852.31	938.453	0	0	0.897972	0	0	0	0	50.8866	96.0051	25.6454	0.00234895	1.55868	173.71	3.9953	298.362	1827.85	0	12.5616	6.68444	0.564707	1.68487e-05	0	1.04901	2708.81	30.0394	2175.6	1.57248	494.385	3243.65	564.219	738.356	9396.32	0.00347934	0	8.31518	65.2936	1.05011	0.000423598	0	10.6548	0	13.7512	0.00788172	51.5201	366.805	0	762.324	540.421	0	0	0.709203	0	0.000505136	0	90.4316	0	0	0	8.51502	0	0.2554	0	1184.22	4893.97	0	0	4.83749	0	0.600786	0.0024049	0	0	0	0	0.0544494	0	8.71991	4212.14	6897.03	23139.2	3.94567	1070.33	26.2217	106.427	1.82841	0.045193	91.4806	2770.35	2380.71	2383.12	10.1522	557.934	5995.2	1872.21	5431.72	8686.18	4139.47	10805.1	11216.3	1402.66	6092.41	49646.1	49646.1	
107.69	0	396.15	144.095	0	0	0.368651	0	0	0	0	0	834.198	8.53737	0	0.113545	337.514	44.7592	286.648	637.367	0.714175	963.622	2.23865	0	0	0	0	0	1237.98	145.735	0	8.156	1653.86	3298.68	290.343	4319.9	2.90427	5.30114	1.75915	37.3667	0.16486	0.0389733	0	0	0	0	0	1.34007	24.9363	0	2638.22	871.338	0	0	0.829646	0	0	0	0	46.6035	88.3046	24.0831	0.00218961	1.42018	160.791	3.63952	275.356	1690.48	0	11.6004	6.1815	0.510341	1.57361e-05	0	0.998842	2490.32	27.5602	1993.13	1.45241	452.896	3005.37	520.654	683.683	8743.09	0.0032126	0	7.73298	59.9379	0.968313	0.000398929	0	9.8534	0	12.7547	0.00737812	47.6255	342.793	0	712.185	504.23	0	0	0.665487	0	0.000470816	0	84.702	0	0	0	7.89913	0	0.240708	0	1110.1	4568.47	0	0	4.53498	0	0.559533	0.00228578	0	0	0	0	0.0509692	0	8.11888	3867.73	6392.68	21479	3.62165	980.523	24.311	97.8149	1.69319	0.041658	85.7008	2546.77	2188.04	2184.24	9.41208	511.551	5533.62	1720.98	4981.08	7982.73	3831.59	9959.49	10429.1	1309.92	5691.84	45906.7	45906.7	
107.85	0	364.117	135.017	0	0	0.338452	0	0	0	0	0	773.975	7.97812	0	0.107295	313.712	42.2141	264.37	597.053	0.663239	893.55	2.08224	0	0	0	0	0	1148.11	136.523	0	7.54463	1532.17	3052.21	268.032	3990.45	2.67238	4.92822	1.6131	34.6855	0.157221	0.0366269	0	0	0	0	0	1.21778	22.9565	0	2453.45	817.592	0	0	0.776596	0	0	0	0	43.7584	81.0838	22.7143	0.00204351	1.27392	149.934	3.41242	255.969	1573.44	0	10.6411	5.78469	0.486026	1.45887e-05	0	0.971701	2317.9	25.4087	1848.19	1.35151	420.048	2813.62	484.185	635.889	8152.63	0.00299468	0	7.1845	56.0407	0.927114	0.000380373	0	9.14173	0	11.7883	0.00683138	44.0015	318.878	0	668.525	472.857	0	0	0.626191	0	0.00043259	0	79.7083	0	0	0	7.40619	0	0.223676	0	1050.43	4315.64	0	0	4.32943	0	0.538269	0.00218481	0	0	0	0	0.047468	0	7.73585	3582.02	5960.78	20054.7	3.33861	909.12	22.7352	91.2123	1.62305	0.0391921	80.68	2370.8	2028.58	2027.2	8.81404	474.193	5159.23	1595.25	4624.28	7378.95	3570.58	9277.22	9720.68	1229.35	5378.73	42775	42775	
108.01	0	339.769	128.059	0	0	0.317065	0	0	0	0	0	727.656	7.73611	0	0.099434	296.583	40.2213	247.177	563.616	0.62432	839.205	1.95961	0	0	0	0	0	1080.6	128.753	0	7.10404	1443.59	2874.32	250.798	3750.21	2.5086	4.63988	1.50817	32.737	0.147479	0.0348557	0	0	0	0	0	1.16368	21.626	0	2308.28	775.644	0	0	0.737573	0	0	0	0	41.7351	75.6094	21.5387	0.0019231	1.16713	141.15	3.23767	241.057	1485.72	0	10.0475	5.50928	0.465498	1.36123e-05	0	0.931172	2186.79	23.8998	1740.31	1.27793	395.134	2684.79	456.404	599.265	7727.18	0.00282206	0	6.8366	52.6491	0.878496	0.000357191	0	8.59577	0	11.2223	0.00647294	40.99	304.986	0	635.85	453.316	0	0	0.597445	0	0.000401716	0	75.7814	0	0	0	7.045	0	0.212792	0	1005.11	4119.95	0	0	4.17663	0	0.518512	0.00208291	0	0	0	0	0.0450562	0	7.76614	3374.19	5627.3	19003.7	3.13575	853.892	21.6424	85.8516	1.5449	0.0372958	76.7125	2237.12	1907.77	1909.56	8.37639	445.658	4900.7	1500.22	4352.85	6939.69	3365.86	8779.17	9209.02	1172.8	5137.57	40457.2	40457.2	
108.17	0	321.711	122.275	0	0	0.298682	0	0	0	0	0	691.079	7.5358	0	0.0937135	283.455	38.4709	234.317	538.523	0.594739	797.447	1.86606	0	0	0	0	0	1029.37	122.422	0	6.71664	1373.46	2735.78	236.501	3561.66	2.39215	4.4265	1.43184	31.3227	0.140555	0.0331782	0	0	0	0	0	1.13548	20.7649	0	2195.51	741.439	0	0	0.706097	0	0	0	0	39.7248	72.1629	20.9714	0.00187273	1.10653	135.306	3.07476	228.618	1419.95	0	9.65587	5.28142	0.44171	1.32302e-05	0	0.895443	2087.13	22.8265	1655.83	1.2204	375.31	2581.92	434.234	569.919	7408.83	0.00270502	0	6.61506	50.194	0.840652	0.000337714	0	8.25242	0	10.9851	0.00626427	39.1305	300.583	0	610.807	436.138	0	0	0.578661	0	0.000381741	0	72.6989	0	0	0	6.73754	0	0.213416	0	960.427	3938.85	0	0	3.99849	0	0.493106	0.00195807	0	0	0	0	0.0434243	0	7.65258	3211.56	5357.81	18167.7	2.9896	811.529	20.7763	81.9585	1.47471	0.035474	73.5944	2135.11	1815.44	1817.75	8.0095	423.493	4703.36	1426.45	4143.19	6595.59	3206.93	8392.15	8829.6	1127.17	4911.47	38632.5	38632.5	
108.33	0	304.187	116.899	0	0	0.284041	0	0	0	0	0	659.605	7.24938	0	0.089342	270.865	37.0758	222.789	518.862	0.566839	760.561	1.77554	0	0	0	0	0	982.057	116.526	0	6.32994	1304.63	2614.36	224.219	3400.01	2.27651	4.26471	1.36124	30.0458	0.135669	0.0323019	0	0	0	0	0	1.08156	19.6239	0	2091.56	708.862	0	0	0.673267	0	0	0	0	37.6532	68.4435	20.2814	0.00174628	1.02693	129.025	2.93196	217.742	1357.68	0	9.24521	5.03566	0.42531	1.26706e-05	0	0.874257	1987.96	21.8176	1576.58	1.16034	357.705	2467.29	415.479	541.902	7076.96	0.00258556	0	6.30881	48.0894	0.814131	0.000326155	0	7.93689	0	10.5732	0.00598201	37.1337	291.625	0	584.754	417.772	0	0	0.553799	0	0.000360529	0	69.337	0	0	0	6.40964	0	0.210075	0	916.449	3769.78	0	0	3.81906	0	0.47561	0.0018609	0	0	0	0	0.0412856	0	7.34153	3069.85	5103.6	17366.8	2.84593	774.071	19.8114	78.5606	1.42578	0.034489	70.2112	2033.55	1731.92	1731.21	7.61899	403.367	4490.61	1359.18	3951.17	6297.41	3057.53	8006.45	8436.84	1079.04	4697.91	36885.5	36885.5	
108.48	0	291.363	112.1	0	0	0.27133	0	0	0	0	0	634.755	6.9049	0	0.0836447	259.005	35.9181	214.358	502.87	0.54393	729.285	1.70252	0	0	0	0	0	944.96	111.032	0	6.05126	1240.46	2522.94	215.763	3283.07	2.19097	4.11782	1.30912	29.0565	0.131197	0.0319043	0	0	0	0	0	1.04983	18.7012	0	2002.96	678.712	0	0	0.642498	0	0	0	0	35.5811	65.5231	19.5117	0.00164944	0.985354	123.351	2.82203	208.471	1307.31	0	8.93617	4.80056	0.411886	1.22573e-05	0	0.841907	1897.2	20.9092	1509.49	1.10433	342.925	2352.16	400.635	518.261	6807.13	0.00249862	0	6.02636	46.2268	0.787271	0.000315088	0	7.7583	0	10.0866	0.00567855	35.6239	279.053	0	558.828	400.844	0	0	0.528006	0	0.000339145	0	65.8911	0	0	0	6.10137	0	0.201351	0	875.001	3614.76	0	0	3.63329	0	0.454262	0.0017762	0	0	0	0	0.0390561	0	6.94129	2962.31	4885	16706.8	2.7374	742.339	18.9137	75.6952	1.37308	0.0339956	66.733	1940.54	1666.15	1657.02	7.25208	386.719	4279.87	1304.48	3787.18	6078.36	2927.26	7657.38	8111.6	1032.39	4500.83	35399.5	35399.5	
108.62	0	279.282	107.175	0	0	0.257084	0	0	0	0	0	608.446	6.44584	0	0.0770655	245.729	34.4432	205.608	481.983	0.520231	695.731	1.62394	0	0	0	0	0	906.878	104.82	0	5.7755	1170.8	2432.88	208.327	3173.62	2.11247	3.9322	1.25671	28.036	0.123752	0.0309785	0	0	0	0	0	1.04266	17.8684	0	1918.24	644.574	0	0	0.609387	0	0	0	0	33.2501	63.0521	18.659	0.00157823	0.951244	117.442	2.67479	199.729	1254.47	0	8.57773	4.54688	0.390872	1.20778e-05	0	0.795538	1802.05	19.9634	1439.07	1.04614	327.173	2225.68	384.46	497.756	6569.36	0.00240974	0	5.73663	44.2161	0.748069	0.000294986	0	7.6103	0	9.51986	0.00535906	34.3091	263.956	0	533.52	382.63	0	0	0.501171	0	0.000320477	0	62.3641	0	0	0	5.77844	0	0.190206	0	827.411	3433.06	0	0	3.41747	0	0.421476	0.00163926	0	0	0	0	0.036802	0	6.38482	2854.46	4669.88	16046.9	2.63511	708.241	17.9493	72.6429	1.29363	0.0329128	63.1596	1842.91	1598.34	1578.52	6.86832	369.328	4048.06	1247.41	3608.18	5869.23	2796.78	7286.17	7817.68	984.985	4270.73	33881.2	33881.2	
108.77	0	266.277	102.527	0	0	0.243001	0	0	0	0	0	580.259	5.89865	0	0.0731223	231.649	32.934	196.72	464.04	0.495203	660.137	1.53889	0	0	0	0	0	865.957	98.8111	0	5.46163	1100.85	2326.83	199.258	3038.08	2.01989	3.78074	1.19517	26.8363	0.118558	0.0295796	0	0	0	0	0	1.01047	16.9854	0	1828.35	610.952	0	0	0.575301	0	0	0	0	31.0305	60.4502	17.5651	0.00151269	0.916583	111.297	2.52176	190.719	1202.31	0	8.12166	4.27879	0.369496	1.17965e-05	0	0.740943	1705.25	18.9986	1365.59	0.987062	311.585	2089.99	366.633	474.957	6287.13	0.00229861	0	5.3892	42.2034	0.714486	0.000283029	0	7.35925	0	8.82786	0.00501748	32.8779	244.832	0	506.244	362.34	0	0	0.471989	0	0.000305269	0	59.0244	0	0	0	5.45772	0	0.174919	0	780.18	3261.35	0	0	3.20875	0	0.40512	0.00158192	0	0	0	0	0.0344776	0	5.70564	2728.91	4442.7	15328.7	2.51739	672.04	16.9011	69.4092	1.23848	0.0314446	59.7653	1743.64	1525.67	1496.69	6.48579	351.925	3801.48	1186.93	3426.95	5616.14	2661.13	6901.45	7470.93	933.714	4050.89	32248.1	32248.1	
108.91	0	256.406	100.719	0	0	0.237272	0	0	0	0	0	565.772	5.60831	0	0.0754876	224.189	32.7093	192.34	463.665	0.48168	642.123	1.49072	0	0	0	0	0	840.885	96.3423	0	5.25668	1061.07	2255.65	191.93	2937.54	1.94005	3.77256	1.14709	26.0974	0.121387	0.0293282	0	0	0	0	0	0.957136	16.0653	0	1770.31	597.543	0	0	0.554732	0	0	0	0	30.1416	58.3221	16.821	0.00139646	0.875514	107.887	2.4859	184.701	1176.73	0	7.8326	4.1164	0.356537	1.11345e-05	0	0.74022	1649.72	18.2899	1324.12	0.952731	304.488	2001.02	357.752	458.373	6033.94	0.00219551	0	5.06354	41.6728	0.726877	0.000295242	0	7.07419	0	8.21422	0.00476595	31.8855	226.693	0	487.747	347.046	0	0	0.448987	0	0.000295238	0	57.2366	0	0	0	5.28811	0	0.15629	0	766.636	3217.62	0	0	3.14558	0	0.424737	0.00166038	0	0	0	0	0.0326551	0	5.33232	2648.6	4308.44	14874.8	2.42392	653.728	16.2043	68.1267	1.27331	0.0312838	57.9768	1686.93	1483.27	1451.11	6.27966	343.539	3642.42	1153.01	3336.37	5435.24	2582.46	6675.55	7171.4	897.923	3993.19	31245.1	31245.1	
109.05	0	251.864	99.9617	0	0	0.236265	0	0	0	0	0	559.637	5.61148	0	0.0746485	220.895	32.5674	188.811	459.388	0.475561	634.291	1.46303	0	0	0	0	0	831.369	94.3629	0	5.17426	1039.99	2240.41	191.276	2935.11	1.90979	3.69518	1.13086	25.9532	0.1197	0.0300172	0	0	0	0	0	0.886779	15.5907	0	1747.47	591.743	0	0	0.546563	0	0	0	0	30.0897	57.4762	16.1987	0.00131885	0.84219	105.434	2.50132	182.419	1168.9	0	7.80415	4.0679	0.355909	1.06493e-05	0	0.73496	1619.28	18.1099	1306.12	0.942399	301.062	1959.68	356.681	454.457	5978.79	0.00215188	0	4.94588	41.2081	0.715861	0.000294034	0	6.89588	0	7.95	0.00464447	31.3751	218.03	0	483.927	344.232	0	0	0.440092	0	0.000290182	0	56.4698	0	0	0	5.25238	0	0.146023	0	775.591	3235.54	0	0	3.16219	0	0.420635	0.0016438	0	0	0	0	0.0319388	0	5.5051	2632.16	4275.81	14813.7	2.38751	645.79	15.9928	67.5172	1.2565	0.031955	57.2048	1656.27	1466.59	1430.24	6.23268	339.415	3565.27	1138.28	3287.89	5416.11	2549.8	6571.98	7101.06	890.467	4020.25	30975.8	30975.8	
109.18	0	249.193	96.9375	0	0	0.228458	0	0	0	0	0	546.695	5.46226	0	0.0695565	214.716	31.2588	182.732	442.315	0.464681	618.749	1.42854	0	0	0	0	0	815.751	90.7121	0	5.10007	1008.64	2208.92	190.69	2916.29	1.89969	3.52158	1.11588	25.5073	0.110937	0.0291841	0	0	0	0	0	0.889474	15.88	0	1733.53	579.24	0	0	0.538107	0	0	0	0	29.2639	57.7304	15.7727	0.00135537	0.850269	103.009	2.41672	180.826	1154.31	0	7.6929	4.007	0.341899	1.0913e-05	0	0.689938	1579.49	18.0669	1277.38	0.931358	293.518	1915.28	351.199	454.759	6028.02	0.00211136	0	4.98617	39.8087	0.66591	0.000271945	0	6.77458	0	8.02448	0.00468673	31.1179	219.699	0	486.033	344.226	0	0	0.442552	0	0.000292781	0	56.2625	0	0	0	5.18859	0	0.150747	0	763.255	3167.33	0	0	3.07663	0	0.392658	0.00151278	0	0	0	0	0.0321582	0	5.48905	2593.79	4241.02	14728.7	2.36648	629.963	15.8233	65.6579	1.16981	0.0309688	56.9525	1615.53	1438.24	1397.35	6.15815	331.546	3482.87	1113.3	3197.15	5364.85	2519.94	6434.96	7145.06	892.304	3939.58	30607.2	30607.2	
109.32	0	236.499	90.5088	0	0	0.211934	0	0	0	0	0	513.285	5.19272	0	0.0632943	201.071	29.0468	170.424	411.547	0.436247	580.681	1.34434	0	0	0	0	0	768.898	84.0836	0	4.84638	940.88	2083.31	181.021	2758.86	1.80599	3.24737	1.05585	23.9941	0.101497	0.0270342	0	0	0	0	0	0.870965	15.389	0	1651.06	548.677	0	0	0.510043	0	0	0	0	27.4846	55.5118	14.8532	0.00134172	0.823796	97.0743	2.25567	171.795	1095.58	0	7.20202	3.79966	0.312639	1.05555e-05	0	0.629982	1484.4	17.2576	1201.13	0.885209	275.474	1799.89	331.785	435.877	5804.05	0.00198512	0	4.82001	37.0964	0.606427	0.000251421	0	6.31993	0	7.81937	0.00451166	29.5549	213.227	0	467.988	330.383	0	0	0.428405	0	0.000287502	0	54.0505	0	0	0	4.93087	0	0.1503	0	722.218	2994.27	0	0	2.89089	0	0.362904	0.00141036	0	0	0	0	0.0310091	0	5.35442	2446.4	4036.88	14033.9	2.24422	591.131	15.0611	61.4032	1.07113	0.028696	54.6805	1518.2	1354.95	1313.08	5.85294	311.633	3273.04	1046.83	2992.19	5069.68	2395.99	6060.61	6871.16	857.931	3725.13	29019.5	29019.5	
109.45	0	216.724	83.0494	0	0	0.1939	0	0	0	0	0	471.572	4.81517	0	0.0586419	184.875	26.7609	155.214	377.917	0.401318	534.282	1.23853	0	0	0	0	0	707.477	76.9907	0	4.46459	861.99	1916.17	166.943	2539.16	1.65999	2.97663	0.972413	22.0231	0.0939579	0.0246081	0	0	0	0	0	0.79682	14.3487	0	1528.46	511.208	0	0	0.47285	0	0	0	0	25.5275	51.4565	13.6723	0.0012599	0.75199	89.3532	2.10037	158.593	1014.14	0	6.57428	3.5261	0.284601	9.62276e-06	0	0.586533	1366.25	16.128	1105.42	0.823036	253.464	1653.68	306.874	404.903	5388.86	0.00182496	0	4.49944	34.1041	0.558007	0.000232956	0	5.69912	0	7.36596	0.00419564	27.2182	201.254	0	437.25	308.613	0	0	0.402714	0	0.000270573	0	50.6034	0	0	0	4.59016	0	0.146603	0	676.212	2799.27	0	0	2.69598	0	0.341796	0.00133816	0	0	0	0	0.0288736	0	5.09188	2251.91	3744.3	13022.2	2.06314	543.833	14.0019	56.4118	0.994041	0.0261792	51.1899	1397.47	1246.63	1208.26	5.44752	286.754	3010.74	961.289	2746.73	4665.17	2220.91	5581.57	6381.34	801.606	3483.64	26842.3	26842.3	
109.58	0	199.592	77.2437	0	0	0.180345	0	0	0	0	0	437.658	4.56408	0	0.0564985	172.075	25.0998	142.954	352.27	0.373758	498.1	1.1557	0	0	0	0	0	657.405	71.7866	0	4.16787	799.317	1776.76	154.488	2350.92	1.52998	2.7797	0.902804	20.4037	0.0898348	0.0225766	0	0	0	0	0	0.714624	13.4595	0	1422.99	481.128	0	0	0.442484	0	0	0	0	24.1855	47.7087	12.6366	0.00115312	0.676066	83.1202	1.98548	147.522	946.692	0	6.0749	3.3075	0.267863	8.64982e-06	0	0.557308	1271.13	15.112	1029.31	0.771683	235.79	1532.8	286.01	377.852	5007.1	0.00168173	0	4.19844	31.9326	0.532173	0.000222875	0	5.15931	0	6.91704	0.00390369	25.1376	188.164	0	410.131	288.549	0	0	0.379415	0	0.000253665	0	47.6787	0	0	0	4.31503	0	0.139309	0	640.457	2654.03	0	0	2.56622	0	0.329787	0.00129923	0	0	0	0	0.0269844	0	4.95775	2089.86	3495.98	12157.9	1.90542	506.954	13.1329	52.6042	0.952058	0.0240987	48.236	1300.47	1157.88	1125.22	5.11876	266.543	2794.03	891.37	2552.63	4322.07	2072.89	5191.32	5933.01	751.192	3302.37	25016.8	25016.8	
109.7	0	186.307	72.735	0	0	0.170384	0	0	0	0	0	410.424	4.44303	0	0.0529328	162.469	23.6897	133.43	330.704	0.352773	470.386	1.08884	0	0	0	0	0	619.412	67.4736	0	3.94321	751.862	1674.94	145.191	2217.33	1.4365	2.61132	0.858036	19.2577	0.0851589	0.021421	0	0	0	0	0	0.660247	12.7795	0	1340.78	457.004	0	0	0.420038	0	0	0	0	23.2043	44.8116	11.7726	0.00110841	0.612011	77.7424	1.86611	139.056	895.019	0	5.70559	3.14999	0.254196	7.93818e-06	0	0.521012	1198.23	14.3472	972.16	0.734067	222.129	1443.52	269.619	356.004	4723.85	0.00158857	0	4.00742	30.0563	0.504711	0.000212925	0	4.76471	0	6.64112	0.00367342	23.4875	179.827	0	389.901	274.703	0	0	0.362679	0	0.00024127	0	45.391	0	0	0	4.10646	0	0.135564	0	614.041	2539.48	0	0	2.45918	0	0.316119	0.00123811	0	0	0	0	0.0255174	0	5.02214	1970.12	3304.7	11510.8	1.79087	478.703	12.5166	49.5682	0.906238	0.0228721	45.9121	1226.2	1088.99	1062.49	4.87082	250.885	2633.36	836.601	2402.34	4075.17	1956.34	4896.7	5598.77	714.6	3161.35	23641.9	23641.9	
109.82	0	177.01	69.2403	0	0	0.161134	0	0	0	0	0	389.267	4.28585	0	0.0502305	155.029	22.4899	126.454	313.797	0.335971	448.077	1.0392	0	0	0	0	0	590.795	64.101	0	3.75688	715.285	1595.67	137.658	2113.54	1.37029	2.46918	0.823239	18.3915	0.0814697	0.0205588	0	0	0	0	0	0.631039	12.3082	0	1278.63	437.134	0	0	0.400935	0	0	0	0	22.1331	42.8507	11.2442	0.00108825	0.581378	74.1007	1.7429	132.285	854.904	0	5.43109	3.0162	0.23779	7.5116e-06	0	0.5017	1140.97	13.7169	926.707	0.704174	211.216	1372.15	256.362	338.802	4518.72	0.00151925	0	3.8741	28.6105	0.480788	0.000203155	0	4.4728	0	6.48182	0.00353377	22.4571	175.676	0	373.871	263.401	0	0	0.350976	0	0.000233905	0	43.5468	0	0	0	3.92346	0	0.137285	0	586.75	2429.04	0	0	2.34639	0	0.298224	0.00117788	0	0	0	0	0.0245667	0	4.93518	1876.27	3151.46	10999.8	1.70778	455.977	12.0122	47.2397	0.860723	0.0219398	44.0485	1167.58	1036.63	1012.82	4.65683	238.693	2509.62	795.044	2286.13	3882.97	1867.07	4663.58	5355.95	685.231	3023.39	22559.4	22559.4	
109.94	0	170.101	66.702	0	0	0.152463	0	0	0	0	0	370.693	4.12604	0	0.0487939	147.979	21.4871	120.382	299.952	0.320289	425.021	0.982397	0	0	0	0	0	563.177	60.9527	0	3.57091	680.009	1511.95	131.209	2013.93	1.30091	2.31865	0.782073	17.3417	0.0793479	0.0199009	0	0	0	0	0	0.571754	11.5116	0	1231.73	422.35	0	0	0.385113	0	0	0	0	21.2136	41.2824	10.9378	0.00105794	0.552748	71.6065	1.63992	126.306	811.101	0	5.13436	2.86636	0.22806	6.86766e-06	0	0.477689	1084.6	13.1297	880.464	0.661731	200.517	1298.24	239.666	322.846	4295.59	0.00144651	0	3.67898	27.2342	0.465683	0.000198291	0	4.14776	0	6.16063	0.00339166	21.2583	167.626	0	358.951	249.708	0	0	0.335315	0	0.000222496	0	40.9814	0	0	0	3.67518	0	0.132506	0	557.812	2315.12	0	0	2.2251	0	0.284465	0.00114369	0	0	0	0	0.0235859	0	4.70844	1774.74	3019.33	10474.5	1.62264	432.474	11.4078	44.804	0.829725	0.0212429	41.4591	1109.96	988.283	962.641	4.36494	226.519	2381.81	759.802	2175.85	3691.02	1800.05	4425.36	5088.68	653.783	2880.18	21474.7	21474.7	
110.06	0	164.137	64.9554	0	0	0.145404	0	0	0	0	0	356.966	3.97539	0	0.0465562	142.27	20.621	115.142	287.616	0.306171	406.19	0.941411	0	0	0	0	0	540.957	58.0288	0	3.4478	648.102	1447.38	126.009	1932.83	1.24223	2.19673	0.75175	16.6591	0.0766116	0.019221	0	0	0	0	0	0.550866	10.912	0	1183.2	405.62	0	0	0.367875	0	0	0	0	20.2344	39.7186	10.5172	0.00103079	0.526612	68.4753	1.5654	120.8	776.457	0	4.92353	2.73372	0.218464	6.40893e-06	0	0.457885	1033.74	12.5688	841.651	0.628626	191.577	1231	229.644	308.045	4098.13	0.00138679	0	3.50268	25.9747	0.448147	0.00019049	0	3.88291	0	5.86213	0.00323753	20.2447	159.223	0	341.697	237.676	0	0	0.319114	0	0.000209664	0	38.8256	0	0	0	3.47422	0	0.126168	0	530.417	2203.01	0	0	2.10889	0	0.268756	0.00109644	0	0	0	0	0.0224186	0	4.48727	1699.21	2889.45	10006.3	1.54979	413.31	10.8708	42.8522	0.79373	0.020508	39.2834	1057.85	950.21	920.034	4.12953	216.393	2264.6	732.496	2081.35	3538.63	1728.66	4218.32	4854.96	622.119	2740.31	20516.8	20516.8	
110.18	0	158.371	62.8897	0	0	0.137919	0	0	0	0	0	342.172	3.76547	0	0.0430441	136.066	19.596	109.767	274.402	0.29159	387.065	0.898394	0	0	0	0	0	519.348	54.8654	0	3.29879	614.263	1389.35	121.52	1858.7	1.19182	2.06542	0.722906	16.0517	0.0727317	0.0182184	0	0	0	0	0	0.530828	10.4311	0	1134.64	385.726	0	0	0.349396	0	0	0	0	19.0516	38.3067	10.0938	0.00102197	0.508398	65.2138	1.48275	115.394	742.396	0	4.72694	2.59527	0.207275	6.03883e-06	0	0.436541	980.614	12.0694	801.893	0.596288	182.27	1162.07	220.193	295.087	3924.67	0.00133541	0	3.3379	24.743	0.423701	0.000178797	0	3.64393	0	5.55787	0.00310601	19.2817	150.923	0	324.437	226.009	0	0	0.303398	0	0.000196866	0	36.6544	0	0	0	3.27543	0	0.120291	0	500.676	2083.09	0	0	1.98602	0	0.249183	0.00103107	0	0	0	0	0.0212603	0	4.18855	1630.62	2759.89	9557.88	1.48475	393.857	10.3312	41.002	0.745818	0.0194282	37.0909	1003.31	911.896	876.176	3.8971	205.933	2143.28	703.444	1983.8	3400.65	1653.89	4006.75	4647.86	590.799	2590.21	19577.4	19577.4	
110.29	0	151.672	60.4259	0	0	0.130405	0	0	0	0	0	326.413	3.55039	0	0.0410141	129.351	18.6519	104.341	262.989	0.277081	367.724	0.852115	0	0	0	0	0	495.902	51.8287	0	3.13176	578.943	1325.71	115.861	1772.03	1.13687	1.95704	0.688419	15.365	0.0694464	0.017294	0	0	0	0	0	0.512179	9.93339	0	1083.46	367.233	0	0	0.330887	0	0	0	0	17.9101	36.7705	9.61152	0.000987542	0.488207	61.9639	1.3991	109.754	708.922	0	4.48761	2.45365	0.19858	5.60583e-06	0	0.413917	927.481	11.5115	762.094	0.564168	173.182	1093.58	209.546	280.626	3729.26	0.00127002	0	3.15277	23.5923	0.404352	0.000171052	0	3.39755	0	5.22724	0.00295566	18.2985	141.352	0	307.021	213.63	0	0	0.287223	0	0.000184575	0	34.715	0	0	0	3.08811	0	0.112494	0	472.374	1970.86	0	0	1.87517	0	0.23748	0.000977892	0	0	0	0	0.0199967	0	3.89521	1555.3	2625.11	9085.35	1.41522	374.169	9.77063	39.1558	0.711469	0.018443	35.1289	948.789	870.597	832.312	3.67622	195.654	2019.13	671.584	1884.64	3243.28	1577.77	3796.04	4414.86	558.855	2449.26	18596.3	18596.3	
110.4	0	146.543	59.3419	0	0	0.127852	0	0	0	0	0	318.961	3.38979	0	0.0429983	125.503	18.5952	101.647	261.714	0.268904	358.35	0.824379	0	0	0	0	0	482.541	50.6443	0	3.00209	559.591	1285.09	111.682	1708.96	1.0926	1.93985	0.661601	14.9436	0.0713658	0.0173562	0	0	0	0	0	0.493672	9.4006	0	1050.59	361.014	0	0	0.320977	0	0	0	0	17.4624	35.4109	9.30706	0.000932731	0.463667	60.298	1.39727	106.196	690.908	0	4.28479	2.3707	0.196098	5.15328e-06	0	0.417188	899.813	11.0758	741.55	0.545095	169.383	1051.95	204.169	269.8	3570.65	0.00122135	0	2.98082	23.2935	0.413179	0.000178618	0	3.22365	0	4.9133	0.00280451	17.6277	133.055	0	295.59	205.437	0	0	0.274969	0	0.000178471	0	33.5916	0	0	0	2.9923	0	0.104578	0	463.956	1941.25	0	0	1.84215	0	0.246979	0.00102316	0	0	0	0	0.0189254	0	3.66812	1509.25	2546	8799.28	1.36273	364.574	9.40344	38.4332	0.731707	0.018558	34.0088	920.499	847.989	809.805	3.56006	191.013	1943.57	653.909	1837.18	3134.36	1534.87	3680.09	4230.12	537.991	2410.98	18019.5	18019.5	
110.51	0	144.163	58.6306	0	0	0.127767	0	0	0	0	0	316.312	3.39301	0	0.0425203	123.607	18.5019	100.278	259.56	0.264744	353.802	0.807984	0	0	0	0	0	477.482	49.6424	0	2.95017	550.688	1279.2	111.74	1703.8	1.07842	1.90612	0.653011	14.8682	0.0707839	0.0175162	0	0	0	0	0	0.470019	9.08468	0	1039.73	358.199	0	0	0.317306	0	0	0	0	17.4775	34.796	9.00359	0.000866735	0.449576	58.8468	1.41524	104.894	685.034	0	4.24421	2.34621	0.196746	4.88536e-06	0	0.417889	888.234	10.9672	733.511	0.541011	168.218	1032.33	204.011	268.421	3539.58	0.00119431	0	2.91113	23.0871	0.409114	0.00017791	0	3.1582	0	4.76809	0.00273444	17.2742	128.045	0	293.108	205.037	0	0	0.269756	0	0.000175078	0	33.0531	0	0	0	2.97908	0	0.0984881	0	468.58	1957.15	0	0	1.85722	0	0.246933	0.00103614	0	0	0	0	0.0185091	0	3.77793	1503.13	2530.91	8766.98	1.34436	359.952	9.29039	38.1521	0.727011	0.0187303	33.471	908.87	839.557	800.318	3.5422	189.404	1906.48	646.276	1813.98	3122.89	1518.82	3632.35	4191.67	534.547	2431.63	17892.2	17892.2	
110.61	0	143.292	56.5297	0	0	0.124059	0	0	0	0	0	309.232	3.29316	0	0.0397527	119.962	17.6762	97.7747	251.088	0.258228	344.56	0.786979	0	0	0	0	0	469.125	47.6485	0	2.90552	535.65	1265.46	111.702	1697.75	1.0752	1.83673	0.64639	14.6576	0.0657857	0.0165796	0	0	0	0	0	0.474864	9.12905	0	1035.59	350.075	0	0	0.312511	0	0	0	0	17.0302	34.8259	8.73383	0.000875329	0.460224	57.1113	1.35413	104.14	678.462	0	4.23359	2.30789	0.189766	5.07572e-06	0	0.391732	870.95	10.8982	718.565	0.5368	164.786	1005.22	201.479	270.06	3570.68	0.00117199	0	2.92883	22.376	0.381563	0.000165851	0	3.15241	0	4.77304	0.00275579	17.1215	127.876	0	293.629	205.446	0	0	0.270844	0	0.000176503	0	32.8822	0	0	0	2.94748	0	0.1015	0	461.718	1926.81	0	0	1.81246	0	0.232849	0.000977266	0	0	0	0	0.0186058	0	3.74953	1485.97	2517.91	8736.84	1.3346	350.631	9.18996	37.2234	0.680379	0.0177228	33.2739	891.132	824.081	783.013	3.50652	185.788	1858.8	632.473	1767.47	3102.81	1504.14	3562.03	4220.83	535.276	2394.34	17719.4	17719.4	
110.72	0	136.382	52.2878	0	0	0.116227	0	0	0	0	0	290.642	3.0457	0	0.0372683	111.679	16.3344	91.6974	235.483	0.242511	323.006	0.738272	0	0	0	0	0	442.393	44.2196	0	2.73853	500.853	1197.81	106.388	1617.37	1.02507	1.72838	0.610801	13.8108	0.0601801	0.0150918	0	0	0	0	0	0.465828	8.83921	0	990.171	331.101	0	0	0.296608	0	0	0	0	15.9635	33.3381	8.16117	0.000860519	0.448005	53.5229	1.24345	99.3195	645.957	0	4.00868	2.18439	0.175257	4.96103e-06	0	0.357804	821.39	10.3943	676.404	0.512039	155.186	940.225	190.805	259.189	3441.56	0.00110784	0	2.81771	20.9428	0.349351	0.000152427	0	2.99129	0	4.56995	0.00264405	16.348	122.266	0	282.672	197.302	0	0	0.261848	0	0.000170999	0	31.5978	0	0	0	2.80704	0	0.100791	0	438.619	1828.56	0	0	1.70377	0	0.217772	0.000909136	0	0	0	0	0.017873	0	3.5362	1406.19	2404.44	8349.62	1.26869	328.743	8.72962	34.9289	0.627479	0.0161533	31.9556	840.345	776.768	736.4	3.34046	175.224	1741.02	594.19	1657.71	2948.12	1433	3357.36	4061.84	514.742	2272.66	16839.6	16839.6	
110.82	0	125.48	47.5578	0	0	0.107561	0	0	0	0	0	267.425	2.74515	0	0.035122	101.906	15.0178	84.3069	217.304	0.222982	296.8	0.677593	0	0	0	0	0	406.384	40.4619	0	2.5216	459.012	1105.28	98.0005	1498.9	0.944973	1.60783	0.559149	12.7314	0.0552987	0.0137982	0	0	0	0	0	0.424994	8.20337	0	918.374	307.388	0	0	0.275352	0	0	0	0	14.7765	30.7657	7.38568	0.000791601	0.414766	49.0298	1.14939	92.0077	598.57	0	3.68573	2.02293	0.160265	4.59494e-06	0	0.321557	756.891	9.58396	622.719	0.476018	143.179	859.969	176.994	240.773	3202.67	0.00101388	0	2.60671	19.3315	0.322886	0.000140313	0	2.75687	0	4.20004	0.00243484	15.1522	112.292	0	264.564	183.98	0	0	0.245257	0	0.000161145	0	29.5951	0	0	0	2.61715	0	0.0950804	0	411.502	1708.63	0	0	1.58256	0	0.2057	0.000834242	0	0	0	0	0.0165821	0	3.26005	1298.44	2235.01	7764.99	1.16897	302.093	8.07711	32.2231	0.58405	0.0147728	29.9167	774.425	714.16	677.512	3.11298	161.728	1593.77	545.257	1522.71	2726.71	1328.41	3090.74	3777.1	481.098	2125.2	15597.2	15597.2	
110.92	0	115.539	43.8405	0	0	0.101215	0	0	0	0	0	247.984	2.5252	0	0.0342271	94.1719	14.0562	78.3746	203.545	0.207466	275.754	0.629708	0	0	0	0	0	376.072	37.698	0	2.34476	425.584	1028.54	90.5651	1394.59	0.874023	1.51438	0.514791	11.8372	0.0525579	0.0129692	0	0	0	0	0	0.380347	7.58034	0	855.095	288.134	0	0	0.257449	0	0	0	0	13.9225	28.2974	6.78337	0.000714745	0.377276	45.5154	1.08252	85.6513	557.421	0	3.39511	1.89026	0.147947	4.25768e-06	0	0.303954	704.426	8.89428	578.933	0.445136	133.599	793.961	165.43	223.65	2982.36	0.000930271	0	2.4015	18.1857	0.30805	0.000133476	0	2.56247	0	3.84629	0.00223819	14.0712	102.298	0	249.059	172.163	0	0	0.229736	0	0.000152585	0	27.8828	0	0	0	2.4617	0	0.0876532	0	389.162	1617.67	0	0	1.49683	0	0.19782	0.000796321	0	0	0	0	0.0153799	0	3.04916	1209.11	2087.1	7259.72	1.08242	280.664	7.52149	30.1708	0.558584	0.013899	28.1867	720.911	661.247	629.786	2.92517	150.807	1472.25	504.196	1414.27	2536.46	1238.38	2870.15	3515.12	451.884	2011.59	14542	14542	
111.02	0	107.872	41.0215	0	0	0.0961016	0	0	0	0	0	232.788	2.36934	0	0.0319823	88.169	13.2738	73.5563	190.659	0.195887	259.295	0.591785	0	0	0	0	0	351.934	35.3722	0	2.20686	399.663	972.4	84.7069	1317.25	0.820202	1.41346	0.483449	11.2105	0.0499788	0.012352	0	0	0	0	0	0.337904	7.23224	0	804.637	272.167	0	0	0.243626	0	0	0	0	13.2658	26.4536	6.24458	0.000662964	0.3474	42.5039	1.0308	80.2852	524.371	0	3.15936	1.79032	0.139308	3.98183e-06	0	0.282514	663.364	8.47647	545.106	0.421482	126.178	742.728	156.175	209.93	2818.06	0.000870616	0	2.25652	17.2195	0.292312	0.000128243	0	2.41843	0	3.59385	0.00208882	13.1902	94.6853	0	237.064	163.721	0	0	0.218165	0	0.00014429	0	26.5023	0	0	0	2.34228	0	0.0818268	0	371.565	1548.48	0	0	1.42831	0	0.189969	0.000770229	0	0	0	0	0.0144514	0	2.91715	1142.88	1969.62	6875.73	1.01696	263.867	7.10828	28.5693	0.532408	0.0132505	26.7848	679.048	619.653	592.686	2.78097	142.292	1377.98	472.349	1326.75	2395.91	1165.86	2697.33	3317.83	429.93	1924.6	13730.6	13730.6	
111.11	0	102.198	38.7009	0	0	0.0911653	0	0	0	0	0	220.804	2.23154	0	0.0302496	83.5133	12.5729	69.997	180.789	0.186665	246.207	0.5642	0	0	0	0	0	333.669	33.5886	0	2.09378	379.25	927.98	80.2164	1252.83	0.781976	1.34195	0.459186	10.6963	0.0477383	0.0117096	0	0	0	0	0	0.319621	7.00937	0	766.513	259.26	0	0	0.232401	0	0	0	0	12.5779	25.202	5.89402	0.000634701	0.333025	40.42	0.977851	76.1745	499.601	0	2.96691	1.70628	0.129704	3.84881e-06	0	0.267134	630.31	8.13709	518.204	0.401898	120.008	702.401	148.457	199.446	2695.17	0.000829363	0	2.15052	16.4189	0.278028	0.000121568	0	2.31973	0	3.42513	0.00197813	12.5603	89.5799	0	227.416	156.781	0	0	0.209651	0	0.000139898	0	25.3724	0	0	0	2.23823	0	0.0781742	0	354.093	1480.15	0	0	1.35541	0	0.179419	0.000734108	0	0	0	0	0.0138095	0	2.75809	1089.99	1876.05	6563.29	0.96947	250.516	6.76881	27.2449	0.505329	0.0125653	25.6395	645.207	587.812	563.344	2.65655	135.345	1305.01	447.57	1258.92	2281.7	1110.43	2561.28	3169.81	412.095	1838.55	13080.4	13080.4	
111.21	0	97.3856	36.7476	0	0	0.0869489	0	0	0	0	0	210.929	2.11068	0	0.0289708	79.2509	12.0795	66.9285	173.18	0.178568	234.7	0.538982	0	0	0	0	0	318.52	31.9508	0	1.99986	359.859	887.522	76.257	1194.04	0.74494	1.29141	0.435359	10.2256	0.0462912	0.0111449	0	0	0	0	0	0.294326	6.69987	0	730.715	247.605	0	0	0.220945	0	0	0	0	11.9585	24.0059	5.56559	0.000589191	0.315959	38.5025	0.941557	72.7936	476.822	0	2.79236	1.62248	0.123135	3.67601e-06	0	0.253343	597.613	7.79814	493.124	0.381417	114.176	663.935	141.772	190.035	2570.52	0.000785272	0	2.03296	15.7203	0.267849	0.00011744	0	2.22026	0	3.23813	0.00185559	11.9044	84.3764	0	217.055	148.939	0	0	0.199645	0	0.000133714	0	24.1573	0	0	0	2.12887	0	0.0738368	0	337.32	1413.22	0	0	1.28673	0	0.171475	0.000710005	0	0	0	0	0.0130468	0	2.59997	1042.32	1788.49	6261.07	0.924294	238.783	6.42404	26.0689	0.485752	0.0119723	24.4106	611.792	561.253	535.989	2.52578	128.72	1235.3	426.54	1199.94	2177.56	1058.89	2432.38	3022.09	392.555	1754.61	12464.6	12464.6	
113.94	0	2145.53	838.963	0	0	1.89487	0	0	0	0	0	4591.48	39.8208	0	0.650331	1689.05	264.388	1508.93	3842.92	3.79064	5010.9	11.2456	0	0	0	0	0	6879.62	668.588	0	41.636	7583.15	20006.9	1691.9	27830.2	16.6029	28.4164	9.70226	231.83	1.01641	0.245005	0	0	0	0	0	6.31972	139.254	0	16643.4	5739.03	0	0	4.90427	0	0	0	0	251.355	529.231	120.521	0.012696	7.25405	837.411	20.8218	1640.81	10819.5	0	63.5767	35.5473	2.72881	9.32687e-05	0	5.5287	13242.7	169.327	10664.2	8.3753	2550.25	13945.3	3167.02	4264.72	59817.7	0.0175728	0	43.5082	352.133	6.05863	0.00257962	0	56.7822	0	62.3701	0.041704	266.73	1584.57	0	5006.88	3489.56	0	0	4.44924	0	0.00301896	0	538.969	0	0	0	47.4034	0	1.29736	0	7831.38	34057.1	0	0	29.042	0	3.92974	0.0157171	0	0	0	0	0.289878	0	46.8787	23459.2	40733.6	146435	20.4111	5102.89	140.294	586.692	11.0079	0.263301	544.498	13550.8	12169.7	11555.5	56.123	2872.84	25826.9	9307.39	25815.2	49962.4	24133.1	53168.7	69621.7	9088.56	41968.6	283066	283066	
Quarter 3	
24.04	0	0.0384105	1.10374	0	1.50891e-09	0.000262325	0	0	0	0	0	0.00532497	8.17287e-07	0	0	1.12541e-07	26.1036	0.0648925	46.1748	0.00149167	3.94706e-06	0.00482877	0	9.91168e-11	0	0	0	0.0158952	2.32289e-05	0	1.9021e-07	9.10917e-07	159.309	0.00671948	41.4327	0.00400187	1.99247e-07	0.00285821	3.38428e-08	5.33648e-09	0	0	0	0	0	0	0	1.2273e-07	0	0.473239	10.6362	0	0	0.00080508	0	0	0	0	3.49097e-08	0.00123573	1.76336e-06	6.35285e-16	1.21051e-09	3.20864e-08	1.02101	0.207043	153.833	0	3.07184e-08	0.0110682	1.28985e-07	2.01729e-11	0	3.20369e-08	1.81395e-06	0.000792388	0.000569788	1.18677e-11	4.80894e-06	1.93314e-06	18.5166	0.111868	138.651	1.18567e-06	0	0.0165513	1.79218e-06	4.33959e-09	0	0	2.80007e-08	0	1.96712e-05	2.81954e-13	5.15801e-07	4.40611e-07	0	0.501993	22.3952	0	0	0.00141296	0	3.39751e-10	0	7.55339e-07	0	0	0	4.74068e-11	0	6.58856e-09	0	0.0272165	8.70246	0	0	0.000671732	0	0	0	0	0	0	0	1.44519e-12	0	5.71707e-09	204.95	1.43138	422.928	0.00549473	4.17854e-06	0.0384586	1.95501e-06	1.01351e-08	0	7.87376e-07	1.87686e-06	0.0232483	0.000615269	6.10022e-11	5.51616e-06	3.56433e-06	1.14774	72.3656	200.755	11.1115	155.073	157.296	22.8986	8.73035	629.378	629.378	
25.91	0	0.0605531	1.54203	0	1.65414e-09	0.000319186	0	0	0	0	0	0.00836067	1.49841e-06	0	0	1.34112e-07	36.5691	0.0785334	42.6187	0.00205569	3.77549e-06	0.00525762	0	4.75508e-10	0	0	0	0.0184491	3.23238e-05	0	1.70199e-07	8.34899e-07	249.344	0.0102452	67.7456	0.00738428	2.99381e-07	0.0048716	9.07218e-08	2.37305e-08	0	0	0	0	0	0	0	1.83667e-07	0	0.70394	15.2074	0	0	0.0012844	0	0	0	0	4.87689e-08	0.00206906	3.36553e-06	1.59162e-15	1.92438e-09	4.3003e-08	1.12887	0.261154	162.667	0	2.77891e-08	0.0133232	4.23644e-07	1.1604e-10	0	2.7314e-08	2.85792e-06	0.0010262	0.000806851	2.62218e-11	5.77187e-06	2.04931e-06	34.8439	0.225958	232.639	2.40981e-06	0	0.0297359	1.27443e-05	2.85346e-08	0	0	5.46338e-08	0	5.0594e-05	5.61016e-13	1.20537e-06	7.61601e-07	0	0.785625	31.1316	0	0	0.00207442	0	1.71672e-09	0	8.06466e-07	0	0	0	1.10081e-10	0	5.10523e-09	0	0.0451832	12.4642	0	0	0.00105401	0	0	0	0	0	0	0	3.14673e-12	0	7.15207e-09	321.886	2.17119	566.015	0.00944238	4.10431e-06	0.0579204	1.32586e-05	5.45734e-08	0	8.3378e-07	2.96132e-06	0.0299051	0.000894633	1.40013e-10	7.14937e-06	4.01885e-06	1.61126	79.2922	317.113	15.9147	164.072	267.738	31.9193	12.5104	890.17	890.17	
27.75	0	0.0923742	2.12112	0	1.46826e-09	0.00040454	0	0	0	0	0	0.0133555	2.6947e-06	0	0	1.72701e-07	42.7197	0.0950364	42.8157	0.00283062	4.26734e-06	0.00571306	0	2.02903e-09	0	0	0	0.0228943	4.4736e-05	0	1.84147e-07	9.46406e-07	340.601	0.0167096	94.6501	0.0129017	3.6536e-07	0.00724842	4.15761e-07	1.05899e-07	0	0	0	0	0	0	0	2.38725e-07	0	1.03428	20.3219	0	0	0.00186584	0	0	0	0	7.40082e-08	0.00341832	6.43814e-06	3.92926e-15	3.09375e-09	5.82544e-08	1.13705	0.327763	169.059	0	2.49937e-08	0.0162553	1.50757e-06	5.74978e-10	0	2.46886e-08	4.93614e-06	0.00135051	0.00114691	5.73963e-11	7.70009e-06	2.47397e-06	57.3354	0.400365	356.424	4.57049e-06	0	0.0487359	8.12683e-05	1.65733e-07	0	0	9.64633e-08	0	0.000109072	1.18878e-12	2.53741e-06	1.32889e-06	0	1.18138	41.6719	0	0	0.00294049	0	8.18402e-09	0	8.83012e-07	0	0	0	2.48305e-10	0	4.77997e-09	0	0.0755151	18.5485	0	0	0.00167408	0	0	0	0	0	0	0	7.05377e-12	0	8.86814e-09	441.793	3.22342	745.612	0.0157368	4.65916e-06	0.0848377	8.31916e-05	2.8242e-07	0	9.077e-07	5.10661e-06	0.0410187	0.00130985	3.13948e-10	1.04247e-05	5.23259e-06	2.22725	85.6619	435.288	21.3615	170.542	414.209	42.8562	18.6257	1190.77	1190.77	
29.55	0	0.130115	2.87403	0	1.41089e-09	0.000514668	0	0	0	0	0	0.0206436	4.66194e-06	0	0	2.42525e-07	49.4616	0.113657	45.0745	0.00401825	5.70388e-06	0.00641069	0	7.56672e-09	0	0	0	0.0281102	5.97948e-05	0	2.30937e-07	1.22871e-06	426.515	0.0239907	119.142	0.0210028	4.34734e-07	0.00974487	1.96327e-06	4.49558e-07	0	0	0	0	0	0	0	3.14938e-07	0	1.47104	25.7497	0	0	0.0025257	0	0	0	0	1.20745e-07	0.00538922	1.16914e-05	9.26599e-15	4.60054e-09	8.45957e-08	1.12061	0.408414	175.974	0	2.34975e-08	0.0195304	5.19545e-06	2.4731e-09	0	2.31042e-08	8.82037e-06	0.00172124	0.0016455	1.23291e-10	1.10935e-05	3.40289e-06	87.978	0.639933	494.809	7.95146e-06	0	0.0731563	0.000445207	8.89997e-07	0	0	1.72736e-07	0	0.000218446	2.46976e-12	5.00196e-06	2.41176e-06	0	1.72452	53.769	0	0	0.00408352	0	3.51464e-08	0	1.20554e-06	0	0	0	5.56501e-10	0	5.09576e-09	0	0.109503	25.5852	0	0	0.00260655	0	0	0	0	0	0	0	1.5351e-11	0	1.28813e-08	565.075	4.62117	942.977	0.025029	6.16353e-06	0.118573	0.000452366	1.38474e-06	0	1.22864e-06	9.11385e-06	0.0558643	0.00194009	6.97622e-10	1.6331e-05	7.70339e-06	3.02531	94.6884	545.711	27.2287	177.526	583.501	55.4976	25.6973	1512.88	1512.88	
31.31	0	0.178824	3.70615	0	1.37972e-09	0.00066178	0	0	0	0	0	0.0297774	7.69815e-06	0	0	3.70407e-07	58.0297	0.136929	48.5922	0.00594024	8.63481e-06	0.0074683	0	2.78988e-08	0	0	0	0.0348002	8.15574e-05	0	3.12534e-07	1.75999e-06	526.368	0.0355663	151.624	0.033824	5.73595e-07	0.0135203	8.46992e-06	1.71147e-06	0	0	0	0	0	0	0	4.6934e-07	0	2.03984	31.8401	0	0	0.00329287	0	0	0	0	2.06253e-07	0.00814391	1.86674e-05	2.04973e-14	7.09196e-09	1.28448e-07	1.16261	0.499316	185.697	0	2.49845e-08	0.0230301	1.67534e-05	8.97956e-09	0	2.26236e-08	1.54927e-05	0.00209701	0.00236917	2.54647e-10	1.67316e-05	5.1585e-06	129.853	0.95848	636.078	1.31212e-05	0	0.101897	0.00216625	3.99502e-06	0	0	3.11975e-07	0	0.000406398	4.77835e-12	9.55172e-06	4.49933e-06	0	2.46776	67.9269	0	0	0.00556851	0	1.28422e-07	0	2.38017e-06	0	0	0	1.19079e-09	0	6.5033e-09	0	0.145311	32.0827	0	0	0.00373921	0	0	0	0	0	0	0	3.05772e-11	0	2.14779e-08	715.413	6.46203	1157.55	0.0397774	9.23477e-06	0.159178	0.00219148	5.87179e-06	0	2.40279e-06	1.60109e-05	0.0748185	0.00288349	1.48081e-09	2.66029e-05	1.2414e-05	3.91542	106.807	678.076	33.8914	187.387	766.993	70.4002	32.2317	1879.7	1879.7	
33.04	0	0.253302	4.59162	0	1.47408e-09	0.000864718	0	0	0	0	0	0.0429592	1.31162e-05	0	0	6.33194e-07	70.2901	0.172957	54.2511	0.00922769	1.45046e-05	0.0093025	0	9.76424e-08	0	0	0	0.0438301	0.000110194	0	4.35888e-07	2.62989e-06	640.27	0.0536807	189.37	0.0529925	7.68932e-07	0.0185062	3.28257e-05	5.98493e-06	0	0	0	0	0	0	0	7.51319e-07	0	2.89497	40.7657	0	0	0.0045215	0	0	0	0	3.97532e-07	0.0124526	3.04673e-05	4.04881e-14	1.12413e-08	2.17072e-07	1.15918	0.584305	189.319	0	2.90308e-08	0.0269278	4.99376e-05	2.87481e-08	0	2.45164e-08	2.66014e-05	0.00251705	0.00332436	4.97417e-10	2.4148e-05	8.17128e-06	178.759	1.4076	798.552	2.21225e-05	0	0.135477	0.00872586	1.49113e-05	0	0	5.47471e-07	0	0.000754256	8.65335e-12	1.75824e-05	8.9341e-06	0	3.34636	82.0967	0	0	0.00724047	0	4.1065e-07	0	6.19539e-06	0	0	0	2.44405e-09	0	9.25133e-09	0	0.183425	38.223	0	0	0.00498538	0	0	0	0	0	0	0	5.50607e-11	0	3.57211e-08	890.478	8.8966	1397.17	0.0622423	1.53041e-05	0.207826	0.00880863	2.14333e-05	0	6.2199e-06	2.75464e-05	0.101759	0.00423239	3.00522e-09	4.21775e-05	2.13818e-05	4.88876	124.777	829.765	43.6777	191.095	978.863	85.4504	38.4114	2296.93	2296.93	
34.73	0	0.352752	5.62019	0	1.65114e-09	0.00118436	0	0	0	0	0	0.0611469	2.25206e-05	0	0	1.14078e-06	85.972	0.211042	60.0808	0.0142686	2.48876e-05	0.0122727	0	3.29706e-07	0	0	0	0.0555329	0.000148191	0	6.21661e-07	4.05227e-06	814.578	0.0793291	241.907	0.0835149	1.2154e-06	0.0259313	0.000120623	2.03106e-05	0	0	0	0	0	0	0	1.3537e-06	0	4.18077	53.0636	0	0	0.00635839	0	0	0	0	7.83327e-07	0.0186855	4.99926e-05	9.04423e-14	1.78906e-08	3.81401e-07	1.21125	0.673591	193.4	0	3.64658e-08	0.0311866	0.00012939	8.04152e-08	0	3.24825e-08	4.42637e-05	0.002875	0.00457263	9.22984e-10	3.46715e-05	1.32762e-05	248.719	1.99523	964.052	3.55829e-05	0	0.174406	0.0331369	5.40512e-05	0	0	9.95258e-07	0	0.00131987	1.48508e-11	3.14944e-05	1.71854e-05	0	4.29579	93.7545	0	0	0.00899408	0	1.10783e-06	0	1.64268e-05	0	0	0	4.60084e-09	0	1.22763e-08	0	0.217509	41.9016	0	0	0.00607019	0	0	0	0	0	0	0	9.30487e-11	0	5.45895e-08	1150.48	12.006	1653.78	0.0978191	2.61411e-05	0.266404	0.033387	7.58797e-05	0	1.64592e-05	4.60423e-05	0.13824	0.00611321	5.63181e-09	6.68054e-05	3.74566e-05	6.0353	146.346	1056.67	57.2695	195.323	1214.97	98.0593	42.1252	2816.81	2816.81	
36.38	0	0.479502	6.91717	0	1.92532e-09	0.00164388	0	0	0	0	0	0.0863451	3.62422e-05	0	0	2.10389e-06	104.927	0.256702	67.1208	0.0217414	4.45068e-05	0.0163264	0	1.02497e-06	0	0	0	0.0704302	0.000195496	0	8.773e-07	6.27169e-06	1031.05	0.114402	296.253	0.128463	1.99202e-06	0.0347665	0.000435762	6.3873e-05	0	0	0	0	0	0	0	2.4318e-06	0	5.9908	67.9296	0	0	0.00882248	0	0	0	0	1.56963e-06	0.0279193	8.26654e-05	1.90222e-13	2.77953e-08	6.82735e-07	1.28714	0.743057	195.703	0	4.81823e-08	0.0350536	0.000313937	1.78776e-07	0	5.86591e-08	7.01228e-05	0.00308449	0.00617405	1.57298e-09	4.82664e-05	2.15491e-05	318.491	2.64586	1120.17	5.72208e-05	0	0.210862	0.105876	0.000161993	0	0	1.72233e-06	0	0.00217304	2.35691e-11	5.25146e-05	3.21478e-05	0	5.07405	98.9195	0	0	0.0104088	0	2.50046e-06	0	4.07332e-05	0	0	0	8.13613e-09	0	1.66472e-08	0	0.227219	42.1723	0	0	0.00708019	0	0	0	0	0	0	0	1.42474e-10	0	8.35533e-08	1455.76	15.5316	1895.19	0.150262	4.65489e-05	0.324964	0.106625	0.00022957	0	4.07918e-05	7.34148e-05	0.187779	0.00866149	9.87534e-09	0.000101686	6.52872e-05	7.4847	172.413	1327.58	73.9573	197.778	1441.63	104.004	42.4066	3367.25	3367.25	
38	0	0.614484	8.28713	0	2.21252e-09	0.00215803	0	0	0	0	0	0.11728	5.49833e-05	0	0	3.76038e-06	126.453	0.309124	73.668	0.0317364	7.75509e-05	0.0204951	0	2.72471e-06	0	0	0	0.0875254	0.000257666	0	1.23147e-06	9.73242e-06	1328.3	0.167219	367.241	0.196109	3.4862e-06	0.0470657	0.00148356	0.000186604	0	0	0	0	0	0	0	4.53113e-06	0	8.358	84.1619	0	0	0.0117983	0	0	0	0	2.98908e-06	0.0404336	0.00013254	3.84625e-13	4.45688e-08	1.21459e-06	1.37548	0.81644	197.597	0	6.82789e-08	0.0388313	0.000693241	4.05e-07	0	1.22764e-07	0.000110627	0.00342273	0.00824452	2.64614e-09	6.69763e-05	3.4474e-05	406.486	3.4191	1261.39	8.94606e-05	0	0.249076	0.321508	0.000469388	0	0	2.92468e-06	0	0.00338442	3.65865e-11	8.42855e-05	5.79093e-05	0	5.87505	102.99	0	0	0.0120042	0	5.36945e-06	0	9.60611e-05	0	0	0	1.37621e-08	0	2.17872e-08	0	0.239902	41.5733	0	0	0.00779808	0	0	0	0	0	0	0	2.14515e-10	0	1.23207e-07	1862.61	19.7993	2136.91	0.227935	8.11075e-05	0.389227	0.323684	0.000664491	0	9.61839e-05	0.000116541	0.248662	0.0120741	1.66597e-08	0.000152538	0.000111767	9.02111	200.57	1695.95	92.5723	199.84	1671.87	108.877	41.821	4020.52	4020.52	
39.59	0	0.76424	9.41183	0	2.62229e-09	0.00265242	0	0	0	0	0	0.154479	7.82013e-05	0	0	6.49999e-06	150.127	0.393318	84.1155	0.0459606	0.000141396	0.0250163	0	6.44976e-06	0	0	0	0.112082	0.000347591	0	1.80101e-06	1.58018e-05	1707.16	0.250456	453.126	0.298936	5.98458e-06	0.0628882	0.00515561	0.000513297	0	0	0	0	0	0	0	8.41718e-06	0	11.4171	100.48	0	0	0.0152695	0	0	0	0	5.6358e-06	0.0569654	0.000204213	6.97461e-13	6.94604e-08	2.13152e-06	1.57418	0.936793	210.257	0	1.09164e-07	0.0440599	0.00152892	9.59109e-07	0	2.57368e-07	0.000176222	0.00400703	0.0119104	4.63627e-09	9.96732e-05	5.8559e-05	505.53	4.60273	1475.4	0.00014164	0	0.308677	0.891432	0.0012193	0	0	5.05947e-06	0	0.00529739	6.15661e-11	0.000139519	0.000109092	0	6.90025	109.805	0	0	0.0141007	0	1.16266e-05	0	0.000231628	0	0	0	2.4445e-08	0	2.78439e-08	0	0.28728	45.9417	0	0	0.00874002	0	0	0	0	0	0	0	3.44872e-10	0	1.61139e-07	2364.39	25.5521	2488.54	0.345038	0.000147492	0.481404	0.898117	0.00175164	0	0.000231885	0.000186918	0.327533	0.0178378	2.94884e-08	0.000241063	0.000200691	10.3333	234.819	2160.9	111.97	212.83	1986.74	116.72	46.2377	4880.55	4880.55	
41.15	0	0.917209	10.6497	0	3.35283e-09	0.00313851	0	0	0	0	0	0.19715	0.000108856	0	0	1.09074e-05	178.043	0.50153	96.4748	0.0646282	0.000251358	0.0289658	0	1.32431e-05	0	0	0	0.143152	0.000487602	0	2.75622e-06	2.63256e-05	2193.74	0.355929	555.95	0.449196	1.07269e-05	0.0828407	0.0159747	0.00129899	0	0	0	0	0	0	0	1.59208e-05	0	15.084	119.062	0	0	0.0195069	0	0	0	0	1.02357e-05	0.0763372	0.000313422	1.36184e-12	1.17578e-07	3.71212e-06	1.90916	1.13926	234.888	0	1.84742e-07	0.0524949	0.00353681	2.1061e-06	0	5.55836e-07	0.000293603	0.00488452	0.0179257	8.49022e-09	0.000156081	0.00010257	676.103	6.41754	1830.28	0.00022841	0	0.41527	2.44515	0.00332726	0	0	9.67163e-06	0	0.00892973	1.10675e-10	0.00024571	0.000212012	0	8.64482	124.297	0	0	0.0173307	0	2.4992e-05	0	0.000581746	0	0	0	4.54638e-08	0	4.19167e-08	0	0.374053	54.0053	0	0	0.0106685	0	0	0	0	0	0	0	6.08561e-10	0	2.31634e-07	3049.8	33.4344	3025.61	0.514053	0.000262273	0.630216	2.46466	0.00466659	0	0.000582301	0.000313511	0.421524	0.0277653	5.46746e-08	0.000404665	0.000371722	11.7673	275.257	2750.6	134.243	238.015	2515.68	132.96	54.39	6112.91	6112.91	
42.67	0	1.09802	11.8839	0	5.07783e-09	0.00358999	0	0	0	0	0	0.252426	0.000153988	0	0	1.79456e-05	205.733	0.633204	111.99	0.0886534	0.000449082	0.0333137	0	2.59641e-05	0	0	0	0.18667	0.000725181	0	4.43914e-06	4.64191e-05	2639.95	0.450016	627.459	0.646422	1.90802e-05	0.099754	0.0441361	0.00311669	0	0	0	0	0	0	0	2.7574e-05	0	19.127	137.581	0	0	0.02419	0	0	0	0	1.82462e-05	0.0980252	0.000466382	2.46432e-12	1.83518e-07	6.30342e-06	2.45295	1.42721	282.321	0	3.51739e-07	0.0646263	0.00873084	4.22544e-06	0	1.28678e-06	0.000494403	0.00596026	0.0289074	1.55722e-08	0.000264666	0.000189263	857.293	8.58105	2202.8	0.000349175	0	0.533931	6.10056	0.00756006	0	0	1.7337e-05	0	0.0144419	1.94347e-10	0.000408306	0.000392044	0	10.9663	142.518	0	0	0.0212241	0	5.12369e-05	0	0.00145586	0	0	0	8.76997e-08	0	7.23696e-08	0	0.472494	64.9154	0	0	0.0142644	0	0	0	0	0	0	0	1.06953e-09	0	4.24795e-07	3705.43	42.7553	3581.47	0.735425	0.000468519	0.794894	6.15342	0.0107582	0	0.00145715	0.000529986	0.543082	0.0446948	1.04538e-07	0.000677595	0.000680046	13.2381	318.666	3268.65	156.83	286.311	3075.33	153.507	65.4021	7337.94	7337.94	
44.17	0	1.36232	13.3514	0	8.13746e-09	0.00413452	0	0	0	0	0	0.327011	0.000239829	0	0	2.9983e-05	229.149	0.76272	123.456	0.11623	0.000745912	0.0367483	0	4.76098e-05	0	0	0	0.234553	0.00109186	0	7.2618e-06	7.94453e-05	3039.78	0.557128	689.728	0.884679	3.25007e-05	0.11649	0.106347	0.00640207	0	0	0	0	0	0	0	4.61326e-05	0	23.7219	156.904	0	0	0.0294821	0	0	0	0	3.17987e-05	0.124831	0.00070374	4.60797e-12	2.79904e-07	1.05907e-05	2.91352	1.7802	327.932	0	6.30968e-07	0.078976	0.0196954	7.88371e-06	0	2.86325e-06	0.000834085	0.00742567	0.0446914	2.83389e-08	0.00043049	0.000335497	1040.44	11.2007	2612.41	0.000509941	0	0.671675	13.9761	0.0150723	0	0	3.04704e-05	0	0.0224759	3.38995e-10	0.00066797	0.000688949	0	14.0159	165.195	0	0	0.026168	0	9.93078e-05	0	0.00350374	0	0	0	1.66088e-07	0	1.24625e-07	0	0.609099	78.1053	0	0	0.0187911	0	0	0	0	0	0	0	1.88527e-09	0	7.91541e-07	4312.29	54.01	4167.08	1.00142	0.000779052	0.982465	14.1022	0.0216291	0	0.0035066	0.000896354	0.693821	0.0692027	1.96655e-07	0.001106	0.00119151	15.0451	353.758	3731.18	180.781	332.778	3678.74	179.24	78.7332	8550.25	8550.25	
45.63	0	1.75154	14.7212	0	1.40336e-08	0.00469685	0	0	0	0	0	0.434732	0.000377936	0	0	5.03208e-05	246.829	0.910958	137.171	0.149938	0.00122187	0.0416421	0	7.52463e-05	0	0	0	0.302728	0.00171423	0	1.2261e-05	0.000141065	3322.97	0.664439	733.927	1.16081	5.13009e-05	0.131596	0.236236	0.0115293	0	0	0	0	0	0	0	7.27613e-05	0	29.1506	175.757	0	0	0.0355088	0	0	0	0	5.4406e-05	0.162826	0.00106589	8.13176e-12	4.25046e-07	1.7851e-05	3.55493	2.26257	388.016	0	1.11233e-06	0.0977443	0.0423432	1.41389e-05	0	6.20441e-06	0.00140613	0.00957863	0.0713827	5.19793e-08	0.000725686	0.000607452	1182.35	13.9907	2963.75	0.000696894	0	0.809656	28.0842	0.0269086	0	0	5.1413e-05	0	0.032967	5.91008e-10	0.00104979	0.00114443	0	17.8456	191.874	0	0	0.0320762	0	0.000181681	0	0.0081756	0	0	0	3.16536e-07	0	2.14583e-07	0	0.75714	92.0778	0	0	0.0242448	0	0	0	0	0	0	0	3.28569e-09	0	1.4136e-06	4755.7	67.3334	4697.3	1.31145	0.0012743	1.17717	28.3628	0.038709	0	0.0081818	0.00151195	0.909865	0.107508	3.724e-07	0.00178816	0.00203551	16.9126	385.409	4059.1	205.107	394.058	4189.05	209.76	92.8592	9552.26	9552.26	
47.06	0	2.25243	16.0396	0	2.49815e-08	0.00546088	0	0	0	0	0	0.580958	0.000584805	0	0	8.32451e-05	265.361	1.08688	148.147	0.194271	0.00193856	0.047136	0	0.000119942	0	0	0	0.385317	0.0026672	0	2.04091e-05	0.000242124	3683.26	0.810052	795.988	1.52965	7.88973e-05	0.154563	0.48555	0.0193301	0	0	0	0	0	0	0	0.000116972	0	35.6729	198.102	0	0	0.0427726	0	0	0	0	9.10879e-05	0.215596	0.00160168	1.38509e-11	6.74625e-07	2.9981e-05	4.0116	2.8701	447.259	0	1.86064e-06	0.120675	0.084972	2.55447e-05	0	1.31422e-05	0.00238205	0.0120922	0.109865	9.60605e-08	0.00117927	0.00105637	1355.21	17.8196	3449.81	0.0009568	0	1.0069	54.0389	0.0439293	0	0	8.90967e-05	0	0.0486656	1.07434e-09	0.00169177	0.00191769	0	22.6916	223.469	0	0	0.0392624	0	0.000323929	0	0.0181169	0	0	0	5.92824e-07	0	3.63323e-07	0	0.998638	111.811	0	0	0.031765	0	0	0	0	0	0	0	5.93703e-09	0	2.47176e-06	5307.85	84.2022	5390.62	1.72488	0.00201935	1.44854	54.6094	0.0637288	0	0.0181301	0.00256223	1.19396	0.163384	6.95909e-07	0.00289212	0.00344922	18.8791	415.227	4482.25	234.035	454.473	4877.98	246.219	112.841	10841.9	10841.9	
48.47	0	2.84019	17.1893	0	4.08289e-08	0.00634218	0	0	0	0	0	0.771661	0.000861921	0	0	0.000136267	285.333	1.31004	164.395	0.257663	0.00314951	0.0567959	0	0.000173897	0	0	0	0.509073	0.00429069	0	3.49564e-05	0.000432479	4023.76	0.963382	838.588	2.00658	0.000121344	0.17541	0.964075	0.0306267	0	0	0	0	0	0	0	0.000185581	0	43.4139	221.163	0	0	0.0515952	0	0	0	0	0.000153985	0.282378	0.00239825	2.51261e-11	1.03414e-06	4.97338e-05	4.92105	3.69786	532.984	0	3.18687e-06	0.151932	0.17105	4.3707e-05	0	2.82073e-05	0.00406264	0.0157831	0.175829	1.77986e-07	0.00201874	0.00189089	1532.66	21.9684	3890.36	0.00128433	0	1.2276	97.4157	0.071805	0	0	0.000154981	0	0.0714808	1.9358e-09	0.00268285	0.00314421	0	28.4842	256.248	0	0	0.0475135	0	0.000549403	0	0.0387994	0	0	0	1.11549e-06	0	6.20187e-07	0	1.21475	126.683	0	0	0.0415153	0	0	0	0	0	0	0	1.05873e-08	0	4.19755e-06	5846.68	103.893	6047.61	2.26552	0.00327409	1.7587	98.5509	0.103199	0	0.0388276	0.00437161	1.57889	0.254861	1.30602e-06	0.00473759	0.00584398	20.8085	451.87	4866.49	264.914	542.125	5543.78	284.819	127.939	12102.7	12102.7	
49.84	0	3.49795	18.0937	0	6.76315e-08	0.00754939	0	0	0	0	0	0.996633	0.00126468	0	0	0.000220093	311.636	1.60536	182.263	0.349369	0.00502016	0.06892	0	0.000286008	0	0	0	0.66276	0.00670028	0	5.72911e-05	0.000740944	4512.84	1.20256	922.405	2.68407	0.000188663	0.206739	1.78563	0.0461273	0	0	0	0	0	0	0	0.000297297	0	52.4643	245.655	0	0	0.0614831	0	0	0	0	0.000252543	0.363369	0.00352666	4.57838e-11	1.61145e-06	8.12892e-05	5.65126	4.58078	612.883	0	5.36174e-06	0.185821	0.315516	6.51645e-05	0	5.80041e-05	0.0067892	0.0206597	0.267897	3.13322e-07	0.00326639	0.00321692	1738.33	27.3636	4413.24	0.00174392	0	1.4836	170.327	0.105783	0	0	0.000257874	0	0.10464	3.27663e-09	0.00417624	0.00516473	0	34.4761	284.409	0	0	0.0554663	0	0.000833619	0	0.0755966	0	0	0	1.98004e-06	0	1.03598e-06	0	1.41417	140.305	0	0	0.053167	0	0	0	0	0	0	0	1.79326e-08	0	7.65818e-06	6568.45	126.605	6819.25	3.03518	0.00521426	2.12274	172.428	0.153095	0	0.0756546	0.00729962	2.04342	0.384029	2.31462e-06	0.00750153	0.00972997	22.5973	496.598	5441.17	298.548	623.918	6350.97	319.017	141.772	13694.6	13694.6	
51.19	0	4.43369	19.0304	0	1.14993e-07	0.00909916	0	0	0	0	0	1.31641	0.00185934	0	0	0.000363126	347.297	2.08892	212.629	0.488583	0.00824206	0.0891537	0	0.000481904	0	0	0	0.925355	0.010844	0	9.74409e-05	0.00132424	5107.3	1.5268	1030.03	3.61597	0.000286834	0.247989	3.24671	0.0682925	0	0	0	0	0	0	0	0.000476323	0	63.1811	267.291	0	0	0.0715269	0	0	0	0	0.00040777	0.467365	0.00521362	7.75665e-11	2.51962e-06	0.000131325	6.83515	5.6848	720.641	0	8.97023e-06	0.226421	0.561853	8.85861e-05	0	0.000114395	0.011322	0.028329	0.42185	5.30028e-07	0.00545113	0.00562112	1947.74	33.7499	4890.81	0.00234671	0	1.75792	280.088	0.155405	0	0	0.000423256	0	0.150773	5.31446e-09	0.0064032	0.00836134	0	39.8202	300.308	0	0	0.0614763	0	0.0011461	0	0.136994	0	0	0	3.36266e-06	0	1.66604e-06	0	1.52526	146.591	0	0	0.0621374	0	0	0	0	0	0	0	2.85095e-08	0	1.25176e-05	7409.17	152.011	7587.32	4.1069	0.00853798	2.52573	283.896	0.225414	0	0.137109	0.012153	2.73746	0.59054	3.92659e-06	0.0119543	0.0162917	24.7919	563.539	6146.03	331.016	734.422	7154.46	340.328	148.179	15442.8	15442.8	
52.51	0	5.79086	20.8717	0	1.923e-07	0.0114653	0	0	0	0	0	1.79086	0.00282473	0	0	0.000617069	400.907	2.78284	249.762	0.692139	0.013429	0.115694	0	0.000766307	0	0	0	1.29309	0.017282	0	0.000161685	0.00231842	5960.45	1.97538	1179.46	5.00793	0.000455013	0.300055	5.52523	0.10067	0	0	0	0	0	0	0	0.000775962	0	75.9052	287.303	0	0	0.0820939	0	0	0	0	0.000646623	0.616021	0.00765056	1.27249e-10	3.94358e-06	0.000213814	8.05835	6.82096	826.157	0	1.45373e-05	0.265542	0.948873	0.000109977	0	0.000202959	0.0184564	0.0388492	0.63792	8.4308e-07	0.0085952	0.00939859	2231.58	42.3173	5495.01	0.00318217	0	2.09754	447.061	0.223935	0	0	0.000682747	0	0.220302	8.26875e-09	0.00973275	0.0136459	0	43.2507	298.317	0	0	0.0646278	0	0.00142842	0	0.222489	0	0	0	5.27202e-06	0	2.42544e-06	0	1.61432	149.264	0	0	0.0693557	0	0	0	0	0	0	0	4.31395e-08	0	1.84558e-05	8601	180.458	8506.14	5.70325	0.0138987	3.00637	453.535	0.326909	0	0.222692	0.0197858	3.73882	0.885979	6.16664e-06	0.0184936	0.0269907	28.4683	655.587	7152.82	363.914	842.964	8218.54	341.856	150.948	17755.1	17755.1	
53.8	0	7.49091	23.465	0	3.23792e-07	0.0141992	0	0	0	0	0	2.46329	0.0042107	0	0	0.0010482	466.173	3.70764	299.82	0.975127	0.0220683	0.151997	0	0.0010856	0	0	0	1.85879	0.028082	0	0.000275378	0.00414442	6867.03	2.45586	1314.64	6.81237	0.00072435	0.358665	8.98597	0.14001	0	0	0	0	0	0	0	0.00123409	0	89.7603	300.892	0	0	0.0914677	0	0	0	0	0.000999179	0.810736	0.0110502	2.03696e-10	5.98401e-06	0.00034295	9.76037	8.19393	969.268	0	2.40319e-05	0.309412	1.57703	0.000124083	0	0.000349071	0.0295743	0.0532457	0.979294	1.28459e-06	0.0138267	0.0159065	2501.03	51.2322	5967.41	0.00423633	0	2.41147	676.744	0.303958	0	0	0.00107128	0	0.31097	1.23758e-08	0.0143464	0.0213986	0	44.9702	284.487	0	0	0.0653237	0	0.00161719	0	0.33913	0	0	0	7.85405e-06	0	3.30871e-06	0	1.57185	141.173	0	0	0.0724179	0	0	0	0	0	0	0	6.19037e-08	0	2.48257e-05	9844	209.383	9301.15	7.79174	0.022817	3.47495	687.307	0.446795	0	0.339479	0.0316448	5.18606	1.33361	9.21313e-06	0.0284545	0.0441029	33.4387	772.742	8200.43	391.567	990.201	9199.48	329.864	142.818	20060.5	20060.5	
55.07	0	9.38225	26.2925	0	5.26757e-07	0.0171718	0	0	0	0	0	3.26263	0.00620738	0	0	0.00173747	541.89	4.8095	351.484	1.34894	0.0353223	0.188511	0	0.00138655	0	0	0	2.54809	0.0434724	0	0.000445903	0.00705319	8015.05	3.1046	1494.41	9.32605	0.00114751	0.431142	14.0437	0.191442	0	0	0	0	0	0	0	0.00196065	0	106.655	317.77	0	0	0.103497	0	0	0	0	0.00153951	1.04964	0.0156904	3.10416e-10	8.81393e-06	0.000548479	11.2068	9.60488	1094.86	0	3.82358e-05	0.351812	2.41222	0.000148918	0	0.000561584	0.046613	0.0711733	1.43375	1.94783e-06	0.0210034	0.0256899	2801.02	62.0746	6495.44	0.00564989	0	2.75925	986.794	0.393237	0	0	0.00164194	0	0.435746	1.86216e-08	0.0209956	0.0334142	0	47.0855	273.447	0	0	0.0673766	0	0.00183475	0	0.503523	0	0	0	1.15126e-05	0	4.29299e-06	0	1.60368	138.173	0	0	0.074723	0	0	0	0	0	0	0	8.93597e-08	0	3.25883e-05	11369.2	244.32	10191.9	10.6806	0.0365086	3.99348	1003.25	0.588049	0	0.504084	0.0497944	6.93154	1.93486	1.35687e-05	0.0424538	0.0704408	38.9625	902.357	9536.56	425.596	1120.04	10349	321.105	139.851	22833.5	22833.5	
56.31	0	11.528	28.2507	0	8.37601e-07	0.0198103	0	0	0	0	0	4.19421	0.00911762	0	0	0.00281018	626.325	6.31849	425.971	1.85159	0.0578377	0.235254	0	0.00169339	0	0	0	3.55221	0.069049	0	0.000741278	0.0123427	9483.56	4.12964	1756.07	12.7846	0.00176312	0.53873	22.4645	0.248571	0	0	0	0	0	0	0	0.00314557	0	127.67	342.358	0	0	0.119475	0	0	0	0	0.00239633	1.32412	0.0217219	4.68785e-10	1.31864e-05	0.000871257	13.3267	12.0339	1290.9	0	6.22138e-05	0.419352	3.61693	0.000189073	0	0.000869569	0.0755147	0.0988299	2.20551	3.1308e-06	0.033877	0.0435809	3178.52	78.2475	7330.85	0.00764982	0	3.29064	1423.08	0.494502	0	0	0.00261399	0	0.614468	3.06022e-08	0.0321028	0.0530734	0	52.2937	280.641	0	0	0.0740922	0	0.00213408	0	0.781031	0	0	0	1.76746e-05	0	5.71499e-06	0	1.82155	146.271	0	0	0.0759475	0	0	0	0	0	0	0	1.3982e-07	0	4.08836e-05	13301.7	294.043	11601.3	14.6439	0.0596638	4.7733	1449.16	0.747089	0	0.7819	0.0805251	9.16937	2.91987	2.09763e-05	0.0667343	0.115871	44.0047	1064.39	11279.8	471.497	1322.76	12015.2	333.792	148.169	26679.6	26679.6	
57.52	0	14.0059	30.1048	0	1.30524e-06	0.0229568	0	0	0	0	0	5.25442	0.0133246	0	0	0.0044434	735.477	8.21522	507.962	2.50505	0.0933334	0.284811	0	0.00196773	0	0	0	4.74351	0.106132	0	0.0011956	0.0208458	11364.3	5.3724	2059.55	17.722	0.00271748	0.668906	34.0724	0.313602	0	0	0	0	0	0	0	0.00512991	0	153.621	379.446	0	0	0.141181	0	0	0	0	0.00377056	1.64522	0.0306905	7.28175e-10	2.00138e-05	0.00136584	16.4469	15.399	1528.35	0	9.67468e-05	0.510167	5.36609	0.000238687	0	0.00140501	0.123752	0.135588	3.36541	5.23661e-06	0.0541423	0.0729317	3806.17	101.362	8656.24	0.0105525	0	4.14383	2040.82	0.663611	0	0	0.0045186	0	0.922187	5.30818e-08	0.0504425	0.0878688	0	62.5392	310.726	0	0	0.0864979	0	0.00256477	0	1.27736	0	0	0	2.89727e-05	0	8.30751e-06	0	2.25414	167.412	0	0	0.0888742	0	0	0	0	0	0	0	2.34104e-07	0	5.56497e-05	15922.4	362.768	13639.8	20.2375	0.0961489	5.94723	2080.26	0.981984	0	1.27877	0.132041	11.7787	4.43774	3.44973e-05	0.1058	0.192649	49.4059	1259.41	13482	534.889	1569.83	14610.5	374.632	169.755	32050.4	32050.4	
58.71	0	16.9819	32.4041	0	2.06211e-06	0.0259739	0	0	0	0	0	6.53551	0.0189303	0	0	0.00697373	845.583	10.5212	604.282	3.31723	0.149219	0.350074	0	0.00208779	0	0	0	6.33169	0.168323	0	0.00196096	0.0359037	12957.7	6.3627	2261.59	23.3728	0.00433776	0.775503	46.0718	0.373233	0	0	0	0	0	0	0	0.00800543	0	181.396	418.654	0	0	0.164871	0	0	0	0	0.00590983	2.00006	0.0439875	1.26038e-09	2.98977e-05	0.0021429	20.8693	20.0454	1861.75	0	0.000158534	0.637449	8.18022	0.000292892	0	0.0024613	0.204946	0.188355	5.19188	8.94874e-06	0.089498	0.123614	4423.91	125.159	9950.52	0.0141351	0	5.0538	2841.3	0.815908	0	0	0.00737023	0	1.33107	9.24181e-08	0.0767849	0.138852	0	76.7831	353.729	0	0	0.103208	0	0.00306667	0	2.13186	0	0	0	4.89139e-05	0	1.347e-05	0	2.79469	192.405	0	0	0.109517	0	0	0	0	0	0	0	4.01076e-07	0	8.80875e-05	18248	440.044	15675.3	26.7042	0.153717	7.22039	2895.55	1.19459	0	2.13432	0.218226	15.0556	6.75419	5.83574e-05	0.168274	0.315593	55.9734	1470.74	15296.2	602.267	1917.29	17348.3	432.75	195.309	37318.9	37318.9	
59.88	0	20.3904	35.0777	0	3.16287e-06	0.029445	0	0	0	0	0	7.98618	0.026644	0	0	0.0107824	935.104	12.7238	676.549	4.23032	0.225107	0.406857	0	0.00208904	0	0	0	7.95851	0.250641	0	0.00299978	0.0577125	14280	7.43568	2424.3	29.6852	0.00669474	0.868823	59.1048	0.410784	0	0	0	0	0	0	0	0.0118423	0	211.86	460.329	0	0	0.191967	0	0	0	0	0.00904727	2.38012	0.0620034	2.05616e-09	4.33473e-05	0.00332307	24.3061	24.883	2132.08	0	0.000246251	0.767126	11.2249	0.000343416	0	0.00395347	0.328172	0.249878	7.4784	1.49884e-05	0.136989	0.195495	4918.46	150.57	11125.8	0.0182568	0	5.95453	3690.1	0.911605	0	0	0.0113643	0	1.84203	1.56651e-07	0.112514	0.210705	0	93.7413	400.232	0	0	0.12246	0	0.00353883	0	3.43063	0	0	0	8.17796e-05	0	2.16424e-05	0	3.5264	227.407	0	0	0.138681	0	0	0	0	0	0	0	6.79897e-07	0	0.000148616	20157.8	525.131	17481.8	33.9337	0.232051	8.47988	3760.43	1.32836	0	3.43459	0.348584	18.5747	9.65972	9.76066e-05	0.252546	0.49003	63.5212	1637.51	16801.8	674.836	2201.65	19894	497.53	231.072	42001.9	42001.9	
61.02	0	24.4316	37.2903	0	4.72653e-06	0.0333825	0	0	0	0	0	9.64582	0.0370257	0	0	0.016403	999.795	14.9361	729.131	5.20192	0.324933	0.460664	0	0.00207148	0	0	0	9.61576	0.353181	0	0.00434399	0.0880933	15369.3	8.51944	2558.74	36.5594	0.00965097	0.963526	71.3329	0.420215	0	0	0	0	0	0	0	0.0170097	0	247.168	504.35	0	0	0.222335	0	0	0	0	0.0137068	2.79642	0.0859588	3.20857e-09	6.29839e-05	0.00508052	26.84	30.0548	2349.58	0	0.000357012	0.906197	14.0675	0.000384474	0	0.00604996	0.512362	0.320742	10.2906	2.46828e-05	0.199194	0.295358	5329.26	177.065	12198.3	0.0226254	0	6.87518	4520.86	0.959563	0	0	0.017234	0	2.47371	2.61203e-07	0.160666	0.311141	0	113.472	449.44	0	0	0.144394	0	0.00394598	0	5.35143	0	0	0	0.000134499	0	3.33273e-05	0	4.48795	270.856	0	0	0.175074	0	0	0	0	0	0	0	1.13891e-06	0	0.000243618	21725.2	620.134	19097.7	41.784	0.334945	9.78075	4606.26	1.38618	0	5.35748	0.543303	22.3787	13.2405	0.000160585	0.364266	0.733362	71.4546	1759.91	18045.9	754.641	2433.08	22236.3	568.412	275.519	46145.3	46145.3	
62.14	0	29.6059	40.0531	0	7.24989e-06	0.0374362	0	0	0	0	0	11.8619	0.0516962	0	0	0.0252713	1046.02	17.8274	811.092	6.35322	0.474182	0.548791	0	0.00203752	0	0	0	12.362	0.520634	0	0.00666978	0.140592	16246.4	9.75456	2672.31	43.5599	0.0134072	1.07756	84.849	0.408522	0	0	0	0	0	0	0	0.0244057	0	287.387	549.656	0	0	0.25639	0	0	0	0	0.0209155	3.28539	0.118752	5.31045e-09	9.07741e-05	0.00777956	30.357	37.6215	2669	0	0.000527326	1.10987	17.6506	0.000433441	0	0.0091947	0.819131	0.429627	14.6478	4.1359e-05	0.303642	0.463555	5680.1	205.249	13306	0.0274534	0	7.96239	5330.79	0.968827	0	0	0.0263051	0	3.24984	4.48401e-07	0.231263	0.450807	0	136.569	500.841	0	0	0.169112	0	0.00433678	0	8.20573	0	0	0	0.000219774	0	5.1709e-05	0	5.60185	313.408	0	0	0.211274	0	0	0	0	0	0	0	1.93047e-06	0	0.000381991	23002.9	729.617	20862.4	49.9406	0.488124	11.3728	5433.29	1.38416	0	8.21492	0.866352	27.9389	18.5887	0.000263517	0.541665	1.11284	81.6353	1895.35	19058.4	840.733	2772.42	24535.1	645.79	319.221	50148.7	50148.7	
63.23	0	35.6973	43.9256	0	1.07227e-05	0.0429679	0	0	0	0	0	14.5984	0.0722938	0	0	0.0385685	1105.87	20.9879	877.805	7.78085	0.679486	0.640692	0	0.00197677	0	0	0	15.4248	0.735764	0	0.00983566	0.215268	17247.4	11.1214	2799.74	52.1064	0.0185947	1.20062	97.5079	0.39158	0	0	0	0	0	0	0	0.0348194	0	334.492	601.626	0	0	0.29674	0	0	0	0	0.0316448	3.82898	0.163839	8.57887e-09	0.00013027	0.0117072	33.7972	45.5195	2954.19	0	0.000753628	1.32747	21.4357	0.000456824	0	0.0138431	1.27748	0.550721	20.2289	6.74809e-05	0.442287	0.702345	6127.66	238.361	14531.1	0.0330584	0	9.26962	6129.64	0.977568	0	0	0.0403864	0	4.37382	7.42468e-07	0.331047	0.659637	0	161.977	550.881	0	0	0.195775	0	0.00457311	0	12.0147	0	0	0	0.000352547	0	7.60612e-05	0	6.90559	363.132	0	0	0.265919	0	0	0	0	0	0	0	3.19769e-06	0	0.00060857	24514.7	855.061	22722.4	59.9203	0.698845	13.2398	6248.59	1.37615	0	12.0285	1.34951	34.4029	25.5746	0.000423977	0.783299	1.66303	94.3751	2030.15	20209.5	940.45	3079.49	27042.4	725.073	370.304	54491.8	54491.8	
64.31	0	42.9723	48.7418	0	1.59755e-05	0.0499323	0	0	0	0	0	18.0755	0.100447	0	0	0.0583568	1179.95	24.975	958.381	9.55068	0.975744	0.75043	0	0.00189191	0	0	0	19.0601	1.02127	0	0.0141877	0.324438	18693.3	13.1564	3014.59	63.0359	0.0263991	1.36759	112.342	0.373972	0	0	0	0	0	0	0	0.0499853	0	386.642	648.522	0	0	0.337266	0	0	0	0	0.046986	4.49357	0.226323	1.33228e-08	0.000188153	0.0174985	36.461	53.9373	3241.36	0	0.00111173	1.55442	25.4218	0.000445912	0	0.0206076	1.95273	0.697264	27.578	0.00010588	0.634873	1.05165	6601.1	277.458	15844.8	0.0396607	0	10.6507	6991.93	0.919054	0	0	0.0602402	0	5.82418	1.17998e-06	0.470399	0.958423	0	186.434	588.325	0	0	0.218088	0	0.00448993	0	16.6804	0	0	0	0.000546616	0	0.000112025	0	8.19562	411.346	0	0	0.330845	0	0	0	0	0	0	0	5.09218e-06	0	0.00100723	26510.8	993.771	24756.1	72.6263	1.00327	15.2593	7129.7	1.29985	0	16.701	2.05996	42.3265	34.7502	0.000658782	1.11965	2.46147	109.998	2195	21898.3	1040.29	3390.67	29734.3	791.662	419.874	59580	59580	
65.36	0	53.4552	54.1264	0	2.45131e-05	0.0582083	0	0	0	0	0	23.0699	0.141473	0	0	0.0890012	1248.18	30.9252	1099.05	11.5798	1.41234	0.923567	0	0.00191325	0	0	0	25.1412	1.47214	0	0.021607	0.508964	20130.9	15.7234	3251.81	74.1904	0.0357585	1.54534	126.442	0.354517	0	0	0	0	0	0	0	0.0717069	0	439.782	676.721	0	0	0.368155	0	0	0	0	0.0669835	5.35692	0.306874	2.1163e-08	0.000267616	0.0258254	40.4091	65.2381	3619.79	0	0.00160643	1.82531	30.0785	0.000414627	0	0.0300486	2.97275	0.914841	38.0987	0.000160141	0.931764	1.5945	7056.63	321.325	17118.7	0.0462254	0	12.0727	7675.72	0.873107	0	0	0.0879573	0	7.55882	1.85595e-06	0.653806	1.36242	0	205.871	600.282	0	0	0.232042	0	0.00414027	0	21.8843	0	0	0	0.000803559	0	0.000161064	0	9.3757	444.77	0	0	0.38213	0	0	0	0	0	0	0	7.85968e-06	0	0.00158945	28476.1	1141.7	26865.2	85.8164	1.44973	17.4075	7832.24	1.23409	0	21.9143	3.12769	54.4829	47.578	0.000973436	1.60744	3.65417	130.94	2419.22	23601.1	1122.63	3801.89	32195	828.275	454.53	64553.5	64553.5	
66.39	0	67.7715	63.0781	0	3.77092e-05	0.0702749	0	0	0	0	0	30.1116	0.201681	0	0	0.137522	1378.9	38.4306	1258.08	14.269	2.05077	1.12556	0	0.00190986	0	0	0	32.9392	2.06997	0	0.032064	0.782132	22160.1	18.9134	3566.05	88.428	0.0507421	1.75991	140.206	0.338797	0	0	0	0	0	0	0	0.103541	0	499.625	698.071	0	0	0.399051	0	0	0	0	0.0938825	6.56167	0.415805	3.06564e-08	0.000375305	0.0381558	44.5977	77.1611	4010.93	0	0.00228912	2.06739	34.3176	0.000360185	0	0.0407605	4.37026	1.16773	51.7197	0.000232105	1.31696	2.35984	7632.57	378.889	18577.3	0.0536015	0	13.657	8290.87	0.824531	0	0	0.128243	0	9.96362	2.80336e-06	0.900739	1.95329	0	217.801	586.219	0	0	0.237024	0	0.00358641	0	26.6459	0	0	0	0.00113162	0	0.000216161	0	10.54	470.294	0	0	0.430374	0	0	0	0	0	0	0	1.16553e-05	0	0.00226218	31216.1	1309.13	29230	102.751	2.10384	19.7466	8465.39	1.16918	0	26.6866	4.59238	70.7802	64.3708	0.00137822	2.25014	5.37695	161.371	2728.68	25975.9	1205.2	4230.05	34907.1	830.908	481.267	70520.5	70520.5	
67.39	0	84.4177	73.0792	0	5.60719e-05	0.0842212	0	0	0	0	0	38.9917	0.278162	0	0	0.20842	1539.11	46.6997	1421.65	17.2721	2.93667	1.34585	0	0.00183147	0	0	0	42.1182	2.84682	0	0.0460559	1.17228	24410.6	22.3304	3879.71	104.035	0.0720451	1.98995	152.025	0.327518	0	0	0	0	0	0	0	0.148191	0	562.761	709.153	0	0	0.423982	0	0	0	0	0.128262	8.04629	0.550438	4.29924e-08	0.000511367	0.0552889	49.0448	89.2599	4391.71	0	0.00323541	2.28315	37.9535	0.000308324	0	0.052766	6.20486	1.44246	68.3887	0.000323798	1.80714	3.392	8203.69	438.948	19873.7	0.061257	0	15.1189	8779.98	0.775984	0	0	0.180303	0	12.9465	4.05426e-06	1.20882	2.74725	0	223.937	555.423	0	0	0.235227	0	0.00302379	0	30.8076	0	0	0	0.00153487	0	0.000273392	0	11.3564	485.092	0	0	0.475666	0	0	0	0	0	0	0	1.65632e-05	0	0.00312667	34202.5	1479.71	31389.5	121.368	3.012	21.9569	8969.96	1.10867	0	30.8603	6.51343	90.5987	85.0106	0.00187933	3.06253	7.72683	197.059	3075.2	28571.3	1281.12	4651.54	37329.3	810.408	496.927	76412.8	76412.8	
68.38	0	104.015	83.8667	0	8.48148e-05	0.0963549	0	0	0	0	0	50.1991	0.376721	0	0	0.312847	1656.87	57.1319	1631.43	20.167	4.17991	1.62385	0	0.00172713	0	0	0	55.0901	4.0641	0	0.0681003	1.81009	26224.2	26.0685	4119.92	116.69	0.101695	2.20667	160.33	0.309628	0	0	0	0	0	0	0	0.20755	0	635.105	718.951	0	0	0.451096	0	0	0	0	0.174632	9.81529	0.720031	5.8712e-08	0.000683364	0.0806191	53.3638	105.374	4848.03	0	0.00452884	2.5783	41.57	0.00028382	0	0.0678865	9.0014	1.83953	90.8541	0.000460225	2.52829	4.91913	8629.17	498.203	20939.6	0.0679302	0	16.4733	9030.95	0.700505	0	0	0.250026	0	16.3367	6.01511e-06	1.60247	3.76115	0	232.792	531.044	0	0	0.237117	0	0.00264647	0	35.7366	0	0	0	0.00208111	0	0.000342518	0	12.6806	500.477	0	0	0.516237	0	0	0	0	0	0	0	2.41446e-05	0	0.00425997	36563.6	1671.37	33373.3	136.925	4.28622	24.1829	9232.85	1.01479	0	35.8045	9.42606	116.944	112.352	0.00257155	4.19955	11.096	238.867	3432.43	30650.1	1365.3	5160.13	39137.1	799.814	513.678	81297.4	81297.4	
69.35	0	128.579	97.0186	0	0.000122732	0.112404	0	0	0	0	0	63.9541	0.523188	0	0	0.471427	1813.32	71.573	1872.63	23.349	6.04094	1.9239	0	0.00173513	0	0	0	71.1444	5.67334	0	0.098426	2.74019	29391.3	33.0508	4707.42	134.576	0.142453	2.62755	178.147	0.294332	0	0	0	0	0	0	0	0.297764	0	744.295	766.438	0	0	0.511411	0	0	0	0	0.248985	12.0283	0.955535	7.81589e-08	0.000970267	0.119961	57.4163	127.094	5383.12	0	0.00649952	2.9596	43.8122	0.000288228	0	0.083207	13.2533	2.38691	122.96	0.000693319	3.53888	7.20253	9315.2	602.27	23251.7	0.0767555	0	19.0558	9354.15	0.637119	0	0	0.359092	0	21.3085	9.42408e-06	2.2466	5.42998	0	258.127	544.28	0	0	0.256943	0	0.00251974	0	43.4983	0	0	0	0.00299365	0	0.00041234	0	15.9338	567.767	0	0	0.567971	0	0	0	0	0	0	0	3.72871e-05	0	0.00534176	40577.2	1980.92	37190.3	158.002	6.19002	28.0155	9576.1	0.935994	0	43.5815	13.8614	149.514	151.421	0.00373375	5.88488	16.2676	290.659	3868.49	34447.8	1524.6	5763.83	42572.4	846.169	584.274	89898.2	89898.2	
70.3	0	158.445	112.155	0	0.000176419	0.131497	0	0	0	0	0	81.1017	0.728408	0	0	0.707301	2038.06	89.35	2157.43	26.562	8.78991	2.26891	0	0.00162376	0	0	0	90.9219	7.85748	0	0.141918	4.10249	33286.2	40.0969	5376.19	154.677	0.199861	3.11176	190.612	0.286333	0	0	0	0	0	0	0	0.434979	0	893.377	852.717	0	0	0.597083	0	0	0	0	0.367445	15.006	1.28624	1.13599e-07	0.00141148	0.178224	66.0091	157.114	6097	0	0.0091624	3.50291	46.9689	0.000291817	0	0.104384	19.957	3.06056	168.517	0.00108824	5.05712	10.6856	10507.5	739.613	26539.4	0.0869739	0	22.9271	9754.39	0.640126	0	0	0.550501	0	29.1564	1.51639e-05	3.22948	8.07115	0	306.632	600.11	0	0	0.296585	0	0.00248686	0	56.5218	0	0	0	0.00457619	0	0.000542276	0	20.3303	666.051	0	0	0.673192	0	0	0	0	0	0	0	5.99027e-05	0	0.00697556	45897.7	2404.96	42401	181.326	8.99911	33.5091	9991.97	0.930861	0	56.6262	20.875	190.09	207.545	0.00573961	8.42992	24.1873	353.269	4425.49	39051.8	1763.53	6577.99	47605.5	963.567	687.061	101428	101428	
71.23	0	193.388	130.123	0	0.000252016	0.149479	0	0	0	0	0	102.581	0.99285	0	0	1.05409	2213.87	108.393	2497.9	29.204	12.5391	2.71032	0	0.00144148	0	0	0	116.99	11.3523	0	0.209959	6.30903	35791.2	44.8232	5687.44	166.737	0.288697	3.44808	190.676	0.270302	0	0	0	0	0	0	0	0.605452	0	1064.34	953.777	0	0	0.691845	0	0	0	0	0.537652	18.683	1.78201	1.71231e-07	0.00200746	0.26752	75.8367	195.586	7023.11	0	0.0132845	4.28528	52.1756	0.000280021	0	0.148471	30.8814	4.00432	230.678	0.00171847	7.36753	15.9134	11554.1	864.499	29480.3	0.0951412	0	26.6225	10098.1	0.609623	0	0	0.818399	0	38.6365	2.44356e-05	4.50039	11.4454	0	374.459	680.673	0	0	0.349235	0	0.00241487	0	75.9718	0	0	0	0.00709734	0	0.000833491	0	25.9975	790.393	0	0	0.851112	0	0	0	0	0	0	0	9.71611e-05	0	0.0113131	49635	2871.49	47243.7	196.036	12.8413	39.1079	10341	0.884062	0	76.1203	32.2374	242.258	283.442	0.00893758	12.0799	35.607	428.289	4999.48	41885.5	2040.08	7640	52079.7	1131.46	817.253	111022	111022	
72.14	0	227.813	146.604	0	0.000349068	0.168613	0	0	0	0	0	124.653	1.31106	0	0	1.50891	2331.55	125.336	2736.7	30.7499	17.0415	3.06915	0	0.00126422	0	0	0	140.886	15.2016	0	0.289996	9.01411	37194.3	49.0127	5905.25	172.063	0.399497	3.7195	184.915	0.238996	0	0	0	0	0	0	0	0.812637	0	1244.83	1058.73	0	0	0.799488	0	0	0	0	0.778065	22.5947	2.39773	2.63549e-07	0.0028167	0.387806	81.8826	231.438	7714.89	0	0.0187124	5.01148	54.0471	0.000256133	0	0.200268	45.3938	4.89575	300.321	0.0026351	10.0927	22.4544	12148.9	981.553	31647.7	0.0991323	0	29.7498	9907.93	0.543077	0	0	1.14457	0	49.0797	3.71859e-05	6.02258	15.5264	0	451.819	770.881	0	0	0.409347	0	0.00227158	0	100.204	0	0	0	0.0108856	0	0.00124143	0	32.1426	907.904	0	0	1.02622	0	0	0	0	0	0	0	0.000150529	0	0.0172595	51756.7	3343.95	50888.6	202.912	17.4601	43.9536	10146.9	0.785865	0	100.405	47.3164	293.029	368.311	0.0137087	16.4081	49.7227	502.059	5409.84	43510.7	2330.52	8470.64	54788.3	1323.33	941.091	117276	117276	
73.03	0	261.85	158.541	0	0.000481193	0.187683	0	0	0	0	0	146.627	1.6932	0	0	2.08834	2384.8	140.708	2873.99	31.2146	22.3869	3.37684	0	0.00110711	0	0	0	163.09	19.2855	0	0.384648	12.2423	37981.1	53.3508	6048.05	172.385	0.519702	4.01744	175.551	0.206377	0	0	0	0	0	0	0	1.07121	0	1436.18	1162.76	0	0	0.913987	0	0	0	0	1.10761	26.7027	3.123	3.99502e-07	0.00389434	0.54293	85.884	266.046	8173.84	0	0.0250005	5.69892	52.0086	0.000233094	0	0.256323	64.4377	5.81	377.619	0.0039549	13.3109	30.5134	12454.2	1092	33294.1	0.0996068	0	32.6611	9325.44	0.479385	0	0	1.55801	0	60.4562	5.50503e-05	7.89061	20.5964	0	536.067	866.051	0	0	0.475507	0	0.0021114	0	129.06	0	0	0	0.0163918	0	0.00182243	0	39.1707	1027.17	0	0	1.20328	0	0	0	0	0	0	0	0.000227398	0	0.025287	52906	3825.37	53604.5	203.699	22.9321	48.5347	9553	0.689214	0	129.316	67.1034	342.231	462.177	0.0206296	21.59	67.0816	570.989	5651.48	44436.3	2631.33	9075.46	56289.4	1531.67	1067.57	121254	121254	
73.9	0	301.092	170.007	0	0.000660388	0.210014	0	0	0	0	0	171.607	2.18652	0	0	2.86788	2426.36	158.651	2999.01	31.1513	29.3873	3.7318	0	0.000991091	0	0	0	188.572	24.1031	0	0.506798	16.4313	39207.4	58.9555	6318.45	172.648	0.663973	4.46868	169.965	0.177222	0	0	0	0	0	0	0	1.42302	0	1658.03	1279.99	0	0	1.04938	0	0	0	0	1.57197	31.4227	4.03452	5.84863e-07	0.00539499	0.752595	88.6699	303.986	8612.04	0	0.0330087	6.46815	49.065	0.000210285	0	0.319228	90.6757	6.91072	473.64	0.00589985	17.4441	41.3397	12792.3	1222.76	35382.1	0.100268	0	36.505	8719.49	0.423729	0	0	2.13912	0	74.9231	8.2091e-05	10.4538	27.5719	0	630.099	968.239	0	0	0.549833	0	0.00194313	0	162.906	0	0	0	0.0244322	0	0.00263873	0	48.1861	1174.33	0	0	1.41524	0	0	0	0	0	0	0	0.000342991	0	0.0365012	54514.8	4381.76	56904.2	203.899	30.0849	54.3981	8938.52	0.604096	0	163.226	94.3868	398.512	578.887	0.0307578	28.4101	90.4256	647.971	5877.91	45934.2	2976.86	9690.6	58268.8	1761.82	1223.97	126382	126382	
74.75	0	351.404	184.826	0	0.00089879	0.230069	0	0	0	0	0	205.508	2.86206	0	0	3.97972	2373.79	179.297	3201.47	30.5594	38.2668	4.22796	0	0.000880301	0	0	0	226.045	31.6867	0	0.701632	22.9817	39100.3	63.4639	6339.68	165.986	0.837299	4.68468	157.286	0.153894	0	0	0	0	0	0	0	1.83862	0	1894.58	1390.4	0	0	1.17216	0	0	0	0	2.19247	37.3572	5.22913	8.64752e-07	0.00750599	1.04547	92.8605	353.694	9185.33	0	0.0422906	7.54636	48.4264	0.000189426	0	0.404065	131.117	8.46978	598.229	0.00875637	23.2996	56.6056	13137.7	1345.01	37306.1	0.0988918	0	40.5901	8128.39	0.386293	0	0	2.96998	0	92.7158	0.000125981	13.5974	36.5405	0	729.606	1067	0	0	0.623977	0	0.00177829	0	201.352	0	0	0	0.0354524	0	0.00386679	0	59.7272	1330.46	0	0	1.69787	0	0	0	0	0	0	0	0.000527425	0	0.054243	54704.6	4976.78	60005.2	196.644	39.1473	60.7732	8334.1	0.543035	0	201.756	136.279	477.38	730.722	0.0448631	37.6061	123.05	748.811	6109.03	45834.2	3331.98	10506	60104	1998.62	1391.94	130025	130025	
75.59	0	410.488	202.422	0	0.00119598	0.259508	0	0	0	0	0	246.398	3.72573	0	0	5.57215	2393.3	203.342	3411.21	30.3535	50.3337	4.7395	0	0.000812898	0	0	0	267.39	41.059	0	0.941808	31.7924	39760.7	69.9831	6581.65	162.377	1.07893	5.06536	148.301	0.1343	0	0	0	0	0	0	0	2.39439	0	2167.15	1509.94	0	0	1.31992	0	0	0	0	3.05972	44.5887	6.86469	1.28339e-06	0.0101161	1.46217	94.1603	403.73	9789.74	0	0.0571116	8.6032	46.8414	0.000169162	0	0.503695	184.546	10.1869	756.013	0.0126516	30.6187	77.1538	13386.9	1484.76	39230.4	0.0976825	0	44.6283	7606.01	0.330642	0	0	4.02152	0	114.821	0.00018394	17.6073	48.6819	0	830.204	1153.82	0	0	0.694662	0	0.00162133	0	240.194	0	0	0	0.0508896	0	0.00580094	0	69.1619	1454.33	0	0	1.9815	0	0	0	0	0	0	0	0.00077595	0	0.0825308	55635.1	5638.82	63333.6	192.828	51.471	67.292	7801.15	0.467545	0	240.697	191.628	568.563	922.483	0.0645024	49.1779	167.145	868.866	6434.47	46731.7	3734.4	11402.2	61938.3	2224.97	1525.56	134860	134860	
76.41	0	480.866	220.235	0	0.00165599	0.296837	0	0	0	0	0	295.666	4.89173	0	0	7.77789	2457.04	232.743	3637.7	30.1588	66.1845	5.30815	0	0.000774432	0	0	0	316.29	52.1385	0	1.23525	43.295	41179	79.5043	7011.84	161.06	1.36339	5.58637	141.381	0.120521	0	0	0	0	0	0	0	3.15656	0	2457.97	1610.67	0	0	1.45928	0	0	0	0	4.15106	53.2298	8.79667	1.8429e-06	0.0135419	2.00811	95.1294	455.304	10331.1	0	0.074933	9.56436	44.3956	0.000151961	0	0.597691	252.302	12.0227	942.703	0.0176947	39.524	103.6	13695.6	1654.38	41326.8	0.0958357	0	48.8099	7063.35	0.294701	0	0	5.40392	0	141.806	0.000259331	22.6132	64.714	0	918.431	1204.65	0	0	0.748254	0	0.00146752	0	273.186	0	0	0	0.0706583	0	0.00803945	0	78.2511	1557.91	0	0	2.2255	0	0	0	0	0	0	0	0.00109347	0	0.118258	57426.7	6357.46	66900.9	191.315	67.6244	73.9986	7249.12	0.417616	0	273.784	261.857	677.209	1150.34	0.0897077	63.386	224.677	1009.74	6842.09	48583	4138.3	12286.4	64023.8	2397.1	1638.51	140919	140919	
77.22	0	564.249	242.526	0	0.00233981	0.342914	0	0	0	0	0	358.415	6.43454	0	0	10.8846	2572.16	268.096	3920.07	30.1539	87.6899	5.97615	0	0.000740616	0	0	0	378.011	66.1444	0	1.61489	59.1833	43078.1	90.365	7485.07	160.76	1.77864	6.14955	133.566	0.112136	0	0	0	0	0	0	0	4.18287	0	2774.47	1692.85	0	0	1.58783	0	0	0	0	5.53365	63.7735	11.1866	2.54363e-06	0.0178713	2.7375	97.9351	511.804	10989.4	0	0.0987428	10.4946	42.3855	0.000135529	0	0.689477	339.451	14.084	1171.39	0.0241839	50.8016	138.779	14129	1859.71	43572.7	0.0936563	0	53.0578	6605.79	0.271176	0	0	7.17688	0	174.905	0.000357106	28.8621	85.8689	0	992.999	1219.57	0	0	0.783501	0	0.00131475	0	298.088	0	0	0	0.0954911	0	0.0103872	0	86.4545	1632.97	0	0	2.44051	0	0	0	0	0	0	0	0.00150199	0	0.161088	59877.2	7148.15	70755.1	191.008	89.5696	80.8328	6781.74	0.385503	0	298.777	352.162	814.284	1430.06	0.121537	81.2964	301.807	1182.85	7389.1	50960.1	4552.16	13367.3	66517.4	2511.55	1722.03	148202	148202	
78	0	664.204	270.664	0	0.00325819	0.383643	0	0	0	0	0	438.241	8.49221	0	0	15.0619	2604.27	306.987	4271.14	29.597	113.527	6.75329	0	0.000711096	0	0	0	459.309	85.9005	0	2.15243	82.0514	43716.8	98.4173	7592.73	155.42	2.31193	6.41368	125.527	0.105337	0	0	0	0	0	0	0	5.21529	0	3087	1738.98	0	0	1.67531	0	0	0	0	7.12712	76.164	14.1676	3.45082e-06	0.0231975	3.7312	100.691	577.788	11726.2	0	0.125908	11.6106	41.0564	0.000121967	0	0.796593	459.769	16.8105	1433.5	0.0323766	64.9953	183.859	14349.2	2029.64	44943.9	0.0903141	0	56.0701	6152.81	0.25223	0	0	9.10489	0	208.154	0.000489581	35.6109	109.922	0	1054.65	1202.78	0	0	0.79757	0	0.00118393	0	316.111	0	0	0	0.124063	0	0.0135451	0	95.4697	1683.14	0	0	2.63746	0	0	0	0	0	0	0	0.00205352	0	0.218351	60771	7914.16	73429.6	185.107	115.968	86.3417	6319.39	0.359583	0	316.907	476.001	990.524	1750.22	0.158986	102.782	400.072	1397.05	7961.68	51702.9	4928.86	14617.3	67894.8	2574.48	1781.47	152859	152859	
78.77	0	765.09	297.147	0	0.0043854	0.427534	0	0	0	0	0	523.3	10.8734	0	0	20.3547	2674.24	347.379	4581.1	28.8093	145.779	7.43189	0	0.000666825	0	0	0	542.592	107.22	0	2.77086	110.005	44434.2	108.521	7860.29	150.263	2.94953	6.79713	117.946	0.0980827	0	0	0	0	0	0	0	6.59696	0	3442.71	1804	0	0	1.80141	0	0	0	0	9.24203	89.8682	17.687	4.49464e-06	0.0298575	5.01812	101.284	637.774	12346.3	0	0.16007	12.5473	38.8361	0.000113834	0	0.895236	606.122	19.4999	1737.2	0.0433256	81.4105	240.339	14354.7	2206.96	46057.6	0.0859581	0	58.7015	5659.81	0.226167	0	0	11.3308	0	244.725	0.000649441	43.7973	139.494	0	1126.37	1199.33	0	0	0.824346	0	0.00109281	0	336.125	0	0	0	0.162969	0	0.0167563	0	102.894	1721.59	0	0	2.75659	0	0	0	0	0	0	0	0.00273747	0	0.278025	61564.4	8737.7	75867.4	179.158	148.893	91.2877	5816.6	0.326123	0	337.02	626.695	1175.26	2117.71	0.209686	128.009	522.102	1617.2	8547.33	52687.7	5370.36	15822.4	68777.4	2662.83	1827.52	157313	157313	
79.53	0	897.468	328.606	0	0.00600559	0.487422	0	0	0	0	0	626.833	14.2936	0	0	27.7403	2766.44	404.233	4997.14	28.5655	191.921	8.34115	0	0.000676289	0	0	0	650.162	133.23	0	3.60207	147.696	47214.6	130.381	8711.98	151.745	3.76074	7.72154	118.98	0.0939037	0	0	0	0	0	0	0	8.76917	0	3967.1	1945.13	0	0	2.02496	0	0	0	0	12.365	107.166	22.1232	5.733e-06	0.0395987	6.84636	101.544	727.541	13197.1	0	0.209301	13.8706	36.1521	0.000116553	0	0.978686	817.875	23.5118	2161.15	0.0610969	104.407	321.917	14735.3	2532.72	49595.4	0.0846311	0	64.9205	5347.43	0.205124	0	0	14.8385	0	296.92	0.000914524	56.8709	185.135	0	1256.97	1259.92	0	0	0.900906	0	0.00107281	0	373.198	0	0	0	0.223895	0	0.0198247	0	122.244	1908.74	0	0	2.92727	0	0	0	0	0	0	0	0.00384025	0	0.33355	64817.9	10038.7	81944.1	180.395	195.897	101.194	5502.56	0.300894	0	374.177	845.079	1407.67	2627.72	0.289752	164.92	698.458	1895.43	9331.34	56348	6062.8	17506.3	72829.9	2891.23	2034.25	168899	168899	
80.27	0	1054.11	368.415	0	0.00845887	0.555049	0	0	0	0	0	757.414	18.8529	0	0	38.058	2949.34	471.76	5509.51	28.9531	255.886	9.47833	0	0.000680564	0	0	0	784.483	167.118	0	4.7667	199.596	50558.5	151.665	9588.62	155.175	4.86186	8.69775	119.139	0.093284	0	0	0	0	0	0	0	12.0669	0	4658.26	2171.38	0	0	2.32995	0	0	0	0	17.178	130.449	27.9703	7.64244e-06	0.0548426	9.32986	108.753	854.663	14459.3	0	0.271406	15.7779	35.283	0.000114931	0	1.06576	1126.23	28.1549	2732.96	0.0885342	137.001	438.059	15788.2	2953.89	54759.3	0.0855006	0	74.4259	5184.24	0.205873	0	0	20.876	0	378.982	0.00133178	75.0765	252.519	0	1469.37	1407	0	0	1.03954	0	0.00105395	0	436.977	0	0	0	0.320477	0	0.0246034	0	147.069	2134.69	0	0	3.28605	0	0	0	0	0	0	0	0.00561119	0	0.405306	69404.8	11760.8	90398.2	184.213	261.028	115.591	5338.66	0.301006	0	438.042	1164.29	1700.5	3325.88	0.415961	216.899	950.06	2237.41	10380.9	60598.8	7016.95	19937.6	79487.8	3314.74	2285.45	185260	185260	
80.99	0	1228.04	419.579	0	0.0114222	0.610269	0	0	0	0	0	919.679	24.211	0	0	51.7111	3048.56	541.491	6103.74	29.0609	333.082	10.7466	0	0.000652257	0	0	0	946.403	218.177	0	6.48019	276.243	51491.4	163.46	9784.81	152.152	6.42365	9.09263	113.708	0.0918526	0	0	0	0	0	0	0	15.4327	0	5431.64	2425.43	0	0	2.6454	0	0	0	0	23.6307	158.959	36.4704	1.15053e-05	0.073364	12.9589	116.377	1006.99	15980.2	0	0.358848	18.4567	35.5526	0.000110627	0	1.32091	1587.38	34.0605	3421.23	0.127429	180.694	593	16627	3312.57	58969.3	0.0857419	0	82.4868	5110.96	0.204158	0	0	28.0318	0	470.716	0.00193482	95.5511	332.975	0	1753.12	1603.79	0	0	1.21105	0	0.0010411	0	525.397	0	0	0	0.458973	0	0.0364493	0	177.901	2399.89	0	0	3.87268	0	0	0	0	0	0	0	0.0082388	0	0.604235	71283.3	13615.2	97686.8	181.299	339.876	129.122	5260.22	0.297815	0	526.718	1639.05	2059.1	4170.81	0.596587	282.799	1282.96	2643.85	11514	61736.5	8091.81	22975.8	85029.9	3884.01	2582.28	198458	198458	
81.7	0	1364.85	456.205	0	0.0142834	0.655768	0	0	0	0	0	1066.28	29.0769	0	0	67.3824	3074.83	593.641	6461.98	28.1345	418.079	11.6382	0	0.000617644	0	0	0	1079.84	268.228	0	8.28242	361.172	50935.4	172.365	9875.24	144.744	8.23638	9.34355	105.605	0.086607	0	0	0	0	0	0	0	19.3836	0	6143.58	2647.07	0	0	2.95498	0	0	0	0	31.8315	186.189	45.6125	1.66444e-05	0.093107	17.2801	119.538	1134.22	16987.1	0	0.467763	20.6365	34.9372	0.000106474	0	1.58859	2117.72	39.2548	4125.78	0.177477	228.159	769.739	16713.1	3587.14	61331.6	0.0831621	0	87.9523	4837.51	0.190769	0	0	36.713	0	562.171	0.00267271	117.922	420.755	0	2038.17	1791.29	0	0	1.38286	0	0.00102594	0	616.874	0	0	0	0.646127	0	0.0519319	0	205.083	2615.54	0	0	4.39259	0	0	0	0	0	0	0	0.0115426	0	0.849917	70842.9	15239.1	102166	172.962	426.797	138.957	4978.05	0.279126	0	618.462	2186.26	2371.56	5030.87	0.837836	354.456	1656.61	2984.46	12305.8	61270.4	9074.62	25579.3	87695.1	4448.42	2825.88	206184	206184	
82.4	0	1476.08	479.609	0	0.0179154	0.689238	0	0	0	0	0	1194.01	33.933	0	0	85.063	3012.78	639.384	6634.95	26.4285	511.872	12.2645	0	0.000578368	0	0	0	1193.2	315.644	0	10.166	453.125	49692.1	182.169	9939.87	135.701	10.0806	9.60197	97.4834	0.0795789	0	0	0	0	0	0	0	23.8772	0	6774.11	2820.07	0	0	3.23206	0	0	0	0	41.4729	211.004	54.6032	2.2972e-05	0.11441	22.1853	117.822	1239.77	17464.3	0	0.595308	22.3627	32.9209	0.000101196	0	1.80602	2728.23	43.9357	4825.61	0.241469	279.585	966.607	16401.6	3804.87	62751.2	0.0789652	0	92.3599	4462.01	0.173126	0	0	46.8607	0	654.325	0.0036182	142.364	520.468	0	2314.1	1960.94	0	0	1.55371	0	0.000993026	0	705.796	0	0	0	0.889098	0	0.0704697	0	231.5	2812.25	0	0	4.84833	0	0	0	0	0	0	0	0.0157314	0	1.13652	69224.3	16662	104863	162.208	522.566	146.912	4592.41	0.254377	0	707.602	2816.56	2642.15	5884.11	1.14994	432.229	2072.53	3269.4	12809.8	60091	9926.79	27723.8	88876.3	4983.35	3049.75	210730	210730	
83.08	0	1599.18	502.391	0	0.0220884	0.731405	0	0	0	0	0	1329.14	39.5503	0	0	106.805	2943.57	685.41	6768.67	24.9122	626.18	12.9877	0	0.000558526	0	0	0	1315.9	366.425	0	12.4167	562.935	49143.2	192.783	10152.1	129.036	12.0668	10.1014	92.8657	0.072943	0	0	0	0	0	0	0	29.6111	0	7437.07	3001.09	0	0	3.53498	0	0	0	0	53.6938	237.01	64.6011	3.12327e-05	0.14189	28.1354	117.759	1344.78	17885.4	0	0.745325	24.103	30.6388	0.000100375	0	1.99526	3471.15	49.4594	5630.77	0.327673	340.048	1208.61	16159.1	4028.29	64693.6	0.0756762	0	98.4686	4136.78	0.163334	0	0	59.7122	0	762.377	0.00491052	172.889	649.581	0	2608.4	2139.17	0	0	1.74305	0	0.000979652	0	797.462	0	0	0	1.21244	0	0.0936426	0	260.796	3046.1	0	0	5.31925	0	0	0	0	0	0	0	0.0214283	0	1.48542	68363.6	18156.7	108188	154.024	639.014	156.989	4260.28	0.237915	0	799.457	3584.55	2931.51	6863.72	1.56648	525.496	2587.26	3577.83	13319.4	59761.8	10825.3	30105.7	90761	5548.08	3313.72	217213	217213	
83.75	0	1717.08	522.553	0	0.0274051	0.775747	0	0	0	0	0	1477.02	46.0859	0	0	133.305	2890.7	720.174	6878.67	23.5185	763.714	13.7356	0	0.000521864	0	0	0	1446.3	422.541	0	15.1558	697.121	48109.1	196.638	10212.3	122.377	14.4455	10.4907	86.2361	0.0674163	0	0	0	0	0	0	0	36.748	0	8086.93	3186.35	0	0	3.83025	0	0	0	0	69.1204	265.366	75.7762	4.20907e-05	0.174402	35.3385	118.926	1440.38	18293.6	0	0.907853	25.904	29.1236	9.55981e-05	0	2.18335	4369.1	54.5236	6533.46	0.438232	411.754	1505.5	16065.9	4215.16	66426.4	0.0725046	0	104.922	3850.31	0.156963	0	0	76.6861	0	896.116	0.00655815	208.599	812.153	0	2902.42	2313.05	0	0	1.93284	0	0.000950122	0	885.149	0	0	0	1.63453	0	0.125167	0	281.472	3241.21	0	0	5.88074	0	0	0	0	0	0	0	0.0287945	0	1.96303	67184.6	19560.3	111074	145.968	779.095	167.471	3965.67	0.225947	0	887.333	4514.91	3243.2	7973.98	2.10816	635.683	3222.25	3896.84	13871.6	58788.4	11722.9	32785.7	92656.5	6104.31	3530.56	223357	223357	
84.4	0	1877.66	565.355	0	0.0339741	0.813534	0	0	0	0	0	1670.48	55.8759	0	0	166.965	2916.85	771.546	7323.51	22.7764	975.801	14.7537	0	0.000506955	0	0	0	1627.61	516.248	0	19.1813	906.935	47459.8	203.639	10029.4	121.113	17.7179	10.5129	79.9679	0.0637458	0	0	0	0	0	0	0	42.8112	0	8659.31	3281.55	0	0	4.00542	0	0	0	0	84.4252	296.326	89.6192	5.71721e-05	0.212382	45.715	132.96	1648.79	20889.1	0	1.36439	28.4856	32.3552	9.07852e-05	0	2.52435	5620.85	64.9	8136.87	0.572889	569.554	1962.69	15269.6	4348.35	67495.9	0.0681483	0	109.108	3356.43	0.145573	0	0	93.8748	0	1005.22	0.00956578	244.978	987.227	0	3117.71	2390.46	0	0	2.03177	0	0.000948133	0	918.978	0	0	0	2.09047	0	0.201078	0	336.266	3660.38	0	0	6.81965	0	0	0	0	0	0	0	0.0434724	0	4.11463	65779.2	20963.3	115636	143.958	994.917	176.53	3468.75	0.210864	0	921.502	5799.15	3659.31	9803.83	2.71646	833.925	4116.66	4337.18	15095.2	57965	12461.2	39091	92910.9	6431.47	4007.62	232300	232300	
85.04	0	2046.65	586.861	0	0.0439127	0.861325	0	0	0	0	0	1871.04	66.29	0	0	209.781	2838.09	827.477	7463.42	21.6462	1176.64	15.5865	0	0.000482531	0	0	0	1802.78	593.525	0	23.2035	1124.58	46755.8	215.954	10216.7	114.896	20.8279	10.9207	75.9755	0.0587993	0	0	0	0	0	0	0	52.0066	0	9345.86	3413.42	0	0	4.24952	0	0	0	0	103.769	334.581	104.665	7.39402e-05	0.256148	57.5283	131.282	1755.68	21273.1	0	1.64777	30.1374	30.4574	8.69323e-05	0	2.70384	6893.45	72.4281	9311.43	0.7375	677.961	2428.56	14999.1	4580.7	68757.6	0.0646554	0	113.46	3127.83	0.139269	0	0	114.066	0	1142.03	0.0123389	290.017	1212.88	0	3325.76	2457.18	0	0	2.13748	0	0.000907966	0	965.854	0	0	0	2.67995	0	0.254318	0	358.372	3787.55	0	0	7.19181	0	0	0	0	0	0	0	0.0561515	0	5.13538	64724.3	22456.4	117956	136.607	1199.16	184.545	3234.26	0.199546	0	968.558	7111.29	4080.83	11217.9	3.48602	991.438	5090.72	4781.52	15886.9	57463.1	13364.3	42609.6	94337.9	6753.86	4158.3	239356	239356	
85.67	0	2232.64	615.499	0	0.0560446	0.922316	0	0	0	0	0	2118.33	78.2347	0	0	266.656	2826.8	885.411	7692.93	20.8036	1428.32	16.4197	0	0.000465884	0	0	0	2006.47	684.205	0	27.6961	1402.69	46562.9	230.187	10475	110.401	25.0103	11.2707	71.471	0.0556762	0	0	0	0	0	0	0	63.291	0	10102.2	3532.51	0	0	4.48223	0	0	0	0	125.161	380.986	121.289	9.33954e-05	0.304678	72.194	132.668	1865.28	21828.1	0	1.99254	31.5888	28.7413	8.129e-05	0	2.8534	8290.72	80.4964	10594.9	0.934202	803.768	2999.74	14824.4	4833.38	70088.9	0.0614316	0	117.245	2937.5	0.136463	0	0	137.016	0	1295.23	0.0155526	341.859	1490.11	0	3506.4	2491.68	0	0	2.21972	0	0.000861333	0	993.209	0	0	0	3.37959	0	0.311325	0	375.389	3850.71	0	0	7.44322	0	0	0	0	0	0	0	0.0708078	0	6.27248	64346.7	24030.9	120575	131.266	1455.38	191.591	3037.71	0.193548	0	996.062	8552.89	4586.28	12773.8	4.40024	1173.63	6301.27	5312.34	16991.8	57549.5	14339.1	46661.8	96065.8	6997.21	4239.89	248157	248157	
86.28	0	2394.85	641.884	0	0.0698938	0.975401	0	0	0	0	0	2376.3	90.3036	0	0	334.358	2834.1	931.366	7892.6	19.9666	1713.33	17.051	0	0.00044481	0	0	0	2216.89	780.473	0	32.3917	1731.87	46051.4	237.158	10544.2	105.856	30.272	11.3703	66.1331	0.0537541	0	0	0	0	0	0	0	75.649	0	10756.2	3600.36	0	0	4.65052	0	0	0	0	146.119	427.913	138.645	0.000116896	0.35379	89.3561	133.162	1949.58	22320.3	0	2.37816	32.6445	27.0685	7.42392e-05	0	2.9675	9696.92	87.9243	11839.8	1.15037	937.064	3649.79	14531	4990.85	70408.8	0.0578517	0	118.82	2748.08	0.131557	0	0	158.577	0	1436.58	0.0189994	392.832	1796.78	0	3642.09	2491.31	0	0	2.26827	0	0.00080445	0	1002.65	0	0	0	4.1596	0	0.377321	0	380.983	3823.98	0	0	7.59966	0	0	0	0	0	0	0	0.0864708	0	7.62138	63549.7	25283.1	121723	125.88	1746.05	195.38	2841.28	0.186634	0	1005.62	10001.6	5109.03	14285.8	5.41555	1362.64	7685.81	5838.74	18170	57122.2	15163.6	50680.8	96582.5	7142.86	4220.27	254921	254921	
86.88	0	2524.09	661.134	0	0.084121	1.01861	0	0	0	0	0	2625.21	102.216	0	0	412.574	2815.06	962.705	8049.52	19.0106	2029.01	17.5084	0	0.000420527	0	0	0	2432.64	875.571	0	37.1232	2110.84	45308.4	246.33	10635.5	100.992	36.1975	11.5315	62.2351	0.0520347	0	0	0	0	0	0	0	89.6494	0	11284.8	3631.88	0	0	4.78062	0	0	0	0	165.919	472.735	155.338	0.000142513	0.407285	109.077	130.873	2011.95	22646.3	0	2.80795	33.3008	24.7457	7.01578e-05	0	3.07688	11079.3	95.1252	13016.5	1.39979	1074.34	4384.91	14038.9	5112.66	70291.2	0.0543094	0	119.535	2556.58	0.124882	0	0	178.77	0	1562.63	0.0229303	447.56	2139.77	0	3739.38	2477.21	0	0	2.30046	0	0.000760156	0	1001.23	0	0	0	5.0452	0	0.442515	0	388.663	3797.94	0	0	7.63402	0	0	0	0	0	0	0	0.10419	0	8.9641	62293.3	26270.6	122191	120.057	2068.1	197.609	2643.56	0.178168	0	1004.31	11424	5625.71	15712.2	6.57225	1559.43	9256.22	6326.33	19349	56490.9	15825	54504.6	96447.8	7225.61	4203.31	260372	260372	
87.47	0	2793.16	695.438	0	0.105791	1.11499	0	0	0	0	0	2975.94	121.574	0	0	526.376	2818.65	1065.1	8493.67	18.8073	2479.22	18.8792	0	0.000450003	0	0	0	2793.24	999.799	0	44.1692	2633.53	45517.6	273.785	11403.2	98.7258	42.7628	12.6079	60.5303	0.0509445	0	0	0	0	0	0	0	110.302	0	12496.9	3885.59	0	0	5.25363	0	0	0	0	196.697	538.466	177.785	0.000168337	0.504839	138.231	125.381	2179.2	23505.3	0	3.38682	35.4435	22.5379	8.08246e-05	0	3.10293	13166.6	110.187	14787.1	1.84855	1261.15	5436.18	13858.4	5518.63	73310.9	0.0528181	0	125.951	2435.63	0.115344	0	0	202.907	0	1734.16	0.0293808	531.585	2643.97	0	4074.82	2643.56	0	0	2.53749	0	0.000804042	0	1070.49	0	0	0	6.51596	0	0.504916	0	430.759	3993.62	0	0	7.69608	0	0	0	0	0	0	0	0.132335	0	10.2474	62320.1	28832.3	127931	117.586	2525.47	209.483	2518.69	0.167624	0	1073.59	13566.2	6417.83	17820.4	8.52639	1837.41	11499.3	7113.71	21365.1	57519.6	17439.4	60637.4	100362	7798.42	4442.45	276678	276678	
88.05	0	3249.6	783.414	0	0.142393	1.24137	0	0	0	0	0	3563.27	154.716	0	0	702.303	2850.33	1205.31	9181.81	18.9204	3022.23	20.9555	0	0.000476196	0	0	0	3307.71	1185.39	0	55.2631	3391.91	44485.7	282.585	11531.1	95.2966	50.0518	12.7655	56.4776	0.0497879	0	0	0	0	0	0	0	130.804	0	14670.6	4433.71	0	0	6.03144	0	0	0	0	250.081	657.857	213.071	0.000201903	0.68429	182.68	124.763	2482.26	25067.9	0	3.9532	40.1911	22.491	9.0967e-05	0	3.17296	16576.7	130.969	16975.9	2.56848	1515.41	6851.31	14054.2	5887.2	76534.9	0.0516206	0	133.644	2344.9	0.115228	0	0	239.502	0	1972.99	0.0395179	625.625	3268.46	0	4808.05	3067.18	0	0	3.02539	0	0.000871757	0	1242.47	0	0	0	8.87437	0	0.617479	0	486.079	4220.58	0	0	8.07003	0	0	0	0	0	0	0	0.178086	0	12.0704	61515	33071.7	134821	114.269	3076.38	225.924	2423.87	0.166455	0	1245.64	17066.3	7659.8	20502.1	11.6607	2196.98	14540.2	8454.69	24239.8	56644.8	20414.7	69797.7	105062	9130.21	4726.97	298471	298471	
88.61	0	3658.77	887.366	0	0.181756	1.36662	0	0	0	0	0	4236.78	183.001	0	0	912.47	2910.65	1294.72	9933.14	19.0492	3629.21	23.0387	0	0.000477107	0	0	0	3783.72	1399.09	0	67.5553	4330.1	42067	272.561	11319.8	89.1304	60.3804	12.5002	51.244	0.0472372	0	0	0	0	0	0	0	152.759	0	17282.9	5178.25	0	0	7.02674	0	0	0	0	320.416	802.804	259.604	0.000288688	0.871874	241.607	128.34	2772.48	27106.6	0	4.82747	45.8254	23.3895	9.50866e-05	0	3.71236	20415.5	149.657	19309.8	3.46382	1812.06	8572.81	13652.1	5950.58	76635.2	0.049581	0	134.557	2222.24	0.109371	0	0	262.764	0	2135.06	0.0499211	698.343	3806.85	0	5867.58	3665.16	0	0	3.66201	0	0.000935346	0	1500.17	0	0	0	12.3155	0	0.88592	0	509.889	4307.27	0	0	8.54091	0	0	0	0	0	0	0	0.229152	0	15.6053	58758.1	37609.5	139033	108.229	3694.6	236.517	2296.87	0.158115	0	1503.88	20998.7	8972.95	23286.6	16.0587	2578.83	18033.1	9879.93	27390.3	54025.4	24093.5	80348.5	105498	11049.8	4841.53	317127	317127	
89.17	0	3912.69	957.197	0	0.218572	1.44517	0	0	0	0	0	4782.87	201.619	0	0	1121.33	2833.63	1320.83	10245.4	18.4049	4156.1	24.3027	0	0.000459999	0	0	0	4115.86	1549.53	0	78.4751	5239.8	38449.8	259.26	10805.6	80.6182	69.0636	11.9656	45.1618	0.0429363	0	0	0	0	0	0	0	172.569	0	19423.4	5791.24	0	0	7.83972	0	0	0	0	385.891	930.271	300.336	0.000402425	1.0448	303.527	124.725	2934.56	27905.1	0	5.5792	49.6131	22.7037	9.50722e-05	0	4.20165	23605.2	163.041	20826.8	4.4086	2050.55	10193.9	12649.1	5785.09	73783.1	0.0454935	0	129.907	2017	0.0966857	0	0	269.816	0	2187.49	0.0594471	745.462	4252.33	0	6823.33	4181.33	0	0	4.22372	0	0.000960993	0	1722.86	0	0	0	16.2258	0	1.2366	0	518.503	4268.44	0	0	8.62606	0	0	0	0	0	0	0	0.277146	0	19.2323	54057.3	40977.7	137937	99.0686	4230.96	237.923	2084.86	0.141138	0	1727.06	24260.9	9992.05	25065.8	20.9714	2875.53	21303.9	10977.4	29582.4	49894.1	27143.6	87890.4	101819	12749.2	4815.08	324872	324872	
89.71	0	4047.27	996.276	0	0.251585	1.49039	0	0	0	0	0	5179.73	214.349	0	0	1318.92	2663.53	1317.16	10225.9	17.3047	4585.57	24.9275	0	0.000446568	0	0	0	4325.82	1627.69	0	87.8677	6040.36	34797.3	247.259	10332.7	72.0987	74.9758	11.4076	40.466	0.0379256	0	0	0	0	0	0	0	192.108	0	20945.6	6237.99	0	0	8.42412	0	0	0	0	442.324	1031.06	328.63	0.000516719	1.2123	364.009	115.95	3007.87	27669.3	0	6.21537	51.5694	21.0682	9.52695e-05	0	4.41378	25901.1	171.843	21640.8	5.3784	2227.61	11664.5	11508.1	5573.36	70336.2	0.041307	0	124.491	1794.87	0.0838127	0	0	267.544	0	2177.03	0.0685651	782.711	4636.78	0	7570.95	4585.03	0	0	4.69198	0	0.000964521	0	1891.69	0	0	0	20.3296	0	1.58003	0	526.517	4188.63	0	0	8.38469	0	0	0	0	0	0	0	0.326209	0	21.9193	49084.9	43235.9	134572	89.4447	4667.02	235.386	1856.4	0.123245	0	1896.1	26611	10708.5	25988.5	26.1033	3099.4	24240.2	11758.3	30916.2	45768.3	29359.2	92487.7	97201.3	14074.3	4745.77	326311	326311	
90.24	0	4187.81	1028.47	0	0.29263	1.55116	0	0	0	0	0	5561.06	230.174	0	0	1544.94	2502.98	1329.2	10193.9	16.4536	5063.85	25.7381	0	0.000452713	0	0	0	4557.41	1681.58	0	97.8548	6882.49	32288.8	243.502	10123.1	66.1678	78.9745	11.4133	37.7904	0.033932	0	0	0	0	0	0	0	218.641	0	22321	6660.77	0	0	9.01745	0	0	0	0	498.055	1125.71	353.652	0.000636604	1.38896	430.118	108.496	3080.21	27436.9	0	6.78683	53.4038	19.38	9.72596e-05	0	4.458	27983.4	182.636	22479.3	6.51758	2412.73	13293.2	10678.4	5447.85	68448.2	0.0381401	0	122.919	1624.48	0.0746016	0	0	269.625	0	2193.9	0.0797746	835.155	5178.99	0	8260.27	4968.16	0	0	5.14824	0	0.000971568	0	2042.59	0	0	0	25.0198	0	1.93268	0	543.918	4174.05	0	0	8.26534	0	0	0	0	0	0	0	0.385037	0	24.5379	45578.6	45413.8	133034	82.6596	5149.9	237.457	1681.65	0.110055	0	2047.04	28751.1	11426.8	26938.7	32.0028	3347.13	27574.9	12554.3	32351.5	43068.5	31399.7	97067.5	94799.7	15303.1	4751.16	331295	331295	
90.76	0	4233.62	1053.61	0	0.330134	1.57567	0	0	0	0	0	5891.78	240.271	0	0	1779.76	2384.59	1308.94	10062.1	15.6821	5572.92	26.2604	0	0.000433713	0	0	0	4748.22	1724.55	0	108.548	7792.57	30485.7	238.04	9827.13	61.8354	83.9344	11.3561	35.5919	0.0311965	0	0	0	0	0	0	0	250.846	0	23092.4	6934.38	0	0	9.38437	0	0	0	0	548.405	1205.14	373.274	0.0007771	1.55559	496.212	103.868	3120.02	27254.4	0	7.30654	54.7966	18.3145	9.16147e-05	0	4.50433	29544.9	189.327	23213.9	7.61718	2606.36	15098.6	10168.6	5325.3	67315.4	0.0356425	0	123.684	1499.52	0.0697026	0	0	273.686	0	2254.5	0.0917003	893.939	5860.7	0	8767.85	5255.23	0	0	5.47015	0	0.000931928	0	2136.36	0	0	0	29.737	0	2.34087	0	553.4	4147.53	0	0	8.31758	0	0	0	0	0	0	0	0.448038	0	27.6838	43142.8	46639.6	131850	77.5532	5664.49	240.845	1553.42	0.102356	0	2140.86	30366.9	12034.5	27806.5	37.8947	3610.41	31308.7	13201	33744.4	40994.5	32660.8	101224	93715.6	16197	4737.38	336475	336475	
91.27	0	4310.49	1088.73	0	0.365662	1.58576	0	0	0	0	0	6236.37	251.534	0	0	2041.33	2248.07	1309.94	9962.4	14.9165	6053.84	26.4684	0	0.000424272	0	0	0	4945.59	1788.27	0	119.106	8879.32	28978.7	235.157	9481.58	58.6324	90.2598	11.0421	34.1156	0.0292856	0	0	0	0	0	0	0	274.902	0	23521.6	7053.91	0	0	9.5645	0	0	0	0	575.138	1273.92	395.742	0.000972022	1.68294	579.597	96.8677	3136.63	27074.6	0	7.96881	55.9901	17.2734	8.6062e-05	0	4.68216	31002.5	200.41	23801.7	8.54147	2799.86	16982.9	9739.7	5235.55	66441.5	0.0336053	0	123.413	1415.93	0.0637443	0	0	276.245	0	2291.64	0.10442	949.733	6582.86	0	9023.5	5344.5	0	0	5.59915	0	0.000888152	0	2146.73	0	0	0	33.5219	0	2.93833	0	567.01	4174.86	0	0	8.51242	0	0	0	0	0	0	0	0.514747	0	32.6132	41063.3	47339.9	130622	73.5825	6152.44	242.175	1467.32	0.0944284	0	2151.41	31853.9	12656.3	28528.9	42.6835	3870.38	35376.5	13930.4	35347.9	39164.4	33411.2	105190	93056.7	16556.8	4783.51	341441	341441	
91.77	0	4334.54	1093.16	0	0.404614	1.59497	0	0	0	0	0	6483.61	258.083	0	0	2310.84	2140.18	1312.55	9843.56	14.0747	6533.14	26.4733	0	0.000419209	0	0	0	5129.88	1806.05	0	127.123	9869.28	27992.7	239.666	9463.59	55.7935	95.2076	11.0336	33.0989	0.0276795	0	0	0	0	0	0	0	307.261	0	23580.4	7025.6	0	0	9.58027	0	0	0	0	586.346	1329.21	404.057	0.00108368	1.81256	654.173	93.0413	3137.89	26820.7	0	8.59801	55.8078	16.0593	8.13048e-05	0	4.63223	31396.7	209.429	24162.9	9.36969	2965.74	18817	9349.55	5214.7	66029.2	0.0316483	0	122.896	1330.81	0.0610288	0	0	277.948	0	2317.46	0.11532	1009.13	7369.03	0	9021.98	5289.13	0	0	5.5899	0	0.000836454	0	2101.5	0	0	0	36.7082	0	3.41098	0	573.701	4170.25	0	0	8.56942	0	0	0	0	0	0	0	0.571572	0	37.8601	39575.5	47415.4	129735	69.8998	6637.35	241.545	1379.96	0.0900453	0	2106.13	32261	13152.1	28948.6	46.7659	4103.8	39368.9	14482.2	36802.3	38198.4	33591.1	107698	93020.9	16458.3	4790.96	345042	345042	
92.26	0	4346.34	1104.11	0	0.447656	1.61489	0	0	0	0	0	6777.36	263.042	0	0	2613.93	2082.19	1322.43	9890.15	13.371	7041.77	26.4262	0	0.000417808	0	0	0	5345.34	1815.42	0	134.264	10927.1	27311.3	244.015	9493.6	53.618	101.361	10.8973	31.7126	0.0264847	0	0	0	0	0	0	0	342.515	0	23652.7	6954.14	0	0	9.51029	0	0	0	0	586.238	1392.5	408.713	0.00116102	1.91756	727.882	90.514	3143.73	26787.1	0	9.21561	55.2316	15.0308	7.64534e-05	0	4.54812	31372.1	217.502	24397.5	10.0776	3122.78	20704.1	9054.97	5220.37	65753.3	0.0299096	0	121.512	1262.17	0.0586814	0	0	278.255	0	2336.14	0.124479	1060.99	8215.51	0	8954.12	5182.77	0	0	5.52186	0	0.000788257	0	2033.2	0	0	0	39.4304	0	3.82433	0	572.306	4121.24	0	0	8.48683	0	0	0	0	0	0	0	0.616806	0	42.6105	38538.9	47456.1	129286	67.019	7152.8	239.201	1308.91	0.0864486	0	2037.75	32236.6	13732.7	29220.8	50.2504	4319.95	43577.5	15106.8	38598.5	37589	33733.7	109929	93303.4	16218.9	4745.26	349225	349225	
92.74	0	4286.4	1108.94	0	0.490551	1.61297	0	0	0	0	0	7025.29	262.096	0	0	2908.68	2039.38	1322.31	9914.14	12.6567	7470.84	26.0541	0	0.000409535	0	0	0	5514.29	1805.84	0	139.263	11925.3	26475	241.078	9344.23	51.2821	108.666	10.5837	30.0754	0.0254047	0	0	0	0	0	0	0	375.514	0	23438.9	6796.03	0	0	9.2933	0	0	0	0	571.816	1442.42	407.658	0.00123705	1.9741	795.776	88.2092	3112.64	26707.3	0	9.75517	54.032	14.0065	6.95053e-05	0	4.51064	30725.9	221.968	24261.6	10.5303	3236.58	22377.8	8705.57	5123.74	64568.9	0.028178	0	117.823	1191.75	0.0566825	0	0	274.322	0	2311.41	0.130203	1089.85	8935.23	0	8790.42	5009.93	0	0	5.37246	0	0.000730958	0	1940.52	0	0	0	41.2548	0	4.22093	0	557.376	3999.99	0	0	8.31825	0	0	0	0	0	0	0	0.644294	0	47.2677	37308.1	46872.9	127449	63.967	7589.75	233.09	1235.83	0.0832972	0	1945.03	31572	14204	29048.6	52.5608	4467.67	47369.7	15593.5	40170	36636.4	33463.9	110825	92318.8	15791.7	4613.59	349413	349413	
93.21	0	4183.1	1096.6	0	0.517288	1.5916	0	0	0	0	0	7190.7	256.133	0	0	3166.01	1980.66	1305.29	9867.98	11.8925	7786	25.4429	0	0.000395796	0	0	0	5633.28	1767.42	0	141.493	12754	25569.5	239.456	9214.96	48.7428	115.272	10.3063	28.3407	0.0244143	0	0	0	0	0	0	0	405.26	0	23006.2	6579.26	0	0	8.9979	0	0	0	0	548.932	1474.29	401.48	0.00127108	1.98681	854.797	85.7068	3047.01	26393.3	0	10.0871	52.2481	12.8353	6.48884e-05	0	4.45894	29579.8	223.793	23786.8	10.8056	3290.32	23730.6	8254.32	5008.53	63088.5	0.0264732	0	113.629	1119.18	0.0545646	0	0	263.24	0	2248.91	0.133942	1100.98	9553.57	0	8548.27	4810.63	0	0	5.19643	0	0.000684022	0	1833.77	0	0	0	42.2501	0	4.57393	0	541.706	3908.61	0	0	8.04323	0	0	0	0	0	0	0	0.660134	0	51.6088	35890.2	45879.6	124960	60.6618	7911.87	225.455	1160.36	0.0801236	0	1838.23	30391.9	14522.1	28460.7	53.851	4534.78	50520.3	15894.7	41273.4	35631.8	32875.9	110228	90751	15244.7	4510.63	346410	346410	
93.67	0	4250.34	1095.57	0	0.55696	1.62613	0	0	0	0	0	7503.55	258.63	0	0	3489.84	1936.7	1337.54	9968.56	11.4978	8247.45	25.6298	0	0.000409015	0	0	0	5920.73	1738.76	0	145.603	13736.9	25434.7	254.17	9564.32	47.5739	119.907	10.6694	28.0931	0.0239599	0	0	0	0	0	0	0	447.927	0	23314.1	6577.73	0	0	9.03596	0	0	0	0	540.118	1539.18	400.003	0.00126503	2.10559	929.792	81.6401	3071.47	26438.7	0	10.4976	51.7056	11.7	6.83112e-05	0	4.25248	29159.9	235.031	23822.6	11.466	3388.49	25484.6	7980.64	5113.6	64004.1	0.0255125	0	114.182	1074.5	0.0517155	0	0	259.433	0	2229.38	0.142389	1157.68	10446.6	0	8526.6	4775.67	0	0	5.21658	0	0.000683289	0	1783.65	0	0	0	44.1479	0	4.78612	0	558.881	3998.98	0	0	7.86011	0	0	0	0	0	0	0	0.695765	0	54.3783	35433.7	46426.7	126424	59.0972	8378.41	225.925	1114.29	0.0768361	0	1787.91	29959.5	15198.5	28449.3	56.4533	4693.88	54594.8	16600.1	43069.3	35907.4	33312.1	111772	92380.3	15140.1	4620.8	352802	352802	
94.12	0	4366.14	1115.82	0	0.61041	1.67704	0	0	0	0	0	7980.33	262.453	0	0	3867.17	1947.42	1370.88	10195.7	11.3424	8779.96	26.2104	0	0.000396229	0	0	0	6271.17	1727.57	0	152.614	14897.8	25189.8	255.894	9741.38	46.3099	126.588	10.8007	26.9445	0.0236269	0	0	0	0	0	0	0	500.55	0	24048.1	6737.92	0	0	9.23731	0	0	0	0	549.554	1647.99	401.866	0.00125971	2.27794	1010.37	80.5235	3155.85	26952.8	0	10.8616	52.3741	11.2895	6.83795e-05	0	4.10643	29264.7	245.079	24078.3	12.273	3537.73	27483	7980.52	5229.86	65429.2	0.0246764	0	116.589	1043.04	0.0517419	0	0	264.537	0	2279.89	0.15222	1222.12	11517.9	0	8758.68	4908.51	0	0	5.37461	0	0.000680025	0	1791.23	0	0	0	47.0028	0	5.07031	0	577.237	4061.44	0	0	7.89315	0	0	0	0	0	0	0	0.744187	0	57.9254	35198.3	47762.6	129143	57.6769	8918.02	230.156	1081.28	0.0765134	0	1795.34	30078.7	16144.6	28750	60.1735	4914.74	59339.8	17594.2	45380.7	35898.3	34407.3	114889	95083.9	15515.9	4705.24	363474	363474	
94.56	0	4371.7	1148.13	0	0.624541	1.70181	0	0	0	0	0	8401.17	256.239	0	0	4188.28	1952.87	1353.63	10394.4	11.1667	9177.79	26.4787	0	0.000361167	0	0	0	6480	1724.54	0	158.536	16047.7	24139.6	239.665	9441.89	43.954	138.336	10.4177	24.6593	0.0227296	0	0	0	0	0	0	0	537.873	0	24438.6	6869.94	0	0	9.37302	0	0	0	0	555.302	1742.83	407.999	0.00139077	2.32954	1101.72	80.6209	3182.5	27532.5	0	11.3349	53.0465	11.0455	6.48475e-05	0	4.29354	29128.1	247.416	24092.1	12.7116	3665.92	29250.8	7770.49	5125.06	64605.7	0.0236099	0	114.678	1004.85	0.0498837	0	0	251.037	0	2250.31	0.155323	1230.03	12167.5	0	9055.59	5059.7	0	0	5.51659	0	0.000664194	0	1810.46	0	0	0	49.5969	0	5.87257	0	575.135	4018.15	0	0	8.04047	0	0	0	0	0	0	0	0.773413	0	66.289	33943.6	48341.9	129070	55.1444	9328.09	229.253	1040.56	0.0737035	0	1814.75	29934.4	16871.4	28731.1	63.2386	5056.82	63366	18367.8	47327.2	34576.4	35128.1	117272	94519.8	15986.7	4668.38	367847	367847	
94.99	0	4288.62	1154.53	0	0.624478	1.63929	0	0	0	0	0	8535.74	248.28	0	0	4329.1	1838.37	1290.58	10110.3	10.5013	9027.95	25.4661	0	0.00032575	0	0	0	6431.08	1654.97	0	157.99	16524.5	22081.1	217.298	8683.37	40.1647	141.457	9.46086	21.95	0.0208502	0	0	0	0	0	0	0	532.727	0	24006	6746.74	0	0	9.13081	0	0	0	0	534.902	1776.35	403.094	0.00151472	2.29702	1167.18	74.7768	3094.06	26809.4	0	11.144	51.9447	10.2371	6.1068e-05	0	4.24946	28215.1	244.431	22980.3	12.504	3613.4	29546.1	7233.73	4837.95	61229.7	0.0214944	0	107.572	934.902	0.0450486	0	0	225.742	0	2095.44	0.153998	1178.98	12084.5	0	8994.69	4994.55	0	0	5.43419	0	0.000632731	0	1746.62	0	0	0	49.307	0	6.70609	0	570.185	3911.87	0	0	7.90011	0	0	0	0	0	0	0	0.781401	0	73.36	31228	47299.4	123641	50.6875	9181.17	218.548	967.089	0.0669183	0	1750.87	28975.7	16987.6	27382.1	62.7479	4952.67	64264.2	18558.5	47071.7	31727.6	34645.7	114668	89928.7	15797.3	4564.1	356961	356961	
95.42	0	4098.44	1106.43	0	0.594947	1.55762	0	0	0	0	0	8368.75	229.993	0	0	4323.12	1682.96	1204.09	9572.65	9.63871	8683.54	24.1429	0	0.000291491	0	0	0	6225.12	1523.56	0	151.731	16320.4	19962.3	198.649	8074.58	35.9247	136.002	8.82631	19.6282	0.0186558	0	0	0	0	0	0	0	526.487	0	23075.3	6490.18	0	0	8.77367	0	0	0	0	505.999	1761.7	382.896	0.00148895	2.21312	1187.23	67.5843	2945.54	25477.8	0	10.7031	49.5513	9.23851	5.8283e-05	0	3.92031	26511.6	235.675	21502.5	12.2069	3471.85	28975.6	6570.29	4526.5	57425.8	0.0192619	0	100.39	843.668	0.0393521	0	0	201.874	0	1917.68	0.149106	1120.72	11847.4	0	8737.99	4860.38	0	0	5.28179	0	0.000598559	0	1668.71	0	0	0	48.4906	0	7.0341	0	549.589	3755.94	0	0	7.50128	0	0	0	0	0	0	0	0.767782	0	75.1124	28283.2	45336.1	116764	45.5826	8830.84	206.025	872.535	0.0589563	0	1672.63	27219.4	16591.2	25556.7	61.6159	4746.51	63262.4	18128.9	45397.8	28962.5	33414.3	109274	84554.6	15327.9	4388.91	339449	339449	
95.83	0	3957.9	1059.83	0	0.585059	1.49891	0	0	0	0	0	8198.01	216.325	0	0	4319.26	1551.69	1144.34	9085.8	8.95924	8408.47	23.1273	0	0.000267947	0	0	0	6081.12	1400.23	0	145.995	15965.1	18488.3	187.895	7708.15	32.8919	128.943	8.56945	18.1558	0.0168839	0	0	0	0	0	0	0	531.061	0	22340	6309.74	0	0	8.53359	0	0	0	0	482.762	1751.79	360.575	0.00143686	2.15717	1196.57	60.6809	2822.01	24293.4	0	10.2676	47.6943	8.40917	5.74434e-05	0	3.58908	25131.4	229.739	20288.7	12.0931	3349.02	28439.9	6068.55	4294.73	54889.7	0.0175112	0	96.3448	771.233	0.0343681	0	0	183.113	0	1787.12	0.146642	1084.19	11792.4	0	8552.48	4793.05	0	0	5.21129	0	0.000576099	0	1610.25	0	0	0	48.1355	0	7.19112	0	534.838	3664.38	0	0	7.17198	0	0	0	0	0	0	0	0.76207	0	75.1287	26169.3	43834.2	111804	41.8686	8548.26	198.152	797.798	0.0521535	0	1613.84	25797.3	16260.7	24053	61.1388	4581.37	62326.6	17753.4	43814.8	27104	32452.1	104697	80967.7	15016.3	4282.28	326087	326087	
96.24	0	3812.91	1020.62	0	0.568089	1.43977	0	0	0	0	0	8060.64	202.447	0	0	4305.33	1453.82	1071.96	8656.48	8.41896	8179.17	22.2198	0	0.000246102	0	0	0	5936.98	1300.42	0	141.682	15685	17320.4	178.886	7365.83	30.6207	124.038	8.23967	16.9058	0.0155935	0	0	0	0	0	0	0	541.318	0	21623.5	6167.14	0	0	8.29797	0	0	0	0	465.738	1741.88	341.071	0.00141563	2.11612	1196.05	56.7238	2708.9	23375.1	0	9.73398	46.4056	7.96052	5.35239e-05	0	3.32995	23929.3	221.131	19261.5	11.9387	3251.33	28069.4	5725.78	4074.96	52996.6	0.0161901	0	93.6463	714.97	0.0321674	0	0	172.95	0	1711.47	0.14405	1051.98	11862.6	0	8398.34	4761.32	0	0	5.15837	0	0.000542474	0	1557.22	0	0	0	47.8384	0	7.51898	0	521.884	3581.53	0	0	7.01951	0	0	0	0	0	0	0	0.758781	0	77.301	24556.7	42391.3	107925	39.0559	8313.51	192.427	739.836	0.048603	0	1560.55	24567.9	15960.6	22816.9	60.6814	4447.11	61744.6	17403.9	42456.2	25586.3	31545.8	100953	78405.2	14777.4	4188.5	315316	315316	
96.63	0	3666.66	986.173	0	0.549585	1.384	0	0	0	0	0	7902.01	187.727	0	0	4252.83	1370.76	1013.61	8344.03	7.99101	7978.01	21.3934	0	0.000228013	0	0	0	5792.87	1216.33	0	137.279	15432.8	16459.3	172.261	7128.3	28.9071	122.324	7.94547	16.1232	0.0146449	0	0	0	0	0	0	0	548.295	0	20940.9	6019.27	0	0	8.05769	0	0	0	0	446.175	1719.87	325.025	0.00146631	2.02236	1196.96	53.2913	2600.59	22727.4	0	9.67545	45.2108	7.60733	5.03565e-05	0	3.18424	22813.1	215.902	18396.3	11.6359	3168.19	27647.1	5419.73	3877.21	51397.5	0.0151517	0	90.3562	674.827	0.0294466	0	0	161.541	0	1629.59	0.139437	1023.17	11815.2	0	8212.88	4683.59	0	0	5.05322	0	0.000515103	0	1499.96	0	0	0	47.1153	0	8.01284	0	506.556	3506.94	0	0	6.96842	0	0	0	0	0	0	0	0.743295	0	81.6103	23303.1	40990.6	104793	36.9133	8110.56	186.369	698.558	0.044885	0	1503.14	23420.8	15630.7	21755	59.6354	4330.66	60982.8	16997.3	41315.1	24483.5	30658.2	97699.2	76089.4	14456.6	4102.81	305802	305802	
97.02	0	3540.59	950.081	0	0.534976	1.3331	0	0	0	0	0	7733.96	174.947	0	0	4183.65	1299.16	977.738	8099.7	7.56642	7762.01	20.5756	0	0.000217277	0	0	0	5683.53	1126.63	0	132.415	15024.4	15839.5	170.604	7041.94	27.5138	118.97	7.72193	15.3875	0.0139916	0	0	0	0	0	0	0	555.168	0	20278.9	5832.74	0	0	7.76281	0	0	0	0	423.651	1700.56	306.102	0.00146054	1.95111	1179.03	50.477	2508.41	22099.9	0	9.40786	43.5424	7.10345	4.79384e-05	0	3.00692	21563.3	210.396	17515	11.252	3066.59	27011.2	5176.9	3763.31	50332.4	0.0142608	0	87.3352	637.351	0.0276801	0	0	153.738	0	1551.99	0.134843	997.991	11765.1	0	7945.64	4539.9	0	0	4.89114	0	0.000489965	0	1425.32	0	0	0	45.7003	0	8.1816	0	494.647	3448.98	0	0	6.82749	0	0	0	0	0	0	0	0.722528	0	83.6843	22366	39679.8	102346	35.0945	7890.92	179.99	659.842	0.0424268	0	1428.33	22140.7	15328.4	20674.7	57.8112	4198.94	59810.3	16585.1	40133.7	23776.8	29730.7	94099.6	74466.2	13969.6	4034.87	296797	296797	
97.41	0	3430.14	927.784	0	0.524108	1.2887	0	0	0	0	0	7649.21	163.013	0	0	4139.68	1254.89	950.78	7972.45	7.16679	7587.2	19.7439	0	0.000209586	0	0	0	5621.58	1050.57	0	127.691	14639.9	15358.2	168.153	6970.97	26.3508	116.311	7.44152	14.6899	0.0136423	0	0	0	0	0	0	0	558.019	0	19721.1	5632.16	0	0	7.43865	0	0	0	0	400.068	1699.99	288.501	0.00142145	1.87738	1155.18	48.6911	2441.19	21705.3	0	9.27372	41.7697	6.66616	4.5685e-05	0	2.83019	20365.6	206.103	16723.6	10.8166	2985.26	26235.4	4995.85	3684.85	49458.7	0.0134803	0	84.039	607.985	0.0267873	0	0	147.426	0	1478.92	0.129838	975.171	11660	0	7658.95	4364.73	0	0	4.69155	0	0.000465533	0	1344.92	0	0	0	44.0038	0	8.14784	0	479.26	3371.65	0	0	6.60782	0	0	0	0	0	0	0	0.696031	0	83.9937	21657.6	38534.4	100404	33.5311	7713.3	173.021	629.341	0.0411503	0	1347.75	20913.1	15176.9	19704.6	55.6476	4090	58480.2	16311.6	39231.9	23220.1	28906.3	90782.4	73093.1	13425.4	3942.2	288913	288913	
97.78	0	3286.54	904.339	0	0.502382	1.23014	0	0	0	0	0	7513.14	148.232	0	0	4033.8	1221.83	916.337	7834.29	6.72134	7351.84	18.7438	0	0.000192291	0	0	0	5517.42	978.343	0	122.019	14128	14787.7	160.401	6763.5	24.9868	114.264	7.03775	13.8448	0.0133481	0	0	0	0	0	0	0	547.582	0	19011.8	5375.21	0	0	7.02823	0	0	0	0	372.529	1685.6	270.523	0.00136168	1.78224	1117.26	47.2508	2353.82	21295.4	0	9.19776	39.6904	6.22205	4.19298e-05	0	2.73282	19062.2	200.146	15842.3	10.2354	2884.61	25082.2	4784.96	3549.4	47909.5	0.0127225	0	79.4441	576.578	0.0258139	0	0	138.803	0	1387.31	0.123121	938.329	11271.7	0	7328.36	4148.74	0	0	4.43425	0	0.000435347	0	1259.76	0	0	0	41.8038	0	8.05902	0	453.324	3240.47	0	0	6.31393	0	0	0	0	0	0	0	0.659121	0	83.679	20841.8	37060	97471.4	31.7209	7475.81	163.923	596.645	0.0398316	0	1262.49	19573.6	14916.3	18626.7	52.8228	3946.74	56272.2	15887.8	38095.6	22419.4	27841.7	86836	70636.1	12791.2	3784.44	278292	278292	
98.15	0	3134.23	876.623	0	0.474734	1.17077	0	0	0	0	0	7310.83	133.458	0	0	3879.22	1178.31	882.816	7626.62	6.24965	7055.76	17.6576	0	0.000183547	0	0	0	5388.55	903.391	0	115.29	13451.8	14202.3	155.6	6551.11	23.6573	111.174	6.7005	13.1055	0.0129316	0	0	0	0	0	0	0	532.234	0	18190.8	5095.35	0	0	6.60703	0	0	0	0	343.638	1645.36	251.027	0.00126336	1.67658	1069.72	45.5158	2259.08	20752.6	0	8.91064	37.3972	5.71992	3.93068e-05	0	2.6227	17722.8	193.863	14909.5	9.65566	2758.5	23694.8	4529.98	3407.06	46190.1	0.0119833	0	74.8496	542.387	0.0244792	0	0	129.7	0	1289.32	0.116484	896.283	10806.1	0	6990.6	3920.59	0	0	4.18293	0	0.000411015	0	1174.63	0	0	0	39.3911	0	7.84097	0	434.86	3115.96	0	0	5.94999	0	0	0	0	0	0	0	0.620442	0	81.9989	19956.1	35455.1	94129	29.9189	7176.32	154.516	561.212	0.0380446	0	1177.25	18196.1	14538.6	17486.7	49.785	3771.74	53523.7	15336	36626.4	21595.9	26604.2	82401	67866	12137.2	3639.39	266206	266206	
98.51	0	3146.88	873.149	0	0.470569	1.15432	0	0	0	0	0	7310.45	131.431	0	0	3844.92	1131.41	890.756	7526.33	5.95637	6845.14	17.0657	0	0.000192162	0	0	0	5423.27	848.92	0	111.087	13035	13992.1	160.055	6584.35	23.1481	106.949	6.63405	13.0388	0.0125649	0	0	0	0	0	0	0	521.622	0	18051.5	4993.88	0	0	6.45399	0	0	0	0	325.665	1645.65	241.359	0.00114794	1.67857	1065.99	43.1301	2236.42	20353.7	0	8.67852	36.2555	5.26446	3.99617e-05	0	2.41503	17104.5	197.723	14334.6	9.40263	2670.26	22977.1	4378.4	3421.7	46082.4	0.0114012	0	73.2499	522.593	0.0236336	0	0	124.733	0	1229.54	0.116024	886.468	10655.3	0	6813.31	3795.5	0	0	4.08552	0	0.000406003	0	1115	0	0	0	37.6221	0	7.44673	0	449.889	3165.14	0	0	5.67972	0	0	0	0	0	0	0	0.612855	0	77.3965	19545.1	35170.5	93374.4	29.1158	6961.24	150.579	540.896	0.0368366	0	1117.41	17554.9	14577.1	16785.9	47.7548	3669.5	52184.9	15308.5	35835	21407.9	26332.2	79979.5	67374.5	11773	3698.72	261709	261709	
98.86	0	3160.83	872.688	0	0.477836	1.14738	0	0	0	0	0	7404.28	129.42	0	0	3832.31	1120.3	894.429	7539.14	5.7876	6730.9	16.778	0	0.000189992	0	0	0	5488.23	804.21	0	109.392	12729.9	13731.1	157.708	6559.8	22.4366	103.591	6.52145	12.4774	0.0122306	0	0	0	0	0	0	0	522.459	0	18139.1	4969.68	0	0	6.37726	0	0	0	0	320.177	1678.77	234.202	0.00106502	1.70623	1055.59	42.5962	2251.01	20400.4	0	8.3201	35.9207	5.11909	3.94793e-05	0	2.27061	16751.7	198.289	13995.6	9.35394	2636.04	22626.4	4342.87	3438.35	46360.9	0.0109533	0	72.7533	506.226	0.0239935	0	0	125.302	0	1215.82	0.115012	886.288	10681.6	0	6800.97	3808.57	0	0	4.09729	0	0.000398967	0	1101	0	0	0	37.1873	0	7.19211	0	453.807	3192.44	0	0	5.5843	0	0	0	0	0	0	0	0.608728	0	74.6742	19236.9	35296.2	93703.6	28.2351	6843.29	149.18	523.822	0.0368525	0	1103.27	17197.2	14769.6	16379.3	47.266	3633.42	51530.2	15401.1	35439.1	21116.1	26405.6	78962.9	67630.3	11759	3727.11	260441	260441	
99.2	0	3081.8	870.883	0	0.461354	1.11353	0	0	0	0	0	7411.78	121.647	0	0	3741.55	1113.42	862.562	7503.11	5.5949	6551.74	16.2319	0	0.000173796	0	0	0	5411.28	769.936	0	106.559	12443.9	13088.1	145.759	6219.31	21.2297	104.809	6.12499	11.4422	0.011681	0	0	0	0	0	0	0	510.734	0	17880.3	4892.9	0	0	6.22523	0	0	0	0	308.837	1686.33	227.805	0.00109757	1.63799	1043.9	42.3179	2215.1	20466.4	0	8.07608	35.5209	5.11966	3.69263e-05	0	2.35128	16274.1	192.777	13550.1	9.08356	2593.11	22039.4	4196.44	3295.41	45031.1	0.0104594	0	69.6131	487.293	0.0230917	0	0	120.189	0	1170.02	0.110696	851.11	10282.5	0	6805.57	3818.94	0	0	4.06395	0	0.000386855	0	1090.64	0	0	0	36.6225	0	7.46786	0	437.343	3127.4	0	0	5.60192	0	0	0	0	0	0	0	0.590747	0	77.064	18440.3	34723.8	91930.1	26.8351	6665.09	144.496	503.854	0.0353703	0	1092.99	16703.2	14702.2	15839.5	46.4086	3552.41	50146.5	15229.2	34784.3	20107.5	26047.9	77433.5	65503.8	11763.3	3648	254518	254518	
99.54	0	2891.4	830.721	0	0.423165	1.04268	0	0	0	0	0	7098.13	109.474	0	0	3501.09	1053.61	800.358	7164.66	5.22825	6125.87	15.1361	0	0.000159193	0	0	0	5133.18	711.426	0	99.4929	11670.9	12052.5	132.795	5744.88	19.4533	100.776	5.61772	10.3035	0.0106615	0	0	0	0	0	0	0	482.109	0	16945.3	4649.46	0	0	5.86871	0	0	0	0	285.153	1616.71	212.17	0.00109241	1.51235	988.375	39.9438	2095.8	19646.7	0	7.63353	33.7771	4.84623	3.37504e-05	0	2.34227	15216.2	180.547	12614	8.51234	2447.1	20622.4	3872.29	3055.82	42231.7	0.00964655	0	64.3151	452.004	0.0210871	0	0	110.066	0	1080.77	0.102694	788.749	9506.13	0	6574.84	3695.9	0	0	3.90296	0	0.000363273	0	1043.97	0	0	0	34.7875	0	7.5101	0	411.204	2992.09	0	0	5.4275	0	0	0	0	0	0	0	0.554604	0	76.9223	17018.3	32907.5	86956.2	24.6912	6234.71	135.088	467.154	0.0323048	0	1046.32	15611.4	14028.6	14727.8	43.9582	3336.86	46855.4	14432.3	32779.9	18548.4	24704.5	72919.8	61162	11360.9	3486.2	239394	239394	
99.87	0	2663.32	764.104	0	0.384202	0.959132	0	0	0	0	0	6625.82	98.0815	0	0	3196.49	965.226	733.486	6632.29	4.80828	5603.72	13.8921	0	0.000146863	0	0	0	4781.94	639.785	0	91.0681	10661.6	10975.1	122.383	5271.64	17.616	92.6596	5.17573	9.22535	0.00951746	0	0	0	0	0	0	0	449.41	0	15747.4	4332.87	0	0	5.45411	0	0	0	0	259.626	1512.64	193.562	0.00106084	1.39468	912.946	36.2958	1946.29	18289.1	0	6.93946	31.4052	4.39287	3.23721e-05	0	2.16695	13953.2	167.437	11518.3	7.90723	2252.1	18911	3516.05	2810.69	39192	0.00870031	0	59.1135	410.992	0.0188786	0	0	99.3373	0	983.464	0.0945143	727.23	8736.3	0	6213.74	3517.37	0	0	3.69405	0	0.000343902	0	977.733	0	0	0	32.4919	0	7.34575	0	386.995	2827.44	0	0	5.14089	0	0	0	0	0	0	0	0.513888	0	74.8779	15492.6	30624.3	80826.8	22.4329	5703.7	124.835	424.61	0.0289192	0	979.9	14312.1	13087.8	13433.2	41.0086	3071.79	42950	13349.2	30127.8	16943.2	22965.9	67126.5	56535.3	10752.4	3294.97	221095	221095	
100.19	0	2492.23	707.057	0	0.361922	0.896603	0	0	0	0	0	6232.66	90.3175	0	0	2953.36	886.514	690.782	6177.73	4.48059	5198.01	12.954	0	0.000140471	0	0	0	4518.34	579.35	0	83.9707	9826.27	10208.8	115.696	4986.31	16.2874	84.4062	4.96019	8.67957	0.00858597	0	0	0	0	0	0	0	427.758	0	14825.9	4101.46	0	0	5.16024	0	0	0	0	240.104	1427.28	177.525	0.000999308	1.32452	850.841	32.7946	1830.81	17122.3	0	6.38478	29.5504	4.00118	3.17776e-05	0	1.99646	13011.4	158.927	10673.6	7.52017	2100.04	17643.2	3242.66	2639.8	37149.4	0.0080101	0	55.903	379.218	0.0169483	0	0	92.5616	0	913.765	0.0893609	688.929	8215.66	0	5929.98	3391.39	0	0	3.55107	0	0.00032885	0	927.255	0	0	0	30.8087	0	6.9074	0	372.073	2724.27	0	0	4.88405	0	0	0	0	0	0	0	0.488541	0	70.0544	14370.8	28897.3	76360	20.776	5289.16	117.86	391.899	0.0260353	0	929.252	13344.1	12337.2	12434.5	38.9078	2874.27	39994.1	12476.9	27978.4	15852.9	21629.6	62622.6	53378	10289.9	3171.77	207400	207400	
100.51	0	2345.37	661.581	0	0.345119	0.84311	0	0	0	0	0	5926.01	83.8712	0	0	2756.8	827.156	651.896	5814.78	4.22165	4882.21	12.1816	0	0.000131632	0	0	0	4302.83	533.408	0	78.7181	9193.72	9579.11	108.693	4748.06	15.2635	77.6499	4.70852	8.09102	0.00793865	0	0	0	0	0	0	0	410.87	0	14083.9	3932.26	0	0	4.93096	0	0	0	0	227.07	1359.49	164.86	0.000961701	1.26911	797.561	30.7836	1738.77	16235.5	0	5.87776	28.242	3.81513	3.03602e-05	0	1.83871	12290.9	150.323	10009	7.2159	1984.16	16665.4	3064.51	2501.53	35637.8	0.00746293	0	53.6398	354.713	0.0162007	0	0	88.7395	0	872.075	0.0856026	654.47	7881.09	0	5716.78	3307.3	0	0	3.44599	0	0.000313051	0	889.284	0	0	0	29.568	0	6.66575	0	359.617	2644.71	0	0	4.74736	0	0	0	0	0	0	0	0.470073	0	67.4263	13501.6	27506.5	72982	19.4926	4966.09	112.739	366.619	0.0246144	0	891.123	12606.7	11738.6	11663.2	37.3406	2718.62	37779.6	11774.8	26301.1	14952.4	20571.3	59151.8	51108.7	9953.04	3076.97	196890	196890	
100.82	0	2218.11	628.336	0	0.323825	0.796796	0	0	0	0	0	5671.68	77.2891	0	0	2588.22	781.233	618.708	5568.27	4.01057	4639.47	11.5688	0	0.000125628	0	0	0	4124.53	499.816	0	74.0947	8712.22	9102.32	103.672	4569.23	14.4804	74.0084	4.49741	7.71088	0.00746323	0	0	0	0	0	0	0	393.985	0	13462	3793.7	0	0	4.73715	0	0	0	0	215.575	1301.1	155.179	0.000965853	1.18517	758.668	29.253	1659	15595.3	0	5.60857	27.2118	3.69898	2.92873e-05	0	1.76046	11685.4	144.091	9495.05	6.90398	1894.58	15864	2900.4	2381.9	34318.1	0.00707995	0	51.1975	337.484	0.0153681	0	0	83.3459	0	827.122	0.0812943	621.865	7507.32	0	5525.32	3216.39	0	0	3.33691	0	0.000300813	0	855.362	0	0	0	28.4331	0	6.69945	0	344.335	2566.8	0	0	4.67914	0	0	0	0	0	0	0	0.449284	0	67.5717	12813.2	26313.1	70256.1	18.4981	4719.41	108.026	348.894	0.0232871	0	857.122	11984.3	11241.4	11054.5	35.8687	2591.73	35898.7	11184.8	25033.9	14269.9	19692.2	56411.8	49028.9	9635.54	2983.84	188241	188241	
101.12	0	2114.6	596.725	0	0.310015	0.757658	0	0	0	0	0	5442.97	71.7966	0	0	2436.34	742.544	596.624	5367.42	3.80832	4414.96	10.9907	0	0.000124611	0	0	0	3983.46	465.897	0	69.9579	8221.55	8751.73	101.571	4466.54	13.866	69.8251	4.32256	7.39106	0.00707389	0	0	0	0	0	0	0	380.813	0	12915.9	3648.79	0	0	4.52932	0	0	0	0	203.403	1252.99	145.448	0.000938028	1.12524	716.529	27.635	1595.06	15028.9	0	5.29703	26.0187	3.5363	2.87926e-05	0	1.67771	11071.2	139.126	9006.28	6.58357	1808.4	15033.7	2769.52	2302.01	33327.8	0.0067105	0	48.9263	321.743	0.0145488	0	0	79.5993	0	784.707	0.0773333	596.182	7161.54	0	5312.33	3091.86	0	0	3.19956	0	0.000291042	0	814.521	0	0	0	27.1303	0	6.64409	0	331.457	2487.63	0	0	4.55811	0	0	0	0	0	0	0	0.427492	0	67.1389	12291.4	25269.5	68015.7	17.681	4490.39	103.303	332.671	0.0220672	0	816.198	11354.2	10818.5	10474.1	34.2196	2475.66	34024.3	10663.5	23877.2	13796.1	18888.7	53753.4	47392.1	9255.69	2891.21	180518	180518	
101.42	0	2025.32	575.925	0	0.298971	0.723949	0	0	0	0	0	5276.97	66.5666	0	0	2308.79	717.491	580.935	5233.59	3.62657	4225.65	10.4671	0	0.000122569	0	0	0	3869.33	435.499	0	66.6107	7749.16	8469.2	99.1285	4368.69	13.3338	67.1789	4.11699	7.06812	0.00680592	0	0	0	0	0	0	0	368.575	0	12441.1	3496.54	0	0	4.30272	0	0	0	0	191.531	1219.86	136.512	0.000894399	1.07116	675.254	26.6	1542.89	14596.6	0	5.09537	24.7825	3.35547	2.76378e-05	0	1.59448	10481.7	134.032	8575.01	6.24539	1738.33	14209.1	2668.86	2241.25	32469.1	0.00643955	0	46.5718	309.178	0.0141765	0	0	76.3613	0	744.941	0.0732106	573.053	6804.29	0	5102.56	2955.69	0	0	3.04292	0	0.000278549	0	770.385	0	0	0	25.781	0	6.34534	0	316.904	2396.2	0	0	4.37458	0	0	0	0	0	0	0	0.404226	0	64.3044	11882.2	24350.1	66092.3	16.9668	4298.22	98.3826	319.602	0.0214112	0	771.979	10749.6	10500.2	9958.53	32.5047	2379.07	32185.8	10254.6	22892.4	13397.3	18166.2	51345.3	45933.7	8863.8	2782.19	173635	173635	
101.71	0	1920.71	558.504	0	0.282137	0.685944	0	0	0	0	0	5094.94	60.847	0	0	2170.32	696.935	559.066	5095.54	3.4343	4020.43	9.8792	0	0.00011719	0	0	0	3740.2	405.691	0	63.0164	7274.46	8130.85	93.8123	4191.41	12.6918	65.4372	3.83147	6.66806	0.0065476	0	0	0	0	0	0	0	352.946	0	11881.9	3311.16	0	0	4.03178	0	0	0	0	178.161	1184.31	127.637	0.000856057	1.01457	632.905	25.8177	1481.59	14189	0	4.87794	23.3855	3.12206	2.59154e-05	0	1.54944	9835.74	128.2	8112	5.84182	1663.4	13295.2	2550.29	2146.4	31221.5	0.00613368	0	43.5783	295.661	0.0138298	0	0	72.6113	0	697.902	0.0681978	543.537	6344.9	0	4877.04	2798.79	0	0	2.85586	0	0.000263272	0	723.532	0	0	0	24.2628	0	6.04177	0	297.578	2266.76	0	0	4.14851	0	0	0	0	0	0	0	0.377947	0	61.4414	11403.9	23258.1	63632.6	16.1322	4091.03	92.3966	305.451	0.0207838	0	725.082	10086.5	10147.7	9404.08	30.5516	2270.97	30138.2	9806.28	21868.7	12857.7	17321.1	48769.7	43916.5	8432.52	2630.31	165603	165603	
102	0	1814.65	538.047	0	0.263074	0.648142	0	0	0	0	0	4874.98	55.488	0	0	2031.4	669.561	533.818	4924.85	3.22511	3799.7	9.27277	0	0.000110875	0	0	0	3595.16	374.363	0	59.188	6760.82	7779.66	90.0816	4043.6	12.0284	63.2134	3.60881	6.36349	0.00623	0	0	0	0	0	0	0	336.051	0	11287.7	3121.08	0	0	3.76339	0	0	0	0	164.703	1137.68	118.545	0.000802	0.945657	590.147	24.7897	1411.34	13684.4	0	4.70999	21.9099	2.83477	2.38544e-05	0	1.48547	9161.2	122.712	7620.39	5.45731	1577.09	12347.1	2409.89	2053.88	29934.7	0.00582667	0	40.679	280.192	0.0131841	0	0	67.486	0	647.149	0.0636357	512.998	5899.96	0	4639.35	2634.87	0	0	2.67111	0	0.000245806	0	677.912	0	0	0	22.7047	0	5.61382	0	281.36	2167.38	0	0	3.86524	0	0	0	0	0	0	0	0.352786	0	57.2818	10883.9	22112.1	61049	15.2593	3867.89	86.4184	289.39	0.0197946	0	679.397	9393.38	9730.52	8815.94	28.5792	2150.22	28028.4	9315.47	20730	12334.6	16424.5	45985.5	41847	7983.11	2510.24	157130	157130	
102.28	0	1807.54	531.77	0	0.261235	0.632733	0	0	0	0	0	4794.79	54.7164	0	0	1974.15	643.271	532.125	4815.99	3.08347	3646.12	8.90708	0	0.000115512	0	0	0	3547.08	353.967	0	56.7875	6446.73	7668.89	91.8283	4056.64	11.82	59.947	3.5543	6.4138	0.00601842	0	0	0	0	0	0	0	324.244	0	11132.9	3051.98	0	0	3.66379	0	0	0	0	156.927	1122.19	113.874	0.000751566	0.936904	575.357	23.0397	1383.61	13278.3	0	4.58483	21.0744	2.60138	2.36753e-05	0	1.37383	8825.43	123.078	7318.2	5.26484	1513.94	11822.9	2331.53	2046.14	29656.1	0.00559676	0	39.5474	270.677	0.012563	0	0	65.0835	0	614.433	0.06328	500.83	5681.68	0	4502.76	2536.47	0	0	2.58948	0	0.000239695	0	644.267	0	0	0	21.5445	0	5.07965	0	286.15	2186.26	0	0	3.6414	0	0	0	0	0	0	0	0.347458	0	51.391	10666.7	21783.1	60113.5	14.9091	3710.91	83.6106	279.692	0.0189603	0	645.641	9047.45	9587.15	8455.19	27.2209	2072.5	26881.5	9163.87	20054.1	12223.3	16157.9	44323.3	41206.2	7712.71	2527.79	153369	153369	
102.55	0	1802.47	526.161	0	0.2603	0.62385	0	0	0	0	0	4778.72	53.3653	0	0	1938.93	635.762	528.94	4771.2	2.97701	3550.57	8.69281	0	0.000116275	0	0	0	3537.23	338.978	0	55.612	6242.07	7531.42	90.3375	3999.26	11.5439	57.452	3.47035	6.25598	0.00594724	0	0	0	0	0	0	0	317.876	0	11088.9	3023.59	0	0	3.60749	0	0	0	0	154.03	1124.42	110.048	0.000694085	0.953082	556.673	22.7297	1381.88	13187.5	0	4.36428	20.7585	2.5452	2.30743e-05	0	1.29876	8629.34	121.365	7127.24	5.19182	1477.6	11509	2313.45	2037.26	29566	0.00547309	0	39.1281	262.585	0.0129003	0	0	66.1748	0	607.535	0.0630629	494.147	5595.68	0	4463.45	2519.09	0	0	2.56602	0	0.000235843	0	634.619	0	0	0	21.1216	0	4.7515	0	287.067	2174.68	0	0	3.55025	0	0	0	0	0	0	0	0.345094	0	47.9929	10503.4	21680.3	59767.4	14.5264	3612.65	82.3974	271.387	0.0192228	0	635.918	8849.54	9561.73	8237.16	26.7223	2028.31	26212.9	9100.52	19672	12017.6	16062.2	43490.7	40982	7645.6	2513.64	151484	151484	
102.82	0	1740.18	521.592	0	0.245297	0.602335	0	0	0	0	0	4708.3	49.6048	0	0	1864.33	629.292	509.115	4706.87	2.85138	3424.02	8.33795	0	0.000108153	0	0	0	3456.43	328.14	0	53.9796	6055.34	7189.76	83.4041	3764.15	11.0008	57.7484	3.2579	5.85302	0.00578172	0	0	0	0	0	0	0	302.77	0	10840.1	2965.41	0	0	3.51067	0	0	0	0	148.833	1107.56	107.285	0.000703524	0.924064	538.952	22.7961	1354.18	13139.1	0	4.25675	20.3777	2.53111	2.10911e-05	0	1.34793	8383.32	116.76	6879.34	5.0109	1441.03	11081.7	2233.29	1949.33	28503.8	0.00525651	0	37.2558	252.826	0.012657	0	0	63.5635	0	584.522	0.0605058	471.305	5318.99	0	4425.12	2504.33	0	0	2.52226	0	0.000226057	0	627.308	0	0	0	20.632	0	4.96016	0	277.839	2113.15	0	0	3.53876	0	0	0	0	0	0	0	0.33395	0	49.9136	10075.1	21179.2	58218.4	13.8574	3486.27	79.4034	261.21	0.018794	0	628.656	8595.71	9389.05	7948.89	26.038	1967.24	25216.9	8884.86	19174.4	11417.9	15712.5	42451.7	39415	7584.88	2444.78	147086	147086	
103.09	0	1615.3	495.398	0	0.220442	0.561365	0	0	0	0	0	4448.11	44.7336	0	0	1724.18	593.933	471.447	4455.64	2.62285	3177.47	7.70541	0	9.91067e-05	0	0	0	3249.76	305.641	0	50.1835	5644.32	6636.08	76.0145	3447.19	10.1408	55.284	2.97204	5.33802	0.00536576	0	0	0	0	0	0	0	276.205	0	10203.8	2804.85	0	0	3.30307	0	0	0	0	138.843	1041.36	100.652	0.000687335	0.856702	504.788	21.758	1276	12534.1	0	4.02398	19.2477	2.43758	1.89346e-05	0	1.33309	7836.39	108.645	6395.72	4.68558	1350.98	10296.7	2063.35	1803.72	26552.3	0.00486744	0	34.3098	234.49	0.0117123	0	0	58.0976	0	538.696	0.0560962	435.418	4883.56	0	4228.19	2405.07	0	0	2.4051	0	0.000210889	0	598.632	0	0	0	19.4722	0	4.99785	0	263.265	2006.96	0	0	3.40854	0	0	0	0	0	0	0	0.312429	0	50.1203	9315.12	19937.7	54701.5	12.7685	3237	73.913	242.266	0.017407	0	599.965	8033.33	8847.88	7385.44	24.527	1837.44	23384.9	8328.51	17958.7	10509.2	14798.4	39852	36604	7258.76	2324.06	137634	137634	
103.34	0	1479.66	455.155	0	0.198951	0.515575	0	0	0	0	0	4097.37	40.5305	0	0	1565.98	542.721	431.706	4101.5	2.36168	2890.44	6.99578	0	8.85058e-05	0	0	0	2999.67	276.888	0	45.4502	5125.32	6061.94	69.9931	3162.39	9.20574	50.24	2.7506	4.89189	0.00488769	0	0	0	0	0	0	0	248.208	0	9440.64	2609.19	0	0	3.06661	0	0	0	0	126.56	954.494	91.9086	0.000634385	0.785166	461.191	19.7659	1177.63	11593.1	0	3.65787	17.8229	2.28038	1.75405e-05	0	1.23488	7198.1	99.7282	5833.25	4.34975	1236.25	9421.78	1879.3	1656.31	24552.4	0.00442816	0	31.5208	213.065	0.0104693	0	0	53.3451	0	490.814	0.0519439	401.733	4459.08	0	3944.76	2265.42	0	0	2.2671	0	0.00019574	0	560.589	0	0	0	18.0742	0	4.72547	0	248.076	1902.79	0	0	3.2214	0	0	0	0	0	0	0	0.289603	0	47.2519	8503.72	18448.8	50642	11.5719	2944.53	68.1608	220.237	0.0156588	0	561.824	7378	8151.27	6733.39	22.7661	1684.22	21333.5	7639.41	16423.1	9609.62	13687.8	36609	33737.7	6795.84	2201.63	126704	126704	
103.6	0	1383.96	420.729	0	0.185343	0.483205	0	0	0	0	0	3811.48	38.2517	0	0	1451.92	498.04	401.165	3805.64	2.15307	2670.43	6.48446	0	8.28734e-05	0	0	0	2810.64	253.394	0	41.653	4723.44	5656.26	65.9325	2974.24	8.53071	45.2811	2.63325	4.65533	0.00451555	0	0	0	0	0	0	0	227.264	0	8857.32	2465.98	0	0	2.89948	0	0	0	0	117.075	886.069	85.6145	0.000568916	0.75323	429.181	17.9478	1098.18	10807.8	0	3.40329	16.7416	2.13744	1.68148e-05	0	1.12669	6721.1	93.703	5404.33	4.12902	1143.6	8805.69	1738.56	1543.97	23147.8	0.00408469	0	29.8375	196.076	0.00949615	0	0	49.8902	0	457.29	0.049359	380.529	4204.35	0	3717.13	2166.41	0	0	2.17381	0	0.000184798	0	530.726	0	0	0	17.0403	0	4.47943	0	236.685	1840.5	0	0	3.0564	0	0	0	0	0	0	0	0.274249	0	44.6635	7910.81	17304.3	47629.1	10.6879	2719.3	64.3098	202.869	0.0142962	0	531.853	6888.07	7601.89	6238.88	21.4935	1566.53	19891	7107.01	15213	8984.8	12844.9	34119.9	31748.4	6437.96	2125.18	118581	118581	
103.84	0	1306.98	394.277	0	0.175786	0.455639	0	0	0	0	0	3593.9	36.5777	0	0	1363.61	464.199	373.773	3571.14	1.9916	2498.97	6.0592	0	7.90673e-05	0	0	0	2659.5	235.34	0	38.6711	4430.48	5315.89	61.5038	2804.17	8.01987	41.6116	2.50103	4.40296	0.00423944	0	0	0	0	0	0	0	211.412	0	8396.14	2358.49	0	0	2.76698	0	0	0	0	110.499	834.088	80.6385	0.000520544	0.72403	403.078	16.7269	1035.95	10210.3	0	3.1604	15.9567	2.07179	1.56243e-05	0	1.03495	6364.21	88.2776	5068.43	3.95297	1072.15	8346.4	1644	1453.37	22058.5	0.00378073	0	28.5873	182.874	0.00894635	0	0	47.8465	0	435.857	0.0473208	362.466	4025.6	0	3541.38	2090.42	0	0	2.10099	0	0.00017366	0	508.023	0	0	0	16.2693	0	4.26155	0	226.922	1785.91	0	0	2.95138	0	0	0	0	0	0	0	0.262931	0	42.4457	7440.81	16396	45273.2	10.0153	2543.92	61.3793	189.349	0.0134541	0	509.058	6522.55	7175.77	5856.84	20.533	1474.01	18827.3	6695.98	14280.1	8449.51	12186.4	32228.6	30239.2	6162.46	2058.49	112301	112301	
104.09	0	1242.14	375.459	0	0.165705	0.432334	0	0	0	0	0	3421.96	34.5725	0	0	1289.7	439.175	351.835	3397.21	1.86964	2369.96	5.72936	0	7.5891e-05	0	0	0	2537.7	223.274	0	36.2766	4221.06	5055.46	58.5042	2669.74	7.63339	39.6121	2.39566	4.21525	0.0040347	0	0	0	0	0	0	0	198.537	0	8007.6	2268.87	0	0	2.65578	0	0	0	0	104.584	792.731	77.1232	0.000491877	0.687752	384.944	15.8698	985.16	9784.22	0	3.01751	15.3422	2.0169	1.50532e-05	0	0.984704	6071.12	84.0404	4817.85	3.77971	1018.21	7980.3	1555.62	1379.19	21114.1	0.00357196	0	27.2701	173.386	0.00838138	0	0	44.6834	0	412.711	0.0449636	344.871	3828.7	0	3397.28	2020.63	0	0	2.02558	0	0.000167037	0	487.802	0	0	0	15.5979	0	4.18737	0	215.875	1726.7	0	0	2.87823	0	0	0	0	0	0	0	0.251029	0	41.682	7066.12	15637.6	43356.9	9.50661	2412.75	58.7292	179.618	0.0126741	0	488.787	6220.38	6836.44	5565.53	19.6741	1400.04	17949.1	6364.44	13584.1	8036.1	11639.2	30781.9	28880.6	5927.52	1987.39	107201	107201	
104.32	0	1188.05	358.163	0	0.157315	0.412322	0	0	0	0	0	3267.84	32.5793	0	0	1220.17	418.03	336.38	3247.67	1.76683	2255.1	5.42974	0	7.43133e-05	0	0	0	2432.64	210.505	0	34.2288	4001.51	4862.2	57.0782	2584.02	7.32117	37.2535	2.32196	4.06947	0.00385544	0	0	0	0	0	0	0	188.534	0	7670.29	2176.58	0	0	2.53903	0	0	0	0	98.8358	758.384	73.2722	0.00046245	0.662345	364.827	15.0222	944.091	9392.64	0	2.85329	14.6424	1.92581	1.45256e-05	0	0.942891	5777.39	80.9558	4581.39	3.61019	969.73	7583.6	1483.65	1329.52	20364.5	0.00337333	0	26.0701	164.875	0.0078913	0	0	42.3506	0	390.848	0.0425635	332.236	3644.29	0	3253.06	1938.65	0	0	1.9365	0	0.000160259	0	464.451	0	0	0	14.8549	0	4.06248	0	206.274	1673.06	0	0	2.77059	0	0	0	0	0	0	0	0.23806	0	40.4443	6778.9	14984.7	41735.2	9.09138	2295.36	56.1226	170.87	0.0119958	0	465.394	5918.58	6539.83	5288.6	18.7462	1336.86	17047.4	6067.38	12943.3	7742.81	11145.4	29368.8	27778.3	5677.01	1922.78	102646	102646	
104.56	0	1142.88	345.424	0	0.15129	0.39426	0	0	0	0	0	3148.2	30.4812	0	0	1156.7	402.988	325.054	3137.28	1.67673	2159.05	5.16529	0	7.17432e-05	0	0	0	2341.86	198.802	0	32.6743	3779.89	4705.89	55.5577	2506.61	7.04351	35.3652	2.22388	3.94568	0.00372854	0	0	0	0	0	0	0	180.105	0	7377.84	2082.73	0	0	2.41045	0	0	0	0	93.2562	734.316	69.5021	0.000434445	0.647251	345.29	14.396	909.074	9080.4	0	2.73516	13.939	1.84164	1.39865e-05	0	0.892491	5500.97	77.9388	4376.98	3.43601	930.893	7183.47	1430.53	1286.34	19729.9	0.00322742	0	24.8298	158.196	0.00754031	0	0	40.6338	0	371.109	0.0401484	321.726	3446.38	0	3113.5	1854.68	0	0	1.84027	0	0.000153332	0	440.18	0	0	0	14.1161	0	3.81315	0	196.424	1615.04	0	0	2.64256	0	0	0	0	0	0	0	0.224442	0	37.9964	6553.8	14406.7	40352	8.72347	2197.3	53.4455	163.983	0.0115079	0	441.072	5634.86	6302.32	5046.88	17.8171	1285.94	16133.7	5824.23	12384.4	7496.75	10706	28097	26809.7	5428.12	1852.32	98598.5	98598.5	
104.78	0	1088.48	334.137	0	0.142563	0.374383	0	0	0	0	0	3018.43	28.095	0	0	1091.97	390.329	310.415	3026.12	1.58479	2055.94	4.87251	0	6.70558e-05	0	0	0	2243.62	186.539	0	30.9258	3544.45	4517.4	52.3513	2383.33	6.70176	33.8527	2.09411	3.74283	0.00359247	0	0	0	0	0	0	0	170.196	0	7042.4	1969.95	0	0	2.26289	0	0	0	0	86.9484	707.656	65.4969	0.000408846	0.615949	324.556	14.0179	867.739	8769.39	0	2.62063	13.1642	1.74797	1.3377e-05	0	0.860968	5196.35	74.2668	4157.45	3.23263	891.181	6726.69	1369.08	1223.88	18860.6	0.0030654	0	23.2812	151.306	0.00725741	0	0	38.8504	0	349.117	0.0374773	307.252	3210.5	0	2965.7	1757.28	0	0	1.72781	0	0.000145971	0	415.237	0	0	0	13.3143	0	3.57706	0	183.66	1538.46	0	0	2.504	0	0	0	0	0	0	0	0.20901	0	35.6916	6290.83	13734.6	38639.3	8.28961	2092.56	50.2812	156.796	0.0110763	0	416.098	5322.15	6043.97	4786.7	16.7938	1229.97	15107.6	5561.63	11794.8	7169.68	10199.9	26718.7	25533.9	5156.84	1760.53	93896	93896	
105.01	0	1030.56	320.017	0	0.136364	0.353539	0	0	0	0	0	2875.11	25.9367	0	0	1025.45	373.461	296.292	2902.97	1.48738	1946.84	4.58481	0	6.45942e-05	0	0	0	2138.03	173.543	0	29.0435	3297.63	4320.9	50.256	2278.34	6.37289	32.0788	1.96172	3.57638	0.00343786	0	0	0	0	0	0	0	160.336	0	6685.05	1852.92	0	0	2.1115	0	0	0	0	80.6772	676.034	61.2491	0.000381628	0.581704	303.637	13.5145	824.982	8403.37	0	2.50134	12.3537	1.63891	1.26689e-05	0	0.819463	4875.19	70.4587	3924.51	3.02967	846.92	6266.19	1295.41	1163.29	17999	0.00288726	0	21.761	143.876	0.00690099	0	0	36.5489	0	325.22	0.0350194	290.315	2977.08	0	2813.61	1652.25	0	0	1.6184	0	0.000137969	0	389.976	0	0	0	12.5089	0	3.29275	0	174.674	1471.69	0	0	2.34123	0	0	0	0	0	0	0	0.194801	0	32.9084	6003.28	13038.7	36880.6	7.86315	1981.55	47.0859	149.091	0.0105541	0	390.796	4992.42	5759.63	4510.46	15.7688	1166.86	14066.5	5277.56	11163.9	6853.82	9662.26	25245.5	24252.5	4873.26	1681.81	89010.6	89010.6	
105.23	0	1010.09	309.23	0	0.136604	0.345675	0	0	0	0	0	2789.93	25.1068	0	0	992.243	358.67	295.584	2832.72	1.43139	1889	4.45964	0	6.74956e-05	0	0	0	2093.43	164.884	0	27.8236	3140.72	4279.44	52.0357	2307.78	6.28525	30.2285	1.95567	3.64619	0.00335132	0	0	0	0	0	0	0	156.389	0	6534.33	1797.02	0	0	2.04349	0	0	0	0	77.1465	657.307	58.2947	0.000352811	0.559161	291.036	13.0177	808.513	8155.37	0	2.44583	11.8689	1.52593	1.28196e-05	0	0.756665	4686.96	69.8934	3795.1	2.95572	817.909	6012.69	1256.6	1161.4	17884.8	0.00280655	0	21.2519	139.919	0.00673791	0	0	35.6356	0	311.47	0.0343174	285.028	2892.01	0	2730.86	1590.47	0	0	1.57049	0	0.000136187	0	375.775	0	0	0	12.0892	0	2.9669	0	176.363	1473.16	0	0	2.2234	0	0	0	0	0	0	0	0.189503	0	29.7014	5907.73	12769.2	36350.5	7.71944	1921.81	45.7191	145.091	0.0103057	0	376.531	4799.74	5610.56	4354.86	15.2691	1131.32	13517.8	5127.08	10808.7	6837.77	9417.73	24379	23988.1	4713.73	1681.64	86953.8	86953.8	
105.44	0	997.961	305.572	0	0.137396	0.341397	0	0	0	0	0	2760.9	24.8173	0	0	972.846	355.603	295.728	2803.13	1.39141	1854.4	4.3802	0	6.56114e-05	0	0	0	2079.62	158.753	0	27.4111	3050.02	4236.02	51.3958	2294.93	6.18742	29.1178	1.91236	3.56195	0.00335423	0	0	0	0	0	0	0	153.778	0	6478.23	1775	0	0	2.00823	0	0	0	0	76.437	651.788	56.4549	0.00033265	0.555717	281.063	13.0096	805.615	8077.5	0	2.36573	11.6174	1.48844	1.26237e-05	0	0.718138	4580.96	68.7623	3710.46	2.92255	802.44	5875.52	1259.65	1161.66	17900.9	0.00277791	0	21.1164	137.264	0.00699591	0	0	36.3167	0	308.986	0.0340962	282.469	2874.66	0	2709.61	1576.47	0	0	1.56012	0	0.000134553	0	371.333	0	0	0	11.9105	0	2.73596	0	176.192	1469.54	0	0	2.1767	0	0	0	0	0	0	0	0.188118	0	27.4702	5864.28	12676.4	36203	7.5816	1886.02	45.1129	142.315	0.0105629	0	372.051	4693.71	5561.07	4259.47	15.0555	1112.88	13238.1	5062.57	10630.4	6776.9	9321.53	23953.4	23983	4673.61	1675.57	86077	86077	
105.65	0	961.102	304.591	0	0.13093	0.328873	0	0	0	0	0	2711.21	23.7339	0	0	937.448	353.295	283.006	2766.11	1.33226	1800.26	4.22213	0	6.01517e-05	0	0	0	2029.23	154.119	0	26.6673	2970.8	4066.08	47.4431	2173.17	5.92359	29.5939	1.77763	3.32289	0.00334307	0	0	0	0	0	0	0	145.753	0	6309.69	1736.67	0	0	1.94936	0	0	0	0	74.41	637.551	55.206	0.000332857	0.533273	273.309	13.2682	787.042	8034.04	0	2.31729	11.3392	1.46954	1.16034e-05	0	0.743115	4449.42	65.8959	3593.95	2.8185	784.052	5704.92	1227.61	1112.56	17310.7	0.00270695	0	20.2319	133.284	0.00697141	0	0	35.299	0	298.03	0.0329785	270.2	2755.34	0	2687.5	1559.41	0	0	1.53271	0	0.00012954	0	367.348	0	0	0	11.6566	0	2.80816	0	168.893	1432.63	0	0	2.17514	0	0	0	0	0	0	0	0.183128	0	28.2116	5660.25	12357.2	35317.3	7.25855	1832.3	43.5569	138.076	0.0105158	0	368.091	4559.13	5443.9	4125.03	14.6915	1081.45	12818.6	4938.55	10389	6473.07	9089.32	23451.3	23163.3	4630.25	1632.09	83766.9	83766.9	
105.85	0	892.875	289.062	0	0.119869	0.30584	0	0	0	0	0	2555.24	21.7905	0	0	869.083	334.819	260.57	2624.24	1.22775	1683.23	3.92367	0	5.39052e-05	0	0	0	1906.58	144.382	0	24.7848	2792.94	3770.11	43.3416	2005.33	5.47806	28.4625	1.60716	3.04931	0.0031925	0	0	0	0	0	0	0	133.335	0	5923.2	1642.36	0	0	1.83371	0	0	0	0	69.5212	598.433	52.0124	0.000314203	0.490474	257.132	12.8189	739.061	7662.03	0	2.1813	10.6577	1.38225	1.04775e-05	0	0.731393	4168.67	61.103	3354.44	2.62953	735.351	5344.62	1143.52	1030.81	16185.5	0.00252637	0	18.7382	124.608	0.00650135	0	0	32.8242	0	275.998	0.0309358	249.039	2555.38	0	2563.71	1485.05	0	0	1.45676	0	0.000120523	0	350.379	0	0	0	11.0176	0	2.75519	0	158.709	1364.05	0	0	2.09021	0	0	0	0	0	0	0	0.172548	0	27.6709	5261.27	11612.3	33257.6	6.70834	1713.99	40.6133	129.039	0.00987876	0	351.111	4271.01	5121.35	3848.62	13.8509	1009.67	11982.9	4628.47	9776.69	5990.71	8544.99	22095.7	21616.5	4414.37	1552.7	78620.1	78620.1	
106.06	0	831.652	269.238	0	0.110989	0.280576	0	0	0	0	0	2368.94	20.4931	0	0	796.816	306.892	238.986	2413.77	1.10949	1529.17	3.55726	0	4.99092e-05	0	0	0	1757.59	132.442	0	22.6046	2577.67	3451.85	39.4563	1841.19	5.0282	26.097	1.44779	2.80282	0.00298347	0	0	0	0	0	0	0	120.156	0	5515.77	1542.79	0	0	1.7188	0	0	0	0	64.4042	554.349	48.5763	0.000283782	0.453278	241.099	11.7013	682.233	7071.51	0	1.99686	9.81715	1.25081	9.25671e-06	0	0.675669	3847.49	56.4408	3063.7	2.40581	670.989	4934.8	1047.11	946.488	14944.9	0.00229733	0	17.2175	114.031	0.00593841	0	0	29.9921	0	250.54	0.0292022	226.045	2343.9	0	2389.08	1386.62	0	0	1.36899	0	0.000109601	0	324.56	0	0	0	10.1043	0	2.60924	0	151.202	1288.07	0	0	1.94895	0	0	0	0	0	0	0	0.163285	0	25.9655	4817.55	10794.9	30758.1	6.13999	1557.38	37.357	118.085	0.00909064	0	325.236	3941.89	4737.31	3515.75	12.7029	920.091	11043	4287.53	8983.79	5488.03	7969.16	20355	19920.3	4114.34	1467.35	72585.5	72585.5	
106.25	0	779.577	248.31	0	0.105995	0.2623	0	0	0	0	0	2207.06	19.5887	0	0	740.32	281.327	223.846	2239.48	1.01354	1412.04	3.31092	0	4.71285e-05	0	0	0	1647.27	122.677	0	20.9133	2403.66	3207.15	37.0949	1728.39	4.66082	23.7974	1.35849	2.63858	0.00281667	0	0	0	0	0	0	0	110.71	0	5179.9	1460.08	0	0	1.63081	0	0	0	0	60.6082	518.425	45.5945	0.000254892	0.428895	227.239	10.7395	637.033	6584.05	0	1.83057	9.18209	1.12514	8.75351e-06	0	0.619685	3593.03	53.1135	2843.26	2.26594	618.028	4636.57	966.61	881.392	14030.2	0.00214029	0	16.2726	104.836	0.00549898	0	0	28.639	0	233.159	0.0279226	210.527	2225.68	0	2246.81	1315.38	0	0	1.30736	0	0.000102957	0	306.694	0	0	0	9.48484	0	2.45794	0	144.971	1222.26	0	0	1.82788	0	0	0	0	0	0	0	0.156342	0	24.3278	4465.83	10130.6	28828.2	5.6765	1437.77	35.1524	108.6	0.00847449	0	307.314	3682.27	4425.87	3264.28	11.9353	849.897	10371	3995.23	8355.53	5115.8	7493.91	18990.8	18697.4	3882.13	1393.54	67924.4	67924.4	
106.45	0	733.222	232.609	0	0.101592	0.247338	0	0	0	0	0	2084.34	19.0166	0	0	699.368	261.931	210.233	2095.71	0.93717	1321.55	3.1088	0	4.44947e-05	0	0	0	1563.65	115.088	0	19.6069	2277.3	3004.3	34.783	1614.51	4.37134	22.0444	1.26474	2.45986	0.00269159	0	0	0	0	0	0	0	103.493	0	4907.69	1393.53	0	0	1.55873	0	0	0	0	57.6547	490.92	43.3	0.000228898	0.406718	216.138	10.0322	601.397	6201.71	0	1.70638	8.71225	1.0419	8.05396e-06	0	0.581715	3394.96	50.1956	2668.4	2.15022	577.833	4418.79	910.072	825.848	13285.7	0.00200559	0	15.5198	97.6757	0.00527695	0	0	27.5937	0	221.978	0.0268117	197.619	2145.06	0	2137.59	1264.24	0	0	1.26111	0	9.6126e-05	0	292.694	0	0	0	9.02139	0	2.37573	0	138.721	1168.21	0	0	1.7391	0	0	0	0	0	0	0	0.150562	0	23.396	4186.34	9589.48	27256.2	5.31051	1345.4	33.4119	101.177	0.00811721	0	293.276	3480.21	4189.11	3067.78	11.3492	795.466	9885.92	3768.9	7869.11	4787.23	7111.21	17937.5	17727.1	3707.18	1332.22	64240.5	64240.5	
106.63	0	695.566	220.38	0	0.0969582	0.23464	0	0	0	0	0	1985.41	18.3137	0	0	665.99	246.394	198.96	1982.75	0.881903	1252.17	2.9411	0	4.17556e-05	0	0	0	1491.84	110.356	0	18.4969	2183.56	2847.99	32.9984	1531.29	4.14332	21.007	1.20003	2.33011	0.00258893	0	0	0	0	0	0	0	97.6799	0	4677.02	1336.82	0	0	1.49486	0	0	0	0	54.761	468.764	41.6992	0.000216114	0.379234	208.182	9.47167	569.499	5908.57	0	1.62977	8.34292	0.977609	7.57562e-06	0	0.553971	3231.47	47.8199	2534.13	2.04564	547.294	4242	859.187	779.139	12640.5	0.00191053	0	14.7307	92.546	0.00497694	0	0	26.1623	0	210.388	0.0255433	186.837	2047.62	0	2044.24	1216.34	0	0	1.2144	0	9.13539e-05	0	280.221	0	0	0	8.62115	0	2.38648	0	131.69	1115.11	0	0	1.67244	0	0	0	0	0	0	0	0.144062	0	23.4318	3963.04	9129.11	25951.8	5.02713	1274.91	31.8311	95.8537	0.00770655	0	280.775	3312.39	3993.84	2914.89	10.8366	753.007	9470.86	3585.99	7488.36	4538.64	6789.12	17103.8	16857.2	3553.03	1272.05	61188.2	61188.2	
106.82	0	665.772	209.182	0	0.0923215	0.223722	0	0	0	0	0	1896.88	17.5059	0	0	634.849	233.546	189.663	1884.71	0.834662	1191.28	2.79292	0	4.02394e-05	0	0	0	1430.52	104.883	0	17.5533	2082.86	2731.08	32.1596	1477.21	3.95914	19.8396	1.1452	2.23489	0.00249698	0	0	0	0	0	0	0	93.0805	0	4474.77	1279.18	0	0	1.42556	0	0	0	0	51.8186	449.164	39.8986	0.00020154	0.365803	198.392	8.97482	542.241	5643.86	0	1.55168	7.95447	0.916677	7.21223e-06	0	0.522063	3067.76	45.6953	2407.08	1.94492	518.954	4049.74	817.451	744.802	12136	0.00182592	0	14.0323	87.8616	0.00472193	0	0	25.0331	0	199.932	0.0243011	178.831	1951.7	0	1950.82	1164.47	0	0	1.16062	0	8.68796e-05	0	266.238	0	0	0	8.18908	0	2.34042	0	126.173	1067.68	0	0	1.59526	0	0	0	0	0	0	0	0.136924	0	22.9479	3791.05	8726.4	24862.3	4.79563	1212.76	30.33	91.0132	0.00735323	0	266.76	3144.61	3822.26	2769.3	10.2954	715.704	9035.9	3424.51	7138.64	4360.71	6495.02	16297.2	16155.7	3393.22	1218.54	58483.5	58483.5	
107	0	641.102	200.556	0	0.0874251	0.214089	0	0	0	0	0	1825.83	16.4378	0	0	604.933	224.073	181.743	1816.35	0.795582	1139.9	2.66601	0	3.85708e-05	0	0	0	1380.81	99.5143	0	16.765	1982.36	2636.38	31.2521	1433.58	3.80057	18.9988	1.09348	2.15701	0.00241878	0	0	0	0	0	0	0	89.2733	0	4299.42	1223.32	0	0	1.35415	0	0	0	0	49.086	434.177	38.1072	0.000188537	0.353034	188.467	8.50821	518.71	5428.58	0	1.49188	7.58042	0.863568	6.84433e-06	0	0.488899	2917.24	43.6106	2297.12	1.84646	496.277	3845.9	785.738	716.864	11723.4	0.00176092	0	13.3474	84.2321	0.00450765	0	0	24.2565	0	190.947	0.0231158	172.368	1846.85	0	1857.73	1111.24	0	0	1.10174	0	8.26941e-05	0	252.224	0	0	0	7.76991	0	2.20025	0	120.739	1023.48	0	0	1.5144	0	0	0	0	0	0	0	0.129595	0	21.574	3654.7	8367.56	23960.5	4.59791	1160.48	28.8717	87.2527	0.00705454	0	252.713	2990.58	3684.43	2642.12	9.76927	685.762	8581.56	3289.16	6844.98	4216.54	6234.28	15568.2	15558.1	3232.27	1167.43	56110.9	56110.9	
107.18	0	610.637	193.007	0	0.0823755	0.20366	0	0	0	0	0	1752.9	15.106	0	0	571.543	216.183	173.742	1752.03	0.754732	1085.27	2.52326	0	3.60497e-05	0	0	0	1328.12	94.0128	0	15.9878	1874.52	2524.98	29.4989	1364.62	3.61546	18.3741	1.03258	2.02426	0.00233354	0	0	0	0	0	0	0	85.0347	0	4101.58	1159.72	0	0	1.27432	0	0	0	0	46.1067	417.915	36.1346	0.000177754	0.336193	177.774	8.12047	493.199	5232.35	0	1.44566	7.17508	0.814055	6.43334e-06	0	0.466477	2758.91	41.3072	2182.95	1.73839	474.349	3613.02	750.914	679.293	11189	0.00168813	0	12.5448	80.4323	0.0042912	0	0	23.2265	0	180.495	0.0217953	164.473	1722.65	0	1762.4	1054.58	0	0	1.03531	0	7.87407e-05	0	237.853	0	0	0	7.32619	0	2.07348	0	113.935	965.676	0	0	1.42697	0	0	0	0	0	0	0	0.121655	0	20.3559	3500.2	7964.29	22911	4.37188	1105.17	27.216	83.2706	0.00674596	0	238.319	2828.24	3540.24	2508.7	9.2082	655.145	8066.97	3143.48	6543.15	4029.18	5940.84	14815.8	14803	3065.27	1101.52	53442.3	53442.3	
107.35	0	579.005	185.113	0	0.077727	0.193	0	0	0	0	0	1671.04	13.8993	0	0	539.36	205.908	165.604	1683.92	0.712408	1029.05	2.37681	0	3.40299e-05	0	0	0	1271.19	88.1167	0	15.0921	1757.44	2413.22	28.2798	1308.8	3.43894	17.6749	0.977737	1.93178	0.00224195	0	0	0	0	0	0	0	80.4273	0	3902.37	1096.27	0	0	1.19706	0	0	0	0	42.9685	399.902	34.0187	0.000164448	0.321401	167.473	7.73736	467.473	5006.61	0	1.4087	6.75194	0.759074	6.22362e-06	0	0.444601	2600.04	39.4135	2067.06	1.63845	451.596	3372.19	710.055	645.39	10668	0.00160095	0	11.782	76.4683	0.00408323	0	0	22.047	0	169.134	0.0205412	156.743	1604.46	0	1667.84	995.944	0	0	0.972663	0	7.60024e-05	0	224.099	0	0	0	6.90105	0	1.91742	0	108.208	923.506	0	0	1.33335	0	0	0	0	0	0	0	0.114273	0	18.8365	3336.92	7564.16	21868.2	4.15295	1048.21	25.5845	79.1591	0.00644143	0	224.543	2665.05	3381.55	2372.23	8.67447	623.752	7542.1	2988.69	6219.42	3854.75	5644.52	14023.1	14064.1	2897.67	1052	50744.3	50744.3	
107.52	0	568.971	179.787	0	0.0774564	0.188779	0	0	0	0	0	1622.6	13.549	0	0	525.353	197.526	163.872	1648.01	0.690816	1001.18	2.31676	0	3.48094e-05	0	0	0	1244.96	84.247	0	14.4861	1681.12	2391.63	29.3003	1326.83	3.38926	16.8456	0.978801	1.96577	0.00217355	0	0	0	0	0	0	0	78.6902	0	3826.34	1068.44	0	0	1.16485	0	0	0	0	41.3638	389.861	32.6323	0.000150017	0.313814	162.409	7.34088	457.408	4852.31	0	1.39212	6.50828	0.711662	6.38439e-06	0	0.410916	2516.02	39.299	2006.77	1.60385	438.085	3247.48	690.237	642.826	10588.1	0.00154997	0	11.5682	74.4602	0.00393164	0	0	21.1187	0	162.205	0.0201746	154.941	1562.31	0	1616.22	962.255	0	0	0.948495	0	7.53078e-05	0	216.631	0	0	0	6.70051	0	1.74299	0	109.115	926.574	0	0	1.26542	0	0	0	0	0	0	0	0.111786	0	17.1369	3286.73	7414.05	21552.3	4.08162	1019.49	24.9395	77.1376	0.00622169	0	217.042	2578.5	3296.72	2299.4	8.43648	607.826	7276.24	2910.52	6038.41	3849.63	5522.52	13575.3	13907.8	2804.49	1054.2	49662.9	49662.9	
107.69	0	563.562	178.996	0	0.0760788	0.186121	0	0	0	0	0	1607.01	13.4111	0	0	519.878	195.889	161.796	1634.74	0.680849	984.989	2.2822	0	3.45789e-05	0	0	0	1231.04	81.8328	0	14.3057	1637.44	2369.44	29.0541	1321.7	3.34339	16.2325	0.957862	1.9474	0.00213475	0	0	0	0	0	0	0	78.4837	0	3801.25	1058.93	0	0	1.14905	0	0	0	0	41.1442	386.965	31.7007	0.000142054	0.314116	157.838	7.29604	456.548	4806.33	0	1.34381	6.39084	0.693479	6.22186e-06	0	0.391037	2473.01	39.0059	1971.69	1.58824	431.274	3183.67	693.85	642.281	10601.2	0.00152761	0	11.5494	73.373	0.00402308	0	0	21.0276	0	161.014	0.0200854	154.084	1556.35	0	1605.32	955.816	0	0	0.942601	0	7.37048e-05	0	214.832	0	0	0	6.62899	0	1.62393	0	109.963	920.687	0	0	1.2433	0	0	0	0	0	0	0	0.111415	0	15.9726	3266.48	7369.77	21478.3	4.02577	1002.64	24.7014	76.0139	0.00627233	0	215.223	2535.18	3264.02	2259.65	8.34887	599.978	7151.26	2883.12	5945	3821.16	5479.29	13379.2	13914.7	2785.16	1047.98	49255.6	49255.6	
107.85	0	540.902	179.082	0	0.071584	0.179729	0	0	0	0	0	1576	12.9124	0	0	506.274	194.422	154.958	1616.1	0.662818	957.351	2.21218	0	3.24684e-05	0	0	0	1191.19	80.2089	0	14	1598.02	2277.14	26.9435	1249.64	3.21759	16.4693	0.889176	1.83299	0.00208683	0	0	0	0	0	0	0	75.8719	0	3707.16	1037.3	0	0	1.11834	0	0	0	0	40.2418	378.829	31.0145	0.000146753	0.302554	154.563	7.33386	447.227	4779.84	0	1.31609	6.24942	0.6721	5.75601e-06	0	0.404841	2409.07	37.419	1918.18	1.53192	422.34	3096.36	677.465	616.11	10255.3	0.0014884	0	11.1203	71.4684	0.00388696	0	0	20.2565	0	156.121	0.0194207	147.317	1504.34	0	1597.3	948.848	0	0	0.926037	0	7.10217e-05	0	212.861	0	0	0	6.50468	0	1.68071	0	106.749	889.889	0	0	1.23737	0	0	0	0	0	0	0	0.109133	0	16.5188	3156.36	7197.34	20956	3.8819	975.208	23.9326	73.9735	0.00608303	0	213.266	2469.57	3183.44	2198.44	8.16531	583.96	6953.63	2815.42	5809.13	3652.01	5350.53	13127.9	13459.5	2768.12	1014.5	47997.2	47997.2	
108.01	0	500.27	171.717	0	0.0664908	0.167053	0	0	0	0	0	1481.87	12.1037	0	0	474.822	184.149	144.039	1534.48	0.620223	896.092	2.06624	0	2.99998e-05	0	0	0	1110.09	75.6634	0	13.1079	1499.46	2116.95	24.67	1154.68	2.9945	16.0208	0.807205	1.68923	0.00197998	0	0	0	0	0	0	0	70.324	0	3483.62	981.202	0	0	1.0514	0	0	0	0	37.9143	355.411	29.4349	0.000145911	0.275451	146.675	6.99169	422.371	4557.24	0	1.25418	5.88614	0.618654	5.27946e-06	0	0.401511	2260.5	34.7709	1796.99	1.42891	397.759	2907.96	632.618	573.68	9597.31	0.00139048	0	10.3209	67.0115	0.00358234	0	0	18.6135	0	144.859	0.0181555	135.806	1402.93	0	1530.39	907.436	0	0	0.879272	0	6.656e-05	0	202.977	0	0	0	6.15854	0	1.70438	0	101.148	843.702	0	0	1.18531	0	0	0	0	0	0	0	0.102869	0	16.7427	2940.71	6780.19	19747.8	3.61611	913.433	22.3636	69.3193	0.00566416	0	203.379	2317.03	2982.15	2059.06	7.70862	546.948	6520.61	2641.02	5459.77	3388.14	5035.58	12394.2	12583.2	2649.55	962.882	45114.3	45114.3	
108.17	0	457.736	159.513	0	0.0612935	0.153223	0	0	0	0	0	1360.76	11.3114	0	0	437.772	169.345	132.614	1416.99	0.568517	821.874	1.90539	0	2.82613e-05	0	0	0	1018.36	69.6189	0	12.0222	1375.36	1947.88	22.7081	1065.71	2.75932	14.7959	0.73369	1.58445	0.0018411	0	0	0	0	0	0	0	64.3346	0	3219.77	913.221	0	0	0.974777	0	0	0	0	35.2467	325.802	27.2316	0.000137048	0.252036	136.252	6.43595	392.081	4220.38	0	1.16331	5.43377	0.555641	4.88849e-06	0	0.373347	2081.16	32.143	1651.69	1.32124	365.222	2691.51	580.75	531.795	8897.9	0.00128411	0	9.54081	61.4733	0.00326991	0	0	16.9121	0	132.292	0.0168688	123.973	1300.39	0	1432.92	848.991	0	0	0.825199	0	6.1491e-05	0	189.77	0	0	0	5.72606	0	1.61993	0	94.6972	794.452	0	0	1.10229	0	0	0	0	0	0	0	0.0960325	0	15.8963	2704.41	6284.32	18317.2	3.32912	837.894	20.6691	63.6134	0.00520565	0	190.143	2133.32	2737.07	1892.15	7.16034	501.469	6023.14	2427.31	5018.66	3120.5	4658.75	11449.5	11655	2479.85	906.244	41715.8	41715.8	
108.33	0	426.271	149.153	0	0.0585455	0.143516	0	0	0	0	0	1261.43	10.8807	0	0	411.013	156.731	124.347	1317.6	0.52839	763.667	1.79048	0	2.66232e-05	0	0	0	948.598	64.5879	0	11.164	1274.27	1825.6	21.46	1005.73	2.57936	13.59	0.695966	1.52245	0.0017237	0	0	0	0	0	0	0	60.018	0	3012.6	861.558	0	0	0.921299	0	0	0	0	33.2374	301.582	25.3827	0.000125961	0.232126	127.675	5.90892	367.461	3932.1	0	1.07752	5.07987	0.497313	4.74317e-06	0	0.346581	1943.18	30.3794	1539.09	1.24651	338.555	2528.89	541.393	499.864	8387.86	0.00118965	0	9.05413	57.1124	0.00300551	0	0	15.8657	0	123.584	0.0160145	115.942	1241.59	0	1350.99	800.603	0	0	0.785604	0	5.79543e-05	0	179.173	0	0	0	5.39252	0	1.52257	0	89.8802	760.526	0	0	1.04027	0	0	0	0	0	0	0	0.0910101	0	14.943	2529.64	5892.87	17215.1	3.10894	778.393	19.5111	59.1322	0.00481853	0	179.519	1992.28	2541.99	1763.53	6.74617	465.894	5659.92	2258.95	4663.28	2931.2	4363.19	10693.8	10992.3	2338.46	866.48	39107.7	39107.7	
108.48	0	399.881	141.252	0	0.0560782	0.135418	0	0	0	0	0	1186.16	10.5703	0	0	391.383	147.208	116.265	1233.54	0.497413	719.131	1.69528	0	2.41058e-05	0	0	0	895.235	60.7884	0	10.5386	1200.9	1722.3	20.2779	950.259	2.42236	12.7222	0.653449	1.4451	0.00165673	0	0	0	0	0	0	0	56.5333	0	2847.21	820.351	0	0	0.87688	0	0	0	0	31.795	283.805	24.0059	0.000117904	0.220084	120.641	5.58809	347.52	3709.65	0	1.00305	4.81605	0.459484	4.54551e-06	0	0.326691	1836.63	28.7394	1451.81	1.18548	318.07	2407.71	513.385	471.742	7977.7	0.00111805	0	8.6579	53.6772	0.00287866	0	0	15.1676	0	117.787	0.0153422	109.332	1196.34	0	1288.76	764.403	0	0	0.753636	0	5.50124e-05	0	170.886	0	0	0	5.134	0	1.46187	0	86.2542	728.274	0	0	0.993461	0	0	0	0	0	0	0	0.0870283	0	14.3471	2388.48	5577.9	16325.4	2.92089	732.913	18.5821	55.5818	0.00461905	0	171.213	1883.6	2393.94	1664.96	6.42197	438.161	5389.31	2129.43	4385.79	2766.62	4128.9	10113.5	10463.8	2231.4	829.956	37049.4	37049.4	
108.62	0	378.64	134.73	0	0.0542252	0.128725	0	0	0	0	0	1126.83	10.1569	0	0	374.105	139.014	110.118	1170.81	0.473405	684.943	1.61655	0	2.26589e-05	0	0	0	851.547	58.401	0	10.023	1146.68	1639.89	19.3013	906.291	2.3034	12.2099	0.620743	1.39066	0.00160906	0	0	0	0	0	0	0	53.5998	0	2708.95	785.964	0	0	0.838436	0	0	0	0	30.36	269.66	23.0601	0.000114493	0.206592	115.406	5.32531	329.915	3538.96	0	0.951378	4.60762	0.431331	4.31299e-06	0	0.312671	1753.25	27.4747	1384.88	1.13007	302.584	2310.86	487.945	446.211	7616.45	0.00107236	0	8.24385	51.2295	0.00271778	0	0	14.2922	0	111.79	0.0146409	103.399	1146.29	0	1236.01	732.546	0	0	0.723721	0	5.22942e-05	0	163.877	0	0	0	4.91048	0	1.47356	0	82.3448	696.903	0	0	0.956478	0	0	0	0	0	0	0	0.0829356	0	14.4634	2272.18	5311.49	15582.7	2.77788	698.159	17.7361	53.0515	0.0044061	0	164.189	1797.9	2275.51	1588.29	6.13824	416.212	5162.88	2024.65	4173.63	2635.61	3934.45	9660.69	9985.87	2139.54	794.75	35349.2	35349.2	
108.77	0	361.909	127.959	0	0.0531091	0.123047	0	0	0	0	0	1074.64	9.71317	0	0	356.479	131.634	106.104	1120.57	0.451111	654.414	1.54758	0	2.17456e-05	0	0	0	814.286	55.7556	0	9.55602	1092.96	1576.51	18.8062	880.375	2.20962	11.5721	0.596569	1.35695	0.00156324	0	0	0	0	0	0	0	51.2301	0	2591.23	753.865	0	0	0.800345	0	0	0	0	28.9861	257.574	22.0821	0.000107812	0.198845	109.65	5.10514	314.937	3384.47	0	0.891858	4.38638	0.403548	4.17748e-06	0	0.294774	1669.83	26.3044	1321.56	1.07729	287.725	2207.02	466.599	427.894	7333.9	0.00102995	0	7.87528	48.9964	0.00261877	0	0	13.9194	0	106.696	0.0139351	98.802	1097.37	0	1182.99	699.093	0	0	0.69229	0	4.99951e-05	0	156.252	0	0	0	4.67138	0	1.45469	0	79.2332	672.884	0	0	0.915117	0	0	0	0	0	0	0	0.0786485	0	14.284	2179.85	5083.11	14973.1	2.66176	666.932	16.9366	50.7569	0.00425793	0	156.547	1712.74	2172.81	1515.8	5.84136	396.282	4930.45	1930.88	3987.27	2542.66	3764.39	9224.01	9602.07	2045.16	767.395	33863.8	33863.8	
108.91	0	348.22	122.299	0	0.0518724	0.118047	0	0	0	0	0	1034.49	9.23045	0	0	338.286	126.339	102.915	1083.4	0.431954	628.206	1.49118	0	2.10856e-05	0	0	0	785.252	53.0335	0	9.21163	1040.03	1523.24	18.2188	854.779	2.1294	11.0917	0.569946	1.30864	0.00152677	0	0	0	0	0	0	0	49.2442	0	2488.95	722.522	0	0	0.761692	0	0	0	0	27.7809	248.092	21.2003	0.000101764	0.19142	104.39	4.94148	302.224	3254.91	0	0.847351	4.17451	0.382889	4.04524e-06	0	0.278474	1593.26	25.2505	1266.41	1.02417	275.542	2104.77	449.798	412.191	7081.77	0.000995924	0	7.50794	47.1781	0.00258006	0	0	13.5455	0	102.162	0.0131982	94.6954	1044.04	0	1128	665.508	0	0	0.659757	0	4.80392e-05	0	148.446	0	0	0	4.43958	0	1.39216	0	75.7787	647.213	0	0	0.87127	0	0	0	0	0	0	0	0.0742301	0	13.6826	2104.32	4876.5	14432.4	2.56235	640.197	16.1544	48.8696	0.00418001	0	148.725	1634.58	2093.08	1452.04	5.55128	379.64	4695.83	1852.69	3830.31	2460.58	3613.89	8834.01	9252.9	1948.44	737.62	32530.5	32530.5	
109.05	0	331.66	117.216	0	0.0492441	0.112494	0	0	0	0	0	994.049	8.65514	0	0	318.71	121.901	98.6341	1046.19	0.411695	599.709	1.42305	0	1.96327e-05	0	0	0	752.689	50.0981	0	8.84939	982.384	1458.32	17.1374	814.915	2.03052	10.6334	0.536129	1.24555	0.00148707	0	0	0	0	0	0	0	46.9632	0	2374.21	686.843	0	0	0.717883	0	0	0	0	26.3573	238.596	20.1608	9.58727e-05	0.182017	98.6864	4.82149	287.987	3132.02	0	0.810944	3.9425	0.360835	3.81881e-06	0	0.268647	1511.91	24.1549	1208.35	0.965829	263.645	1990.83	430.303	391.364	6757.86	0.000959064	0	7.06254	45.334	0.00251703	0	0	13.0282	0	96.9465	0.0123863	90.1581	980.637	0	1070.34	630.246	0	0	0.623264	0	4.5562e-05	0	140.367	0	0	0	4.19324	0	1.31193	0	71.0823	614.525	0	0	0.823272	0	0	0	0	0	0	0	0.0695933	0	12.9071	2015.35	4642.41	13799.8	2.44317	611.202	15.2411	46.9404	0.00407311	0	140.636	1551.3	2009.49	1384.21	5.24114	362.835	4432.43	1770.45	3662.29	2351.79	3445.75	8430.07	8812.71	1847.09	699.407	31019.6	31019.6	
109.18	0	314.887	112.155	0	0.0465639	0.106474	0	0	0	0	0	949.475	8.11629	0	0	299.995	116.34	93.8926	1004.89	0.390708	570.973	1.35007	0	1.89572e-05	0	0	0	719.172	47.061	0	8.39947	923.172	1391.71	16.4849	780.691	1.93736	10.1752	0.51028	1.17806	0.00144761	0	0	0	0	0	0	0	44.6026	0	2256.88	649.284	0	0	0.67573	0	0	0	0	24.7278	228.646	19.035	8.99312e-05	0.170423	93.1803	4.61504	273.861	2995.6	0	0.783639	3.70837	0.335182	3.62436e-06	0	0.258736	1430.34	23.1104	1148.29	0.913251	251.5	1873.63	407.81	372.024	6442.67	0.000909898	0	6.64338	43.361	0.00238497	0	0	12.4729	0	91.5541	0.0116993	86.0843	919.073	0	1013.02	595.382	0	0	0.586983	0	4.29931e-05	0	132.25	0	0	0	3.95953	0	1.20429	0	67.859	585.506	0	0	0.771948	0	0	0	0	0	0	0	0.0653814	0	11.8533	1920.47	4408.91	13166.2	2.32898	581.979	14.3532	44.8742	0.00389816	0	132.509	1467.54	1920.4	1314.05	4.94995	346.155	4166.72	1684.78	3485.64	2247.29	3272.6	8006.95	8381.71	1746.4	666.055	29491.4	29491.4	
109.32	0	310.038	108.477	0	0.0461644	0.103992	0	0	0	0	0	922.336	7.91756	0	0	292.129	111.663	93.2142	981.941	0.380878	557.384	1.31507	0	1.97456e-05	0	0	0	705.971	45.0902	0	8.0899	885.484	1378.81	17.1015	793.727	1.91622	9.663	0.515093	1.1863	0.00142438	0	0	0	0	0	0	0	43.9611	0	2213.15	632.568	0	0	0.658075	0	0	0	0	23.7679	223.909	18.3124	8.20534e-05	0.167587	90.5216	4.36177	268.911	2906.08	0	0.77491	3.58078	0.315162	3.78946e-06	0	0.241629	1388.2	22.9145	1118.85	0.898443	244.621	1812.82	396.734	372.598	6415.76	0.000886675	0	6.53744	42.3537	0.00227005	0	0	12.1468	0	88.4776	0.0115281	85.4054	896.904	0	982.37	577.816	0	0	0.573349	0	4.28193e-05	0	127.841	0	0	0	3.85598	0	1.07291	0	68.7709	586.752	0	0	0.733567	0	0	0	0	0	0	0	0.0640216	0	10.5658	1891.57	4326.15	13003.1	2.29799	567.868	14.0174	43.8551	0.00376079	0	128.082	1424.12	1875.13	1278.65	4.83006	338.284	4033.46	1641.05	3390.53	2246.88	3203.05	7772.57	8316.93	1693.53	666.886	28931.4	28931.4	
109.45	0	308.212	106.841	0	0.0449079	0.102364	0	0	0	0	0	913.323	7.78848	0	0	287.701	111.133	92.2627	975.561	0.376758	549.896	1.2944	0	1.94766e-05	0	0	0	700.514	43.8632	0	7.98183	862.447	1368.89	16.8676	792.003	1.89567	9.25462	0.507622	1.16723	0.00141656	0	0	0	0	0	0	0	44.0369	0	2204.61	627.042	0	0	0.648479	0	0	0	0	23.5366	223.681	17.8079	7.78277e-05	0.168491	88.129	4.29322	268.856	2882.08	0	0.748928	3.53479	0.313389	3.77298e-06	0	0.230875	1366.56	22.5649	1102.38	0.893213	242.012	1778.08	398.996	374.229	6431.66	0.000877682	0	6.52433	41.8482	0.00231803	0	0	12.1036	0	88.2183	0.0114873	84.7964	889.607	0	975.603	576.622	0	0	0.57099	0	4.2413e-05	0	126.885	0	0	0	3.82995	0	1.00172	0	68.814	587.45	0	0	0.723538	0	0	0	0	0	0	0	0.0636721	0	9.86787	1883.31	4309.45	12979.3	2.2733	559.944	13.9065	43.3288	0.00380026	0	127.116	1402.2	1860.08	1260.06	4.7984	334.958	3960.87	1624.01	3345.33	2234.63	3185.62	7672.55	8327.99	1684.51	666.919	28741.6	28741.6	
109.58	0	297.437	105.786	0	0.0414069	0.098548	0	0	0	0	0	895.139	7.39103	0	0	278.82	111.127	87.543	963.836	0.367932	536.006	1.25228	0	1.77726e-05	0	0	0	679.401	43.0692	0	7.79588	839.242	1319.05	15.6112	749.513	1.82183	9.33477	0.478588	1.09104	0.00138032	0	0	0	0	0	0	0	42.7099	0	2155.58	613.597	0	0	0.631083	0	0	0	0	23.0099	220.437	17.3882	8.15611e-05	0.159847	85.8827	4.27038	263.194	2866.47	0	0.733737	3.47959	0.315892	3.5422e-06	0	0.241051	1333.48	21.7216	1075.62	0.867115	238.156	1723.92	390.601	358.957	6221.72	0.000849527	0	6.28758	40.9423	0.00222851	0	0	11.5883	0	85.7847	0.0111602	81.462	854.524	0	968.947	573.008	0	0	0.560673	0	4.11278e-05	0	125.891	0	0	0	3.7701	0	1.03752	0	66.1239	572.293	0	0	0.724982	0	0	0	0	0	0	0	0.0619261	0	10.2158	1825.05	4213.4	12666.2	2.19061	546.116	13.5133	42.3493	0.00367127	0	126.132	1368.08	1816.7	1229.25	4.71038	327.574	3836.35	1584.71	3269.64	2139.61	3116.69	7532.47	8051.88	1673.21	649.42	28017.6	28017.6	
109.7	0	277.551	100.485	0	0.0371561	0.0913006	0	0	0	0	0	841.112	6.7522	0	0	260.577	105.82	80.1633	914.063	0.345982	502.85	1.16855	0	1.62893e-05	0	0	0	635.063	40.8539	0	7.31003	784.904	1229.12	14.2841	692.164	1.69598	9.09786	0.440817	0.998639	0.0012863	0	0	0	0	0	0	0	39.9052	0	2030.06	579.145	0	0	0.593058	0	0	0	0	21.5756	207.81	16.3805	8.10915e-05	0.14588	80.9472	4.04933	248.123	2734.24	0	0.704684	3.30561	0.303405	3.21144e-06	0	0.240799	1254.24	20.2726	1011.35	0.814262	224.867	1613.59	365.232	333.698	5820.56	0.000793537	0	5.85979	38.4379	0.00201888	0	0	10.5372	0	79.9479	0.0105087	75.5696	791.11	0	927.354	547.918	0	0	0.53206	0	3.81895e-05	0	120.407	0	0	0	3.57912	0	1.03946	0	61.9896	542.852	0	0	0.696406	0	0	0	0	0	0	0	0.0585176	0	10.2279	1704.22	3973.22	11931.4	2.04276	512.689	12.6876	39.7399	0.00336287	0	120.648	1286.35	1704.26	1155.29	4.46249	307.892	3582.3	1486.6	3072.54	1987.7	2936.66	7116.1	7520.97	1600.83	615.824	26337.2	26337.2	
109.82	0	255.187	92.7585	0	0.0334128	0.0836199	0	0	0	0	0	772.024	6.10692	0	0	240.181	97.7708	73.0316	842.05	0.320059	462.476	1.07575	0	1.51239e-05	0	0	0	584.112	37.8196	0	6.69442	719.391	1133.06	13.2386	637.202	1.56257	8.48495	0.4086	0.918679	0.0011692	0	0	0	0	0	0	0	36.8992	0	1879.28	537.574	0	0	0.551001	0	0	0	0	19.9702	191.384	15.1568	7.67005e-05	0.13388	74.8569	3.70071	230.107	2536.23	0	0.651119	3.07903	0.279965	2.96216e-06	0	0.223501	1156.83	18.7311	932.348	0.757212	206.989	1481.76	336.139	308.324	5391.61	0.000723586	0	5.44361	35.2562	0.00180869	0	0	9.51822	0	73.3368	0.00979947	69.5725	729.976	0	868.39	513.997	0	0	0.497128	0	3.51894e-05	0	112.727	0	0	0	3.3382	0	1.01874	0	58.1204	505.619	0	0	0.652924	0	0	0	0	0	0	0	0.0545702	0	10.0174	1570.67	3685.68	11057	1.88336	471.645	11.7917	36.4548	0.00303116	0	112.95	1186.32	1566.25	1064.77	4.15986	283.39	3294.1	1366.37	2824.74	1831.77	2718.91	6571.69	6959.19	1499.97	574.464	24347.1	24347.1	
109.94	0	241.341	87.13	0	0.0312268	0.0779922	0	0	0	0	0	719.189	5.78812	0	0	225.531	90.8613	68.0596	775.988	0.300273	427.473	0.996617	0	1.44727e-05	0	0	0	541.74	35.2787	0	6.18782	665.922	1062.97	12.4095	599.043	1.46709	7.8219	0.389744	0.868649	0.00107014	0	0	0	0	0	0	0	34.7915	0	1776.85	510.597	0	0	0.524717	0	0	0	0	18.9193	179.656	14.2689	7.32537e-05	0.126784	70.9262	3.36361	215.298	2355.76	0	0.604251	2.89099	0.25918	2.78652e-06	0	0.205266	1081.18	17.7581	868.414	0.708318	191.996	1378.48	312.805	288.806	5052.4	0.000661028	0	5.14948	32.7218	0.00164189	0	0	8.60368	0	67.6434	0.00941721	64.8172	682.188	0	819.774	485.979	0	0	0.470533	0	3.3013e-05	0	105.423	0	0	0	3.1131	0	0.978958	0	55.9078	479.142	0	0	0.612559	0	0	0	0	0	0	0	0.0523066	0	9.56177	1470	3478.45	10346	1.76802	435.93	11.1126	33.8497	0.00276231	0	105.628	1108.71	1458.34	991.393	3.88322	263.128	3068.38	1279.09	2612.81	1719.76	2571.87	6116.92	6515.15	1415.74	545.276	22776.6	22776.6	
110.06	0	228.917	82.0377	0	0.0291445	0.0734896	0	0	0	0	0	677.703	5.44529	0	0	213.587	85.1448	63.6821	726.537	0.28335	400.374	0.935826	0	1.36256e-05	0	0	0	508.973	33.3056	0	5.83934	624.169	997.512	11.6523	567.224	1.37282	7.28333	0.368897	0.810652	0.000990169	0	0	0	0	0	0	0	32.8766	0	1690.2	486.719	0	0	0.499597	0	0	0	0	18.0869	170.884	13.4752	6.95955e-05	0.121218	66.9014	3.13773	203.735	2220.51	0	0.558061	2.75285	0.24511	2.6098e-06	0	0.189535	1021.11	16.813	818.04	0.672384	180.33	1295.18	294.733	273.104	4786.78	0.000614589	0	4.91275	30.5564	0.00154588	0	0	8.06397	0	63.8511	0.00900621	61.1026	647.679	0	781.498	464.73	0	0	0.448245	0	3.09967e-05	0	100.515	0	0	0	2.95461	0	0.957944	0	53.6135	457.013	0	0	0.581456	0	0	0	0	0	0	0	0.0500683	0	9.32225	1380.53	3306.41	9791.56	1.65678	408.245	10.5731	31.6121	0.00258328	0	100.704	1047.26	1374.37	934.117	3.68614	247.393	2890.67	1207.79	2449.24	1619.1	2446.89	5763.28	6170.8	1351.1	520.581	21528.8	21528.8	
110.18	0	217.782	78.4783	0	0.0273699	0.0698124	0	0	0	0	0	644.764	5.13681	0	0	203.983	80.5097	60.0352	690.128	0.268698	378.854	0.88686	0	1.29702e-05	0	0	0	482.701	31.9245	0	5.54426	592.776	944.813	10.9967	539.32	1.29937	7.02552	0.350548	0.778536	0.00092905	0	0	0	0	0	0	0	31.0822	0	1614.52	466.374	0	0	0.477286	0	0	0	0	17.237	162.982	12.9453	6.83343e-05	0.116857	64.1392	2.9379	193.445	2113.82	0	0.535029	2.6391	0.232586	2.44298e-06	0	0.181096	972.033	16.0572	778.218	0.639149	171.102	1228.78	277.857	258.286	4542.3	0.000582328	0	4.66224	28.8618	0.00143514	0	0	7.43997	0	59.9349	0.00855761	57.6894	612.042	0	748.81	446.243	0	0	0.428402	0	2.92599e-05	0	96.4107	0	0	0	2.81859	0	0.973598	0	50.8066	434.953	0	0	0.555991	0	0	0	0	0	0	0	0.0476933	0	9.43616	1306.12	3154.68	9311.62	1.56865	386.442	10.0702	29.8729	0.00240886	0	96.5918	996.71	1306.5	888.159	3.51405	234.453	2743.21	1150.24	2323.63	1535.67	2338.79	5480.61	5849.09	1295.68	495.8	20469.5	20469.5	
110.29	0	208.971	75.4046	0	0.0260335	0.0667476	0	0	0	0	0	615.637	4.85623	0	0	195.351	76.4152	57.2764	660.432	0.254646	360.043	0.845334	0	1.27721e-05	0	0	0	462.12	30.411	0	5.27411	562.12	904.241	10.6464	520.161	1.24316	6.71738	0.337239	0.755126	0.000882945	0	0	0	0	0	0	0	29.5396	0	1546.74	446.676	0	0	0.45519	0	0	0	0	16.4677	155.575	12.3922	6.44844e-05	0.111944	61.2032	2.74829	184.719	2014.49	0	0.511835	2.5155	0.218551	2.31793e-06	0	0.17295	923.561	15.3953	740.146	0.607752	162.348	1164.13	263.999	247.221	4344.69	0.000550188	0	4.44834	27.3336	0.00134728	0	0	7.00912	0	56.6858	0.00814342	55.0733	581.329	0	715.973	425.743	0	0	0.407438	0	2.77311e-05	0	91.9725	0	0	0	2.67551	0	0.957693	0	48.4833	416.314	0	0	0.526955	0	0	0	0	0	0	0	0.0452367	0	9.25817	1247.4	3020.03	8903.91	1.49836	367.298	9.60274	28.3072	0.00227305	0	92.1455	947.038	1248.73	844.492	3.33671	222.808	2603.89	1100.31	2215.19	1473.64	2239.62	5211.57	5587.8	1237.73	474.627	19540.5	19540.5	
110.4	0	201.086	73.2128	0	0.0245204	0.0641575	0	0	0	0	0	592.159	4.57148	0	0	187.578	73.3533	54.9027	635.455	0.243466	343.832	0.810931	0	1.24652e-05	0	0	0	445.448	28.9726	0	5.06975	533.739	870.512	10.2679	501.121	1.1963	6.47529	0.324562	0.730477	0.000846709	0	0	0	0	0	0	0	28.2124	0	1484.85	427.811	0	0	0.433525	0	0	0	0	15.777	148.936	11.8677	6.09313e-05	0.108707	58.4749	2.60133	176.956	1929.11	0	0.491244	2.39927	0.20651	2.20571e-06	0	0.164425	879.827	14.769	707.184	0.577519	154.74	1104.52	252.837	237.859	4169.18	0.000526671	0	4.24596	26.0217	0.0012844	0	0	6.63959	0	53.9414	0.0077482	52.7827	551.031	0	682.308	405.924	0	0	0.386715	0	2.63506e-05	0	87.3937	0	0	0	2.53602	0	0.914711	0	46.1028	396.378	0	0	0.498079	0	0	0	0	0	0	0	0.0427329	0	8.83554	1199.3	2894.33	8538.19	1.44029	350.823	9.1632	26.9587	0.00217213	0	87.5582	902.244	1201.31	806.537	3.16408	212.701	2473.31	1058.7	2121.83	1418.84	2148.26	4973.55	5354.55	1179.46	451.857	18707	18707	
110.51	0	191.469	71.218	0	0.022858	0.0613977	0	0	0	0	0	568.28	4.2676	0	0	178.951	70.7912	52.2501	611.458	0.231862	327.232	0.774457	0	1.18523e-05	0	0	0	426.664	27.4881	0	4.85916	505.058	831.566	9.64831	474.723	1.14142	6.28738	0.307277	0.697415	0.000813301	0	0	0	0	0	0	0	26.7857	0	1414.68	407.208	0	0	0.410045	0	0	0	0	15.0102	142.311	11.3146	5.79718e-05	0.105286	55.6015	2.47057	168.55	1848.08	0	0.466797	2.27635	0.195172	2.07097e-06	0	0.159709	834.874	13.9882	673.236	0.544373	147.457	1042.51	240.786	225.728	3958.76	0.000502724	0	4.01555	24.7868	0.00120873	0	0	6.24889	0	51.0603	0.00733112	50.0531	518.88	0	648.306	385.573	0	0	0.364648	0	2.48269e-05	0	82.5015	0	0	0	2.39268	0	0.872242	0	43.2904	372.398	0	0	0.469338	0	0	0	0	0	0	0	0.0400695	0	8.4253	1145.61	2753.92	8129.42	1.37379	334.009	8.67906	25.6793	0.00206078	0	82.6613	856.134	1151.24	767.366	2.98451	202.475	2337.09	1014.27	2026.81	1351.16	2046.64	4734.81	5080.33	1120.01	424.623	17798.6	17798.6	
110.61	0	181.974	68.5476	0	0.0215148	0.0585597	0	0	0	0	0	541.815	4.00673	0	0	169.859	67.497	49.7765	586.09	0.220229	310.812	0.7367	0	1.12307e-05	0	0	0	406.389	25.9736	0	4.6394	476.457	793.781	9.25517	454.266	1.08714	6.08268	0.291101	0.665974	0.000771004	0	0	0	0	0	0	0	25.4369	0	1345.68	386.863	0	0	0.387145	0	0	0	0	14.1607	135.824	10.6888	5.50116e-05	0.100056	52.6079	2.32841	160.037	1761.48	0	0.443401	2.15393	0.181563	2.02795e-06	0	0.15316	791.087	13.222	640.324	0.514372	140.294	984.327	227.885	215.338	3768.18	0.000477504	0	3.79005	23.6429	0.00112747	0	0	5.88987	0	48.1758	0.00695419	47.5327	489.232	0	614.947	364.622	0	0	0.344308	0	2.3838e-05	0	77.6428	0	0	0	2.26159	0	0.815724	0	41.0949	356.526	0	0	0.441937	0	0	0	0	0	0	0	0.03775	0	7.88411	1091.49	2618.11	7746.58	1.30785	317.359	8.20373	24.4904	0.00193557	0	77.796	811.137	1097.25	729.169	2.82072	192.566	2206.62	966.283	1928.59	1290.87	1946.31	4496.55	4829.68	1060.63	405.984	16924.9	16924.9	
110.72	0	180.118	66.2865	0	0.021733	0.0574295	0	0	0	0	0	527.203	3.9231	0	0	165.549	64.874	49.5288	572.526	0.214558	303.005	0.71983	0	1.16628e-05	0	0	0	398.593	25.0264	0	4.48932	459.921	787.488	9.57696	460.832	1.07655	5.86637	0.294809	0.673426	0.000745498	0	0	0	0	0	0	0	24.9896	0	1322.52	378.805	0	0	0.378952	0	0	0	0	13.6802	132.464	10.3371	5.04643e-05	0.0975728	51.0513	2.18314	157.181	1706.98	0	0.435115	2.08962	0.170381	2.12793e-06	0	0.142855	770.722	13.0774	625.434	0.507744	136.631	956.266	222.139	215.638	3745.79	0.00046701	0	3.72932	23.169	0.00107211	0	0	5.82385	0	46.8457	0.00687504	47.3358	478.773	0	597.385	353.663	0	0	0.336466	0	2.3968e-05	0	75.131	0	0	0	2.20498	0	0.758238	0	41.3492	359.277	0	0	0.423393	0	0	0	0	0	0	0	0.0369326	0	7.32948	1076.68	2573.3	7644.16	1.29157	309.328	8.02983	24.0128	0.00185537	0	75.2738	790.226	1071.34	711.566	2.75659	188.554	2144.64	943.159	1878.9	1290.8	1909.33	4371.82	4789.26	1029.48	408.416	16621.2	16621.2	
110.82	0	179.371	65.0245	0	0.0213435	0.0565612	0	0	0	0	0	523.432	3.82985	0	0	162.525	64.6345	49.2128	566.175	0.212236	299.328	0.707344	0	1.17607e-05	0	0	0	398.057	24.432	0	4.43109	450.439	782.975	9.48814	457.011	1.07072	5.72588	0.291823	0.658944	0.000745885	0	0	0	0	0	0	0	24.9004	0	1318.05	375.518	0	0	0.375035	0	0	0	0	13.6008	131.902	10.1169	4.77262e-05	0.0992977	49.6014	2.17362	157.505	1695.04	0	0.419414	2.06743	0.171345	2.15163e-06	0	0.136557	762.856	12.8632	618.122	0.507354	135.408	939.942	223.416	216.171	3752.36	0.00046272	0	3.72369	22.9198	0.00111326	0	0	5.8878	0	46.9203	0.00688047	47.2583	472.475	0	594.742	353.182	0	0	0.334439	0	2.40137e-05	0	74.726	0	0	0	2.19197	0	0.715374	0	41.4966	356.633	0	0	0.417941	0	0	0	0	0	0	0	0.0368203	0	6.91305	1073.2	2566.03	7620.94	1.28342	305.495	7.97426	23.7501	0.00189707	0	74.8626	782.345	1066.25	703.422	2.74308	187.197	2107.51	934.259	1857.63	1282.12	1899.26	4327.21	4791.14	1025.89	405.498	16523	16523	
110.92	0	172.9	64.0126	0	0.0197392	0.05454	0	0	0	0	0	513.973	3.56687	0	0	156.341	64.5242	47.3675	558.47	0.207162	292.334	0.682332	0	1.09791e-05	0	0	0	388.901	23.9574	0	4.32716	440.031	755.361	8.82077	431.836	1.03428	5.82169	0.275395	0.611944	0.000735019	0	0	0	0	0	0	0	24.0484	0	1288.97	366.724	0	0	0.365319	0	0	0	0	13.2972	129.487	9.86088	4.93841e-05	0.0954375	48.0175	2.19585	154.855	1689.16	0	0.405147	2.03661	0.173752	2.03569e-06	0	0.142845	747.532	12.3412	604.341	0.493479	133.735	909.735	218.185	208.373	3635.38	0.000451147	0	3.58267	22.4578	0.00109268	0	0	5.64226	0	45.687	0.00664858	45.4129	450.755	0	591.89	351.55	0	0	0.326954	0	2.35071e-05	0	74.1854	0	0	0	2.15843	0	0.740373	0	40.2828	345.022	0	0	0.417528	0	0	0	0	0	0	0	0.0358383	0	7.147	1040.27	2513.46	7442.15	1.24189	298.58	7.74135	23.2435	0.00186422	0	74.3283	766.471	1044.7	687.413	2.69444	183.571	2036.82	910.868	1820.8	1227.81	1856.82	4257.14	4635.49	1020.85	392.906	16122.7	16122.7	
111.02	0	160.675	60.2532	0	0.0179549	0.050771	0	0	0	0	0	483.819	3.22697	0	0	144.878	61.4008	44.2252	528.881	0.19467	274.796	0.634843	0	1.0088e-05	0	0	0	364.824	22.5966	0	4.05523	413.474	705.195	8.11752	398.074	0.966911	5.62976	0.252749	0.556197	0.000690113	0	0	0	0	0	0	0	22.3571	0	1215.29	345.449	0	0	0.343837	0	0	0	0	12.489	122.044	9.24501	4.92272e-05	0.0879367	45.0203	2.0952	146.558	1614.13	0	0.378782	1.93488	0.167076	1.88931e-06	0	0.142046	704.882	11.4373	569.368	0.464528	126.965	849.348	204.01	194.526	3405.65	0.000423098	0	3.32529	21.1775	0.00101108	0	0	5.21017	0	42.6821	0.0062047	42.1901	416.287	0	567.439	336.455	0	0	0.309852	0	2.24014e-05	0	70.9092	0	0	0	2.05233	0	0.738951	0	38.2744	325.758	0	0	0.400761	0	0	0	0	0	0	0	0.0337529	0	7.12575	972.701	2375.11	7014.65	1.162	280.822	7.25298	21.9008	0.00173557	0	71.0513	722.581	982.124	647.119	2.55686	173.298	1899.23	852.922	1715.08	1141.15	1749.97	4027.87	4335.07	977.904	371.593	15171.6	15171.6	
111.11	0	147.471	54.8875	0	0.0164803	0.0464151	0	0	0	0	0	444.517	2.91108	0	0	131.996	56.5675	40.869	487.563	0.17965	253.133	0.580817	0	9.07336e-06	0	0	0	335.012	20.7284	0	3.70209	379.419	651.426	7.53646	367.917	0.889998	5.17208	0.233135	0.506685	0.000631155	0	0	0	0	0	0	0	20.6152	0	1126.47	319.425	0	0	0.318287	0	0	0	0	11.5078	112.501	8.45806	4.66935e-05	0.0788908	41.3012	1.92659	136.04	1497.05	0	0.347916	1.80096	0.157061	1.78849e-06	0	0.132469	650.902	10.5602	525.612	0.43289	117.683	779.374	188.316	180.242	3163.21	0.000388538	0	3.06655	19.5774	0.000933878	0	0	4.80495	0	39.3639	0.00573692	39.0007	380.725	0	530.696	314.519	0	0	0.28886	0	2.11983e-05	0	66.3182	0	0	0	1.91644	0	0.701646	0	36.0545	306.173	0	0	0.376647	0	0	0	0	0	0	0	0.031399	0	6.7594	898.236	2205.38	6510.74	1.07004	258.669	6.71167	20.2412	0.00159709	0	66.4507	667.215	902.59	597.073	2.38651	160.465	1740.89	781.846	1577.75	1054.3	1620.06	3722.02	4018.31	914.44	349.395	14038.1	14038.1	
111.21	0	138.001	50.3192	0	0.01547	0.0432058	0	0	0	0	0	411.579	2.68351	0	0	122.066	52.3392	38.317	452.014	0.168393	235.992	0.540072	0	8.53215e-06	0	0	0	311.395	19.1347	0	3.41392	351.194	612.397	7.13012	346.95	0.834244	4.7187	0.221674	0.47866	0.000586099	0	0	0	0	0	0	0	19.4002	0	1055.78	298.768	0	0	0.298814	0	0	0	0	10.7309	104.881	7.78565	4.32733e-05	0.0730679	38.2341	1.78056	127.358	1398.16	0	0.323332	1.69301	0.14814	1.74431e-06	0	0.121823	608.103	9.95498	491.08	0.410248	109.999	725.175	175.939	169.071	2981.54	0.000363372	0	2.89041	18.2962	0.000872002	0	0	4.49858	0	36.8155	0.00539975	36.7102	355.227	0	499.999	296.526	0	0	0.272792	0	2.04431e-05	0	62.6238	0	0	0	1.80857	0	0.652355	0	34.248	291.532	0	0	0.354897	0	0	0	0	0	0	0	0.0296801	0	6.2781	842.456	2069.9	6115.81	1.003	241.049	6.31488	18.923	0.00148882	0	62.7456	623.333	837.81	557.499	2.25394	150.196	1618.23	724.708	1464.51	992.131	1516.55	3474.31	3780.99	861.883	332.443	13147.5	13147.5	
113.94	0	2988.07	1076.85	0	0.370051	0.922038	0	0	0	0	0	8766.48	54.8888	0	0	2484.37	1107.3	838.263	9585.01	3.52635	4930.19	11.0182	0	0.000176585	0	0	0	6592.05	377.188	0	69.979	7153.58	13435.7	152.032	7637.38	18.1397	96.7481	4.73769	10.3327	0.0129544	0	0	0	0	0	0	0	412.016	0	23426.7	6657.14	0	0	6.45121	0	0	0	0	229.223	2299.28	159.908	0.000987226	1.61262	784.317	41.3144	2770.74	31068	0	6.84796	36.6498	3.28209	3.6387e-05	0	2.47419	13012.4	220.266	10417.2	8.93372	2370.68	14876.4	3793.64	3645.14	66943.9	0.00756578	0	61.1031	395.936	0.0215385	0	0	106.376	0	776.85	0.116031	802.237	7116.59	0	11387.9	6741.69	0	0	6.08052	0	0.000465841	0	1387.57	0	0	0	39.5118	0	11.8132	0	773.598	6799.65	0	0	7.78432	0	0	0	0	0	0	0	0.644093	0	112.775	18378	45982.5	136510	21.6736	5034.15	134.747	409.551	0.0351717	0	1390.04	13348	17878.1	11786.1	49.2066	3244.51	32951.9	15372	30668.1	21767.1	33564.7	74835.2	83641.9	19574.5	7694.45	287118	287118	
Quarter 4	
24.04	0	0.00833178	2.12561	0	0	0.000105254	0	0	0	0	0	0.0046446	1.05209e-07	0	2.15415e-09	1.0774e-07	14.551	0.0172283	57.894	0.00148479	4.28541e-06	0.00440857	0	0	0	0	0	0.0106075	4.28882e-05	0	3.41212e-07	1.32521e-06	11.6588	0	0.0101663	0.000548532	1.09523e-07	5.26311e-05	2.08395e-08	1.0661e-08	1.43536e-07	0	0	0	0	0	0	1.49662e-09	0	0.424404	11.7705	0	0	0.00038103	6.01426e-10	0	0	0	4.59048e-09	0.000989262	1.28012e-06	0	1.4992e-08	2.61489e-08	0.18078	0.161512	148.659	0	7.21042e-08	0.0123767	2.53279e-08	4.05362e-10	0	4.02694e-08	2.06024e-06	0.000144928	0.000554691	1.46885e-11	5.20345e-06	1.95725e-06	0.537861	0.00224962	1.95338	8.16099e-07	0	0.000306268	5.81363e-07	7.69218e-08	5.62264e-09	0	0	0	1.93211e-07	3.49223e-13	4.71175e-08	5.77886e-08	0	0.784957	45.6158	0	0	0.00223004	0	1.29716e-09	0	9.05845e-07	0	0	0	4.99649e-11	0	3.37168e-08	0	0.00117201	3.79992	0	0	0.000117282	0	5.02783e-09	1.54834e-09	1.07173e-08	0	0	0	1.72376e-12	0	4.75768e-10	26.9285	1.39985	271.828	0.00203414	4.46704e-06	0.0199777	6.28131e-07	9.43132e-08	1.50707e-07	9.56832e-07	2.06483e-06	0.0163863	0.000599158	6.67264e-11	5.60893e-06	3.50983e-06	2.13869	72.4788	11.6696	12.1963	149.014	2.4938	46.403	3.80121	300.196	300.196	
25.91	0	0.0107528	2.56353	0	0	0.000127705	0	0	0	0	0	0.00643417	1.60048e-07	0	1.91579e-09	1.23208e-07	27.9918	0.0155103	46.3225	0.00209099	4.84214e-06	0.00396169	0	0	0	0	0	0.0117565	4.86353e-05	0	2.75845e-07	1.10089e-06	26.1505	0	0.0125883	0.00126826	2.08798e-07	8.9461e-05	8.37403e-08	3.7545e-08	9.14704e-07	0	0	0	0	0	0	2.46376e-09	0	0.638224	15.3981	0	0	0.000550384	1.35562e-09	0	0	0	6.45756e-09	0.00135414	2.16851e-06	0	2.30263e-08	2.80332e-08	0.205275	0.194504	138.591	0	7.11358e-08	0.0132691	8.77774e-08	1.8226e-09	0	3.93304e-08	2.83378e-06	0.000175954	0.000824181	3.44309e-11	6.0298e-06	2.2109e-06	1.44447	0.00622523	3.86498	3.2197e-06	0	0.000499441	6.52649e-06	9.64458e-07	5.69199e-08	0	0	0	6.18776e-07	6.62789e-13	1.11568e-07	1.24994e-07	0	1.13946	52.3377	0	0	0.00266069	0	6.53414e-09	0	9.32578e-07	0	0	0	1.18674e-10	0	2.88342e-08	0	0.00208739	5.61834	0	0	0.000217966	0	3.3817e-08	1.25143e-08	1.27908e-08	0	0	0	3.50551e-12	0	8.15281e-10	55.792	2.00676	264.709	0.00336246	5.12207e-06	0.0213764	6.69937e-06	1.04418e-06	9.84138e-07	9.84699e-07	2.84024e-06	0.0197207	0.000875763	1.57273e-10	6.44216e-06	3.62014e-06	2.58085	74.3477	26.1644	16.0382	139.005	5.31618	53.4799	5.62065	322.553	322.553	
27.75	0	0.0145219	3.1526	0	0	0.000160219	0	0	0	0	0	0.00928761	2.71954e-07	0	2.42261e-09	1.6552e-07	37.664	0.015344	39.6859	0.0028029	5.89824e-06	0.00387696	0	0	0	0	0	0.013525	5.88377e-05	0	2.73283e-07	1.0923e-06	44.2185	0	0.0244347	0.00262714	3.20921e-07	0.000143515	5.05824e-07	2.19204e-07	6.96089e-06	0	0	0	0	0	0	4.27616e-09	0	0.89686	19.8415	0	0	0.000775567	5.6692e-09	0	0	0	1.06652e-08	0.00188244	3.87104e-06	0	3.69125e-08	3.54477e-08	0.213419	0.239973	134.354	0	6.62446e-08	0.0149368	3.09517e-07	7.46397e-09	0	3.75485e-08	4.47756e-06	0.000221112	0.00117831	7.77136e-11	7.77494e-06	2.7975e-06	2.6993	0.0128238	6.55271	7.57893e-06	0	0.000744086	5.37221e-05	1.01343e-05	5.58185e-07	0	0	0	1.63596e-06	1.39192e-12	2.08505e-07	2.16894e-07	0	1.63001	61.4319	0	0	0.00337185	0	2.86966e-08	0	9.85907e-07	0	0	0	2.61731e-10	0	3.0742e-08	0	0.003592	8.82216	0	0	0.000400214	0	2.59067e-07	9.83425e-08	1.46697e-08	0	0	0	7.70393e-12	0	1.40177e-09	84.7952	2.81313	273.865	0.00543763	6.2854e-06	0.0244092	5.45431e-05	1.06487e-05	7.61742e-06	1.03813e-06	4.48823e-06	0.0249161	0.00124293	3.48541e-10	8.29606e-06	4.34407e-06	3.17657	77.3856	44.2457	20.7411	134.823	9.26566	63.0653	8.82616	361.529	361.529	
29.55	0	0.0209848	3.8661	0	0	0.00019691	0	0	0	0	0	0.0137298	4.93332e-07	0	3.8691e-09	2.5119e-07	43.7798	0.0162111	36.631	0.00372383	7.83127e-06	0.00399147	0	0	0	0	0	0.0162469	7.62107e-05	0	3.19753e-07	1.31784e-06	61.5259	0	0.0399392	0.00456268	4.3022e-07	0.000198355	2.67081e-06	1.19323e-06	4.33795e-05	0	0	0	0	0	0	7.13914e-09	0	1.20677	24.9029	0	0	0.00106656	2.63103e-08	0	0	0	1.9276e-08	0.00282295	7.22083e-06	0	6.90464e-08	5.44201e-08	0.220686	0.290554	132.051	0	6.71258e-08	0.0173066	1.04894e-06	2.69988e-08	0	3.49052e-08	7.59211e-06	0.000286976	0.00160752	1.64232e-10	1.04561e-05	3.67798e-06	4.09462	0.0214155	9.63039	1.33129e-05	0	0.00104186	0.000325493	7.61463e-05	4.19046e-06	0	0	0	3.46416e-06	2.82857e-12	3.57371e-07	3.41392e-07	0	2.29509	73.6183	0	0	0.00432652	0	1.10413e-07	0	1.34262e-06	0	0	0	5.51288e-10	0	3.85058e-08	0	0.00567029	12.8973	0	0	0.000692627	0	1.6465e-06	6.45342e-07	1.60808e-08	0	0	0	1.64696e-11	0	2.31598e-09	109.621	3.85669	293.637	0.00829982	8.32862e-06	0.0288209	0.000329239	7.91235e-05	4.82153e-05	1.39361e-06	7.61139e-06	0.0330867	0.00169491	7.34818e-10	1.12062e-05	5.69078e-06	3.90101	80.4511	61.5707	26.1135	132.581	13.7479	75.9178	12.9036	407.187	407.187	
31.31	0	0.0310493	4.70375	0	0	0.000242421	0	0	0	0	0	0.0200277	9.16976e-07	0	6.6454e-09	4.04793e-07	48.4211	0.0187292	36.7214	0.00489926	1.1245e-05	0.00427902	0	0	0	0	0	0.0199698	0.000104443	0	4.32819e-07	1.82901e-06	78.0739	0	0.0532958	0.00715153	5.9018e-07	0.000241827	1.19359e-05	4.83182e-06	0.000187052	0	0	0	0	0	0	1.05543e-08	0	1.61443	30.8672	0	0	0.00142736	1.10742e-07	0	0	0	3.59552e-08	0.00445647	1.31296e-05	0	1.37993e-07	8.84991e-08	0.232895	0.353719	134.969	0	7.81145e-08	0.0207091	3.49901e-06	8.38738e-08	0	3.36592e-08	1.34835e-05	0.000380306	0.00221339	3.35852e-10	1.50504e-05	5.20586e-06	5.60973	0.03244	12.8977	2.15712e-05	0	0.00137179	0.00162277	0.000393233	2.35874e-05	0	0	0	6.45857e-06	5.71518e-12	6.02661e-07	5.28354e-07	0	3.25314	89.6384	0	0	0.00569918	0	3.97044e-07	0	2.81219e-06	0	0	0	1.1491e-09	0	5.52521e-08	0	0.00882779	17.7523	0	0	0.0011111	0	8.1501e-06	3.51722e-06	1.80463e-08	0	0	0	3.48124e-11	0	4.30732e-09	132.338	5.31234	327.603	0.0120724	1.19133e-05	0.0350818	0.00163832	0.000406696	0.000214157	2.86389e-06	1.35194e-05	0.0448342	0.00233834	1.52548e-09	1.62305e-05	8.12664e-06	4.75507	85.1905	78.1347	32.4875	135.579	18.5434	92.8972	17.7622	465.349	465.349	
33.04	0	0.0460863	5.72846	0	0	0.000297253	0	0	0	0	0	0.0291528	1.58601e-06	0	1.17505e-08	6.70346e-07	52.4204	0.021577	38.3627	0.00668793	1.791e-05	0.00480996	0	0	0	0	0	0.0251689	0.000149236	0	6.33645e-07	2.74745e-06	93.1315	0	0.0632373	0.0108271	8.42854e-07	0.000311033	4.92575e-05	2.14643e-05	0.000807562	0	0	0	0	0	0	1.68759e-08	0	2.1522	37.9977	0	0	0.00187838	3.78062e-07	0	0	0	6.82781e-08	0.00669394	2.29254e-05	0	2.8022e-07	1.45757e-07	0.25442	0.437521	143.328	0	1.08596e-07	0.0249138	1.03762e-05	2.53771e-07	0	4.11743e-08	2.36604e-05	0.000477524	0.00311991	6.80315e-10	2.2803e-05	7.84201e-06	7.23814	0.0495945	17.5924	3.18552e-05	0	0.00185675	0.00655364	0.00174717	0.000127293	0	0	0	1.13627e-05	1.11711e-11	1.15382e-06	8.93712e-07	0	4.51979	110.282	0	0	0.00743072	0	1.34403e-06	0	8.20327e-06	0	0	0	2.42031e-09	0	9.09765e-08	0	0.0137673	24.8172	0	0	0.00201095	0	3.88878e-05	1.84685e-05	2.49149e-08	0	0	0	7.265e-11	0	9.64262e-09	153.044	7.24053	378.172	0.0175468	1.88614e-05	0.0435089	0.00661366	0.00180912	0.000953324	8.26936e-06	2.37287e-05	0.0614932	0.00330502	3.18445e-09	2.48825e-05	1.24168e-05	5.804	90.8415	93.2067	40.1585	144.049	24.8905	114.81	24.833	538.593	538.593	
34.73	0	0.0654558	6.92518	0	0	0.000369036	0	0	0	0	0	0.0406081	2.44259e-06	0	1.92012e-08	1.12292e-06	57.719	0.0264929	40.8447	0.00911425	2.94034e-05	0.00547051	0	0	0	0	0	0.0315059	0.000213407	0	9.56521e-07	4.2884e-06	107.855	0	0.0707723	0.0159363	1.28423e-06	0.000376016	0.000173191	7.33085e-05	0.00280391	0	0	0	0	0	0	2.89595e-08	0	2.81273	45.7788	0	0	0.00239273	1.11574e-06	0	0	0	1.17026e-07	0.00953873	3.71272e-05	0	5.18791e-07	2.43367e-07	0.276851	0.54704	154.68	0	1.58512e-07	0.0299152	2.89274e-05	7.18152e-07	0	6.97036e-08	4.15884e-05	0.000603794	0.00449686	1.39448e-09	3.58278e-05	1.25979e-05	9.18852	0.0710366	22.2872	4.66575e-05	0	0.00244594	0.0244928	0.00660989	0.00052112	0	0	0	1.92772e-05	2.29352e-11	2.08924e-06	1.62639e-06	0	6.27024	134.493	0	0	0.00973997	0	4.1878e-06	0	2.60075e-05	0	0	0	5.0996e-09	0	1.57655e-07	0	0.0195921	32.7875	0	0	0.0031164	0	0.000146959	7.432e-05	4.46565e-08	0	0	0	1.53507e-10	0	1.8806e-08	175.04	9.81258	437.867	0.0250972	3.08461e-05	0.0538258	0.024696	0.00683507	0.00339935	2.61218e-05	4.17054e-05	0.0822565	0.00476912	6.67052e-09	3.94116e-05	2.00845e-05	7.03161	98.6365	107.946	48.6035	155.539	31.5809	140.773	32.8104	622.921	622.921	
36.38	0	0.0907667	8.14315	0	0	0.000452971	0	0	0	0	0	0.0559263	3.69381e-06	0	3.0784e-08	1.93678e-06	64.176	0.0310966	43.744	0.0132336	5.0789e-05	0.00663456	0	0	0	0	0	0.0407859	0.000312173	0	1.47724e-06	6.95202e-06	125.443	0	0.0839073	0.0237108	2.06037e-06	0.000488096	0.000543728	0.000283063	0.0101552	0	0	0	0	0	0	5.11654e-08	0	3.66328	54.8342	0	0	0.00308598	3.04735e-06	0	0	0	2.23488e-07	0.0133529	5.88918e-05	0	9.17422e-07	4.15053e-07	0.298096	0.681122	167.589	0	2.51491e-07	0.0358201	7.24667e-05	1.87636e-06	0	1.62124e-07	7.00841e-05	0.000726256	0.00651283	2.7561e-09	5.72751e-05	2.07613e-05	11.5071	0.0969309	27.1916	6.67676e-05	0	0.00332018	0.0792623	0.0236751	0.00225976	0	0	0	3.13959e-05	4.39687e-11	3.81648e-06	3.00148e-06	0	8.28988	158.317	0	0	0.0121268	0	1.12753e-05	0	7.85286e-05	0	0	0	1.03103e-08	0	2.72983e-07	0	0.0248381	40.3621	0	0	0.00452624	0	0.00058485	0.000300726	9.87736e-08	0	0	0	2.9769e-10	0	3.50922e-08	201.424	12.8779	500.264	0.0370111	5.31008e-05	0.066455	0.0798815	0.0245561	0.0127156	7.87895e-05	7.03076e-05	0.110791	0.00691899	1.3408e-08	6.3517e-05	3.34259e-05	8.2903	108.012	125.562	58.5139	168.611	38.9042	166.619	40.3924	714.905	714.905	
38	0	0.120385	9.73079	0	0	0.000585366	0	0	0	0	0	0.0764945	5.89084e-06	0	5.26973e-08	3.45251e-06	73.8582	0.0361803	46.5208	0.0196665	8.72507e-05	0.0081621	0	0	0	0	0	0.0545184	0.000458516	0	2.24779e-06	1.15965e-05	150.265	0	0.098171	0.0356239	3.55059e-06	0.000609008	0.0016398	0.000838634	0.0295033	0	0	0	0	0	0	9.08043e-08	0	4.90959	66.6806	0	0	0.0040374	8.22608e-06	0	0	0	4.27817e-07	0.018787	9.54302e-05	0	1.55732e-06	7.27904e-07	0.32391	0.830447	178.28	0	4.12251e-07	0.0426062	0.000163463	4.43185e-06	0	4.15547e-07	0.00011788	0.000908996	0.00934226	5.21988e-09	8.91357e-05	3.49256e-05	14.5543	0.133236	32.7523	0.000100714	0	0.00432381	0.243643	0.071085	0.00723755	0	0	0	5.28022e-05	7.93348e-11	6.89921e-06	5.63909e-06	0	10.3785	176.116	0	0	0.0144087	0	2.73639e-05	0	0.000211219	0	0	0	1.95463e-08	0	4.39861e-07	0	0.0302342	46.2366	0	0	0.00581833	0	0.00180508	0.000965324	2.38054e-07	0	0	0	5.36799e-10	0	6.06596e-08	239.001	16.4385	556.416	0.0553912	9.12135e-05	0.0805509	0.245455	0.0737605	0.0377062	0.000211873	0.000118308	0.150709	0.00995489	2.53823e-08	9.98927e-05	5.69329e-05	9.92826	120.498	150.431	71.6132	179.488	47.7663	186.509	46.2754	812.51	812.51	
39.59	0	0.162438	11.5539	0	0	0.000774367	0	0	0	0	0	0.107932	9.1155e-06	0	8.97778e-08	6.29479e-06	86.0047	0.0429488	51.1832	0.0304538	0.000154636	0.0109381	0	0	0	0	0	0.0771095	0.000705493	0	3.68085e-06	2.03501e-05	180.624	0	0.118188	0.0537712	6.15636e-06	0.000784294	0.00461024	0.00282757	0.0903578	0	0	0	0	0	0	1.64021e-07	0	6.66567	80.6657	0	0	0.00529366	2.05066e-05	0	0	0	8.48177e-07	0.0272284	0.000155586	0	2.60778e-06	1.31292e-06	0.368008	0.999177	191.592	0	7.06837e-07	0.0509857	0.000349782	9.49693e-06	0	1.06459e-06	0.00019359	0.001115	0.0134777	9.27832e-09	0.00014117	5.99021e-05	17.8672	0.168746	36.894	0.000150076	0	0.0057287	0.669872	0.205174	0.0235794	0	0	0	8.30189e-05	1.31641e-10	1.14858e-05	1.02323e-05	0	12.0303	182.447	0	0	0.0157941	0	5.73529e-05	0	0.000506203	0	0	0	3.44624e-08	0	6.56439e-07	0	0.033509	49.1096	0	0	0.00718711	0	0.00489819	0.00289138	5.49726e-07	0	0	0	8.79338e-10	0	1.01725e-07	284.864	20.1028	603.563	0.0843751	0.000161499	0.097486	0.674852	0.212967	0.116829	0.000507818	0.000194438	0.213385	0.0144309	4.47517e-08	0.000159034	9.90144e-05	11.8251	137.35	180.895	87.364	193.025	55.8346	194.494	49.1581	909.946	909.946	
41.15	0	0.212324	13.5746	0	0	0.00101777	0	0	0	0	0	0.150708	1.37265e-05	0	1.45473e-07	1.13947e-05	102.052	0.0498973	54.9293	0.0461533	0.00026936	0.0140526	0	0	0	0	0	0.106247	0.00106089	0	5.81548e-06	3.49308e-05	219.865	0	0.13847	0.0804135	1.06737e-05	0.00101141	0.0125194	0.00761661	0.243536	0	0	0	0	0	0	2.82426e-07	0	8.9544	95.9694	0	0	0.00679186	4.59568e-05	0	0	0	1.53802e-06	0.0384837	0.000243005	0	4.23166e-06	2.28682e-06	0.401493	1.16315	200.77	0	1.1786e-06	0.0590649	0.00069122	1.79858e-05	0	2.53121e-06	0.000315358	0.00139996	0.0191292	1.5593e-08	0.000214058	0.000102223	21.6943	0.215013	41.3105	0.000230039	0	0.0074469	1.72767	0.53479	0.061283	0	0	0	0.000127076	2.12937e-10	1.91584e-05	1.78977e-05	0	13.2061	178.516	0	0	0.0165582	0	0.000107341	0	0.0010825	0	0	0	5.69207e-08	0	9.11258e-07	0	0.0339443	48.9657	0	0	0.007882	0	0.0114264	0.00711959	1.1809e-06	0	0	0	1.37763e-09	0	1.45319e-07	344.013	23.8348	634.174	0.126797	0.000281212	0.113826	1.74093	0.553959	0.311939	0.00108621	0.000316896	0.296838	0.0205739	7.41042e-08	0.000243409	0.000170072	13.9387	157.199	220.349	104.969	202.416	65.5514	191.739	49.0261	1005.19	1005.19	
42.67	0	0.263687	15.327	0	0	0.00123141	0	0	0	0	0	0.202906	2.00521e-05	0	2.26587e-07	1.96851e-05	118.435	0.0618178	62.2599	0.0687461	0.00046711	0.0182595	0	0	0	0	0	0.146454	0.00166787	0	9.70644e-06	6.2015e-05	264.984	0	0.163823	0.120169	1.82521e-05	0.00128872	0.0308521	0.0214938	0.672617	0	0	0	0	0	0	4.82485e-07	0	11.7772	111.64	0	0	0.0085435	0.000101104	0	0	0	2.84682e-06	0.0529748	0.000374298	0	6.82034e-06	3.99563e-06	0.458637	1.35734	216.684	0	2.06415e-06	0.0691109	0.0014254	3.12959e-05	0	5.60663e-06	0.000507196	0.00177237	0.0276007	2.49917e-08	0.000331843	0.000172838	25.61	0.248782	43.9135	0.0003367	0	0.00955589	4.02165	1.29425	0.161064	0	0	0	0.000188338	3.11838e-10	2.85807e-05	2.95182e-05	0	14.5085	174.981	0	0	0.0174074	0	0.000187061	0	0.00225884	0	0	0	9.15881e-08	0	1.25731e-06	0	0.0350091	47.0353	0	0	0.00866173	0	0.0244658	0.0167134	2.32557e-06	0	0	0	1.97183e-09	0	2.23097e-07	409.487	28.2524	672.004	0.189251	0.000487427	0.134059	4.05403	1.34043	0.850395	0.00226677	0.000510043	0.404107	0.0298513	1.18863e-07	0.000377177	0.000290015	15.7949	180.992	265.994	123.479	218.601	75.2594	189.509	47.1201	1116.75	1116.75	
44.17	0	0.315563	16.9229	0	0	0.00143957	0	0	0	0	0	0.260755	2.90001e-05	0	3.45218e-07	3.25323e-05	139.751	0.078431	70.7016	0.100023	0.000807866	0.0220554	0	0	0	0	0	0.193238	0.00258573	0	1.57491e-05	0.000107321	334.221	0	0.180299	0.183756	3.26354e-05	0.00161992	0.0760749	0.0532011	1.67578	0	0	0	0	0	0	8.03925e-07	0	15.3487	129.557	0	0	0.010595	0.000215931	0	0	0	5.24058e-06	0.0695085	0.000566736	0	1.10491e-05	6.82644e-06	0.564974	1.59696	237.733	0	3.893e-06	0.0814896	0.00331185	5.54446e-05	0	1.22823e-05	0.000839022	0.00220453	0.0403921	4.13052e-08	0.000513498	0.000294323	33.3258	0.33236	53.7851	0.000528974	0	0.012136	9.40233	2.85266	0.335135	0	0	0	0.000309171	4.65132e-10	5.05938e-05	5.27323e-05	0	16.9141	181.92	0	0	0.0194494	0	0.000331359	0	0.00485802	0	0	0	1.54663e-07	0	1.86758e-06	0	0.0451298	48.9368	0	0	0.0110445	0	0.0431544	0.0319701	5.08751e-06	0	0	0	2.95407e-09	0	4.40805e-07	507.863	34.6312	739.737	0.284308	0.000844394	0.159829	9.48193	2.9494	2.04288	0.00487539	0.000844263	0.525706	0.0438827	1.99387e-07	0.000591235	0.000496847	17.5007	210.85	336.392	144.987	240.024	100.046	198.859	49.0681	1297.73	1297.73	
45.63	0	0.373443	18.2887	0	0	0.0015966	0	0	0	0	0	0.32588	4.07783e-05	0	5.04947e-07	5.13074e-05	161.913	0.105659	86.021	0.143327	0.00140931	0.0278527	0	0	0	0	0	0.256893	0.00424105	0	2.8244e-05	0.000194133	407.753	0	0.196404	0.275291	5.61082e-05	0.00203825	0.171493	0.127014	3.99858	0	0	0	0	0	0	1.39904e-06	0	19.3914	148.599	0	0	0.0129854	0.00040931	0	0	0	9.50816e-06	0.0872495	0.000839322	0	1.76469e-05	1.13049e-05	0.725116	2.01221	281.105	0	7.26755e-06	0.101675	0.00714842	9.89988e-05	0	2.83951e-05	0.0014189	0.00288656	0.0633223	7.21573e-08	0.000866883	0.000526804	41.8958	0.437528	63.0501	0.000798438	0	0.0161646	20.8246	5.95582	0.788216	0	0	0	0.000497546	7.69232e-10	8.39384e-05	9.63746e-05	0	20.9467	202.959	0	0	0.0229848	0	0.000582522	0	0.0109608	0	0	0	2.75648e-07	0	3.07003e-06	0	0.0578912	55.2113	0	0	0.0151668	0	0.0734387	0.0641811	1.16853e-05	0	0	0	4.89656e-09	0	8.62071e-07	612.288	43.3248	855.43	0.419416	0.00147269	0.200464	21.0037	6.15696	4.85098	0.0110009	0.00142841	0.67291	0.068941	3.53471e-07	0.000997217	0.000885254	18.9897	248.474	412.524	168.092	284.02	132.97	223.94	55.4219	1544.43	1544.43	
47.06	0	0.451931	19.7872	0	0	0.00179216	0	0	0	0	0	0.403447	5.83722e-05	0	7.57819e-07	8.0225e-05	187.141	0.138506	99.5516	0.197338	0.00239565	0.0335051	0	0	0	0	0	0.325429	0.00675877	0	4.79511e-05	0.000336273	477.268	0	0.230697	0.39457	9.03245e-05	0.00267053	0.358026	0.268577	9.091	0	0	0	0	0	0	2.37393e-06	0	23.7531	166.944	0	0	0.0156076	0.000781435	0	0	0	1.61356e-05	0.107716	0.00121954	0	2.67251e-05	1.83662e-05	0.874058	2.57535	329.482	0	1.25379e-05	0.126372	0.0146151	0.000162322	0	6.24036e-05	0.0023995	0.00388474	0.101404	1.29243e-07	0.00145434	0.000959122	49.6763	0.583531	74.5857	0.00114851	0	0.0222665	43.2527	12.7877	1.72696	0	0	0	0.000757207	1.37115e-09	0.000136569	0.000172488	0	26.3843	231.573	0	0	0.0279034	0	0.00100523	0	0.0240608	0	0	0	5.02305e-07	0	5.2637e-06	0	0.0769848	68.2343	0	0	0.0205068	0	0.143672	0.132338	2.57537e-05	0	0	0	8.70907e-09	0	1.64214e-06	714.96	53.9636	990.389	0.593057	0.00249851	0.250624	43.6262	13.2011	10.9503	0.0241489	0.00241563	0.840478	0.110198	6.41628e-07	0.00166634	0.00157575	20.6445	287.397	487.614	190.822	333.183	182.637	258.011	68.6078	1828.92	1828.92	
48.47	0	0.559331	20.9489	0	0	0.00198561	0	0	0	0	0	0.502823	8.6727e-05	0	1.16273e-06	0.000125936	206.46	0.186732	118.38	0.262133	0.0038981	0.0415632	0	0	0	0	0	0.414719	0.0108791	0	8.40799e-05	0.000597534	529.455	0	0.256505	0.533421	0.000138714	0.0033158	0.649082	0.499728	18.2692	0	0	0	0	0	0	3.87886e-06	0	28.3083	184.034	0	0	0.0182828	0.00149855	0	0	0	2.6978e-05	0.135421	0.00181962	0	4.03259e-05	3.05856e-05	1.0462	3.31802	393.867	0	2.09783e-05	0.158948	0.028681	0.000264356	0	0.000135215	0.0040354	0.00529262	0.16227	2.29596e-07	0.00245527	0.00173639	55.7806	0.73197	85.4875	0.00153594	0	0.0291374	80.4369	24.9124	3.76848	0	0	0	0.00110766	2.37536e-09	0.000206959	0.000286365	0	33.2861	265.396	0	0	0.0336566	0	0.00161955	0	0.0521083	0	0	0	9.06617e-07	0	9.08891e-06	0	0.099317	82.6128	0	0	0.0272339	0	0.269006	0.261186	5.4003e-05	0	0	0	1.52249e-08	0	2.95947e-06	792.742	66.4898	1150.98	0.79709	0.0040578	0.314124	81.1161	25.683	22.2989	0.0522975	0.00406237	1.05826	0.176163	1.15381e-06	0.0027878	0.00279273	22.0133	325.761	549.666	212.499	398.595	251.15	298.769	83.2696	2141.72	2141.72	
49.84	0	0.708159	22.6773	0	0	0.00227335	0	0	0	0	0	0.636535	0.000129367	0	1.8026e-06	0.000200764	222.357	0.237745	133.309	0.336063	0.00605283	0.0483444	0	0	0	0	0	0.509527	0.016229	0	0.000134393	0.000993785	576.739	0	0.273926	0.700128	0.000210602	0.00391464	1.09864	0.808254	31.8094	0	0	0	0	0	0	6.05257e-06	0	33.7704	203.145	0	0	0.0214217	0.00278856	0	0	0	4.57454e-05	0.173573	0.00269579	0	6.27996e-05	5.07149e-05	1.18463	4.15928	451.993	0	3.38604e-05	0.194592	0.0539643	0.000412503	0	0.000273402	0.00670101	0.00702271	0.245444	4.04959e-07	0.00387505	0.00299346	62.3104	0.911004	99.1349	0.00201194	0	0.0362725	138.283	41.88	6.99412	0	0	0	0.00158625	4.09286e-09	0.000315087	0.000461357	0	41.7857	303.787	0	0	0.0407722	0	0.00252816	0	0.106658	0	0	0	1.62547e-06	0	1.52323e-05	0	0.130515	100.234	0	0	0.0360392	0	0.466302	0.466016	0.000111237	0	0	0	2.66552e-08	0	5.34107e-06	862.591	81.7028	1314.55	1.0382	0.00629729	0.38363	139.438	43.1575	39.2696	0.107043	0.00674676	1.32666	0.266085	2.06118e-06	0.00438914	0.00472671	24.0246	356.82	611.433	237.116	457.852	349.554	345.723	101.333	2483.86	2483.86	
51.19	0	0.896002	24.5067	0	0	0.00263069	0	0	0	0	0	0.818779	0.000191565	0	2.80602e-06	0.000323398	236.085	0.316669	157.699	0.433857	0.00936426	0.0595943	0	0	0	0	0	0.651982	0.0248847	0	0.000229006	0.0017202	628.57	0	0.273311	0.91855	0.000322344	0.00442431	1.77306	1.1823	50.5163	0	0	0	0	0	0	9.38263e-06	0	40.2297	225.627	0	0	0.025105	0.00497578	0	0	0	7.87176e-05	0.222002	0.00396441	0	9.92348e-05	8.48205e-05	1.38338	5.34188	539.283	0	5.60097e-05	0.244522	0.0992184	0.000637277	0	0.000546335	0.0112597	0.00948157	0.372883	7.15339e-07	0.00629367	0.00512003	70.6483	1.12833	114.714	0.00265319	0	0.044723	227.919	65.7509	12.7828	0	0	0	0.00229783	7.14637e-09	0.000479427	0.000746617	0	52.4155	348.586	0	0	0.0491342	0	0.00371546	0	0.213763	0	0	0	2.89772e-06	0	2.55848e-05	0	0.173971	122.748	0	0	0.0491084	0	0.778171	0.817046	0.000223335	0	0	0	4.71893e-08	0	9.86216e-06	936.687	100.502	1533.44	1.35506	0.00974261	0.479241	229.796	67.7157	64.1162	0.214532	0.0113385	1.70224	0.404222	3.66739e-06	0.00710414	0.00803989	26.2247	395.282	683.238	266.113	546.759	492.994	401.268	124.567	2936.45	2936.45	
52.51	0	1.11053	26.736	0	0	0.00310269	0	0	0	0	0	1.05409	0.000281136	0	4.32906e-06	0.000512174	253.384	0.397976	178.641	0.568411	0.0144125	0.0713581	0	0	0	0	0	0.822922	0.0366976	0	0.000366196	0.00283684	683.643	0	0.287265	1.20286	0.000482769	0.0050707	2.81942	1.67571	75.313	0	0	0	0	0	0	1.44743e-05	0	47.8932	249.691	0	0	0.0293607	0.00782171	0	0	0	0.000127276	0.272437	0.00572362	0	0.000153464	0.000137877	1.56032	6.67818	620.23	0	8.79442e-05	0.300634	0.164902	0.000911889	0	0.00105173	0.0187265	0.0126529	0.555319	1.25953e-06	0.0098551	0.0085392	77.4342	1.3703	130.991	0.00344085	0	0.0559225	360.675	96.6584	21.5667	0	0	0	0.00321071	1.29329e-08	0.000726476	0.00120044	0	64.5691	392.526	0	0	0.0584873	0	0.00530422	0	0.401383	0	0	0	5.11241e-06	0	4.1385e-05	0	0.220357	149.05	0	0	0.0647605	0	1.247	1.35713	0.000443627	0	0	0	8.53003e-08	0	1.71898e-05	1016.02	122.24	1748.15	1.77471	0.0149832	0.588697	363.667	99.5873	98.2368	0.402878	0.0188538	2.1621	0.601232	6.47017e-06	0.0111056	0.0132996	28.9045	433.94	764.947	297.9	629.541	688.76	457.56	151.94	3453.49	3453.49	
53.8	0	1.34822	28.9567	0	0	0.00366563	0	0	0	0	0	1.35792	0.000407043	0	6.64125e-06	0.000811587	274.083	0.532554	213.149	0.759909	0.022332	0.0906692	0	0	0	0	0	1.09407	0.0564626	0	0.000619227	0.00488749	756.69	0	0.307752	1.58201	0.000721602	0.00585507	4.23198	2.26904	110.912	0	0	0	0	0	0	2.19539e-05	0	56.2183	272.593	0	0	0.0337745	0.0118049	0	0	0	0.000203504	0.329995	0.00818722	0	0.000234436	0.000224842	1.77186	8.30043	728.332	0	0.000139884	0.371746	0.268307	0.00124103	0	0.00197789	0.0308957	0.0173923	0.834404	2.12521e-06	0.0156953	0.0141604	86.4307	1.6421	146.46	0.00450198	0	0.0696372	545.814	145.309	34.8796	0	0	0	0.00451262	2.28105e-08	0.00106508	0.00188533	0	76.4597	427.134	0	0	0.0667881	0	0.00681438	0	0.705475	0	0	0	8.53351e-06	0	6.45121e-05	0	0.251593	170.297	0	0	0.0759192	0	1.99851	2.20182	0.000787444	0	0	0	1.46992e-07	0	2.47596e-05	1118.98	144.753	1987.23	2.34642	0.0231935	0.718055	550.326	149.584	147.994	0.70824	0.0310992	2.79938	0.903973	1.08285e-05	0.0176207	0.0220809	31.6677	489.794	876	329.196	739.96	960.616	504.372	174.825	4106.43	4106.43	
55.07	0	1.69523	32.6661	0	0	0.00452016	0	0	0	0	0	1.80917	0.000605554	0	1.06075e-05	0.00133806	304.971	0.700474	249.278	1.04037	0.0347925	0.112415	0	0	0	0	0	1.46377	0.0835927	0	0.000985729	0.00815909	858.87	0	0.32141	2.14386	0.00111643	0.00672111	6.23459	2.97669	152.89	0	0	0	0	0	0	3.49538e-05	0	66.1444	293.441	0	0	0.038629	0.0179431	0	0	0	0.000322932	0.412576	0.0117509	0	0.000354474	0.000368758	1.99704	9.88799	824.628	0	0.000224598	0.439573	0.435053	0.00150523	0	0.0033617	0.0497649	0.0233697	1.22216	3.43979e-06	0.0239868	0.0229143	97.9793	2.01238	165.107	0.00598891	0	0.084786	797.419	195.592	51.307	0	0	0	0.00641115	3.78542e-08	0.0015792	0.0030278	0	85.8678	442.298	0	0	0.0727536	0	0.00817472	0	1.12853	0	0	0	1.35619e-05	0	9.41111e-05	0	0.285983	187.327	0	0	0.0864395	0	2.88653	3.25724	0.00130875	0	0	0	2.38532e-07	0	3.56112e-05	1263.82	166.594	2195.07	3.19022	0.0361336	0.845838	804.106	201.465	207.454	1.1332	0.0500878	3.70888	1.32453	1.7278e-05	0.0269168	0.0359726	36.177	557.693	1023.44	360.067	838.735	1309.52	529.375	193.845	4848.86	4848.86	
56.31	0	2.21231	38.0413	0	0	0.00568132	0	0	0	0	0	2.47723	0.000921356	0	1.69673e-05	0.00225285	346.198	0.97696	309.721	1.43612	0.0547251	0.148444	0	0	0	0	0	2.06413	0.129036	0	0.00165836	0.0142549	978.376	0	0.364808	2.8973	0.00173784	0.00780783	8.94471	3.86533	207.421	0	0	0	0	0	0	5.85039e-05	0	76.7724	309.249	0	0	0.0431399	0.0262363	0	0	0	0.000495485	0.53057	0.016974	0	0.000525035	0.000608664	2.25017	11.7797	959.857	0	0.000352339	0.518924	0.65864	0.00175117	0	0.00535355	0.079455	0.0311925	1.8047	5.23361e-06	0.0370135	0.0371953	110.04	2.44808	179.04	0.00805785	0	0.101275	1121.77	266.728	70.2554	0	0	0	0.00897957	6.05901e-08	0.00226705	0.00470677	0	91.3028	432.564	0	0	0.0749052	0	0.00879926	0	1.66603	0	0	0	2.00481e-05	0	0.00012911	0	0.295828	192.338	0	0	0.0901512	0	3.72846	4.44478	0.00205314	0	0	0	3.6309e-07	0	4.57477e-05	1436.86	185.788	2421.18	4.34148	0.0568153	0.990328	1131.4	274.332	282.121	1.67343	0.0799505	5.10312	1.96061	2.57053e-05	0.0414809	0.0592519	42.7397	660.744	1201.88	386.64	977.061	1750.41	525.617	200.899	5745.99	5745.99	
57.52	0	2.85054	44.3875	0	0	0.00709938	0	0	0	0	0	3.37264	0.00140105	0	2.64298e-05	0.00374537	402.263	1.29583	367.974	1.98818	0.0859174	0.187524	0	0	0	0	0	2.80488	0.191361	0	0.00261791	0.0237435	1111.23	0	0.414883	3.91553	0.00264192	0.00934671	12.2929	4.97396	289.013	0	0	0	0	0	0	9.5415e-05	0	88.2461	319.455	0	0	0.0475419	0.0362169	0	0	0	0.000730244	0.682151	0.0239643	0	0.000751461	0.000964293	2.48379	13.6592	1082.19	0	0.000537513	0.58966	0.954531	0.00184463	0	0.00780478	0.121988	0.0393038	2.60852	7.65854e-06	0.0549247	0.059428	121.94	2.90953	194.37	0.0106065	0	0.118546	1511.98	338.708	91.2634	0	0	0	0.012425	9.25598e-08	0.0031821	0.00715524	0	93.2497	407.226	0	0	0.074595	0	0.0089112	0	2.28355	0	0	0	2.84782e-05	0	0.000168758	0	0.301923	193.327	0	0	0.0936298	0	4.54578	5.70123	0.00304784	0	0	0	5.34026e-07	0	6.08996e-05	1637.91	202.513	2609.35	5.91432	0.0890968	1.12794	1525.26	348.238	385.978	2.29441	0.122718	6.89897	2.83768	3.67633e-05	0.0615026	0.0953615	50.6229	776.817	1421.85	408.493	1102.77	2261.32	502.843	203.972	6728.69	6728.69	
58.71	0	3.5389	49.9308	0	0	0.008476	0	0	0	0	0	4.47034	0.00208683	0	3.95425e-05	0.00605291	460.655	1.75062	448.513	2.67498	0.132006	0.238851	0	0	0	0	0	3.82463	0.288661	0	0.0042078	0.0401965	1259.56	0	0.453591	5.2044	0.00399946	0.0108725	16.1997	6.03923	372.501	0	0	0	0	0	0	0.000154661	0	101.652	333.598	0	0	0.052866	0.0467862	0	0	0	0.00113168	0.852481	0.0337934	0	0.00106728	0.00150817	2.77421	16.0488	1245.1	0	0.000814086	0.681337	1.31234	0.00190397	0	0.0107966	0.188267	0.0500616	3.72461	1.10434e-05	0.0814337	0.0939579	133.756	3.4317	204.524	0.013952	0	0.135588	1965.86	415.235	108.352	0	0	0	0.0169332	1.37741e-07	0.00441843	0.010571	0	97.6913	388.29	0	0	0.0759889	0	0.0088107	0	3.16737	0	0	0	4.05577e-05	0	0.000223607	0	0.312618	189.65	0	0	0.0932165	0	5.23547	6.98379	0.0043261	0	0	0	7.50928e-07	0	7.89864e-05	1856.74	224.425	2860.06	7.89334	0.136819	1.2972	1983.42	426.521	487.837	3.18249	0.189399	9.19752	4.06609	5.24898e-05	0.0911667	0.152744	57.9567	918.122	1659.97	436.239	1270.07	2831.34	489.234	202.28	7865.21	7865.21	
59.88	0	4.27367	55.1074	0	0	0.0100084	0	0	0	0	0	5.77082	0.0031029	0	6.00855e-05	0.00957544	535.392	2.28297	533.801	3.60678	0.205928	0.291624	0	0	0	0	0	5.05356	0.427558	0	0.00652059	0.0664063	1490.47	0	0.508746	7.15083	0.00633348	0.0128037	21.4279	7.24141	474.063	0	0	0	0	0	0	0.000242148	0	120.054	359.973	0	0	0.0606291	0.0629348	0	0	0	0.00177725	1.04962	0.0485493	0	0.00159151	0.00238342	3.35131	19.1837	1433.92	0	0.00136484	0.796866	1.95275	0.00202075	0	0.015442	0.293603	0.0629477	5.34608	1.68335e-05	0.121562	0.150729	159.685	4.32481	236.597	0.0192153	0	0.163526	2582.17	469.393	123.943	0	0	0	0.024533	2.03061e-07	0.00679055	0.0166271	0	110.194	397.236	0	0	0.0826728	0	0.00913637	0	4.63537	0	0	0	6.20002e-05	0	0.000309804	0	0.39602	199.134	0	0	0.110402	0	5.54846	8.04757	0.00668928	0	0	0	1.08892e-06	0	0.00013185	2188.9	260.71	3216.28	10.7768	0.213626	1.52853	2605.61	482.194	606.054	4.6575	0.29538	11.9369	5.84982	8.01257e-05	0.136525	0.246405	65.1746	1081.13	2000.88	481.255	1465.2	3576.34	512.157	213.243	9395.38	9395.38	
61.02	0	5.09465	60.5383	0	0	0.0116335	0	0	0	0	0	7.28097	0.00442476	0	9.08657e-05	0.0148722	620.968	2.90726	631.069	4.78389	0.321214	0.354275	0	0	0	0	0	6.56747	0.628418	0	0.0100057	0.107669	1745.1	0	0.578446	9.77595	0.00991218	0.0153234	29.0397	8.58604	577.011	0	0	0	0	0	0	0.000406596	0	142.784	398.413	0	0	0.0706112	0.0808722	0	0	0	0.00274794	1.26868	0.0682937	0	0.00239359	0.00372203	3.93114	23.6447	1665.34	0	0.00218746	0.954126	2.66645	0.00224579	0	0.0233758	0.464579	0.0801466	7.75879	2.71873e-05	0.185067	0.241993	186.226	5.51364	274.16	0.0262794	0	0.20362	3390.7	511.672	146.336	0	0	0	0.0352157	3.33877e-07	0.0104818	0.0266548	0	132.297	438.027	0	0	0.0958732	0	0.00979695	0	7.11644	0	0	0	0.000100088	0	0.000464263	0	0.509968	225.818	0	0	0.140454	0	5.73638	9.29761	0.0113224	0	0	0	1.78084e-06	0	0.000224745	2556.23	312.751	3693.94	14.5861	0.333314	1.84592	3422.49	526.006	732.645	7.15113	0.467327	15.1973	8.49514	0.00012939	0.208039	0.396007	72.945	1267.72	2370.12	542.695	1705.3	4514.91	577.546	241.514	11292.7	11292.7	
62.14	0	6.02719	66.2732	0	0	0.013198	0	0	0	0	0	9.16315	0.00641158	0	0.000135426	0.0229625	698.353	3.89281	774.048	6.06241	0.485548	0.450389	0	0	0	0	0	8.7106	0.963325	0	0.0163392	0.181631	1958.95	0	0.657247	12.5795	0.0147044	0.0185812	37.0758	9.53153	697.195	0	0	0	0	0	0	0.00065624	0	166.749	440.164	0	0	0.0808224	0.0990333	0	0	0	0.0041164	1.48756	0.0965842	0	0.00351664	0.00587472	4.40439	30.4532	2015.09	0	0.0032174	1.19226	3.22034	0.00259996	0	0.03621	0.759409	0.110008	11.4379	4.41833e-05	0.289343	0.388704	207.22	6.76853	304.219	0.0337943	0	0.254394	4280.41	593.685	173.482	0	0	0	0.0479878	5.90056e-07	0.0151316	0.0409841	0	162.552	497.477	0	0	0.114413	0	0.0104198	0	11.1053	0	0	0	0.000162074	0	0.000737138	0	0.62291	267.83	0	0	0.166486	0	6.80353	11.78	0.0177379	0	0	0	3.01137e-06	0	0.000344245	2868.92	377.066	4365.76	18.6757	0.50347	2.29055	4320.81	610.033	882.458	11.1593	0.763525	19.4713	12.5522	0.000209859	0.324466	0.641894	81.5063	1493.16	2716.02	608.691	2067.39	5566.18	671.261	287.221	13491.4	13491.4	
63.23	0	7.04339	71.9555	0	0	0.0148697	0	0	0	0	0	11.3079	0.00916044	0	0.000194857	0.0348066	763.64	4.78312	874.927	7.45164	0.709225	0.531582	0	0	0	0	0	10.8152	1.35988	0	0.0244188	0.280412	2111.4	0	0.762305	15.3979	0.0204956	0.0219967	43.1687	10.1275	797.213	0	0	0	0	0	0	0.000934686	0	192.519	481.128	0	0	0.0924378	0.119042	0	0	0	0.00596963	1.73894	0.134454	0	0.00507644	0.00904642	4.8356	37.6337	2298.96	0	0.0047306	1.42711	3.87794	0.00276597	0	0.0547219	1.18736	0.142663	16.1127	7.1542e-05	0.425555	0.595192	220.535	8.02664	333.548	0.0406571	0	0.305381	5029.99	655.34	197.096	0	0	0	0.0626271	9.6065e-07	0.021333	0.060194	0	197.2	561.365	0	0	0.134986	0	0.0109665	0	16.6868	0	0	0	0.000261698	0	0.00113389	0	0.794037	320.524	0	0	0.206484	0	7.88153	14.2041	0.0274226	0	0	0	4.96614e-06	0	0.00055125	3100.41	448	4943.17	22.8902	0.734452	2.73485	5077.15	673.363	1008.51	16.769	1.19333	24.0047	17.6788	0.000339167	0.476578	0.982271	90.3658	1664.52	2978.11	675.752	2365.26	6445.03	775.4	343.639	15338.1	15338.1	
64.31	0	8.21806	76.9429	0	0	0.0169235	0	0	0	0	0	13.8077	0.0128287	0	0.000281856	0.0521916	809.596	5.63039	949.824	8.88945	1.00498	0.606973	0	0	0	0	0	13.0404	1.84295	0	0.0348627	0.416919	2237.73	0	0.855033	18.2835	0.0285754	0.0246858	47.9775	9.89222	829.967	0	0	0	0	0	0	0.00130211	0	223.435	526.077	0	0	0.106385	0.143521	0	0	0	0.00898681	2.06045	0.184584	0	0.00728625	0.0137459	5.24267	45.1592	2535.12	0	0.00684343	1.67337	4.45029	0.00280495	0	0.0812909	1.81496	0.1802	21.846	0.000115191	0.603488	0.880629	234.77	9.43965	363.952	0.0482231	0	0.357432	5642.53	664.636	213.058	0	0	0	0.0811326	1.53499e-06	0.0298107	0.0867538	0	237.257	629.558	0	0	0.158185	0	0.0113092	0	24.4286	0	0	0	0.000420251	0	0.00171066	0	1.01362	383.76	0	0	0.259048	0	8.56238	16.0518	0.0416798	0	0	0	8.19067e-06	0	0.000887151	3287.34	530.152	5466.08	27.2212	1.0404	3.203	5695.11	683.104	1059.08	24.5516	1.82394	29.0887	23.9675	0.000545168	0.675729	1.45414	99.0509	1790.89	3144.76	752.036	2617.06	7128.99	891.415	409.689	16833.9	16833.9	
65.36	0	9.65613	83.9383	0	0	0.0193243	0	0	0	0	0	17.0997	0.0182265	0	0.000423379	0.0788056	830.152	7.04593	1085.27	10.2203	1.37819	0.720224	0	0	0	0	0	16.3894	2.57234	0	0.0522682	0.64252	2401.66	0	0.86803	21.2225	0.0406864	0.0262571	52.4357	8.81052	796.435	0	0	0	0	0	0	0.00178731	0	258.772	577.753	0	0	0.12182	0.174053	0	0	0	0.0136038	2.47135	0.259067	0	0.010439	0.0211553	5.63875	54.8418	2864.66	0	0.00977933	2.01031	5.07763	0.00294237	0	0.117334	2.8593	0.238762	29.214	0.000181089	0.860116	1.28605	254.397	10.923	395.698	0.0570077	0	0.415234	6229.48	626.929	213.356	0	0	0	0.108672	2.56506e-06	0.0419981	0.125076	0	283.473	698.643	0	0	0.184812	0	0.0111665	0	34.9311	0	0	0	0.000657111	0	0.00258864	0	1.22845	443.601	0	0	0.320304	0	8.62748	16.8186	0.0597389	0	0	0	1.35558e-05	0	0.00146252	3491.85	625.94	6150.43	31.4998	1.42866	3.81828	6287.17	644.381	1026.61	35.1081	2.8729	36.1991	32.1723	0.00085432	0.965244	2.15945	110.811	1954.44	3281.5	839.596	2966.82	7731.53	1017.25	470.657	18372.6	18372.6	
66.39	0	11.3724	91.5242	0	0	0.0221687	0	0	0	0	0	21.2488	0.0254985	0	0.000620437	0.117876	863.429	8.39785	1192.49	11.8393	1.91995	0.8342	0	0	0	0	0	19.9274	3.48465	0	0.0751941	0.950091	2529.69	0	0.90902	24.2695	0.0559443	0.0286369	56.6765	8.03656	765.199	0	0	0	0	0	0	0.00252342	0	300.376	631.294	0	0	0.139646	0.199676	0	0	0	0.0201843	2.95984	0.356373	0	0.0151649	0.0317659	6.01815	65.1249	3150.03	0	0.0136121	2.36663	5.7638	0.00295932	0	0.167495	4.379	0.299806	39.1325	0.000285655	1.21227	1.88214	269.69	12.5441	421.714	0.0650134	0	0.479433	6722.92	587.269	215.756	0	0	0	0.139256	4.14504e-06	0.0575807	0.178425	0	332.574	764.767	0	0	0.211806	0	0.010931	0	47.9426	0	0	0	0.00102321	0	0.00378926	0	1.43377	520.769	0	0	0.392553	0	8.79235	17.4987	0.0881091	0	0	0	2.22529e-05	0	0.00223052	3668.82	731.823	6773.5	36.1738	1.9895	4.47508	6785.56	604.111	998.453	48.1982	4.39919	44.4358	43.1383	0.00133526	1.36083	3.16884	124.312	2103.34	3384.86	935.393	3276.4	8230.81	1145.51	548.976	19749.6	19749.6	
67.39	0	13.4564	100.852	0	0	0.0254279	0	0	0	0	0	26.2615	0.0352502	0	0.000898237	0.173428	910.983	9.97338	1304.29	13.7255	2.68227	0.964818	0	0	0	0	0	24.3121	4.68818	0	0.106777	1.39134	2705.07	0	0.97389	27.6925	0.0776538	0.0322355	59.5605	7.4058	734.358	0	0	0	0	0	0	0.00350653	0	344.241	675.875	0	0	0.157129	0.222132	0	0	0	0.0289643	3.5388	0.480175	0	0.0214418	0.0465691	6.4305	75.9702	3439.74	0	0.0191068	2.72764	6.39927	0.00279698	0	0.228425	6.4879	0.3716	52.1286	0.00043488	1.68535	2.74335	288.075	14.4583	456.806	0.0733523	0	0.549795	7125.25	566.26	216.821	0	0	0	0.179117	6.46557e-06	0.0781576	0.249949	0	375.236	810.853	0	0	0.233588	0	0.0101432	0	61.9249	0	0	0	0.00152563	0	0.00540517	0	1.65343	601.706	0	0	0.460731	0	9.17516	18.0808	0.122577	0	0	0	3.5582e-05	0	0.00317834	3910.56	834.989	7391.1	41.4913	2.77903	5.15136	7191.43	582.854	969.26	62.2759	6.51687	54.484	57.5113	0.00200255	1.89263	4.61672	140.805	2273.12	3535.17	1024.61	3594.94	8668.8	1248.26	631.202	21116.9	21116.9	
68.38	0	16.7054	115.062	0	0	0.0295729	0	0	0	0	0	33.4941	0.0496421	0	0.00136252	0.259585	945.531	12.8317	1511.46	15.4555	3.66975	1.15236	0	0	0	0	0	31.3294	6.48917	0	0.157216	2.11772	2942.8	0	0.978005	31.2895	0.112062	0.0348523	62.2751	6.48575	659.864	0	0	0	0	0	0	0.00504843	0	389.801	708.426	0	0	0.172642	0.252289	0	0	0	0.0409569	4.35604	0.653006	0	0.0298122	0.0692513	6.83881	88.198	3823.93	0	0.0264305	3.14113	6.9259	0.00264461	0	0.295665	9.73647	0.47553	68.3545	0.000632285	2.3368	3.92952	311.402	16.7318	488.059	0.0821893	0	0.612229	7427.18	509.506	203.716	0	0	0	0.234261	1.02913e-05	0.105022	0.347571	0	409.319	826.973	0	0	0.249357	0	0.00888077	0	76.1766	0	0	0	0.00215601	0	0.0074602	0	1.81964	636.007	0	0	0.518982	0	8.68926	16.9601	0.158892	0	0	0	5.54214e-05	0	0.00452094	4206.57	935.407	8110.89	46.8272	3.80825	5.91113	7496.63	524.692	880.54	76.6312	9.77743	69.6551	75.7805	0.00285401	2.63021	6.74068	165.601	2530.19	3703.85	1103.8	4014.19	8957.98	1312.74	664.159	22452.5	22452.5	
69.35	0	20.9793	133.824	0	0	0.03548	0	0	0	0	0	43.3472	0.0689991	0	0.00205146	0.39181	1021.27	15.9043	1726.28	17.792	5.18161	1.36753	0	0	0	0	0	39.9182	8.80997	0	0.223722	3.14495	3186.48	0	1.00887	35.1079	0.158969	0.0389813	64.0445	6.00574	617.435	0	0	0	0	0	0	0.00729096	0	438.29	729.271	0	0	0.187642	0.271553	0	0	0	0.0578778	5.43447	0.878824	0	0.0407023	0.102215	7.35843	102.11	4225.04	0	0.0373902	3.5252	7.48261	0.00236807	0	0.367961	14.0412	0.57722	90.1821	0.000901422	3.20887	5.64705	332.437	19.432	516.614	0.0903611	0	0.684461	7595.15	460.872	188.96	0	0	0	0.300822	1.53787e-05	0.141097	0.481169	0	429.425	807.349	0	0	0.254259	0	0.00760053	0	88.3036	0	0	0	0.00296981	0	0.0095548	0	1.98481	668.755	0	0	0.563525	0	8.00444	15.6349	0.201586	0	0	0	8.13913e-05	0	0.00598419	4547.55	1028.12	8808.14	52.9902	5.37797	6.65708	7666.95	474.892	822.029	88.8731	14.0991	89.277	100.241	0.003968	3.61644	9.79003	198.648	2839.9	3910.29	1174.53	4459.58	9115.16	1325.35	695.151	23718.6	23718.6	
70.3	0	25.7447	154.485	0	0	0.0418899	0	0	0	0	0	55.4481	0.0933565	0	0.00294365	0.583751	1114.91	19.3108	1942.12	20.2227	7.29191	1.60007	0	0	0	0	0	50.3099	11.7407	0	0.309852	4.57599	3425.82	0	1.07513	38.7961	0.221321	0.0442419	63.8648	5.688	587.241	0	0	0	0	0	0	0.0104415	0	487.053	740.476	0	0	0.200687	0.280837	0	0	0	0.0803024	6.6733	1.14566	0	0.0535837	0.146775	7.79032	117.173	4618.97	0	0.0512904	3.88403	7.73816	0.00204405	0	0.439872	19.6146	0.679525	117.612	0.00125269	4.32118	7.98205	347.149	22.3088	543.303	0.097368	0	0.756606	7574.71	421.168	172.869	0	0	0	0.383731	2.22075e-05	0.18577	0.656341	0	441.986	767.77	0	0	0.252833	0	0.00634651	0	98.3832	0	0	0	0.00399132	0	0.0118693	0	2.12858	697.492	0	0	0.596555	0	7.37057	14.1644	0.244621	0	0	0	0.000116178	0	0.00754234	4895.67	1115.71	9465.69	59.1162	7.56452	7.37692	7646.59	434.235	774.274	99.0677	19.6949	113.111	130.975	0.0053824	4.87333	13.9748	236.4	3172.39	4122.76	1236.11	4906.26	9083.59	1308.41	722.004	24787.9	24787.9	
71.23	0	31.3214	178.119	0	0	0.0480771	0	0	0	0	0	70.5342	0.127886	0	0.00427724	0.859863	1177.74	24.4674	2226.63	21.8001	9.8625	1.86042	0	0	0	0	0	64.2852	15.7098	0	0.429553	6.7227	3685.54	0	1.116	41.6687	0.302622	0.0479672	62.4198	5.17032	539.81	0	0	0	0	0	0	0.0147469	0	544.295	760.443	0	0	0.216272	0.290084	0	0	0	0.110892	8.16286	1.51224	0	0.0712974	0.211963	8.05698	135.645	5075.98	0	0.0684652	4.32966	7.7865	0.00179666	0	0.512409	28.0591	0.827273	149.647	0.00172055	5.74739	10.9869	362.992	25.0471	571.098	0.102956	0	0.81627	7407.32	372.918	151.695	0	0	0	0.48525	3.2758e-05	0.240267	0.88031	0	466.828	740.707	0	0	0.257251	0	0.00536901	0	111.266	0	0	0	0.00535448	0	0.0149129	0	2.34276	695.204	0	0	0.632351	0	6.46132	12.1018	0.297494	0	0	0	0.000166363	0	0.00990494	5234.33	1229.95	10249.3	63.5717	10.2336	8.20827	7477.82	384.557	703.607	112.076	28.17	143.81	167.482	0.00727415	6.49279	19.7013	281.015	3549.51	4336.09	1315.31	5427.65	8893.6	1319.08	717.05	25839.3	25839.3	
72.14	0	38.3361	203.939	0	0	0.0559371	0	0	0	0	0	89.5139	0.177592	0	0.00629468	1.26518	1275.71	30.4719	2544.44	23.6364	13.815	2.16718	0	0	0	0	0	81.0256	21.1385	0	0.595701	9.89391	4098.59	0	1.19447	45.5535	0.422581	0.0528373	61.7211	4.78962	494.926	0	0	0	0	0	0	0.0206105	0	636.452	821.303	0	0	0.248188	0.316989	0	0	0	0.168434	10.2626	2.07789	0	0.100421	0.320271	9.09917	159.556	5656.63	0	0.0997712	4.94565	8.48447	0.00162208	0	0.621499	40.5856	1.00774	195.788	0.00248947	7.8267	15.559	412.328	29.3219	639.905	0.113172	0	0.933976	7379.82	323.502	130.731	0	0	0	0.646772	4.65985e-05	0.336074	1.25745	0	527.966	765.871	0	0	0.27871	0	0.00497685	0	134.533	0	0	0	0.00774261	0	0.0193785	0	2.91646	735.853	0	0	0.745074	0	5.50089	10.4754	0.369806	0	0	0	0.000234641	0	0.0154581	5795.73	1425.02	11369.1	69.3031	14.3373	9.42755	7450.34	333.799	636.132	135.524	40.7541	181.81	219.828	0.0105133	8.86519	28.3513	333.294	4002.9	4707.27	1471.25	6100.2	8918.89	1428.68	755.877	27718.4	27718.4	
73.03	0	46.7085	233.639	0	0	0.0648795	0	0	0	0	0	112.794	0.242356	0	0.00896897	1.86793	1397.92	36.7126	2910.48	25.4661	19.5334	2.55491	0	0	0	0	0	101.847	28.4372	0	0.840826	14.4188	4527.82	0	1.2747	49.7391	0.596465	0.0593028	63.1215	4.58586	453.528	0	0	0	0	0	0	0.0300522	0	762.671	919.854	0	0	0.291618	0.339346	0	0	0	0.253709	12.9345	2.84457	0	0.144798	0.478017	10.147	192.533	6392.5	0	0.143482	5.81259	8.93683	0.00161449	0	0.814717	60.0236	1.2337	260.954	0.00378838	10.9195	22.4036	457.743	35.381	716.635	0.122038	0	1.08484	7434.07	284.777	118.516	0	0	0	0.868939	7.1074e-05	0.475066	1.82691	0	632.016	851.329	0	0	0.322375	0	0.00482015	0	171.962	0	0	0	0.0117793	0	0.0271895	0	3.62141	827.387	0	0	0.913197	0	4.77673	9.36926	0.501998	0	0	0	0.000358524	0	0.0234278	6393.62	1709.64	12853.1	75.3273	20.2733	11.1037	7506.47	294.146	581.413	173.278	60.2773	228.809	293.347	0.0159972	12.3891	41.0759	395.325	4538.21	5100.75	1699.81	6966.43	9051.5	1655.67	846.593	30254.3	30254.3	
73.9	0	54.9381	260.698	0	0	0.0740342	0	0	0	0	0	139.02	0.329039	0	0.0124146	2.68338	1530.82	42.9626	3242.2	27.0239	27.2995	2.96988	0	0	0	0	0	124.138	37.6874	0	1.1708	20.4666	4843.84	0	1.51202	52.4251	0.80324	0.0701761	62.4972	4.51087	446.492	0	0	0	0	0	0	0.0428618	0	909.633	1034.2	0	0	0.340405	0.336325	0	0	0	0.360917	15.8663	3.7914	0	0.20478	0.68002	10.831	235.159	7197.9	0	0.196269	6.86257	8.6364	0.00158407	0	1.06948	88.0184	1.53028	348.59	0.00582682	15.1965	32.1372	478.986	42.1717	796.673	0.125155	0	1.26036	7356.51	281.151	114.734	0	0	0	1.11091	0.000110377	0.640518	2.52935	0	766.627	973.916	0	0	0.381758	0	0.00470356	0	221.118	0	0	0	0.0180116	0	0.040036	0	4.46742	986.281	0	0	1.0933	0	4.80577	9.18287	0.649765	0	0	0	0.000565134	0	0.0339965	6864.48	2055.96	14493.4	79.5741	28.299	13.0525	7427.98	290.474	570.408	222.837	88.3793	280.555	391.509	0.0245139	17.2251	58.6135	457.755	5056.73	5412.19	1965.41	7946.13	9075.89	1962.1	1006.51	32882.7	32882.7	
74.75	0	64.0997	286.789	0	0	0.0814045	0	0	0	0	0	167.945	0.446308	0	0.0173087	3.72815	1558.6	52.0777	3572.78	26.5847	35.2645	3.3576	0	0	0	0	0	149.856	48.9833	0	1.60397	28.6637	5041.98	0	1.64021	51.9725	1.02544	0.0772316	59.7413	4.08374	411.432	0	0	0	0	0	0	0.0565497	0	1061.68	1139.89	0	0	0.387643	0.334598	0	0	0	0.49312	19.041	4.98235	0	0.286615	0.948612	10.9804	281.672	7902.83	0	0.252697	8.00697	8.0317	0.00159573	0	1.30816	129.917	1.93201	439.698	0.00857561	20.2307	43.5939	489.457	47.8372	857.132	0.123072	0	1.37842	7015.76	265.803	104.892	0	0	0	1.35918	0.000173315	0.817762	3.30569	0	915.677	1106.35	0	0	0.451965	0	0.00442346	0	277.76	0	0	0	0.0263642	0	0.0599799	0	5.53502	1126.2	0	0	1.27833	0	4.65128	8.50681	0.837383	0	0	0	0.00089695	0	0.04946	7101.02	2428.58	15993.6	78.6804	36.5426	15.0196	7083.86	274.544	524.83	279.905	130.41	338.775	495.47	0.03601	22.9564	80.406	523.108	5477.78	5572.01	2228.04	8848.46	8787.86	2300.32	1147.06	34884.6	34884.6	
75.59	0	73.4022	302.897	0	0	0.0897629	0	0	0	0	0	197.45	0.574779	0	0.0235167	5.0561	1559.63	58.9106	3759.39	25.7303	45.2893	3.67622	0	0	0	0	0	172.159	61.2283	0	2.12212	38.2653	5065.84	0	1.68444	49.7481	1.28443	0.0830769	55.6174	3.59939	357.406	0	0	0	0	0	0	0.0703722	0	1228.11	1246.23	0	0	0.441679	0.331727	0	0	0	0.696451	22.5799	6.44451	0	0.396198	1.30485	11.2874	324.595	8398.54	0	0.33417	9.06134	7.69192	0.00155655	0	1.55979	182.702	2.31504	545.107	0.0125729	26.3317	58.104	489.325	52.9403	905.909	0.117707	0	1.48358	6474.39	238.354	92.3075	0	0	0	1.63771	0.000252541	1.03926	4.25773	0	1080.05	1243.8	0	0	0.526872	0	0.00423178	0	344.175	0	0	0	0.0388128	0	0.0866958	0	6.60543	1253.27	0	0	1.4595	0	4.31459	7.66718	1.02705	0	0	0	0.00133599	0	0.0697553	7126.08	2824.61	17111.7	75.5962	46.9079	16.822	6538.04	246.274	457.381	346.761	183.398	394.504	614.992	0.0529742	29.9128	107.215	579.494	5726.39	5535.33	2506.53	9567.65	8261.77	2668.68	1274.42	36120.3	36120.3	
76.41	0	84.0241	318.897	0	0	0.0996814	0	0	0	0	0	230.107	0.724435	0	0.0316878	6.82589	1560.13	65.8913	3945.99	24.8577	58.3013	4.03872	0	0	0	0	0	197.229	76.3502	0	2.8027	51.0633	5143	0	1.67232	48.0337	1.64431	0.0882369	52.2652	3.16002	306.947	0	0	0	0	0	0	0.0895566	0	1423	1369.25	0	0	0.506196	0.338477	0	0	0	0.985336	26.9079	8.30511	0	0.546752	1.80659	11.6754	370.341	8896.04	0	0.447835	10.2286	7.62261	0.00151028	0	1.83797	253.821	2.76947	674.906	0.0182831	34.1311	77.4485	502.934	58.3244	976.784	0.11504	0	1.61352	6006.88	212.4	81.0299	0	0	0	2.04972	0.000358601	1.35803	5.60745	0	1268.11	1395.72	0	0	0.613085	0	0.00404915	0	419.459	0	0	0	0.0568875	0	0.124589	0	8.0627	1406.12	0	0	1.72588	0	3.96784	6.93565	1.24206	0	0	0	0.00195322	0	0.105036	7217.73	3277.75	18310.5	73.0064	60.3934	18.914	6067.11	219.534	394.912	422.539	254.806	457.012	762.336	0.0774824	38.8703	143.071	640.71	5986.65	5556.9	2831.64	10341.3	7849.1	3084.09	1428.17	37718.5	37718.5	
77.22	0	95.45	335.271	0	0	0.110044	0	0	0	0	0	267.869	0.901499	0	0.0415581	9.24145	1557.6	72.4365	4114.45	24.0704	75.0854	4.45746	0	0	0	0	0	225.378	94.6966	0	3.68726	67.8935	5176.25	0	1.67656	46.2262	2.06545	0.0949672	49.8247	2.81658	260.715	0	0	0	0	0	0	0.119357	0	1633.12	1493.08	0	0	0.572517	0.333283	0	0	0	1.35019	31.6797	10.4887	0	0.744267	2.47106	11.5562	417.544	9364.27	0	0.581262	11.4966	7.15843	0.00146717	0	2.15479	349.453	3.26682	835.799	0.0263876	44.1045	102.861	504.156	63.3703	1032.18	0.110365	0	1.74329	5581.18	191.145	71.9333	0	0	0	2.51864	0.00051786	1.73448	7.42913	0	1467.78	1549.18	0	0	0.703669	0	0.00383539	0	498.393	0	0	0	0.0823317	0	0.177438	0	9.42343	1576.23	0	0	2.00985	0	3.69177	6.29018	1.50789	0	0	0	0.00289348	0	0.150048	7249.56	3759.13	19466.3	70.407	77.7321	21.1884	5638.5	197.658	338.938	502.056	350.803	528.194	944.405	0.112131	50.3121	190.343	708.884	6239.76	5539.79	3173.84	11150.3	7457.5	3516.32	1599.3	39385.7	39385.7	
78	0	110.675	363.501	0	0	0.120999	0	0	0	0	0	317.913	1.18606	0	0.0566956	12.5792	1520.34	84.2753	4394.53	22.9549	93.8614	4.92507	0	0	0	0	0	264.595	118.913	0	4.85697	92.148	5307.02	0	1.73244	44.327	2.59538	0.0998503	47.0653	2.49267	223.883	0	0	0	0	0	0	0.14727	0	1852.41	1604.41	0	0	0.634341	0.337041	0	0	0	1.76651	37.5359	13.386	0	0.98897	3.40464	11.4725	473.175	9932.41	0	0.744267	12.9701	6.89017	0.00141748	0	2.42502	490.391	4.05963	1017.56	0.0366536	56.0621	134.383	509.999	69.1829	1086.01	0.106817	0	1.84873	5226.57	178.16	62.642	0	0	0	3.04163	0.00076979	2.17469	9.7257	0	1654.78	1674.6	0	0	0.788853	0	0.00354429	0	566.653	0	0	0	0.112956	0	0.249587	0	10.8099	1740.75	0	0	2.26423	0	3.56679	5.60247	1.77759	0	0	0	0.0043427	0	0.205801	7348.84	4255.31	20797.9	67.3887	97.201	23.6521	5280.86	184.224	292.128	570.855	492.158	624.103	1154.08	0.154723	64.1394	252.843	806.032	6601.4	5629.37	3514.88	12142.6	7149.46	3897.19	1764.98	41505.9	41505.9	
78.77	0	128.926	395.492	0	0	0.135685	0	0	0	0	0	379.092	1.52988	0	0.0763735	17.1677	1515.65	94.7835	4692.23	22.2707	120.001	5.43636	0	0	0	0	0	309.102	147.831	0	6.29255	123.361	5402.61	0	1.7954	42.6403	3.34734	0.105419	43.9597	2.22876	189.099	0	0	0	0	0	0	0.189072	0	2085.72	1700.31	0	0	0.698958	0.335221	0	0	0	2.37496	45.0028	17.0408	0	1.30344	4.66714	11.7602	528.879	10504.1	0	0.983117	14.3057	6.68027	0.00133227	0	2.7001	661.238	4.82421	1243.4	0.0504265	71.11	176.377	519.32	76.0527	1134.67	0.104625	0	1.97732	4855.14	161.38	53.536	0	0	0	3.67816	0.00107247	2.75601	12.7237	0	1817.09	1750.44	0	0	0.850739	0	0.00331256	0	624.983	0	0	0	0.153642	0	0.327831	0	12.0197	1838.41	0	0	2.45822	0	3.31053	4.82874	2.0177	0	0	0	0.0060784	0	0.267531	7449.33	4743.46	22017.4	65.0156	124.331	25.9684	4906.11	166.924	247.464	629.701	663.613	738.021	1413.48	0.21122	81.5384	335.081	922.419	7036.96	5685.97	3857.45	13226.4	6821.33	4193.84	1863.32	43607.7	43607.7	
79.53	0	149.405	434.449	0	0	0.152869	0	0	0	0	0	454.526	1.95259	0	0.0999986	23.4559	1555.44	107.459	5047.24	21.8968	155.622	6.01262	0	0	0	0	0	364.106	183.625	0	8.07597	165.555	5506.69	0	1.90366	41.5031	4.32298	0.112982	41.1861	2.05934	165.953	0	0	0	0	0	0	0.248085	0	2331.38	1785.14	0	0	0.760373	0.318236	0	0	0	3.14707	53.85	21.3257	0	1.68658	6.27909	12.0448	589.185	11178.2	0	1.29236	15.6034	6.36936	0.00124809	0	2.98334	875.916	5.61624	1521.76	0.0683033	90.0608	232.803	525.064	83.8079	1180.66	0.101941	0	2.11141	4526.92	148.622	45.8987	0	0	0	4.39296	0.00145987	3.48907	16.469	0	1958.89	1782.47	0	0	0.893497	0	0.00306919	0	668.048	0	0	0	0.204993	0	0.414271	0	13.0919	1906.88	0	0	2.6195	0	3.06468	4.1704	2.26135	0	0	0	0.00822866	0	0.33926	7599.25	5233.22	23316.9	63.5019	161.237	28.2667	4574.79	153.75	216.022	673.292	879.063	878.099	1733.06	0.282984	103.412	445.563	1064.04	7615.04	5763.98	4203.89	14531.9	6537.53	4410.92	1932.44	46059.7	46059.7	
80.27	0	169.959	473.193	0	0	0.16971	0	0	0	0	0	537.61	2.43119	0	0.125476	31.424	1604.19	120.821	5378.63	21.4235	199.846	6.55286	0	0	0	0	0	425.174	223.876	0	10.1839	217.857	5550.73	0	2.00138	40.3112	5.56802	0.122384	38.0941	1.95074	147.114	0	0	0	0	0	0	0.32736	0	2564.94	1847.46	0	0	0.811442	0.293183	0	0	0	4.03879	62.8585	26.019	0	2.12749	8.17864	12.0304	650.792	11814.2	0	1.65178	16.7084	5.90171	0.00116403	0	3.23134	1131.33	6.38243	1834.11	0.0904022	112.21	302.703	521.09	90.6852	1211.3	0.0974796	0	2.21922	4191.12	139.056	39.6775	0	0	0	5.14654	0.00194398	4.30307	20.7022	0	2079.12	1780.35	0	0	0.918917	0	0.002827	0	695.992	0	0	0	0.267068	0	0.506564	0	13.7818	1949.54	0	0	2.68792	0	2.86625	3.58908	2.47511	0	0	0	0.0108146	0	0.404691	7688.04	5690.1	24456.6	61.8322	207.066	30.1909	4235.41	143.876	190.381	701.698	1135.37	1032.02	2091.58	0.370229	128.95	582.104	1214.91	8208.55	5786.22	4516.72	15891.3	6225.39	4557.16	1975.35	48375.6	48375.6	
80.99	0	195.004	519.893	0	0	0.184132	0	0	0	0	0	632.562	3.07416	0	0.163528	41.305	1599.99	139.412	5755.46	20.4117	246.509	7.03136	0	0	0	0	0	496.863	271.102	0	12.7024	285.663	5639.08	0	2.04167	38.7385	6.96246	0.125293	35.5799	1.84583	131.164	0	0	0	0	0	0	0.414332	0	2814.18	1910.3	0	0	0.863411	0.286559	0	0	0	5.09315	73.0157	31.782	0	2.6933	10.6076	11.8684	716.146	12397.3	0	2.03562	17.8789	5.57626	0.00108528	0	3.37579	1482.89	7.38685	2144.14	0.116812	136.316	382.678	516.332	96.7466	1236.91	0.091795	0	2.27706	3885.06	128.708	34.0251	0	0	0	6.0294	0.00261267	5.19783	25.321	0	2213.02	1786.14	0	0	0.954877	0	0.00258361	0	722.337	0	0	0	0.340313	0	0.625802	0	14.8722	1979.07	0	0	2.76229	0	2.6178	3.07649	2.64998	0	0	0	0.0142125	0	0.494157	7767.27	6189.38	25587.1	59.242	255.507	32.0773	3926.51	133.176	168.265	728.362	1487.98	1209.83	2456.12	0.47395	157.073	747.109	1392.19	8835.15	5855.95	4848.82	17307.7	5936.71	4723.42	2005.56	50905.5	50905.5	
81.7	0	227.46	574.936	0	0	0.205795	0	0	0	0	0	750.785	3.89544	0	0.223941	54.8089	1638.52	159.995	6271.45	20.1112	316.535	7.74556	0	0	0	0	0	586.188	336.268	0	16.2113	381.174	5927	0	2.03672	38.4261	9.02008	0.131485	33.7434	1.75895	116.839	0	0	0	0	0	0	0.517872	0	3207.46	2063.79	0	0	0.970666	0.302432	0	0	0	7.02422	88.1262	40.4421	0	3.54121	14.4808	12.8649	801.529	13355.3	0	2.64848	19.6532	5.72697	0.00103718	0	3.61787	1961.52	8.58716	2594.14	0.157917	171.32	501.439	552.352	108.685	1349.69	0.0919681	0	2.4919	3712.19	117.587	28.8939	0	0	0	7.56297	0.00339543	6.81935	32.9255	0	2475.34	1885.62	0	0	1.04172	0	0.00255316	0	798.57	0	0	0	0.463213	0	0.793621	0	17.6617	2067.93	0	0	3.11794	0	2.33424	2.64817	2.9096	0	0	0	0.0184684	0	0.707275	8130.73	6998.13	27570.8	58.6293	328.204	35.3583	3751.97	121.684	148.381	805.097	1968.55	1433.69	2982.3	0.642994	198.116	986.848	1612.32	9734.2	6129.47	5426.13	19438.5	5919.29	5161.83	2097.33	55519.1	55519.1	
82.4	0	265.568	643.886	0	0	0.231193	0	0	0	0	0	898.087	4.84334	0	0.301003	74.1164	1706.76	184.155	6933.45	20.2712	413.167	8.70791	0	0	0	0	0	696.991	419.643	0	21.049	511.142	6250.34	0	2.03031	38.719	11.7245	0.140645	33.5863	1.75071	104.758	0	0	0	0	0	0	0.692593	0	3736.7	2300.37	0	0	1.11427	0.307852	0	0	0	9.60192	107.369	51.4501	0	4.76027	19.8093	13.6216	917.646	14657.7	0	3.50493	22.2477	5.70354	0.00109039	0	4.17058	2652.27	10.0705	3213.49	0.222805	221.453	670.452	580.383	123.184	1461.31	0.0913207	0	2.77179	3640.95	108.704	25.93	0	0	0	9.41568	0.00473114	8.81209	44.0654	0	2893.05	2108.42	0	0	1.19451	0	0.00257038	0	927.874	0	0	0	0.657896	0	1.07265	0	20.7984	2242.24	0	0	3.59258	0	2.13734	2.35079	3.44851	0	0	0	0.0258664	0	0.98515	8551.1	8141.1	30349.4	59.0815	428.397	40.0006	3680.54	112.596	133.039	935.493	2661.87	1712.52	3698.85	0.911298	256.375	1322.33	1887.03	10915.3	6443.74	6231.48	22392.6	6005.61	5932.27	2275.58	62083.6	62083.6	
83.08	0	299.589	704.136	0	0	0.25405	0	0	0	0	0	1057.66	5.91695	0	0.375757	98.2615	1786.62	206.496	7496.34	20.2894	534.103	9.63412	0	0	0	0	0	812.157	513.337	0	26.9018	669.305	6459.79	0	2.25277	38.3842	14.484	0.158116	33.0653	1.79287	102.818	0	0	0	0	0	0	0.894695	0	4302.99	2554.69	0	0	1.26053	0.308226	0	0	0	12.6547	126.526	63.3743	0	6.14583	26.0385	13.7153	1062.97	16040.2	0	4.43877	25.1887	5.56853	0.00113236	0	4.81076	3543.88	11.9073	3970.93	0.314333	284.933	887.378	581.419	136.201	1553.83	0.0875466	0	3.04464	3550.59	112.299	25.2063	0	0	0	11.472	0.00671188	10.6868	56.7315	0	3398.79	2398.7	0	0	1.38802	0	0.00259461	0	1082.35	0	0	0	0.929698	0	1.49004	0	23.9342	2527.56	0	0	4.02801	0	2.23227	2.29729	3.88452	0	0	0	0.0370256	0	1.30374	8841.54	9430.97	33277.7	58.7611	553.026	44.9562	3589.54	116.328	130.322	1091.04	3556.54	2008.25	4565.03	1.28777	329.043	1741.4	2166.2	12075.2	6653.64	7093.99	25856.3	6041.58	6883.64	2565.27	69335.8	69335.8	
83.75	0	324.351	739.377	0	0	0.269653	0	0	0	0	0	1194.4	6.9796	0	0.448998	124.804	1806.69	222.948	7774.88	19.5729	663.899	10.2967	0	0	0	0	0	908.963	602.111	0	33.1654	840.278	6478.05	0	2.43947	36.7927	17.18	0.172555	31.1041	1.76546	99.9178	0	0	0	0	0	0	1.13317	0	4771.42	2738.48	0	0	1.37371	0.299218	0	0	0	15.8179	142.979	75.0272	0	7.52249	32.9343	13.6174	1185.84	16890.2	0	5.39675	27.4497	5.19149	0.00112584	0	5.30659	4525.2	13.6108	4705.06	0.426891	351.556	1126.25	568.609	146.481	1607.87	0.0817272	0	3.23268	3347.28	113.437	24.2749	0	0	0	13.3185	0.00909989	12.6146	70.5255	0	3866.76	2649.38	0	0	1.56488	0	0.00256444	0	1223.8	0	0	0	1.2682	0	2.0115	0	26.8192	2766.7	0	0	4.38515	0	2.27593	2.24507	4.18634	0	0	0	0.0511719	0	1.69304	8866.97	10544.6	35169.3	56.4473	686.476	48.7451	3383.87	117.483	126.438	1233.29	4541.01	2259.96	5402.5	1.75537	405.307	2199.63	2390.64	12882.8	6668.56	7785.85	28855.1	5907.73	7744.79	2808.36	75043.8	75043.8	
84.4	0	386.407	835.199	0	0	0.289536	0	0	0	0	0	1312.44	8.27945	0	0.645308	152.293	1781.43	315.942	9973.68	23.4659	1093.8	11.952	0	0	0	0	0	1062.18	840.988	0	48.2608	1186.97	5600.12	0	4.07183	32.6965	18.8908	0.219554	23.1488	1.32719	72.182	0	0	0	0	0	0	1.42033	0	5144.21	2762.5	0	0	1.39931	0.330878	0	0	0	15.3696	154.847	82.181	0	8.6674	38.0119	23.9114	1724.7	22929.9	0	9.386	31.6988	7.75352	0.00125908	0	5.1564	6391.24	16.6008	8693.82	0.639471	726.397	1994.42	425.152	116.525	1462.17	0.0601095	0	3.13155	2365.63	83.9248	16.5794	0	0	0	11.2883	0.030344	10.6689	63.5451	0	4420.07	3248.66	0	0	2.09573	0	0.00357817	0	1042.36	0	0	0	1.91877	0	4.62892	0	41.5377	3191.07	0	0	4.3242	0	1.64451	1.58924	5.73537	0	0	0	0.145233	0	2.25312	7830.61	12149.4	44407.2	56.2225	1122.08	55.1107	2396.86	86.9013	90.3506	1053.25	6406.61	2546.07	9636.55	2.73382	794.639	3443.55	2695.55	16338.7	5754.08	8207.52	42555.6	4558.7	8719.74	3248.3	92078.2	92078.2	
85.04	0	446.751	907.014	0	0	0.305872	0	0	0	0	0	1495.08	10.0778	0	0.854627	191.745	1847.16	385.061	11753.4	24.244	1454.08	13.8988	0	0	0	0	0	1263.93	1099.1	0	67.4765	1645.72	5301.22	0	4.35132	29.6321	23.0708	0.223228	18.4417	1.02577	54.494	0	0	0	0	0	0	1.72341	0	5699.77	2886.21	0	0	1.49923	0.363907	0	0	0	19.9498	184.934	103.628	0	11.1895	51.1191	27.1205	2237.32	28164.8	0	13.3456	39.902	8.65193	0.00166972	0	6.62297	9593.77	21.878	11798.2	1.06154	1006.68	2893.35	384.759	112.5	1444.23	0.0531492	0	2.94898	1856.29	61.9604	12.1737	0	0	0	12.2155	0.0484589	11.9076	70.345	0	5644.84	4201.98	0	0	2.8232	0	0.00460871	0	1321.35	0	0	0	3.16415	0	8.63064	0	49.198	3329.85	0	0	4.4627	0	1.24995	1.22028	6.61414	0	0	0	0.242033	0	2.84046	7560.26	14575.4	52691.9	53.9293	1490.5	66.064	1883.75	64.2424	67.888	1334.59	9613.72	2965.82	13023.2	4.51618	1098.11	4865.47	3051.83	19554.1	5434.18	8958.66	55812.8	3969.43	11182.8	3395.67	111359	111359	
85.67	0	492.718	966.686	0	0	0.320699	0	0	0	0	0	1689.12	11.9696	0	1.03313	242.089	1820.58	419.695	12576.7	23.8227	1801.26	15.2524	0	0	0	0	0	1434.85	1303.07	0	85.5249	2093.46	4996.91	0	4.28119	26.7526	26.7876	0.227599	16.2486	0.835862	43.1811	0	0	0	0	0	0	2.14238	0	6373.33	3138.05	0	0	1.65426	0.353211	0	0	0	24.8723	214.443	126.201	0	14.0934	65.5987	26.5086	2579.85	30765.4	0	16.828	45.8569	8.17773	0.00191906	0	8.26507	12834.2	26.0011	14160.5	1.55694	1256.36	3740.51	368.482	112.042	1431.46	0.0490561	0	2.9736	1604.19	48.7453	9.81801	0	0	0	13.5926	0.0689633	13.7655	83.1773	0	6893.07	5066.89	0	0	3.49894	0	0.00493553	0	1627.71	0	0	0	4.66813	0	13.3923	0	52.9433	3375.13	0	0	4.63148	0	1.01011	1.01843	6.94763	0	0	0	0.350083	0	3.49768	7212.48	16923.7	57324.5	50.6244	1844.88	74.4159	1628.97	50.5982	54.0176	1642.92	12859.1	3364.42	15615.3	6.64412	1370.78	6243.87	3403.94	21574.2	5117.36	9958.59	65470	3688.37	13609.2	3445.53	126267	126267	
86.28	0	522.173	997.113	0	0	0.336926	0	0	0	0	0	1875.1	13.967	0	1.20968	298.257	1786.59	442.276	12866	23.0153	2167.73	16.1248	0	0	0	0	0	1577.64	1490.46	0	102.19	2587.69	4846.94	0	4.33806	25.0168	31.1665	0.238334	15.1127	0.741335	37.0111	0	0	0	0	0	0	2.55054	0	6924.3	3343.45	0	0	1.78597	0.340712	0	0	0	29.409	239.919	147.037	0	16.5999	81.5347	26.106	2792.32	32039.5	0	20.2838	49.6265	7.67422	0.00187415	0	8.95296	15779.7	29.7188	16231.4	2.0461	1495.94	4644.64	358.36	114.276	1437.11	0.0461765	0	3.07162	1466.62	41.8673	8.84685	0	0	0	15.0651	0.0886329	15.8143	99.6478	0	7747.79	5577.15	0	0	3.95247	0	0.0049814	0	1809.18	0	0	0	6.18024	0	18.1934	0	55.5743	3435.11	0	0	4.78453	0	0.895832	0.926789	7.11193	0	0	0	0.458181	0	4.23265	7017.99	18598.7	59699.8	48.0783	2219.18	79.9212	1489.75	43.5113	46.7847	1825.25	15809.1	3722.38	17898	8.77315	1631.76	7736.74	3708.16	23059.7	4963.12	10784.4	73128	3560.81	15162.4	3509.1	137876	137876	
86.88	0	549.843	1022.79	0	0	0.352707	0	0	0	0	0	2053.62	15.6817	0	1.42324	364.906	1739.37	453.399	13038.1	21.8716	2562.01	16.6943	0	0	0	0	0	1711.69	1656.64	0	118.565	3135.9	4800.76	0	4.24189	24.0025	37.24	0.243165	14.275	0.701357	34.4575	0	0	0	0	0	0	3.02938	0	7302.68	3436.18	0	0	1.87149	0.333112	0	0	0	34.4241	266.047	165.967	0	19.3169	100.352	26.2163	2878.92	32273.5	0	24.3278	51.3295	7.33857	0.0018105	0	9.16971	18315.9	32.1836	17968.9	2.53651	1734.24	5596.42	354.278	119.315	1465.43	0.044218	0	3.1696	1378.36	39.4629	8.39825	0	0	0	16.806	0.109649	18.4036	120.957	0	8133.1	5722.78	0	0	4.10939	0	0.00476727	0	1858.15	0	0	0	7.68402	0	22.2264	0	58.2271	3504.98	0	0	4.94406	0	0.851428	0.889586	7.19229	0	0	0	0.570684	0	5.12035	6920.63	19495.5	60468.1	45.9183	2623.58	82.7142	1400.3	41.0223	43.7453	1874.52	18350.3	4063.54	19824	10.9009	1891.95	9348.91	4008.62	24454.3	4918.96	11327.2	78921	3524.74	15748.1	3582.78	146486	146486	
87.47	0	580.899	1063.15	0	0	0.370724	0	0	0	0	0	2265.99	17.6316	0	1.64898	450.722	1720.9	474.129	13369.1	21.0053	3046.49	17.2748	0	0	0	0	0	1875.04	1834.86	0	136.778	3813.79	4766.41	0	4.32106	23.1752	44.4766	0.248454	13.4624	0.679224	32.8473	0	0	0	0	0	0	3.6908	0	7674.32	3507.56	0	0	1.93577	0.318675	0	0	0	39.0328	294.938	185.087	0	22.2559	122.567	26.1051	2982.12	32839	0	29.092	52.8115	6.88031	0.00176563	0	9.3907	20907.5	34.6727	19820.7	3.1131	2005.14	6745.78	346.807	124.275	1493.62	0.041814	0	3.2538	1302.93	37.6119	8.03061	0	0	0	18.5278	0.134608	21.2641	146.595	0	8425.68	5786.2	0	0	4.19925	0	0.00456112	0	1872.7	0	0	0	9.40166	0	26.5707	0	59.755	3542.43	0	0	4.99955	0	0.80657	0.853838	7.23907	0	0	0	0.69884	0	5.99646	6860.22	20321.2	61605.3	44.2223	3120.06	85.0938	1323.6	39.104	41.7318	1889.33	20946.5	4470.64	21876.8	13.3482	2187.09	11315.7	4380.42	26309.3	4889.31	11848	85462.2	3503.09	16124.8	3622.78	156140	156140	
88.05	0	622.993	1118.03	0	0	0.383834	0	0	0	0	0	2513.49	19.9982	0	1.93167	554.728	1710.47	496.134	13615	20.1829	3562.27	17.6064	0	0	0	0	0	2039.03	1997.01	0	154.328	4583.6	4670.77	0	4.47131	22.1944	52.0252	0.254546	12.4917	0.661517	31.8744	0	0	0	0	0	0	4.4107	0	8110.22	3589.73	0	0	1.99797	0.31035	0	0	0	42.4667	328.739	205.307	0	25.7806	148.783	25.1214	3085.59	33343.9	0	34.4203	54.042	6.30927	0.00169475	0	9.597	23535.9	37.5098	21485.4	3.76539	2268.47	8031.57	333.52	127.425	1490.3	0.0389402	0	3.27877	1221.46	36.0916	7.76896	0	0	0	20.0672	0.160938	23.56	174.534	0	8727.58	5825.3	0	0	4.26377	0	0.00434876	0	1899.84	0	0	0	11.3218	0	31.2325	0	59.0303	3557.54	0	0	4.91505	0	0.775272	0.823183	7.15023	0	0	0	0.831427	0	6.81003	6739.88	21229	62544.3	42.4162	3648.71	86.7423	1240.57	37.5344	40.4665	1916.58	23578.4	4918.77	23727.8	16.0795	2474.07	13535.7	4831.56	28195.6	4799.15	12453.3	91921.6	3438.21	16499.5	3637.87	165777	165777	
88.61	0	649.829	1145.46	0	0	0.394509	0	0	0	0	0	2726.25	21.9389	0	2.1893	665.736	1680.92	514.284	13807.8	19.1783	4105.88	17.7446	0	0	0	0	0	2190.25	2141.25	0	171.935	5418.05	4565.1	0	4.59978	21.1551	60.4587	0.254788	11.5295	0.638909	31.104	0	0	0	0	0	0	5.00716	0	8378.31	3603.62	0	0	2.02816	0.296574	0	0	0	45.8407	358.25	222.22	0	28.9339	177.215	24.159	3145.28	33656.7	0	39.6637	54.425	5.8428	0.00158792	0	9.50807	25579.7	39.7813	22900.1	4.4204	2529.26	9399.96	319.36	128.022	1487.01	0.0363247	0	3.26026	1139.24	34.4608	7.43732	0	0	0	21.4678	0.186772	26.0825	204.029	0	8851.25	5780.77	0	0	4.27073	0	0.00411081	0	1879.98	0	0	0	13.288	0	36.2275	0	59.8553	3551.03	0	0	4.86878	0	0.730367	0.790291	6.94258	0	0	0	0.963366	0	7.88451	6589.53	21726.8	63037	40.3698	4206	87.2468	1156.91	35.8358	39.3316	1896.43	25625.5	5314.53	25306.9	18.8585	2758.4	15914.1	5211.79	30067.3	4699.84	12816.7	97388.8	3370.59	16565.8	3633.07	173754	173754	
89.17	0	706.371	1212.84	0	0	0.427629	0	0	0	0	0	3057.27	24.9699	0	2.69848	822.078	1682.04	549.062	14491.9	18.7494	4838.9	18.4968	0	0	0	0	0	2441.41	2370.27	0	196.725	6639.97	4611.83	0	4.66	20.664	72.8056	0.252536	11.0099	0.613429	29.912	0	0	0	0	0	0	5.77958	0	9082.71	3812.17	0	0	2.20419	0.318556	0	0	0	56.3745	410.306	252.575	0	34.2464	225.713	25.3367	3249.04	34843.3	0	47.1527	56.5384	6.14719	0.0014852	0	9.44049	28367.9	43.6576	24913.4	5.29909	2882.45	11230.9	325.878	133.578	1558	0.0362293	0	3.33123	1095.58	32.3071	7.03458	0	0	0	24.209	0.216792	30.9812	248.303	0	9316.91	5972.73	0	0	4.45321	0	0.00410088	0	1952.67	0	0	0	16.1588	0	42.8621	0	64.9335	3641.94	0	0	5.17876	0	0.673519	0.756657	7.0309	0	0	0	1.12287	0	9.98715	6645.08	23102.6	65537.5	39.4496	4958.86	90.8827	1113.06	33.5996	37.7032	1969.14	28424.2	5952.64	27585.4	22.7975	3147.1	19225.6	5826.66	33247.6	4757.53	13876.6	105680	3459.45	17305.8	3731.62	187886	187886	
89.71	0	784.109	1335.01	0	0	0.468632	0	0	0	0	0	3500.88	28.2565	0	3.22665	1043.59	1698.57	587.518	15452.9	18.6624	5725.83	19.7608	0	0	0	0	0	2760.65	2619.06	0	228.816	8106.44	4561.3	0	4.70638	19.9857	84.2457	0.255966	10.6885	0.595449	28.6983	0	0	0	0	0	0	7.22483	0	10209.5	4211.83	0	0	2.46988	0.328298	0	0	0	68.5453	479.968	289.99	0	41.7215	286.506	25.6975	3462.02	36741	0	55.7767	60.3292	6.15043	0.00151002	0	10.1269	32054.2	48.1244	27376.5	6.57103	3328.75	13524.1	322.06	139.351	1580.16	0.0351374	0	3.41783	1056.06	30.4938	6.79526	0	0	0	26.0791	0.262908	35.3895	298.659	0	10315.5	6502.57	0	0	4.87264	0	0.00415623	0	2144.76	0	0	0	20.3085	0	52.7581	0	67.6803	3735.7	0	0	5.42634	0	0.628556	0.726345	7.34327	0	0	0	1.36188	0	12.0394	6607.63	25565.6	69563.9	38.6833	5865.85	97.0013	1073.23	31.7235	36.2199	2162.23	32122.8	6789.62	30339.9	28.5043	3637.9	23331.3	6695.54	37218.2	4717.7	15590.8	116699	3498.76	19040.8	3830.91	207292	207292	
90.24	0	843.793	1451.81	0	0	0.5041	0	0	0	0	0	3958.6	31.537	0	3.61638	1296.55	1714.7	626.904	16113.9	18.5032	6649.11	20.9291	0	0	0	0	0	3062.28	2841.13	0	261.718	9713.96	4350.59	0	5.09903	18.6441	91.7827	0.273486	9.99583	0.571376	28.2296	0	0	0	0	0	0	8.56964	0	11370.6	4672.75	0	0	2.7386	0.319455	0	0	0	76.4531	543.498	324.156	0	48.1206	347.947	24.4853	3747.67	38758.6	0	62.9468	64.4572	5.72773	0.00150977	0	11.0633	35818.9	53.3889	29835	8.08134	3782.06	16149.3	300.485	140.654	1535.67	0.0325074	0	3.4591	988.629	30.4154	6.58819	0	0	0	26.4639	0.316012	37.6768	335.873	0	11544.6	7165.07	0	0	5.43662	0	0.00418931	0	2374.99	0	0	0	25.2567	0	66.9801	0	67.754	3789.97	0	0	5.36816	0	0.632942	0.705532	7.35456	0	0	0	1.64354	0	13.4926	6390.26	28341.9	73492.9	37.1798	6803.84	103.166	1004.67	31.6254	35.5233	2393.41	35895.3	7617.76	33058.3	35.2976	4133.2	27932.6	7586.4	41023.2	4513.76	17386.6	128322	3406.26	21182.3	3886.92	227307	227307	
90.76	0	866.129	1497.93	0	0	0.521514	0	0	0	0	0	4258.11	33.0989	0	3.91209	1520.99	1658.87	639.129	16054.6	17.6017	7320.56	21.1421	0	0	0	0	0	3232.3	2925.82	0	282.54	11023.1	4007.83	0	5.16901	16.7722	96.0197	0.276467	9.04335	0.52275	26.2424	0	0	0	0	0	0	9.30154	0	12104.4	4967.24	0	0	2.90747	0.296295	0	0	0	81.4754	586.783	343.5	0	52.7121	400.446	22.8757	3841.39	39046.6	0	67.4587	65.6832	5.20318	0.00142432	0	11.3985	37795	56.6006	30816.3	9.37879	4069.31	18240.1	272.992	136.459	1453.66	0.0295793	0	3.3711	890.082	29.0884	6.02172	0	0	0	25.7796	0.358332	39.0266	359.417	0	12340.8	7571.48	0	0	5.82079	0	0.00407874	0	2518.03	0	0	0	29.706	0	81.5669	0	66.8236	3724.23	0	0	5.20393	0	0.608439	0.654824	7.08305	0	0	0	1.87503	0	14.8657	5962.57	29995.1	74320.9	34.4034	7484.04	104.927	904.625	30.2251	32.9189	2536.51	37876.4	8133.79	34144.5	41.3182	4447.5	31649.8	8180.69	43175.6	4171.18	18539.7	134047	3216.28	22547.4	3821.34	237700	237700	
91.27	0	882.725	1526.03	0	0	0.523278	0	0	0	0	0	4465.46	34.4532	0	4.28951	1721.18	1560.63	629.853	15552.9	16.3583	7736.83	20.7756	0	0	0	0	0	3308.47	2910.16	0	294.081	12104.3	3643.81	0	4.77847	14.9541	99.006	0.265631	8.08255	0.464294	23.2058	0	0	0	0	0	0	9.9298	0	12660.7	5191.4	0	0	3.03777	0.280708	0	0	0	85.749	623.397	358.923	0	56.9111	452.84	21.1341	3792.75	38099.9	0	70.5436	64.9204	4.77061	0.00131466	0	11.3559	38611.4	58.326	30613.5	10.4521	4207.5	19808.9	250.887	130.337	1376.73	0.0269307	0	3.21466	792.654	26.3368	5.27643	0	0	0	25.0979	0.384453	40.6441	381.285	0	12898	7831.4	0	0	6.07036	0	0.00388593	0	2632.13	0	0	0	33.657	0	94.5289	0	66.6166	3614.75	0	0	5.08586	0	0.556457	0.58418	6.84697	0	0	0	2.03727	0	16.4849	5476.46	31061.1	73197.9	31.3394	7906.38	103.894	805.788	27.3627	29.0664	2650.33	38697.2	8455.65	33942.2	46.5308	4603.42	34589.5	8634.65	44134.4	3804.49	19433.3	135376	3032.87	23495.8	3712.96	241624	241624	
91.77	0	894.972	1538.58	0	0	0.533927	0	0	0	0	0	4652	35.6379	0	4.79378	1932.03	1461.78	621.67	15202.8	15.3616	8198.68	20.6198	0	0	0	0	0	3391.17	2910.36	0	307.646	13314	3387.23	0	4.39357	13.7065	105.106	0.251593	7.3904	0.411035	20.1412	0	0	0	0	0	0	10.5428	0	13126.5	5391.52	0	0	3.17364	0.269611	0	0	0	91.4839	661.742	375.891	0	60.8369	515.904	20.295	3734.78	37351.9	0	74.5143	64.3607	4.54035	0.00124885	0	11.2805	39098.8	60.1246	30483.4	11.5596	4384.67	21428.8	240.368	125.445	1339.21	0.0253662	0	3.10507	721.913	23.3855	4.61167	0	0	0	24.9116	0.41385	43.11	411.656	0	13394	8083.21	0	0	6.32697	0	0.00375046	0	2721.69	0	0	0	37.8261	0	108.991	0	67.3472	3561.27	0	0	5.135	0	0.499879	0.519159	6.83252	0	0	0	2.22213	0	19.0483	5109.68	31964.7	72472.8	29.0935	8378.3	103.507	734.113	24.3015	25.272	2739.8	39190.2	8765.03	33830.2	52.0216	4801.06	37741	9058.55	45444.1	3549.18	20227.4	136729	2938.15	24352	3662.87	245961	245961	
92.26	0	891.022	1536.76	0	0	0.533276	0	0	0	0	0	4789.9	35.4144	0	5.08171	2148.44	1377.32	604.011	14844.2	14.4772	8659.72	20.4745	0	0	0	0	0	3452.56	2887.26	0	320.367	14488.8	3164.71	0	4.00923	12.7011	111.72	0.241282	6.96816	0.375128	17.8094	0	0	0	0	0	0	11.7451	0	13298.6	5500.5	0	0	3.22595	0.249097	0	0	0	92.2181	685.47	382.629	0	64.4508	572.403	19.4082	3690.19	36658.7	0	78.2019	63.9697	4.19464	0.00121088	0	11.3682	39386.3	60.9352	30432	12.7305	4576.16	23172.4	228.875	120.927	1301.76	0.0239865	0	3.0265	666.779	21.1949	4.13629	0	0	0	24.716	0.453232	45.1546	449.295	0	13734.1	8285.74	0	0	6.52743	0	0.00354605	0	2763.26	0	0	0	41.8962	0	126.608	0	67.3998	3526.4	0	0	5.19641	0	0.457827	0.472074	6.88929	0	0	0	2.45396	0	21.7811	4790.31	32406.3	71658.1	27.2023	8849.64	103.195	678.191	22.0326	22.4178	2781.51	39478.5	8988.86	33762	57.5339	5011.21	40991.5	9407.15	46669.2	3330.28	20599.8	138167	2866.34	24958.1	3631.05	249628	249628	
92.74	0	880.626	1522.21	0	0	0.530955	0	0	0	0	0	4907.77	35.4435	0	5.27021	2365.53	1318.07	594.925	14504.6	13.697	9145.89	20.2727	0	0	0	0	0	3513.32	2865.98	0	332.475	15705.9	3016.4	0	3.86349	11.9736	118.228	0.239507	6.57054	0.351926	16.4176	0	0	0	0	0	0	12.6877	0	13279.3	5522.54	0	0	3.23511	0.232631	0	0	0	90.246	702.621	385.861	0	66.206	628.705	18.6751	3645.92	36178.6	0	82.0711	63.5395	3.89345	0.00113771	0	11.1397	39298	62.7794	30427.2	13.7208	4759.43	24983.5	219.703	117.342	1276.33	0.0228989	0	2.99694	625.445	20.1572	3.83863	0	0	0	24.5932	0.490054	47.0298	492.526	0	13840	8350.36	0	0	6.64633	0	0.00338274	0	2741.5	0	0	0	45.2733	0	145.856	0	66.1878	3503.16	0	0	5.17791	0	0.437775	0.440437	6.8426	0	0	0	2.66942	0	24.2778	4572.85	32424.4	70861.6	25.6936	9346.19	102.639	636.141	20.9514	20.6967	2759.48	39388.3	9186.49	33739.1	62.1536	5210.41	44359	9717.38	48015.1	3186.73	20679	139549	2830.47	25129.7	3609.19	252716	252716	
93.21	0	871.964	1514.37	0	0	0.527416	0	0	0	0	0	4994.56	35.1354	0	5.47213	2575.48	1267.42	590.64	14288.5	12.9055	9569.98	19.9544	0	0	0	0	0	3568.79	2822.79	0	340.461	16842	2919.19	0	3.76752	11.4547	126.579	0.233358	6.24688	0.334548	15.4506	0	0	0	0	0	0	13.7341	0	13131.8	5450.37	0	0	3.19883	0.218364	0	0	0	88.1918	720.958	384.2	0	68.0381	682.165	18.1397	3573.06	35641.7	0	86.4339	62.3592	3.65504	0.00108998	0	10.7862	38508.1	63.8966	30073.9	14.3909	4888.51	26220.5	212.025	116.151	1263.02	0.021982	0	2.95846	592.537	19.1819	3.6089	0	0	0	24.3633	0.515029	49.6671	539.978	0	13681.4	8239.94	0	0	6.58916	0	0.00319865	0	2657.05	0	0	0	47.5195	0	161.243	0	65.4915	3462.61	0	0	5.12773	0	0.416758	0.417666	6.76553	0	0	0	2.8115	0	26.6881	4416.77	32030.5	69864.4	24.3822	9782.99	100.949	602.657	19.9375	19.4772	2674.6	38596.2	9348.2	33340.4	65.237	5352.15	47061.8	9997.51	49323.5	3096.99	20529.1	139165	2824.02	24793.8	3570.33	253301	253301	
93.67	0	869.289	1518.29	0	0	0.525271	0	0	0	0	0	5111.45	34.5287	0	5.54406	2806.34	1235.3	593.601	14266.5	12.1987	9994.95	19.5888	0	0	0	0	0	3661.72	2768.28	0	346.053	17941.9	2840.53	0	3.72688	11.0095	135.151	0.229047	5.9688	0.326002	14.7182	0	0	0	0	0	0	15.0423	0	12987	5343.94	0	0	3.13077	0.203595	0	0	0	84.4912	741.993	378.657	0	69.2889	730.56	17.445	3524.91	35463.7	0	91.0925	60.9915	3.38581	0.00104915	0	10.4455	37491.4	64.7119	29657.2	14.8968	5007.44	27349	202.305	114.743	1242.66	0.0209508	0	2.92027	564.857	18.3566	3.42155	0	0	0	24.0442	0.53473	51.5252	587.481	0	13433.5	8047.01	0	0	6.448	0	0.00302982	0	2546.52	0	0	0	48.9935	0	174.172	0	63.7311	3403.87	0	0	5.02463	0	0.395678	0.395111	6.68466	0	0	0	2.90849	0	28.8744	4295.58	31586.8	69289.7	23.2291	10221.2	98.8584	574.415	19.0824	18.5348	2563.65	37575.9	9579.88	32862.7	67.3335	5479.85	49633.4	10346	50840.1	3026.7	20339.3	138757	2812.87	24256.7	3511.88	253890	253890	
94.12	0	858.888	1509.61	0	0	0.518913	0	0	0	0	0	5185.38	33.0704	0	5.49326	3006.77	1206.65	594.302	14156.9	11.4786	10303.9	19.0081	0	0	0	0	0	3728.4	2678.35	0	345.839	18723.8	2733.56	0	3.70808	10.495	141.087	0.225373	5.62654	0.319172	14.3521	0	0	0	0	0	0	16.0287	0	12695.8	5171.93	0	0	3.01237	0.185439	0	0	0	78.9641	754.512	365.925	0	68.7509	761.57	16.4513	3477.44	35238.4	0	94.6592	59.0075	3.07716	0.00100584	0	10.0419	35977.8	65.0449	28914.6	15.1183	5052.49	28053.4	189.154	111.662	1205.54	0.0197149	0	2.84764	533.887	17.7368	3.28536	0	0	0	23.4365	0.543555	51.9698	624.924	0	13066.7	7762.66	0	0	6.22763	0	0.00285048	0	2409.36	0	0	0	49.3669	0	185.004	0	60.4981	3301.64	0	0	4.81074	0	0.379341	0.375113	6.50872	0	0	0	2.93802	0	30.1454	4145.82	30865.2	68350.3	21.9934	10539.7	95.6583	542.776	18.4392	18.0126	2425.91	36056.8	9733.33	32015.4	67.9667	5524.55	51401.6	10599.7	51768.6	2925.41	19900.6	136977	2765	23479.3	3407.29	251823	251823	
94.56	0	839.208	1481.74	0	0	0.509974	0	0	0	0	0	5202.1	31.3318	0	5.42641	3151.24	1174.41	585.701	13931.3	10.6992	10453.8	18.2608	0	0	0	0	0	3764.81	2557.13	0	340.468	19242.7	2632.22	0	3.69709	9.98641	144.614	0.217677	5.27351	0.310669	14.0735	0	0	0	0	0	0	16.691	0	12302.8	4966.7	0	0	2.87774	0.172332	0	0	0	73.7511	758.976	350.395	0	67.5719	785.09	15.7523	3396.38	34744.1	0	96.9457	56.5402	2.83138	0.000956344	0	9.52125	34059.1	64.7983	27815.8	15.0185	5018.21	28004.3	179.296	108.83	1172.52	0.0185528	0	2.75065	501.977	17.065	3.08509	0	0	0	22.9321	0.534794	51.3848	654.947	0	12591.4	7434.36	0	0	5.96804	0	0.00269158	0	2263.34	0	0	0	48.8321	0	192.741	0	58.3072	3205.2	0	0	4.63532	0	0.361835	0.355036	6.29149	0	0	0	2.88936	0	31.8094	4001.67	29882.7	66939.6	20.7041	10695.4	91.7604	510.254	17.7412	17.5137	2279.16	34132.8	9790.69	30777.6	67.2747	5483.06	52079.5	10711.6	52079.3	2827.08	19308.3	133299	2715.34	22536.7	3309.85	246787	246787	
94.99	0	864.684	1508.81	0	0	0.517709	0	0	0	0	0	5390.37	31.3862	0	5.92378	3347.29	1162.43	589.079	14026.9	10.2421	10696.7	18.0337	0	0	0	0	0	3904.27	2502.02	0	342.179	20281	2634.81	0	3.579	9.82594	154.595	0.208153	5.06139	0.300699	13.4384	0	0	0	0	0	0	17.2996	0	12489.9	4990.34	0	0	2.90563	0.177363	0	0	0	75.3581	801.952	351.183	0	70.4762	848.85	16.1296	3349.12	34766.2	0	102.101	55.6513	2.8521	0.000908659	0	9.00483	33187.3	66.3935	27147.5	15.0928	5028.32	28315.7	181.393	111.025	1207.55	0.018428	0	2.72953	487.45	16.136	2.87224	0	0	0	23.4438	0.521056	54.5036	702.888	0	12547	7373.58	0	0	5.8943	0	0.00264728	0	2222.97	0	0	0	49.3949	0	199.913	0	60.2984	3235.8	0	0	4.78146	0	0.339945	0.335294	6.29283	0	0	0	2.83629	0	35.9393	3994.77	30011.2	67112.7	20.0865	10953.4	90.7218	495.54	16.7802	16.6459	2238.27	33262.6	10163	30055.5	67.845	5501.4	53748.9	11149	53532.8	2839.12	19631.2	132061	2790.53	22398.8	3346.62	247749	247749	
95.42	0	899.804	1566.13	0	0	0.531516	0	0	0	0	0	5643.81	30.9572	0	6.30768	3607.01	1156.04	598.267	14428.2	10.0059	11060.3	18.2003	0	0	0	0	0	4096.44	2471.61	0	350.485	21317.3	2589.63	0	3.49374	9.61836	162.518	0.202847	4.97763	0.296106	13.0172	0	0	0	0	0	0	19.1452	0	12818.5	5096.52	0	0	2.9525	0.169327	0	0	0	75.3174	849.499	351.197	0	75.0067	909.951	15.8484	3373.62	35403.2	0	107.007	55.9452	2.70015	0.000909911	0	8.97161	32887.3	67.3112	26972.2	15.5793	5157.41	28911.9	177.033	111.087	1213.79	0.0181159	0	2.73548	476.398	15.3905	2.8086	0	0	0	22.8539	0.539753	56.9341	745.756	0	12850	7556.89	0	0	5.99631	0	0.00260771	0	2232.94	0	0	0	51.0935	0	214.58	0	61.3572	3269.15	0	0	4.87404	0	0.322798	0.32296	6.32068	0	0	0	2.92457	0	39.2111	3938.56	30712.5	68537.4	19.6424	11329.8	91.4382	484.245	16.0129	16.1488	2248.23	32962.7	10657.1	29848.9	70.1371	5646.15	55764.8	11754.6	55506.9	2802.9	20179.1	132979	2825.34	22911.5	3384.48	252344	252344	
95.83	0	905.936	1591.12	0	0	0.534654	0	0	0	0	0	5803.49	30.2386	0	6.25127	3789.38	1146.81	599.056	14509.5	9.71774	11239.7	18.0939	0	0	0	0	0	4202.26	2407.51	0	353.514	21770.1	2447.12	0	3.56852	9.06399	160.096	0.206751	4.70757	0.289488	13.2259	0	0	0	0	0	0	19.8469	0	12897.6	5158.3	0	0	2.94733	0.153808	0	0	0	71.0677	865.753	344.463	0	76.2577	933.078	14.8399	3428.81	35976	0	106.822	55.9335	2.42724	0.000890383	0	9.04833	32378.4	68.4398	26661.2	15.9336	5220.58	29280	165.576	107.185	1169.65	0.017023	0	2.68719	452.453	15.5809	2.81649	0	0	0	21.4007	0.555649	55.1261	751.317	0	13143.9	7740.54	0	0	6.14912	0	0.00253803	0	2233.45	0	0	0	52.1785	0	233.165	0	59.6902	3256.47	0	0	4.70453	0	0.330295	0.320892	5.99961	0	0	0	2.99168	0	39.3163	3774.34	31142.1	69405.2	18.7988	11506.6	91.257	459.742	16.2041	16.3632	2248.5	32449.4	10939.9	29464.8	71.6594	5711.73	56816.2	12127	56256.3	2658.12	20349.6	133218	2744.36	23409.4	3369.82	254133	254133	
96.24	0	870.564	1549.44	0	0	0.517371	0	0	0	0	0	5713.72	28.3373	0	5.9419	3776.81	1090.02	572.734	13979.4	9.06557	10907	17.2862	0	0	0	0	0	4136.43	2254.25	0	341.267	21252.7	2241.58	0	3.52262	8.23874	150.864	0.199938	4.25439	0.267032	12.7075	0	0	0	0	0	0	19.167	0	12475.2	5028.69	0	0	2.84192	0.137981	0	0	0	65.8985	846.857	323.487	0	73.8872	913.158	13.6399	3350.54	35112.7	0	102.398	53.6669	2.16581	0.000820303	0	8.73166	30576.3	67.217	25233	15.5406	5054.9	28369.9	150.731	100.395	1101.74	0.0155906	0	2.54336	413.976	14.9843	2.65852	0	0	0	19.6659	0.53905	51.8943	717.383	0	12940.2	7644.05	0	0	6.0892	0	0.0023994	0	2157.34	0	0	0	51.0562	0	242.883	0	57.6419	3139.12	0	0	4.45245	0	0.323305	0.306579	5.46882	0	0	0	2.9052	0	38.9034	3495.98	30367.3	67558.7	17.3199	11160.2	87.5973	420.535	15.5779	15.6726	2171.54	30642.2	10764.2	27858.8	70.0411	5527.89	55330.9	11945.3	54560.1	2440.8	19730.2	127961	2576.53	23041.6	3249.12	245504	245504	
96.63	0	821.561	1472.08	0	0	0.491106	0	0	0	0	0	5483.63	26.1517	0	5.65185	3648.35	1004.37	530.618	13168.4	8.25713	10276.9	16.1549	0	0	0	0	0	3973.02	2063.18	0	320.661	20183.1	2033.98	0	3.21392	7.42062	140.633	0.185085	3.7686	0.23796	11.3957	0	0	0	0	0	0	18.2733	0	11822.3	4805.3	0	0	2.70609	0.122514	0	0	0	62.0526	812.783	298.365	0	70.1908	880.422	12.7257	3161.46	33216.1	0	96.2183	50.3095	1.95203	0.000740101	0	8.20001	28192.1	64.0579	23247.2	14.7328	4764.39	26684.6	138.887	93.7396	1027.5	0.0142826	0	2.38195	374.538	13.5758	2.41398	0	0	0	17.8107	0.50583	48.5566	679.352	0	12444.9	7393.97	0	0	5.89038	0	0.00223396	0	2046.61	0	0	0	48.8338	0	246.555	0	55.6742	2985.17	0	0	4.28844	0	0.298015	0.281012	5.00618	0	0	0	2.74545	0	39.5282	3189.96	28930.3	64071.7	15.692	10513.7	82.4074	380.381	14.1148	14.0907	2059.82	28254.1	10333.5	25652.7	66.8178	5209.45	52380.2	11457.9	51544.7	2219.11	18754.3	119514	2399.28	22186.7	3092.99	231169	231169	
97.02	0	784.379	1413.27	0	0	0.474678	0	0	0	0	0	5303.06	24.3602	0	5.6037	3548.19	929.135	493.086	12538.4	7.63342	9764.03	15.2974	0	0	0	0	0	3845.81	1915.09	0	303.686	19332.5	1890.07	0	2.82403	6.86542	134.44	0.169965	3.41874	0.21192	10.1772	0	0	0	0	0	0	17.7309	0	11337.9	4651.04	0	0	2.62752	0.116532	0	0	0	61.2675	790.863	279.254	0	67.8717	865.885	12.1895	2990.12	31607.5	0	92.4952	47.7579	1.87593	0.000670917	0	7.66165	26307	61.3756	21608	14.1105	4539.76	25297.7	132.915	88.9671	989.691	0.0134618	0	2.26841	346.685	12.1458	2.21569	0	0	0	16.86	0.477885	46.9669	663.692	0	12078.5	7236	0	0	5.76476	0	0.00211945	0	1963.17	0	0	0	47.2644	0	248.389	0	54.3252	2892.84	0	0	4.28519	0	0.271454	0.262106	4.67981	0	0	0	2.61415	0	41.4205	2964.31	27827.3	61331.6	14.5123	9990.96	78.6458	352.096	12.632	12.655	1975.51	26368.3	10001.1	23843.6	64.4669	4963.89	50015.5	11079.3	49144.6	2065.91	18056.8	112588	2302.9	21579.1	3000.7	219817	219817	
97.41	0	748.219	1357.21	0	0	0.456411	0	0	0	0	0	5135.6	22.8006	0	5.44753	3466.05	868.024	463.144	12015.8	7.1579	9345.7	14.6265	0	0	0	0	0	3715.77	1786.24	0	289.949	18530.9	1763.74	0	2.58013	6.41619	128.956	0.15951	3.17557	0.193718	9.19926	0	0	0	0	0	0	18.2213	0	10891.9	4527.06	0	0	2.54788	0.106169	0	0	0	59.2053	767.588	261.931	0	65.6968	841.146	11.6379	2846.24	30314.2	0	90.0451	45.8835	1.74296	0.000634912	0	7.39103	24816.2	58.6435	20333.1	13.7149	4370	24257.6	126.179	85.0979	957.67	0.0126322	0	2.17642	324.105	11.0512	2.08745	0	0	0	15.8193	0.465952	45.6156	652.214	0	11784.6	7138.25	0	0	5.69103	0	0.00200705	0	1891.63	0	0	0	46.1408	0	253.516	0	52.776	2810.65	0	0	4.24067	0	0.252777	0.247895	4.45573	0	0	0	2.55761	0	42.2556	2769.58	26871.9	59123.4	13.5867	9564.7	75.782	329.13	11.5003	11.5346	1903.48	24875.4	9677.6	22419.9	62.8793	4776.71	48061.9	10735.8	47037.4	1932.65	17417.2	107166	2222.49	21119.8	2917.44	210549	210549	
97.78	0	715.542	1303.15	0	0	0.439487	0	0	0	0	0	4975.91	21.3522	0	5.2696	3357.57	822.146	440.84	11595.5	6.7777	9010.27	14.0145	0	0	0	0	0	3608.9	1683.31	0	277.096	17813.1	1673.49	0	2.47293	6.07602	124.07	0.15506	2.97032	0.181782	8.58306	0	0	0	0	0	0	18.145	0	10477.5	4394	0	0	2.46149	0.0993281	0	0	0	55.8195	744.894	245.857	0	62.6145	812.619	11.1091	2725.06	29387.6	0	87.5499	44.3381	1.62199	0.000590282	0	7.14517	23543.5	56.9373	19312.6	13.2959	4221.73	23376.4	119.96	81.3951	935.023	0.0119879	0	2.10689	306.061	10.484	1.99776	0	0	0	15.1657	0.453467	44.2731	634.545	0	11462.5	7003.45	0	0	5.60392	0	0.00191261	0	1817.02	0	0	0	44.8562	0	258.731	0	50.5948	2747.96	0	0	4.12107	0	0.244313	0.238646	4.22177	0	0	0	2.50269	0	42.1107	2626.7	25953.5	57369.2	12.8657	9221.89	73.2406	310.753	10.9126	10.8195	1828.38	23599.3	9386.65	21278.3	61.1083	4610.98	46313.3	10379.2	45272.1	1836.14	16795.9	102789	2151.48	20592.2	2852	202668	202668	
98.15	0	691.79	1262.48	0	0	0.424651	0	0	0	0	0	4834.6	19.935	0	5.0792	3259.49	783.443	423.268	11308.1	6.38833	8694.84	13.4096	0	0	0	0	0	3527.14	1585.77	0	264.274	17107.7	1610.85	0	2.2994	5.81225	120.647	0.147829	2.80318	0.172316	8.04124	0	0	0	0	0	0	17.8055	0	10107.9	4240.89	0	0	2.36793	0.0943403	0	0	0	52.8645	731.699	231.283	0	60.1113	787.943	10.752	2600.25	28599.3	0	85.7124	42.5546	1.53442	0.000557081	0	6.8684	22206.7	55.3965	18300.1	12.7686	4070.52	22434.4	115.404	78.5914	919.712	0.0113638	0	2.03947	291.059	9.91898	1.90083	0	0	0	14.7019	0.435383	43.3128	621.775	0	11056.9	6795.06	0	0	5.42478	0	0.00182817	0	1729.93	0	0	0	43.1571	0	259.311	0	48.8959	2676.21	0	0	3.99319	0	0.23286	0.228244	4.02277	0	0	0	2.41197	0	41.7729	2520.45	25007.6	55804.1	12.2119	8901.2	70.3621	295.491	10.3265	10.1703	1740.82	22259.6	9148.83	20151.8	58.7731	4443.3	44530.2	10073.8	43714.3	1768.58	16215.2	98426.9	2098.86	19889.7	2777.77	194965	194965	
98.51	0	684.506	1247.01	0	0	0.408355	0	0	0	0	0	4757.8	18.8327	0	4.90522	3184.35	758.651	408.941	11095.6	6.00747	8397.67	12.7906	0	0	0	0	0	3477.75	1490.03	0	251.716	16420.6	1557.65	0	2.17792	5.56805	118.087	0.141495	2.65449	0.166234	7.7004	0	0	0	0	0	0	17.6868	0	9871.01	4109.18	0	0	2.27526	0.0891362	0	0	0	49.3804	730.536	218.315	0	58.4198	762.359	10.3174	2512.84	28024.1	0	84.6104	40.8491	1.42701	0.000532506	0	6.65843	21091.9	54.116	17401.8	12.2539	3924.19	21590.8	109.958	76.9263	898.089	0.0107985	0	1.96836	278.555	9.45767	1.83776	0	0	0	14.207	0.414769	42.2579	608.214	0	10704.8	6572.32	0	0	5.21232	0	0.0017507	0	1653.99	0	0	0	41.3628	0	253.093	0	47.0369	2600.12	0	0	3.8326	0	0.223527	0.219014	3.83282	0	0	0	2.29519	0	40.6938	2436.58	24306.1	54548.6	11.5863	8600.37	67.4781	282.725	9.84972	9.75717	1664.48	21141.3	9020.2	19143.2	56.3266	4281.49	42877.7	9897.81	42319.7	1711.83	15801.6	94755.8	2041.9	19230.8	2698.25	188458	188458	
98.86	0	666.043	1220.93	0	0	0.391544	0	0	0	0	0	4636.29	17.3684	0	4.53417	3084.34	732.865	393.288	10876	5.5805	8083.38	12.0911	0	0	0	0	0	3409.62	1388.59	0	238.468	15534.4	1488.42	0	2.10565	5.28798	114.344	0.135787	2.49115	0.16112	7.5633	0	0	0	0	0	0	17.0648	0	9498	3916.83	0	0	2.14842	0.0823481	0	0	0	45.3487	717.394	202.572	0	55.7273	726.338	9.77895	2432.76	27447	0	82.655	38.8191	1.30692	0.000506278	0	6.44262	19801.1	52.3047	16477.6	11.6407	3775.4	20507.5	102.887	73.9184	860.06	0.0101165	0	1.88037	263.659	9.13404	1.78746	0	0	0	13.4317	0.393504	40.2001	579.29	0	10254.1	6288.48	0	0	4.9406	0	0.00165914	0	1557.57	0	0	0	39.1479	0	244.367	0	44.1262	2487.66	0	0	3.57912	0	0.213872	0.21083	3.57013	0	0	0	2.16751	0	38.1308	2333.95	23362.3	53099.1	10.8786	8280.38	63.9861	267.54	9.5112	9.56159	1567.58	19846.4	8815.61	18099.5	53.3496	4114.33	40731.5	9629.9	40674.4	1637.57	15164.4	90644.2	1946.65	18388.6	2579.66	180665	180665	
99.2	0	641.894	1184.49	0	0	0.374488	0	0	0	0	0	4478.14	16.0082	0	4.25491	2949.83	704.587	379.468	10569	5.14143	7706.65	11.3656	0	0	0	0	0	3315.56	1282.97	0	224.901	14535.6	1420.45	0	2.03944	4.99662	110.975	0.128731	2.32083	0.155062	7.4043	0	0	0	0	0	0	16.2983	0	9071.03	3706.08	0	0	2.02082	0.0776773	0	0	0	41.951	699.11	187.641	0	52.6397	688.169	9.29125	2340.55	26692.5	0	79.6769	36.6044	1.21371	0.000476932	0	6.1443	18452.9	50.1372	15468.2	10.9573	3593.15	19255.9	96.3107	70.7153	828.117	0.00940255	0	1.77886	247.562	8.76182	1.70382	0	0	0	12.7374	0.366252	38.3358	547.055	0	9757.79	5979.55	0	0	4.65326	0	0.00157185	0	1460.74	0	0	0	36.7565	0	231.741	0	42.3803	2379.43	0	0	3.35964	0	0.202505	0.200324	3.31559	0	0	0	2.0138	0	36.4446	2230.64	22303.8	51341.2	10.1475	7897.3	60.2858	251.174	9.12144	9.30845	1470.2	18494.9	8542.94	16967.5	50.0938	3913.28	38261.1	9274.99	38735.3	1564.77	14448.7	85997.3	1853.45	17471.2	2467.34	171813	171813	
99.54	0	639.946	1173.92	0	0	0.371568	0	0	0	0	0	4442.26	15.4036	0	4.3317	2874.24	685.116	376.001	10521.3	4.88075	7497.35	11.008	0	0	0	0	0	3309.37	1225.46	0	217.705	14039.7	1414.27	0	1.92751	4.89442	113.502	0.121226	2.23277	0.147918	7.00878	0	0	0	0	0	0	15.5304	0	8946.41	3622.4	0	0	1.98456	0.0803196	0	0	0	41.9845	707.822	181.876	0	52.2286	681.771	9.42353	2276.34	26397.3	0	79.0488	35.4152	1.23223	0.000461077	0	5.88833	17620	48.8605	14791.8	10.5095	3479.82	18486	96.4554	70.0059	845.178	0.00925878	0	1.73677	239.583	8.17537	1.59481	0	0	0	12.8452	0.341253	38.9509	537.99	0	9528.55	5840.61	0	0	4.49402	0	0.0015499	0	1411.52	0	0	0	35.4238	0	219.884	0	43.5746	2364.99	0	0	3.36837	0	0.188646	0.190797	3.25249	0	0	0	1.89375	0	37.4557	2205.26	21880.8	50767.6	9.78442	7689.9	58.4997	243.128	8.51395	8.79439	1420.66	17662	8508.31	16227.4	48.1684	3793.04	36892.5	9150.47	37887.8	1559.63	14236.6	83241.7	1852.87	17040.5	2454.92	167424	167424	
99.87	0	643.074	1184.15	0	0	0.369266	0	0	0	0	0	4465.84	14.8197	0	4.30234	2846.3	675.233	372.422	10601.5	4.72657	7375.86	10.8577	0	0	0	0	0	3334.66	1186.83	0	214.718	13652.6	1393.34	0	1.81614	4.79176	114.963	0.116093	2.20384	0.14681	6.73318	0	0	0	0	0	0	15.9893	0	8935.22	3599.91	0	0	1.9638	0.0792803	0	0	0	42.0303	718.327	176.569	0	53.3049	667.335	9.3375	2264.55	26442.8	0	79.2473	34.9718	1.2145	0.000465036	0	5.8841	17182.3	47.8207	14370.7	10.3818	3434.34	18044.6	93.9855	70.0036	842.508	0.00902594	0	1.71152	234.453	7.74919	1.55508	0	0	0	12.5389	0.336157	38.4772	528.543	0	9556.2	5877.89	0	0	4.45212	0	0.0015203	0	1397.61	0	0	0	35.0234	0	215.643	0	43.4194	2368.22	0	0	3.36921	0	0.178237	0.183884	3.26185	0	0	0	1.86898	0	37.2489	2171.9	21884.9	50918.8	9.52736	7570.07	57.8116	237.951	8.07622	8.47214	1406.76	17224.3	8566.65	15761.4	47.6103	3745.14	36008.2	9158.85	37429.4	1540.1	14194.7	81928.1	1831.87	17086.8	2457.75	165628	165628	
100.19	0	621.191	1162.82	0	0	0.360846	0	0	0	0	0	4409.62	13.9173	0	4.11599	2765.96	664.861	363.773	10441.1	4.56415	7177.19	10.5752	0	0	0	0	0	3294.85	1140.28	0	209.37	13106.6	1326.39	0	1.80158	4.5483	109.946	0.117392	2.08447	0.147627	6.95463	0	0	0	0	0	0	16.1247	0	8743.44	3536.24	0	0	1.90375	0.0736146	0	0	0	39.4742	701.892	166.387	0	51.8696	635.199	8.77299	2263.94	26311.8	0	76.9494	34.3752	1.11421	0.00045035	0	5.84077	16648.5	47.2381	13926.8	10.2206	3357.25	17545.2	87.0217	68.1893	813.348	0.00843873	0	1.66826	224.328	7.91145	1.58399	0	0	0	11.6959	0.331449	35.9775	499.803	0	9533.02	5900.97	0	0	4.44907	0	0.00148004	0	1374.51	0	0	0	34.3903	0	219.736	0	41.2903	2358.02	0	0	3.26009	0	0.182177	0.185397	3.10902	0	0	0	1.85102	0	36.1626	2087.04	21634.8	50526.1	9.12089	7364.08	56.7098	227.6	8.24319	8.72402	1383.46	16687.9	8453.6	15259.1	46.7934	3658.58	34824.8	8977.99	36413.1	1468.11	13876.5	80238	1751.87	17067.1	2444.06	162237	162237	
100.51	0	577.575	1091.45	0	0	0.339018	0	0	0	0	0	4185.52	12.7048	0	3.86437	2575.26	628.402	344.585	9858.27	4.25675	6706.66	9.89902	0	0	0	0	0	3124.04	1055.43	0	195.37	12137.8	1222.57	0	1.7099	4.16644	101.481	0.113584	1.89517	0.13992	6.8966	0	0	0	0	0	0	14.9851	0	8232.85	3353.45	0	0	1.78764	0.0666092	0	0	0	36.0266	660.336	151.872	0	48.672	585.579	8.10751	2164.69	25071	0	71.4931	32.4877	1.00151	0.00041652	0	5.49266	15524.8	44.8564	12976.3	9.66078	3148.97	16413.7	78.9066	64.1176	768.459	0.00764479	0	1.57047	206.914	7.69981	1.54049	0	0	0	10.6198	0.312223	32.7615	457.708	0	9153.8	5718.98	0	0	4.30623	0	0.00139054	0	1305.46	0	0	0	32.5297	0	216.919	0	39.2154	2281.81	0	0	3.06369	0	0.179881	0.181492	2.88858	0	0	0	1.75744	0	33.7618	1937.98	20576.8	48145.2	8.43084	6879.63	53.5673	209.877	8.02141	8.61858	1313.84	15560.9	8014.75	14207	44.2601	3429.64	32435.8	8446.72	34064.7	1353.95	13070.6	75472.7	1630.62	16432	2362.85	152834	152834	
100.82	0	530.922	1003.18	0	0	0.313484	0	0	0	0	0	3890.06	11.4263	0	3.642	2336.84	576.3	319.688	9107.93	3.90603	6127.41	9.08851	0	0	0	0	0	2900.11	965.111	0	178.655	11063.8	1118	0	1.58331	3.78745	93.863	0.104248	1.70782	0.127699	6.34766	0	0	0	0	0	0	13.6334	0	7631.17	3130.87	0	0	1.65815	0.0611922	0	0	0	33.4327	613.198	137.242	0	45.627	535.454	7.56758	2000.33	23239	0	65.0061	30.0743	0.919272	0.00038144	0	4.99173	14198.4	41.6569	11823.6	8.93345	2889.62	15004.4	72.1846	59.1801	726.932	0.00697247	0	1.46041	188.671	7.04654	1.42962	0	0	0	9.66888	0.287584	30.1936	417.078	0	8616.02	5440.01	0	0	4.09435	0	0.00129416	0	1220.65	0	0	0	30.2361	0	206.384	0	37.2728	2179.94	0	0	2.92002	0	0.168006	0.169127	2.70356	0	0	0	1.62885	0	32.4195	1774.05	19194.6	44829.4	7.70045	6286.28	49.7135	191.359	7.34392	7.9464	1228.34	14231.8	7445.02	12947	41.0859	3147.74	29610.1	7776.38	31252	1239.16	12128.7	69314.5	1514.14	15517.4	2257.22	141000	141000	
101.12	0	496.251	934.796	0	0	0.294561	0	0	0	0	0	3656.93	10.4409	0	3.55469	2150.81	532.042	299.704	8500.46	3.63344	5668.74	8.4763	0	0	0	0	0	2724.41	897.683	0	166.254	10265.3	1041.92	0	1.39265	3.52415	89.7288	0.0951682	1.5668	0.116887	5.78834	0	0	0	0	0	0	12.6653	0	7176.62	2971.13	0	0	1.57232	0.0585699	0	0	0	32.7238	579.878	126.849	0	43.4794	502.867	7.18787	1861.81	21703.1	0	60.2894	28.1794	0.891197	0.000353846	0	4.57646	13186.2	38.9415	10897	8.36962	2686.35	13887.5	68.3579	55.1616	704.092	0.00661068	0	1.38683	175.877	6.38906	1.30709	0	0	0	9.10468	0.267592	28.9636	391.693	0	8205.51	5232.98	0	0	3.93615	0	0.00121914	0	1157.43	0	0	0	28.5246	0	198.626	0	36.2285	2116.5	0	0	2.88806	0	0.154427	0.157091	2.59197	0	0	0	1.52495	0	32.4121	1649.5	18131.3	42164.4	7.16421	5818.75	46.8288	178.394	6.66194	7.25252	1164.6	13218.9	7000.16	11941	38.6867	2928.6	27441.8	7253.08	29066.7	1156.79	11435.2	64370.3	1442.61	14827	2192.45	131744	131744	
101.42	0	468.233	879.82	0	0	0.27767	0	0	0	0	0	3467.37	9.5967	0	3.38167	2006.84	495.457	282.017	8007.44	3.42474	5314.8	7.99158	0	0	0	0	0	2584.37	841.233	0	155.79	9607.35	974.716	0	1.26902	3.31341	85.6426	0.0886807	1.47185	0.109315	5.24624	0	0	0	0	0	0	12.5175	0	6812.16	2853.18	0	0	1.50024	0.0541029	0	0	0	31.8345	551.351	117.885	0	41.4407	472.542	6.70656	1751.35	20536	0	56.6426	26.8057	0.844385	0.00034173	0	4.28168	12439.7	36.7847	10197.1	8.00024	2536.69	13052.7	64.5482	51.7218	679.591	0.00627683	0	1.32682	165.438	5.87055	1.20913	0	0	0	8.48379	0.258356	27.6883	373.281	0	7893.33	5090.17	0	0	3.83653	0	0.00115454	0	1108.48	0	0	0	27.3154	0	193.981	0	34.9062	2058.76	0	0	2.85575	0	0.144962	0.146045	2.51234	0	0	0	1.46942	0	32.1699	1541.43	17293.7	40106.2	6.74443	5457.09	44.683	167.809	6.12632	6.60142	1115.27	12471.6	6639.87	11174.3	37.0434	2764.99	25751.4	6835.51	27299.9	1084.38	10882	60653.7	1379.42	14317.1	2132.96	124585	124585	
101.71	0	442.851	833.008	0	0	0.263419	0	0	0	0	0	3314.83	8.89633	0	3.20843	1883.61	468.865	265.537	7644.05	3.25329	5044.46	7.59167	0	0	0	0	0	2479.25	796.584	0	146.93	9070.48	926.663	0	1.19931	3.14968	81.6852	0.0857487	1.37795	0.10367	4.94928	0	0	0	0	0	0	12.2139	0	6491.68	2750.21	0	0	1.43503	0.051054	0	0	0	30.5033	526.401	110.452	0	38.7969	445.014	6.37956	1668.51	19692.3	0	53.4105	25.6863	0.802613	0.000327654	0	4.03752	11836.4	35.3724	9654.69	7.6718	2415.49	12401.4	61.2609	49.4044	657.572	0.00600107	0	1.28193	157.074	5.60558	1.15353	0	0	0	8.02699	0.249918	26.335	354.117	0	7616.87	4951.46	0	0	3.74264	0	0.00110157	0	1060.77	0	0	0	26.2027	0	190.804	0	33.5078	2008.45	0	0	2.76524	0	0.14132	0.139506	2.40253	0	0	0	1.41718	0	30.7716	1463.17	16568.4	38538.2	6.40898	5179.55	42.852	159.306	5.85199	6.24231	1067.21	11866.9	6355.85	10578.7	35.5416	2630.76	24388.4	6486.66	25927	1031.43	10394.5	57802.1	1322.09	13849.9	2079.6	118893	118893	
102	0	423.443	801.73	0	0	0.251561	0	0	0	0	0	3188.11	8.30662	0	3.07682	1776.94	447.024	251.695	7392.28	3.08607	4800.55	7.22564	0	0	0	0	0	2401.5	754.04	0	138.259	8578.52	892.118	0	1.14367	3.02364	78.4246	0.0814903	1.30512	0.0989828	4.72175	0	0	0	0	0	0	11.8489	0	6211.07	2640.61	0	0	1.36988	0.048536	0	0	0	28.9287	508.774	103.85	0	36.7731	420.054	6.11214	1595.68	18975.1	0	50.9269	24.5049	0.760699	0.000312087	0	3.81402	11227	34.062	9139.14	7.31301	2303.05	11746.9	58.6842	47.6672	636.9	0.00580495	0	1.24058	150.267	5.30722	1.10614	0	0	0	7.6387	0.238382	25.5441	336.743	0	7318.06	4776.2	0	0	3.59651	0	0.00105382	0	1009.39	0	0	0	24.9537	0	184.283	0	32.5533	1947.99	0	0	2.65949	0	0.13512	0.134684	2.31172	0	0	0	1.34904	0	29.3788	1403.94	15880.2	37172	6.11551	4929.9	40.9301	152.381	5.54269	5.96257	1015.52	11255.9	6132.44	10013	33.8541	2506.7	23084.6	6201.86	24774.2	992.766	9951.47	55114.3	1271.34	13316.5	2016.51	113639	113639	
102.28	0	414.917	787.505	0	0	0.240114	0	0	0	0	0	3101.3	7.81802	0	2.98828	1695.02	433.307	241.775	7183.04	2.92912	4577.35	6.87588	0	0	0	0	0	2337.87	712.785	0	130.734	8119.32	862.125	0	1.07112	2.90746	75.1974	0.0778532	1.24555	0.0954399	4.5681	0	0	0	0	0	0	11.3641	0	6021.07	2548.43	0	0	1.30822	0.0466892	0	0	0	26.831	499.701	98.1958	0	35.6136	397.992	5.88289	1533.83	18386.2	0	49.1331	23.4022	0.711365	0.000301604	0	3.65211	10706	32.7225	8690.05	6.97359	2200.4	11181.9	56.1396	46.3728	615.197	0.00563351	0	1.20124	144.665	5.0628	1.071	0	0	0	7.27017	0.225485	24.8132	318.929	0	7057.01	4594.7	0	0	3.43196	0	0.00101064	0	965.06	0	0	0	23.7051	0	173.41	0	31.2728	1882.07	0	0	2.51876	0	0.130718	0.129722	2.23494	0	0	0	1.27091	0	27.3353	1357.45	15346.3	35998.2	5.84222	4701.68	39.0562	146.669	5.29027	5.76882	970.947	10732.9	5971.59	9516.12	32.1751	2394.55	21925.2	6009.79	23746	958.652	9629.19	52820.9	1220.95	12817.3	1946.97	109150	109150	
102.55	0	398.699	765.463	0	0	0.228762	0	0	0	0	0	2986.63	7.26201	0	2.80155	1602.63	419.169	232.13	6961.5	2.75683	4354.93	6.50258	0	0	0	0	0	2257.32	670.133	0	123.573	7600.53	822.263	0	1.02976	2.77086	71.8475	0.0741574	1.17451	0.0928615	4.50958	0	0	0	0	0	0	10.5731	0	5752.41	2419.41	0	0	1.22622	0.0433397	0	0	0	24.2167	484.044	91.5058	0	33.8621	370.967	5.52577	1479.42	17814.2	0	47.129	22.136	0.645106	0.000291286	0	3.48766	10092.3	31.2652	8237.99	6.59197	2103.47	10532.8	52.5473	44.2415	582.955	0.00537467	0	1.15035	137.751	4.89981	1.03353	0	0	0	6.77866	0.212448	23.4637	293.843	0	6738.5	4380.65	0	0	3.23496	0	0.000958703	0	909.476	0	0	0	22.2814	0	161.376	0	29.4878	1791.31	0	0	2.31509	0	0.126142	0.124113	2.12549	0	0	0	1.19142	0	24.4497	1299.5	14674.9	34716.5	5.53307	4473.91	36.8682	139.614	5.12006	5.66723	915.089	10116.5	5759.26	9013.67	30.2772	2287.17	20597.2	5763.71	22628.5	914.335	9177.69	50377	1148.88	12215.5	1851.13	104077	104077	
102.82	0	379.835	734.732	0	0	0.217987	0	0	0	0	0	2850.87	6.69713	0	2.61996	1505.69	402.27	221.182	6685.92	2.56524	4109.26	6.09595	0	0	0	0	0	2157.71	623.457	0	116.052	7056.1	783.151	0	0.972468	2.61835	68.7569	0.069813	1.09785	0.0895209	4.39391	0	0	0	0	0	0	9.60765	0	5459.11	2284.89	0	0	1.14804	0.0410945	0	0	0	22.341	464.882	85.1554	0	31.7116	346.508	5.25315	1415.61	17149.7	0	45.2112	20.8369	0.603217	0.000276021	0	3.26662	9429.01	29.5868	7749.73	6.17903	1993.9	9825.26	49.5209	42.3242	553.639	0.0051021	0	1.08564	129.811	4.69337	0.974769	0	0	0	6.40027	0.196833	22.2082	268.985	0	6390.9	4153.94	0	0	3.02664	0	0.0009114	0	853.2	0	0	0	20.8269	0	148.342	0	27.9819	1704.15	0	0	2.14938	0	0.120903	0.117672	1.99955	0	0	0	1.10285	0	22.7176	1240.2	13937	33267.9	5.18869	4223.22	34.6304	131.554	4.90499	5.48635	858.466	9451.35	5503.05	8471.44	28.3056	2166.49	19183.2	5480.66	21380.6	870.758	8695.79	47674.1	1079.84	11570.2	1760.34	98512.4	98512.4	
103.09	0	374.579	722.909	0	0	0.214992	0	0	0	0	0	2795.39	6.40234	0	2.60991	1456.11	390.961	216.509	6579.97	2.4433	3963.94	5.87759	0	0	0	0	0	2120.32	597.093	0	111.604	6777.27	779.254	0	0.883931	2.56483	68.8119	0.0649248	1.06235	0.0852667	4.16654	0	0	0	0	0	0	9.00503	0	5346.61	2227.71	0	0	1.12091	0.042988	0	0	0	22.3802	464.796	82.8278	0	30.9134	341.62	5.33995	1371.14	16808.8	0	45.0956	20.1084	0.618644	0.00026361	0	3.03013	9016.6	28.4854	7428.59	5.9027	1925.02	9364.66	49.5899	42.2018	555.399	0.00508245	0	1.05253	125.732	4.3834	0.914317	0	0	0	6.48746	0.183259	22.1768	261.446	0	6209.99	4037.16	0	0	2.91032	0	0.000896655	0	823.673	0	0	0	20.0222	0	139.011	0	28.6681	1676.49	0	0	2.15688	0	0.114045	0.111846	1.97017	0	0	0	1.03602	0	23.6116	1225.15	13589.7	32609.3	5.01321	4077.84	33.5065	127.456	4.58387	5.1927	828.673	9038.98	5408.99	8121.4	27.1442	2092.32	18372.7	5358.21	20766	865.899	8518.03	46023.4	1069.57	11232.8	1734.16	95568	95568	
103.34	0	374.963	721.423	0	0	0.212685	0	0	0	0	0	2777.23	6.13457	0	2.55326	1435.97	384.008	214.948	6567.71	2.35791	3878.65	5.76539	0	0	0	0	0	2101.02	578.396	0	109.264	6579.89	769.751	0	0.821216	2.51463	67.6191	0.0621831	1.0605	0.0842021	4.02082	0	0	0	0	0	0	9.16539	0	5311.82	2208.02	0	0	1.10455	0.0422331	0	0	0	22.0883	466.633	80.6937	0	31.0074	335.262	5.26659	1349.41	16679.4	0	45.5773	19.7715	0.603739	0.000269358	0	3.00522	8798.01	27.5753	7234.19	5.8113	1890.84	9092.8	48.0868	41.5841	550.798	0.00487888	0	1.03036	123.076	4.15792	0.90815	0	0	0	6.35464	0.180803	21.8293	257.611	0	6187.97	4029.32	0	0	2.86639	0	0.000890398	0	815.779	0	0	0	19.7393	0	135.151	0	28.7141	1662.67	0	0	2.15757	0	0.108661	0.109116	2.00412	0	0	0	1.02184	0	23.7071	1207.11	13509.4	32420.2	4.87743	3991.84	32.9707	124.783	4.35194	5.03809	820.788	8820.1	5372.46	7905.77	26.7533	2055.49	17869.6	5318.49	20422	855.099	8456.67	45152.3	1055.62	11190.8	1720.49	94171.5	94171.5	
103.6	0	362.913	703.124	0	0	0.205865	0	0	0	0	0	2712.36	5.76511	0	2.3681	1385.9	377.157	210.319	6410.26	2.25697	3762.52	5.56547	0	0	0	0	0	2043.16	554.9	0	105.813	6286.59	735.935	0	0.845027	2.3924	63.1747	0.0627499	1.02345	0.0852486	4.17113	0	0	0	0	0	0	8.94638	0	5180.22	2163.62	0	0	1.06914	0.0391038	0	0	0	21.1931	451.375	76.7323	0	30.0392	318.168	4.89952	1340.52	16487.7	0	44.4765	19.3262	0.56777	0.000265321	0	3.00831	8544.09	27.1076	7020.07	5.69554	1841.28	8814.44	44.4236	39.7698	533.137	0.00444662	0	0.995617	117.91	4.2801	0.919841	0	0	0	5.9482	0.179956	20.4497	243.336	0	6144.1	4019.5	0	0	2.85072	0	0.000867796	0	803.068	0	0	0	19.3095	0	135.723	0	27.5514	1648.52	0	0	2.07785	0	0.111235	0.11015	1.93449	0	0	0	1.0117	0	22.3614	1162.41	13305.4	31966.8	4.65382	3870.17	32.1536	119.54	4.47772	5.20112	808.011	8565.28	5234	7663.42	26.1967	1999.95	17215.5	5172.63	19758.5	816.636	8242.46	44153.2	1011.35	11124.6	1703.67	91983.1	91983.1	
103.84	0	338.318	655.491	0	0	0.191794	0	0	0	0	0	2544.1	5.25969	0	2.11553	1282.49	356.293	197.554	5991.39	2.07446	3509.74	5.16617	0	0	0	0	0	1909.73	513.733	0	98.7788	5799.69	683.056	0	0.83409	2.20032	57.6789	0.0606742	0.947249	0.0826091	4.10254	0	0	0	0	0	0	8.54472	0	4869.9	2042.4	0	0	0.999782	0.0363357	0	0	0	19.7829	420.831	70.8099	0	27.9496	293.615	4.49979	1281.66	15650.2	0	41.4638	18.1729	0.52596	0.000248068	0	2.84402	7989.09	25.8495	6547.12	5.36076	1722.09	8226.54	40.3368	37.1383	505.713	0.00397065	0	0.926598	108.768	4.20801	0.876302	0	0	0	5.50374	0.170519	18.7081	222.916	0	5871.18	3867.21	0	0	2.74335	0	0.000819722	0	763.474	0	0	0	18.2128	0	131.078	0	25.9642	1595.51	0	0	1.95545	0	0.108487	0.105478	1.79296	0	0	0	0.960534	0	21.1347	1084.19	12621.7	30308.7	4.27875	3608.88	30.2167	110.277	4.40018	5.08432	768.111	8008.88	4900.52	7142.42	24.7046	1869.64	15986	4827.97	18384.2	757.507	7746.33	41515.4	945.269	10653.9	1647.53	86478	86478	
104.09	0	311.228	600.649	0	0	0.175928	0	0	0	0	0	2341.54	4.74619	0	1.92252	1166.13	326.346	180.407	5506.35	1.86888	3205.52	4.71948	0	0	0	0	0	1753.71	468.032	0	90.5939	5274.87	627.653	0	0.760416	2.00564	52.7068	0.0565031	0.86616	0.0766031	3.78368	0	0	0	0	0	0	7.92963	0	4509.1	1897.51	0	0	0.928601	0.0339622	0	0	0	18.7001	388.506	64.7359	0	25.9408	269.093	4.17923	1187.63	14497.6	0	38.2023	16.7929	0.494751	0.000225312	0	2.60238	7331.21	24.004	5968.74	4.94154	1576.25	7523.8	36.6236	34.2715	480.339	0.00355341	0	0.850603	99.1117	3.88736	0.801661	0	0	0	5.09627	0.157162	17.2537	204.709	0	5498.95	3652.48	0	0	2.59139	0	0.000763867	0	713.711	0	0	0	16.8997	0	123.74	0	24.1836	1526.78	0	0	1.85443	0	0.100163	0.0977543	1.64238	0	0	0	0.892615	0	20.0935	994.802	11745.8	28162.5	3.87808	3296.42	27.9698	100.507	4.06512	4.68309	717.955	7349.91	4507.77	6511.35	22.891	1711.96	14590.4	4426.39	16812.4	695.838	7174.55	38176.5	883.105	10008.4	1575.65	79752.8	79752.8	
104.32	0	290.918	556.773	0	0	0.164146	0	0	0	0	0	2181.87	4.39775	0	1.79826	1080.89	300.444	166.956	5130.01	1.70494	2967.86	4.37661	0	0	0	0	0	1631.81	434.776	0	84.392	4912.33	587.633	0	0.687904	1.87093	49.6103	0.0521037	0.811198	0.0711192	3.42756	0	0	0	0	0	0	7.50956	0	4237.53	1790.08	0	0	0.880029	0.0329403	0	0	0	18.3915	365.33	60.6091	0	24.9051	253.775	4.02147	1103.14	13533.1	0	35.9463	15.7441	0.485048	0.000207561	0	2.4133	6829.74	22.5919	5510.81	4.60989	1459.22	6983.89	34.7292	32.1762	465.096	0.00328202	0	0.7972	92.1934	3.55341	0.73734	0	0	0	4.84874	0.146117	16.2621	194.221	0	5198.22	3494.55	0	0	2.47337	0	0.000721827	0	675.045	0	0	0	15.9227	0	117.796	0	23.1325	1477.81	0	0	1.81064	0	0.0917192	0.0906811	1.53072	0	0	0	0.837964	0	19.7218	926.828	11052.1	26448.1	3.57916	3053.41	26.2982	93.5226	3.71717	4.25559	678.989	6848.13	4201.6	6015.44	21.5167	1586.57	13570.1	4116.8	15634.7	651.674	6751.54	35505.7	844.764	9504.01	1525.03	74534.2	74534.2	
104.56	0	274.368	524.945	0	0	0.154228	0	0	0	0	0	2054.65	4.10158	0	1.67805	1020.66	278.599	155.741	4834.38	1.58173	2786.41	4.12031	0	0	0	0	0	1537.38	408.388	0	79.8114	4629.62	550.319	0	0.628471	1.75932	46.9747	0.0492308	0.770896	0.0673087	3.1369	0	0	0	0	0	0	7.41767	0	4021.3	1707.69	0	0	0.838741	0.0303903	0	0	0	17.8612	345.581	56.9226	0	23.9591	238.847	3.84379	1031.81	12759.4	0	34.1995	14.9728	0.459368	0.000196582	0	2.28866	6458.84	21.3968	5167.14	4.387	1374.38	6586.63	32.839	30.2349	448.698	0.00306961	0	0.753295	86.6868	3.27621	0.696768	0	0	0	4.55101	0.140683	15.1811	186.043	0	4968.02	3384.65	0	0	2.38785	0	0.000683354	0	644.6	0	0	0	15.2157	0	114.212	0	22.3058	1438.46	0	0	1.75748	0	0.084675	0.0860308	1.46001	0	0	0	0.805983	0	19.1375	865.6	10503.8	25098.9	3.34412	2867.58	25.0339	87.9475	3.42907	3.9197	648.349	6476.7	3959.01	5641.1	20.5494	1495.01	12802.6	3880.55	14716	611.123	6413.03	33459.8	809.104	9129.09	1484.1	70502.8	70502.8	
104.78	0	260.204	497.223	0	0	0.146268	0	0	0	0	0	1952.98	3.8469	0	1.58534	968.015	262.774	147.307	4586.47	1.4875	2649.44	3.90222	0	0	0	0	0	1461.15	387.777	0	75.8218	4402.9	522.378	0	0.603387	1.6714	44.846	0.0478276	0.730162	0.0646876	2.9616	0	0	0	0	0	0	7.16514	0	3833.85	1638.65	0	0	0.802327	0.0286327	0	0	0	17.0683	328.454	53.7032	0	22.9232	226.03	3.69023	976.593	12147.2	0	32.4548	14.3352	0.435925	0.000185324	0	2.17086	6160.88	20.4293	4909.26	4.19777	1307.25	6278.05	31.2317	28.7339	437.588	0.00288095	0	0.718397	82.3248	3.13347	0.667308	0	0	0	4.34217	0.135661	14.2693	176.234	0	4768.11	3276.66	0	0	2.31256	0	0.000652998	0	616.317	0	0	0	14.586	0	111.859	0	21.2607	1411.01	0	0	1.67855	0	0.0810731	0.0823827	1.39305	0	0	0	0.77514	0	17.9736	820.074	10036.1	23995.4	3.16178	2726.74	23.9433	83.5195	3.28007	3.71129	619.88	6177.95	3763.02	5358.93	19.6946	1421.85	12188.2	3684	13979	580.468	6121.5	31856.9	779.382	8789.85	1454.26	67245.4	67245.4	
105.01	0	250.806	475.823	0	0	0.139197	0	0	0	0	0	1870.56	3.62303	0	1.51778	918.966	250.731	140.813	4394.97	1.40371	2526.01	3.70618	0	0	0	0	0	1399.98	369.016	0	72.2536	4180.89	502.209	0	0.57322	1.60189	43.8568	0.0455278	0.700408	0.0624126	2.82454	0	0	0	0	0	0	6.87002	0	3667.83	1569.64	0	0	0.766849	0.0274438	0	0	0	16.3332	315.585	50.9078	0	22.294	214.249	3.6167	931.008	11618.9	0	30.8244	13.6634	0.418512	0.000174685	0	2.05775	5861.77	19.404	4663.43	3.99677	1245.49	5959.2	30.0941	27.7781	428.018	0.00275097	0	0.687614	78.7777	2.98501	0.6339	0	0	0	4.18858	0.129324	13.7391	167.027	0	4564.69	3156.39	0	0	2.20959	0	0.00062129	0	586.284	0	0	0	13.8947	0	107.388	0	20.5178	1374.37	0	0	1.59944	0	0.0764406	0.0788	1.32901	0	0	0	0.736335	0	16.8845	786.65	9603.45	23018.7	3.00836	2600.69	22.8178	79.924	3.12466	3.53724	589.671	5878.1	3605.53	5091.17	18.7572	1355.3	11571.5	3521.44	13339.8	558.743	5857.64	30353.8	754.061	8430.85	1415.59	64231.9	64231.9	
105.23	0	243.48	461.753	0	0	0.133195	0	0	0	0	0	1802.14	3.38773	0	1.43827	876.419	241.889	136.228	4252.55	1.32775	2426.34	3.54026	0	0	0	0	0	1352.07	351.621	0	69.6659	3947.41	485.686	0	0.542489	1.54211	43.0309	0.0437298	0.677588	0.0607164	2.69557	0	0	0	0	0	0	6.65214	0	3523.53	1498.72	0	0	0.72914	0.0263816	0	0	0	15.3966	304.802	48.1065	0	21.8021	202.276	3.54466	893.038	11214.9	0	29.2767	13.0142	0.397361	0.000166435	0	1.96473	5586.41	18.4692	4455.29	3.80904	1194.77	5659.43	28.7963	26.8645	419.092	0.00263292	0	0.661096	75.8462	2.84891	0.602653	0	0	0	4.04188	0.122871	13.2861	156.957	0	4362.56	3033.96	0	0	2.09789	0	0.000589133	0	556.057	0	0	0	13.2047	0	100.598	0	19.5397	1331.77	0	0	1.5084	0	0.0725713	0.0744131	1.26934	0	0	0	0.697657	0	15.567	759.916	9205.24	22213.3	2.87249	2498.65	21.7279	76.9475	2.98295	3.37263	559.291	5601.81	3477.48	4862.45	17.8343	1300.96	10965.3	3388.75	12782.6	540.931	5615.39	29074.3	729.123	8068.48	1370.5	61570.1	61570.1	
105.44	0	233.6	444.852	0	0	0.126901	0	0	0	0	0	1724.48	3.14465	0	1.33822	831.554	233.312	131.403	4093.9	1.24748	2322.13	3.35736	0	0	0	0	0	1296.74	332.418	0	66.6475	3691.65	463.919	0	0.520247	1.47015	41.2333	0.042269	0.647139	0.0595017	2.62663	0	0	0	0	0	0	6.31329	0	3356.67	1416.33	0	0	0.685352	0.024377	0	0	0	14.346	291.63	44.9318	0	20.8639	188.33	3.39749	856.787	10804.1	0	27.7492	12.315	0.369373	0.00015905	0	1.89185	5287.71	17.5609	4236.82	3.61057	1141.88	5339.55	27.0467	25.669	404.149	0.00243794	0	0.632766	72.533	2.76023	0.578384	0	0	0	3.82521	0.115495	12.4718	145.385	0	4145.06	2895.5	0	0	1.97497	0	0.000557916	0	524.149	0	0	0	12.4465	0	93.5223	0	18.1608	1281.39	0	0	1.4045	0	0.0697601	0.0707359	1.18792	0	0	0	0.655864	0	14.0504	727.676	8767.36	21340.7	2.72007	2391.11	20.5392	73.5739	2.89021	3.27575	527.229	5302.05	3330.42	4621.14	16.8285	1243.2	10310.4	3239.1	12172.8	516.832	5333.81	27733.7	695.169	7672.65	1316.99	58681.1	58681.1	
105.65	0	221.64	424.663	0	0	0.120839	0	0	0	0	0	1638.02	2.91694	0	1.24087	783.679	223.364	126.815	3911.99	1.16554	2206.65	3.16453	0	0	0	0	0	1237.85	312.172	0	63.0378	3446.54	443.106	0	0.490623	1.39916	39.2416	0.0403173	0.609524	0.0576807	2.53382	0	0	0	0	0	0	5.93422	0	3185.88	1331	0	0	0.642278	0.0229019	0	0	0	13.3682	277.964	41.8829	0	19.5611	175.665	3.24517	815.969	10346.3	0	26.5445	11.5838	0.345532	0.000150728	0	1.79062	4970.09	16.7024	4002.09	3.39977	1084.57	5001.25	25.7537	24.3737	392.108	0.00230802	0	0.606886	68.9522	2.64506	0.545982	0	0	0	3.63448	0.106871	11.9434	134.704	0	3918.51	2746.46	0	0	1.84763	0	0.000530026	0	492.837	0	0	0	11.6752	0	85.8788	0	17.4196	1235.25	0	0	1.31715	0	0.0666766	0.0667914	1.11031	0	0	0	0.608779	0	13.003	695.469	8310.61	20388.3	2.56701	2272.44	19.3234	69.9302	2.7701	3.14659	495.737	4983.46	3170.53	4362.69	15.7907	1180.35	9646.65	3072.28	11532.8	493.413	5045.99	26283.9	665.376	7257.2	1268.84	55619.7	55619.7	
105.85	0	218.185	415.653	0	0	0.118826	0	0	0	0	0	1599.1	2.82801	0	1.22649	759.255	217.156	125.203	3834.26	1.11656	2142.96	3.0589	0	0	0	0	0	1215.35	299.957	0	60.6542	3327.21	441.657	0	0.455345	1.38046	39.1304	0.0380794	0.589139	0.055338	2.38014	0	0	0	0	0	0	5.57249	0	3119.12	1291.19	0	0	0.627636	0.0234063	0	0	0	13.3177	275.249	40.9539	0	18.6803	172.453	3.31777	786.963	10086	0	26.242	11.1671	0.350401	0.000148119	0	1.69613	4783.61	16.0817	3855.45	3.26596	1052.09	4790.08	26.1974	24.0456	396.57	0.00234454	0	0.595856	67.3405	2.47119	0.510845	0	0	0	3.6657	0.10033	12.185	131.608	0	3802.02	2663.53	0	0	1.77668	0	0.000523311	0	477.949	0	0	0	11.265	0	80.2177	0	17.85	1224.64	0	0	1.32105	0	0.061963	0.063354	1.10835	0	0	0	0.575789	0	13.3563	688.328	8093.39	19912.3	2.49937	2208.33	18.7042	68.3034	2.58916	2.95434	480.754	4796.93	3105.78	4202.85	15.2071	1144.84	9279.75	2996.37	11226.9	491.258	4931.61	25416.3	665.293	7036.76	1258.98	54023.5	54023.5	
106.06	0	220.031	419.617	0	0	0.115964	0	0	0	0	0	1588.54	2.80959	0	1.19993	748.987	215.304	122.387	3808.32	1.08559	2101.75	2.99742	0	0	0	0	0	1201.84	290.528	0	58.9032	3255.22	437.545	0	0.424277	1.36183	38.3226	0.0363467	0.588184	0.054899	2.29975	0	0	0	0	0	0	5.6126	0	3121.68	1290.13	0	0	0.622169	0.0232686	0	0	0	13.0797	277.471	40.6724	0	18.6032	169.966	3.28128	777.833	9993.44	0	26.1169	10.9782	0.343006	0.000152591	0	1.69385	4713.87	15.6994	3772.68	3.22856	1033.11	4698.46	25.8548	24.0523	393.065	0.00232242	0	0.584758	66.3567	2.36873	0.502208	0	0	0	3.65094	0.0991042	12.1122	130.439	0	3807.49	2661.98	0	0	1.75341	0	0.000517311	0	479.405	0	0	0	11.1526	0	77.2622	0	17.624	1225.32	0	0	1.31372	0	0.0595473	0.0617035	1.12506	0	0	0	0.5684	0	13.088	681.985	8091.1	19792.3	2.44974	2166.19	18.402	67.3112	2.48385	2.86366	482.224	4726.95	3083.55	4110.34	15.0487	1123.93	9099.03	2981.29	11058.3	486.245	4932.25	25050.7	659.087	7039.04	1259.16	53466.2	53466.2	
106.25	0	212.604	410.879	0	0	0.111111	0	0	0	0	0	1542.75	2.71206	0	1.09271	722.878	212.609	118.731	3716.68	1.04046	2044.02	2.90199	0	0	0	0	0	1165.26	279.572	0	57.1104	3140.93	419.473	0	0.429444	1.30143	35.353	0.0364171	0.567163	0.054678	2.37139	0	0	0	0	0	0	5.41811	0	3046.52	1265.89	0	0	0.601953	0.0218173	0	0	0	12.1743	268.657	39.1508	0	17.8518	163.101	3.05537	773.331	9881	0	25.034	10.7114	0.31643	0.000152748	0	1.70812	4602.41	15.4998	3679.75	3.16929	1006.64	4589.15	24.1825	23.3826	374.288	0.00216145	0	0.564752	63.7517	2.45009	0.509699	0	0	0	3.46546	0.0983566	11.2621	123.243	0	3776.83	2649.55	0	0	1.73502	0	0.000503684	0	474.402	0	0	0	10.9292	0	77.1501	0	16.8186	1209.73	0	0	1.2494	0	0.0614677	0.0621524	1.07626	0	0	0	0.563407	0	12.2604	659.32	7968.22	19508.4	2.34405	2104.4	17.9121	64.6571	2.56689	2.94324	477.186	4614.58	2992.16	4004.65	14.7602	1093.96	8834.13	2893.02	10738.9	465.004	4813.97	24591.8	627.2	6990.6	1241.82	52362.2	52362.2	
106.45	0	196.967	383.731	0	0	0.10303	0	0	0	0	0	1440.62	2.51989	0	0.974976	672.516	200.749	111.228	3491.92	0.958428	1909.47	2.7038	0	0	0	0	0	1089.17	258.983	0	53.3549	2922.18	388.54	0	0.413435	1.19862	31.6045	0.0351076	0.522963	0.0517853	2.32513	0	0	0	0	0	0	4.94208	0	2866.48	1197.35	0	0	0.563799	0.019876	0	0	0	10.9675	250.781	36.4215	0	16.3437	151.869	2.78695	734.308	9382.16	0	23.2028	10.0787	0.282937	0.000144357	0	1.63356	4324.79	14.7506	3451.01	2.98979	942.501	4312.28	22.0149	21.8566	347.623	0.00198347	0	0.526663	58.8003	2.40777	0.49622	0	0	0	3.19836	0.0936824	10.2532	112.737	0	3603.92	2540.09	0	0	1.66308	0	0.000474122	0	452.301	0	0	0	10.3284	0	75.3001	0	15.7025	1154.78	0	0	1.15988	0	0.0601306	0.0607359	0.988574	0	0	0	0.536088	0	11.4387	614.091	7550.46	18498.1	2.15903	1964.28	16.834	59.6261	2.5203	2.88208	454.924	4335.76	2795.32	3752.13	13.948	1023.43	8263.27	2697.43	10040.7	429.634	4530.79	23202.8	580.009	6683.6	1184.72	49349.7	49349.7	
106.63	0	180.03	351.51	0	0	0.0940881	0	0	0	0	0	1322.04	2.31857	0	0.876152	614.03	183.805	102.102	3222.51	0.865909	1743.53	2.47114	0	0	0	0	0	1000.97	235.655	0	48.7128	2679.77	356.022	0	0.376718	1.09488	28.4456	0.032169	0.479034	0.0472748	2.15641	0	0	0	0	0	0	4.33663	0	2655.09	1115.4	0	0	0.523256	0.0190057	0	0	0	9.96596	232.072	33.7675	0	14.8923	141.337	2.52286	677.149	8676.74	0	21.3363	9.30549	0.261464	0.00013362	0	1.51082	3978.69	13.5881	3162.31	2.75576	862.47	3967.38	20.1772	20.0742	321.596	0.00183232	0	0.482325	53.4217	2.23062	0.464328	0	0	0	2.99845	0.0866148	9.41201	103.948	0	3370.02	2383.35	0	0	1.56157	0	0.000438976	0	423.642	0	0	0	9.58744	0	71.4259	0	14.7962	1082.71	0	0	1.08255	0	0.0554654	0.0573218	0.917139	0	0	0	0.496831	0	10.9987	562.528	7019.27	17154.2	1.96262	1793.31	15.5526	54.1812	2.33393	2.67806	426.07	3988.65	2568.68	3437.05	12.9266	936.363	7593.23	2470.9	9220.39	392.991	4203.07	21376	534.893	6259.59	1111.11	45569	45569	
106.82	0	167.313	325.152	0	0	0.0875632	0	0	0	0	0	1230.1	2.19186	0	0.821329	570.047	168.907	94.2069	3012.83	0.793281	1610.48	2.29868	0	0	0	0	0	931.124	218.542	0	45.1901	2509.74	332.763	0	0.340945	1.02279	26.4915	0.0290139	0.447529	0.0431236	1.96894	0	0	0	0	0	0	3.89168	0	2495.93	1056.45	0	0	0.494452	0.0185403	0	0	0	9.3325	219.22	32.077	0	13.9282	135.106	2.35569	626.86	8086.65	0	19.9513	8.70321	0.248565	0.000126223	0	1.39227	3704.15	12.7684	2930.22	2.56546	797.416	3697.28	19.0642	18.6549	302.528	0.00174395	0	0.449541	49.5157	2.03833	0.434407	0	0	0	2.86367	0.0808846	8.87338	99.9971	0	3178.79	2257.7	0	0	1.48487	0	0.000414719	0	400.972	0	0	0	9.01796	0	68.3522	0	14.1232	1026.99	0	0	1.04179	0	0.050704	0.0539107	0.871971	0	0	0	0.465789	0	11.0239	523.09	6595.88	16068.6	1.81781	1656.92	14.5891	50.2303	2.1327	2.45726	403.237	3713.48	2393.21	3185.89	12.1301	866.229	7095.44	2295.71	8594.12	366.999	3962.56	19890.6	504.502	5916.32	1054.62	42585.4	42585.4	
107	0	157.336	305.629	0	0	0.081836	0	0	0	0	0	1158.14	2.08495	0	0.760294	537.878	157.517	87.3468	2840.35	0.737755	1509.24	2.16347	0	0	0	0	0	873.917	205.138	0	42.3856	2376.86	312.897	0	0.317236	0.963464	24.8016	0.0268245	0.424139	0.0403207	1.84416	0	0	0	0	0	0	3.61958	0	2366.03	1010.01	0	0	0.469691	0.0176005	0	0	0	8.76082	208.217	30.4453	0	13.1209	128.712	2.23705	589.424	7618.71	0	18.8741	8.26335	0.233789	0.000122093	0	1.30951	3496.86	12.1012	2754.96	2.43247	748.368	3502.07	18.0024	17.5148	285.399	0.00164771	0	0.424019	46.513	1.9016	0.410285	0	0	0	2.71214	0.0778614	8.3758	97.4276	0	3034.29	2163.16	0	0	1.42489	0	0.000392553	0	383.128	0	0	0	8.5983	0	66.6421	0	13.5464	978.6	0	0	0.999131	0	0.0474155	0.0512504	0.838848	0	0	0	0.447044	0	10.8054	490.653	6265.49	15202.2	1.70287	1552.92	13.8532	47.1885	1.98985	2.30569	385.276	3505.62	2252.37	2995.34	11.5557	813.011	6724.02	2161.91	8095.66	344.934	3765.78	18755.9	478.76	5657.25	1005.34	40265.5	40265.5	
107.18	0	149.062	290.269	0	0	0.0776418	0	0	0	0	0	1100.44	1.988	0	0.721265	511.679	148.978	82.3422	2693.94	0.69831	1432.25	2.04973	0	0	0	0	0	828.919	194.508	0	40.0962	2271.08	297.517	0	0.312794	0.917184	23.2857	0.0254757	0.399323	0.0385296	1.74297	0	0	0	0	0	0	3.38609	0	2252.59	969.342	0	0	0.447184	0.0170358	0	0	0	8.2258	198.311	29.0142	0	12.3573	123.077	2.12382	558.989	7264.04	0	17.9888	7.9072	0.222361	0.000116532	0	1.24144	3328.99	11.6484	2622.02	2.31913	710.254	3349.28	17.0744	16.543	272.114	0.00156262	0	0.402461	44.1681	1.82543	0.386505	0	0	0	2.60237	0.0749869	7.91758	93.6005	0	2907.52	2078.11	0	0	1.37508	0	0.000376284	0	366.321	0	0	0	8.22471	0	65.6929	0	12.7581	940.397	0	0	0.946252	0	0.0458046	0.0486645	0.794314	0	0	0	0.429357	0	10.1667	465.693	5979.8	14508.5	1.61706	1473.53	13.231	44.8068	1.91026	2.17814	368.357	3337.22	2139.32	2850.14	11.0482	771.347	6427.97	2054.24	7694.87	327.625	3593.38	17877	456.711	5427.24	965.586	38396.7	38396.7	
107.35	0	142.873	277.448	0	0	0.0742175	0	0	0	0	0	1051.95	1.88581	0	0.689934	488.38	142.154	78.8245	2578.69	0.662291	1362.15	1.95114	0	0	0	0	0	791.138	185.157	0	38.1378	2170.95	286.812	0	0.30299	0.880662	22.2639	0.0238832	0.382711	0.0368661	1.61909	0	0	0	0	0	0	3.19035	0	2153.56	926.692	0	0	0.425387	0.016873	0	0	0	7.74066	190.436	27.6121	0	11.9134	117.926	2.0486	531.419	6957.98	0	17.4014	7.55049	0.214228	0.000110373	0	1.18093	3160.97	11.1465	2493.1	2.20099	675.284	3188.9	16.3819	15.8496	262.107	0.00151499	0	0.383072	42.208	1.73537	0.363043	0	0	0	2.51215	0.071343	7.68678	89.0916	0	2778.11	1987.29	0	0	1.31045	0	0.000361407	0	348.585	0	0	0	7.82465	0	63.3762	0	12.1754	904.575	0	0	0.894348	0	0.0435466	0.0460022	0.75288	0	0	0	0.408502	0	9.60007	447.397	5712.81	13895.1	1.54447	1401.82	12.613	42.8218	1.81626	2.02814	350.519	3168.71	2044.67	2710.26	10.5055	733.712	6131.42	1963.3	7349.83	315.513	3436.32	17049.4	438.391	5186.5	928.496	36667.7	36667.7	
107.52	0	137.944	268.275	0	0	0.0716336	0	0	0	0	0	1013.1	1.7702	0	0.657014	468.866	136.715	75.9876	2499.88	0.630226	1304.58	1.87304	0	0	0	0	0	763.075	176.578	0	36.7802	2065.2	277.304	0	0.287915	0.848849	21.2588	0.0228232	0.369317	0.0355764	1.53134	0	0	0	0	0	0	3.01992	0	2067.39	884.832	0	0	0.403958	0.0163182	0	0	0	7.24529	183.897	26.2342	0	11.5049	112.353	1.96827	507.45	6716.05	0	17.0147	7.22704	0.203651	0.000104157	0	1.12936	3008.47	10.6401	2384.08	2.09125	647.546	3037.59	15.656	15.1536	252.445	0.00146586	0	0.366768	40.5917	1.65063	0.344053	0	0	0	2.41531	0.0679339	7.45127	83.6176	0	2648.29	1897.22	0	0	1.24171	0	0.000346873	0	330.704	0	0	0	7.43648	0	59.9301	0	11.5032	868.935	0	0	0.838714	0	0.0414189	0.0434333	0.718983	0	0	0	0.388824	0	8.88544	431.643	5463.72	13387.9	1.48054	1342.85	12.0457	41.181	1.72807	1.91882	332.552	3015.71	1970.71	2591.08	9.98448	703.939	5839.46	1890.68	7061.3	304.679	3293.88	16341.5	419.761	4944.83	891.355	35147.9	35147.9	
107.69	0	131.836	258.186	0	0	0.0687119	0	0	0	0	0	970.166	1.64644	0	0.618565	446.797	131.518	72.9519	2413.5	0.595153	1244.12	1.7856	0	0	0	0	0	731.346	167.173	0	35.2151	1945.66	264.892	0	0.277356	0.810679	19.9505	0.0218685	0.354499	0.0346558	1.48054	0	0	0	0	0	0	2.841	0	1971.36	838.997	0	0	0.379618	0.015422	0	0	0	6.71856	176.081	24.5946	0	11.0816	105.73	1.83093	485.637	6474.44	0	16.4831	6.87273	0.190177	9.76855e-05	0	1.08024	2849.43	10.1857	2272.21	1.97817	619.074	2872.65	14.6405	14.3496	239.137	0.00138758	0	0.349525	38.859	1.5922	0.329796	0	0	0	2.28373	0.0642532	7.06974	77.0763	0	2512.03	1801.04	0	0	1.16821	0	0.000330859	0	312.053	0	0	0	7.01941	0	55.8432	0	10.6733	831.338	0	0	0.779205	0	0.0399704	0.0410979	0.674368	0	0	0	0.367362	0	8.08511	412.881	5198.83	12856.9	1.40722	1280.55	11.4255	39.4191	1.66725	1.85143	313.808	2856.15	1887.78	2467.91	9.42919	673.059	5514.68	1809.32	6743.86	290.663	3134.96	15612.1	395.753	4689.15	851.999	33527.8	33527.8	
107.85	0	125.345	246.977	0	0	0.0655958	0	0	0	0	0	923.276	1.53878	0	0.583458	423.685	125.778	69.4632	2314.43	0.560192	1180.73	1.69083	0	0	0	0	0	698.853	157.726	0	33.5393	1822.5	252.903	0	0.261001	0.772496	18.8229	0.0208335	0.335434	0.0331939	1.43104	0	0	0	0	0	0	2.62827	0	1874.99	792.714	0	0	0.357062	0.0142351	0	0	0	6.33119	167.714	23.0205	0	10.5907	99.2818	1.75364	462.658	6204.53	0	15.7635	6.49042	0.177779	9.21732e-05	0	1.01909	2690.01	9.72139	2152.86	1.86457	588.52	2699.97	13.9198	13.6785	227.606	0.00130993	0	0.333251	37.0866	1.52417	0.312217	0	0	0	2.13487	0.0600539	6.71943	71.6444	0	2373.81	1703.9	0	0	1.09645	0	0.00031767	0	293.884	0	0	0	6.60643	0	51.3188	0	10.1036	795.757	0	0	0.734577	0	0.0381257	0.039173	0.629673	0	0	0	0.343469	0	7.53688	394.354	4930.05	12286.2	1.334	1215.31	10.789	37.614	1.5959	1.78243	295.533	2696.34	1799.56	2337.28	8.87452	639.953	5178.57	1721.47	6405.27	277.208	2975.02	14835.3	375.021	4430.62	815.183	31835.1	31835.1	
108.01	0	123.549	243.597	0	0	0.0645099	0	0	0	0	0	902.083	1.50499	0	0.587656	413.089	122.303	67.9678	2276.84	0.542539	1147.22	1.639	0	0	0	0	0	686.332	153.025	0	32.5055	1766	251.493	0	0.243235	0.763703	18.9281	0.0197491	0.325088	0.0317826	1.34126	0	0	0	0	0	0	2.48932	0	1840.92	771.836	0	0	0.349761	0.0142485	0	0	0	6.29348	165.659	22.5442	0	10.3112	97.5392	1.81066	447.245	6065	0	15.4439	6.274	0.178191	8.93893e-05	0	0.964406	2600.88	9.44508	2081.3	1.79687	571.903	2596.5	14.2144	13.6125	228.661	0.00133357	0	0.328793	36.4265	1.42418	0.294194	0	0	0	2.12084	0.0566221	6.89301	70.5322	0	2306.38	1656.67	0	0	1.057	0	0.000313614	0	285.402	0	0	0	6.39589	0	47.7173	0	10.2646	781.58	0	0	0.736539	0	0.0356843	0.0374331	0.618588	0	0	0	0.325397	0	7.79504	389.821	4809.94	12024.4	1.30758	1181.59	10.4694	36.9441	1.49205	1.67289	286.985	2607.17	1763.52	2260.5	8.57478	622.201	5001.66	1684.47	6254.37	275.635	2915.47	14398.7	374.565	4303.62	801.393	31008.3	31008.3	
108.17	0	123.224	245.698	0	0	0.0634363	0	0	0	0	0	892.772	1.47976	0	0.581399	409.37	120.846	67.6725	2279.48	0.534892	1131.47	1.61683	0	0	0	0	0	681.934	149.585	0	31.8966	1729.46	248.268	0	0.22937	0.757227	18.8503	0.0189482	0.324296	0.031576	1.29272	0	0	0	0	0	0	2.5021	0	1830.96	765.367	0	0	0.345322	0.0139269	0	0	0	6.03131	164.58	22.2493	0	10.234	95.8885	1.78317	441.592	6024.19	0	15.1885	6.16802	0.170826	9.08117e-05	0	0.970389	2561.54	9.14125	2047.45	1.78457	565.784	2542.57	14.0143	13.4191	227.555	0.00133963	0	0.323719	36.0566	1.35561	0.293405	0	0	0	2.10287	0.0564667	6.96644	70.5349	0	2304.28	1653.45	0	0	1.04688	0	0.000306614	0	284.551	0	0	0	6.34818	0	46.5829	0	10.248	775.604	0	0	0.733717	0	0.0337972	0.0367977	0.631131	0	0	0	0.323036	0	7.90133	384.911	4791.39	11971.6	1.29346	1165.51	10.3169	36.5657	1.42138	1.62292	286.153	2567.57	1748.43	2222.87	8.51226	615.462	4904.81	1673.19	6194.5	272.274	2895.66	14218.3	372.68	4296.26	795.512	30718.4	30718.4	
108.33	0	118.883	241.196	0	0	0.0609456	0	0	0	0	0	867.181	1.44315	0	0.540423	397.459	119.391	66.5237	2230.28	0.52206	1105.72	1.57246	0	0	0	0	0	664.694	144.778	0	30.9361	1670.82	237.841	0	0.234756	0.727762	17.6854	0.0189393	0.313361	0.0316344	1.33459	0	0	0	0	0	0	2.35443	0	1787.18	751.733	0	0	0.33408	0.0127166	0	0	0	5.4772	158.247	21.5023	0	9.77152	91.7963	1.65577	438.955	5960.88	0	14.38	6.02511	0.154382	8.83619e-05	0	0.977285	2500.67	9.06118	2005.63	1.7605	552.717	2490.07	13.1627	12.8708	218.061	0.00126897	0	0.313199	34.8364	1.39603	0.299625	0	0	0	1.99078	0.0561447	6.56774	68.51	0	2288.07	1641.25	0	0	1.04251	0	0.000295645	0	281.398	0	0	0	6.24117	0	47.1157	0	9.84637	764.118	0	0	0.697648	0	0.0350811	0.0371892	0.61798	0	0	0	0.320834	0	7.50243	372.051	4722.33	11807.8	1.25109	1137.79	10.0649	35.3168	1.46313	1.6714	282.994	2506.15	1699.18	2175.35	8.37865	600.533	4775.63	1626.76	6035.23	260.542	2826.05	13982.9	358.066	4265.12	783.175	30137.9	30137.9	
108.48	0	110.215	227.387	0	0	0.0563719	0	0	0	0	0	811.133	1.35646	0	0.488065	370.283	113.368	62.5812	2092.18	0.489547	1038.79	1.46896	0	0	0	0	0	625.252	134.874	0	28.8203	1556.21	220.787	0	0.235674	0.675957	16.1939	0.018123	0.289379	0.0299766	1.31795	0	0	0	0	0	0	2.10697	0	1682.94	711.769	0	0	0.312708	0.0113641	0	0	0	4.93392	146.958	20.1184	0	8.88744	84.9261	1.51605	420.191	5671.08	0	13.0844	5.67358	0.138187	8.27429e-05	0	0.928551	2351.56	8.73002	1887.74	1.66643	518.458	2347.94	12.1507	12.0175	203.997	0.00117591	0	0.292911	32.4358	1.38017	0.287219	0	0	0	1.83264	0.0532321	6.05005	64.238	0	2185.44	1568.72	0	0	1.00297	0	0.000276279	0	268.136	0	0	0	5.90825	0	45.9901	0	9.37016	727.365	0	0	0.652593	0	0.0349212	0.0359787	0.582784	0	0	0	0.304883	0	7.0552	347.821	4482.75	11202.7	1.16668	1068.07	9.47823	32.8747	1.44542	1.64115	269.648	2356.49	1592.07	2045.92	7.93279	562.704	4478.75	1520.92	5654.03	241.655	2660.85	13228.7	334.736	4075.19	745.401	28461.5	28461.5	
108.62	0	101.28	210.38	0	0	0.0513894	0	0	0	0	0	745.699	1.26589	0	0.441945	339.65	104.566	57.4293	1925.84	0.449661	955.328	1.34928	0	0	0	0	0	577.69	123.343	0	26.2825	1431.97	203.487	0	0.21893	0.621706	14.9165	0.0165526	0.264098	0.0275118	1.21954	0	0	0	0	0	0	1.88242	0	1557.7	662.002	0	0	0.289736	0.010465	0	0	0	4.44086	135.321	18.7411	0	7.9598	78.4168	1.41126	390.334	5252.21	0	11.7987	5.23691	0.125274	7.69183e-05	0	0.856158	2168.11	8.12607	1736.65	1.54431	475.831	2167.26	11.2905	11.1896	189.257	0.0010751	0	0.269898	29.7064	1.28733	0.264669	0	0	0	1.70532	0.0490774	5.5317	60.3283	0	2045.12	1471.79	0	0	0.942688	0	0.000254798	0	251.057	0	0	0	5.49705	0	44.2486	0	8.89095	679.095	0	0	0.611975	0	0.0326885	0.0333672	0.548643	0	0	0	0.282887	0	6.77556	320.755	4171.95	10390.8	1.07244	982.043	8.76842	30.1062	1.34786	1.51758	252.462	2172.55	1466.84	1881.7	7.37332	516.047	4130.53	1398.77	5204.25	222.655	2464.89	12219.5	310.881	3818.65	696.271	26335.8	26335.8	
108.77	0	94.3389	197.634	0	0	0.0477373	0	0	0	0	0	693.961	1.20575	0	0.418845	316.969	96.8605	52.9406	1795.31	0.418042	889.18	1.25726	0	0	0	0	0	539.416	114.438	0	24.1893	1340.13	190.632	0	0.200298	0.583321	14.1265	0.0150223	0.246708	0.0252526	1.12571	0	0	0	0	0	0	1.67528	0	1460.14	623.584	0	0	0.274151	0.00997922	0	0	0	4.1574	127.207	17.889	0	7.25986	74.1448	1.34471	364.012	4900.4	0	10.8799	4.90136	0.118957	7.21583e-05	0	0.790119	2025.35	7.62057	1614.9	1.44605	441.76	2024.61	10.7556	10.5644	180.216	0.00102179	0	0.253283	27.6949	1.18851	0.246454	0	0	0	1.63795	0.0455714	5.23792	58.7212	0	1932.33	1394.67	0	0	0.895084	0	0.000238185	0	237.854	0	0	0	5.18168	0	42.6891	0	8.5013	643.722	0	0	0.593738	0	0.0302574	0.0314135	0.518046	0	0	0	0.265171	0	6.83184	299.593	3922.82	9735.74	1.00238	914.186	8.23764	28.0705	1.24433	1.40358	239.162	2029.51	1368.2	1750.07	6.93847	478.866	3865.77	1304.58	4854.14	208.63	2314.66	11398.1	296.563	3613.62	660.494	24650.8	24650.8	
108.91	0	88.5741	187.039	0	0	0.0446461	0	0	0	0	0	653.032	1.15121	0	0.390597	300.13	90.8418	49.2958	1696.17	0.393484	837.569	1.18507	0	0	0	0	0	508.195	107.471	0	22.521	1269.4	179.169	0	0.187617	0.551426	13.4554	0.0138277	0.234076	0.0236809	1.0539	0	0	0	0	0	0	1.58709	0	1382.73	593.724	0	0	0.260306	0.00919894	0	0	0	3.88784	120.583	17.0828	0	6.76662	70.18	1.28142	342.878	4620.98	0	10.1733	4.64456	0.110248	6.97281e-05	0	0.752074	1917.58	7.14145	1523.5	1.37689	415.326	1918.08	10.1428	10.0399	171.942	0.000980165	0	0.240029	26.1149	1.11517	0.234343	0	0	0	1.55451	0.043426	5.03285	57.6527	0	1845.6	1335.4	0	0	0.859364	0	0.000224262	0	227.891	0	0	0	4.94759	0	42.0871	0	8.22738	614.198	0	0	0.575959	0	0.028286	0.029892	0.495182	0	0	0	0.253633	0	6.74808	281.435	3727.35	9219.65	0.94589	861.197	7.82376	26.4684	1.16743	1.31813	229.138	1921.46	1288.95	1650.76	6.62154	450.037	3665.87	1230.36	4583.05	196.276	2195.22	10763.8	284.113	3456.79	630.557	23340.2	23340.2	
109.05	0	83.4978	177.804	0	0	0.0423035	0	0	0	0	0	619.842	1.09799	0	0.368815	285.954	86.0621	46.7912	1617.11	0.374456	798.07	1.12428	0	0	0	0	0	484.373	102.087	0	21.2559	1213.24	170.154	0	0.186406	0.526231	12.8903	0.0131983	0.22212	0.0223497	1.0028	0	0	0	0	0	0	1.47828	0	1317.19	568.084	0	0	0.248265	0.00889315	0	0	0	3.64612	114.784	16.3837	0	6.31448	67.024	1.21328	325.609	4408.73	0	9.56128	4.43373	0.105207	6.69522e-05	0	0.721527	1831.63	6.85751	1453.91	1.31772	394.337	1835.19	9.63523	9.51746	164.548	0.000939158	0	0.229705	24.8518	1.07228	0.224904	0	0	0	1.50631	0.0415686	4.8113	55.9316	0	1767.99	1280.94	0	0	0.830418	0	0.000212868	0	218.599	0	0	0	4.73564	0	41.9257	0	7.77044	588.507	0	0	0.551069	0	0.0272894	0.0287934	0.472165	0	0	0	0.242522	0	6.46506	267.064	3558.36	8805.9	0.901626	820.521	7.47297	25.1881	1.1222	1.2565	219.793	1835.27	1225.86	1574.98	6.33745	427.087	3507.21	1168.61	4370.48	186.495	2093.68	10273.6	272.371	3315.01	604.064	22284.3	22284.3	
109.18	0	79.6219	169.48	0	0	0.0403311	0	0	0	0	0	591.826	1.04688	0	0.352405	272.041	81.7783	44.7408	1552.46	0.35596	763.223	1.07193	0	0	0	0	0	464.834	97.0518	0	20.1977	1157.66	163.62	0	0.183085	0.506402	12.4998	0.01239	0.213727	0.0211194	0.937468	0	0	0	0	0	0	1.39944	0	1261.05	543.508	0	0	0.236772	0.00859531	0	0	0	3.44636	110.468	15.7692	0	5.99238	64.0601	1.17271	309.863	4223.24	0	9.07241	4.2169	0.100909	6.48151e-05	0	0.687444	1746.99	6.63168	1386.45	1.25533	375.154	1750.4	9.27168	9.1366	159.029	0.000912809	0	0.220133	23.7535	1.01714	0.214338	0	0	0	1.46369	0.0395083	4.64205	53.7326	0	1689.06	1225.7	0	0	0.793489	0	0.000202314	0	208.855	0	0	0	4.50879	0	40.6501	0	7.39771	563.158	0	0	0.523441	0	0.0260292	0.0275527	0.447396	0	0	0	0.230448	0	6.09959	255.843	3400.86	8436.76	0.863275	784.795	7.11538	24.0767	1.06456	1.17936	209.99	1750.44	1173.76	1501.78	6.03408	406.339	3346.05	1114.41	4183.37	179.393	2004.53	9815.24	262.521	3169.57	577.91	21306.9	21306.9	
109.32	0	76.6169	162.941	0	0	0.0386461	0	0	0	0	0	569.683	0.994124	0	0.336211	258.565	78.4979	42.978	1502	0.339849	734.393	1.03142	0	0	0	0	0	449.813	92.733	0	19.4057	1102.22	158.08	0	0.177467	0.488853	12.0579	0.0118512	0.207819	0.0202942	0.893894	0	0	0	0	0	0	1.33978	0	1211.03	519.688	0	0	0.225299	0.00832189	0	0	0	3.21625	106.872	15.1432	0	5.73949	60.9006	1.12607	296.335	4066.33	0	8.63579	4.02246	0.0959587	6.36041e-05	0	0.657802	1671.2	6.35596	1328.21	1.19686	359.218	1672.23	8.90212	8.78669	153.367	0.000881237	0	0.212254	22.8191	0.96884	0.206613	0	0	0	1.42607	0.0375649	4.45035	50.6576	0	1610.32	1171.71	0	0	0.75233	0	0.000192512	0	198.937	0	0	0	4.28656	0	38.4539	0	7.02938	538.346	0	0	0.489924	0	0.0248779	0.0263978	0.427143	0	0	0	0.219049	0	5.6022	246.606	3253.1	8114.56	0.829583	755.087	6.78419	23.1312	1.01427	1.1269	200.022	1674.42	1132.72	1438.5	5.74004	389.15	3189.97	1069.17	4023.42	173.278	1922.83	9415.61	251.835	3024.46	552.165	20432.8	20432.8	
109.45	0	73.0721	155.996	0	0	0.0367841	0	0	0	0	0	544.666	0.938267	0	0.314913	244.333	75.2405	41.0152	1445.97	0.322008	703.661	0.986306	0	0	0	0	0	432.662	87.9914	0	18.611	1039.45	151.122	0	0.17007	0.467443	11.4861	0.0114022	0.199799	0.0196526	0.874486	0	0	0	0	0	0	1.25821	0	1154.2	492.935	0	0	0.212307	0.0080207	0	0	0	2.954	102.22	14.3809	0	5.46737	57.3307	1.05591	283.306	3901.46	0	8.12792	3.81283	0.0904044	6.1852e-05	0	0.631615	1590.43	6.0599	1267.9	1.13551	343.053	1588.16	8.35197	8.35121	145.814	0.000828091	0	0.203029	21.793	0.936137	0.201473	0	0	0	1.37656	0.0355053	4.18176	46.7905	0	1527.8	1114.46	0	0	0.707471	0	0.000181766	0	188.204	0	0	0	4.04852	0	35.8685	0	6.53596	512.358	0	0	0.449951	0	0.0238702	0.0255407	0.400787	0	0	0	0.207239	0	4.99402	235.77	3094.29	7769.16	0.790279	723.275	6.42009	22.0912	0.979903	1.1015	189.237	1593.38	1085.61	1372.58	5.42677	371.628	3018.19	1019.36	3845.9	165.609	1829.71	8995.22	238.036	2871.09	524.995	19489.9	19489.9	
109.58	0	69.4241	148.715	0	0	0.0349402	0	0	0	0	0	518.365	0.879185	0	0.299914	230.229	71.937	39.25	1385.21	0.303809	670.622	0.935629	0	0	0	0	0	413.821	83.3751	0	17.7041	978.526	144.367	0	0.158119	0.445423	10.9759	0.0108412	0.189609	0.018757	0.852244	0	0	0	0	0	0	1.16288	0	1098.65	466.228	0	0	0.200098	0.00762093	0	0	0	2.78512	97.6881	13.5449	0	5.21297	54.0615	0.999056	270.023	3728.6	0	7.62925	3.60475	0.0859144	5.86532e-05	0	0.593782	1506.03	5.74041	1204.7	1.07239	326.516	1499.31	7.94018	7.95682	139.528	0.000792766	0	0.194564	20.7962	0.900887	0.193138	0	0	0	1.31876	0.0332181	4.01427	43.3658	0	1444.76	1056.02	0	0	0.664777	0	0.000171687	0	177.569	0	0	0	3.8187	0	33.1008	0	6.27481	489.206	0	0	0.42224	0	0.0227825	0.0244903	0.37676	0	0	0	0.194825	0	4.66461	225.243	2936.34	7413.67	0.750025	689.227	6.06784	21.0793	0.942656	1.06987	178.539	1508.81	1035.62	1303.81	5.11913	353.747	2844.42	967.948	3661.69	158.181	1738.38	8554.89	226.243	2715.93	501.187	18524.5	18524.5	
109.7	0	68.4525	145.555	0	0	0.0343282	0	0	0	0	0	507.759	0.854421	0	0.306259	224.09	69.9086	38.6294	1361.95	0.295065	653.524	0.908359	0	0	0	0	0	406.497	81.2502	0	17.2244	950.311	143.582	0	0.143301	0.440336	11.0954	0.0102603	0.183389	0.0177451	0.805968	0	0	0	0	0	0	1.10774	0	1081.1	454.523	0	0	0.196402	0.0076872	0	0	0	2.83654	96.8902	13.2188	0	5.15202	53.2317	1.02386	261.341	3635.07	0	7.47776	3.49662	0.0876915	5.65961e-05	0	0.560863	1460.11	5.51006	1168.61	1.0362	318.244	1446.77	8.07707	7.86062	140.47	0.000806966	0	0.192322	20.4833	0.846218	0.1826	0	0	0	1.32217	0.0314268	4.11206	42.6933	0	1404.38	1026.54	0	0	0.642231	0	0.000169223	0	172.81	0	0	0	3.70977	0	31.2933	0	6.44054	480.347	0	0	0.426826	0	0.0213569	0.0236149	0.377665	0	0	0	0.18578	0	4.82916	222.592	2868.2	7244.61	0.736208	672.097	5.90735	20.7621	0.885546	1.01218	173.748	1462.95	1016.66	1265.26	4.96318	345.039	2754.33	947.051	3580.5	157.386	1707.16	8309.34	226.272	2639.38	492.652	18059.7	18059.7	
109.82	0	68.5979	145.239	0	0	0.0338876	0	0	0	0	0	504.559	0.833939	0	0.30311	221.163	69.1458	38.0519	1360.62	0.291699	645.535	0.895973	0	0	0	0	0	404.423	79.9305	0	16.9882	929.061	142.396	0	0.135213	0.436918	11.1861	0.00991855	0.182636	0.0177016	0.775969	0	0	0	0	0	0	1.14549	0	1076.17	450.794	0	0	0.194518	0.00752631	0	0	0	2.83774	96.2845	12.9704	0	5.14753	52.2326	1.02548	259.619	3611.99	0	7.42861	3.45428	0.0864066	5.72336e-05	0	0.560998	1438.73	5.37269	1152.39	1.03075	316.209	1419.18	7.99001	7.86339	139.269	0.000791637	0	0.190458	20.3514	0.811778	0.18017	0	0	0	1.29526	0.0312985	4.05513	42.4718	0	1403.74	1026.61	0	0	0.636221	0	0.000166654	0	172.373	0	0	0	3.6919	0	30.5481	0	6.39412	476.412	0	0	0.429592	0	0.0204781	0.0230703	0.385905	0	0	0	0.184923	0	4.83497	220.557	2860.44	7211.08	0.729408	664.15	5.84484	20.628	0.850182	0.979209	173.319	1441.57	1010.64	1247.42	4.93887	342.703	2700.63	940.729	3544.95	156.286	1696.64	8217.08	224.511	2637.6	488.685	17906.5	17906.5	
109.94	0	66.958	142.659	0	0	0.0325034	0	0	0	0	0	492.15	0.809831	0	0.288184	214.355	68.5006	36.8901	1328.29	0.285398	628.519	0.868896	0	0	0	0	0	393.825	77.5288	0	16.4285	900.055	136.724	0	0.137906	0.419731	10.7025	0.0100015	0.175939	0.0179981	0.80869	0	0	0	0	0	0	1.13113	0	1058.43	444.859	0	0	0.189964	0.00690386	0	0	0	2.70118	92.9657	12.5116	0	4.96231	50.1866	0.966159	258.579	3569.02	0	7.11028	3.39755	0.0800429	5.51645e-05	0	0.563656	1410.32	5.36035	1129.67	1.01883	308.542	1393.33	7.5146	7.72211	134.001	0.000741039	0	0.184664	19.7608	0.842072	0.186263	0	0	0	1.20735	0.0307712	3.80314	41.2311	0	1401.33	1023.9	0	0	0.635328	0	0.000162085	0	171.593	0	0	0	3.63989	0	30.9026	0	6.05457	473.446	0	0	0.420046	0	0.0214403	0.0235899	0.369501	0	0	0	0.182913	0	4.73052	213.706	2835.96	7116.31	0.705871	646.332	5.73895	20.0237	0.881728	1.01854	172.527	1413.02	984.301	1221.72	4.87241	334.024	2635.92	917.252	3451.19	150.128	1666.81	8087.95	216.484	2632	485.249	17607.1	17607.1	
110.06	0	62.5935	134.23	0	0	0.0301962	0	0	0	0	0	460.71	0.755714	0	0.26728	200.329	64.9734	34.84	1250.67	0.268511	589.543	0.81139	0	0	0	0	0	368.418	72.5084	0	15.3107	840.317	127.098	0	0.13589	0.389426	9.97513	0.00967493	0.162001	0.0172192	0.804495	0	0	0	0	0	0	1.05449	0	997.634	420.734	0	0	0.178624	0.00618621	0	0	0	2.49934	86.5087	11.6354	0	4.59269	46.8423	0.896912	246.74	3392.1	0	6.56105	3.21943	0.0723897	5.05444e-05	0	0.539604	1327.01	5.11548	1066.11	0.966499	290.11	1312.33	6.91845	7.28319	125.552	0.000674081	0	0.17296	18.4523	0.831606	0.182457	0	0	0	1.09463	0.029049	3.47339	38.7946	0	1340.89	981.487	0	0	0.612117	0	0.000151932	0	163.719	0	0	0	3.4545	0	30.4283	0	5.72205	454.985	0	0	0.39811	0	0.0214711	0.0232241	0.342555	0	0	0	0.174226	0	4.5108	199.887	2695.71	6759.89	0.658611	606.08	5.4325	18.6928	0.870498	1.01018	164.601	1329.51	920.751	1152.11	4.62427	313.754	2474.61	858.916	3237.66	139.646	1570.63	7651.77	202.785	2520.59	466.177	16648.2	16648.2	
110.18	0	57.8618	124.328	0	0	0.0277396	0	0	0	0	0	423.781	0.699424	0	0.248871	184.813	59.8668	32.3401	1155.22	0.247891	540.953	0.744062	0	0	0	0	0	337.551	66.5764	0	13.994	771.945	116.559	0	0.131034	0.356616	9.31009	0.00892541	0.146896	0.0158434	0.743807	0	0	0	0	0	0	0.961775	0	925.307	391.38	0	0	0.166435	0.00550297	0	0	0	2.33339	79.7	10.7426	0	4.20802	43.3379	0.831087	228.208	3144.16	0	6.02166	2.99118	0.0657548	4.56426e-05	0	0.500441	1223.07	4.77736	983.611	0.898101	267.235	1208.19	6.41281	6.71282	115.71	0.000623793	0	0.159082	16.9303	0.769701	0.170165	0	0	0	0.985931	0.0268857	3.20252	36.3601	0	1255.92	919.482	0	0	0.577909	0	0.000140362	0	153.397	0	0	0	3.22152	0	29.1736	0	5.39036	426.467	0	0	0.377421	0	0.0202391	0.0216805	0.319738	0	0	0	0.162061	0	4.38129	183.669	2511.74	6276.87	0.60513	556.285	5.05276	17.1485	0.805969	0.935653	154.217	1225.4	845.81	1062.62	4.30856	288.889	2279.16	791.76	2979.43	128.234	1457.18	7070.55	187.44	2361.77	437.14	15413.5	15413.5	
110.29	0	54.2229	116.77	0	0	0.0259277	0	0	0	0	0	394.744	0.660257	0	0.240483	173.071	55.4893	30.3522	1077.89	0.231887	500.952	0.692444	0	0	0	0	0	313.249	62.0101	0	12.9403	720.125	108.49	0	0.123008	0.333083	8.88677	0.00815073	0.136148	0.0145376	0.683095	0	0	0	0	0	0	0.888296	0	867.891	368.682	0	0	0.15792	0.00520861	0	0	0	2.2498	74.6541	10.1312	0	3.94013	41.01	0.784145	212.567	2933.83	0	5.63333	2.80858	0.0627929	4.18716e-05	0	0.466852	1138.74	4.47383	915.138	0.84084	248.548	1121.99	6.08666	6.24898	108.756	0.000590694	0	0.148214	15.7881	0.707918	0.156179	0	0	0	0.91789	0.0248727	3.03194	34.9373	0	1186.53	866.942	0	0	0.54898	0	0.000131927	0	145.034	0	0	0	3.0357	0	27.9959	0	5.1735	402.972	0	0	0.36823	0	0.018821	0.0201624	0.304671	0	0	0	0.15066	0	4.43524	170.85	2362.99	5875.96	0.565561	515.472	4.75844	15.9922	0.74145	0.859437	145.806	1140.99	787.122	988.858	4.05207	268.7	2124.46	739.735	2773.93	119.563	1368.72	6585.89	176.804	2230.09	413.444	14408.2	14408.2	
110.4	0	51.1971	110.908	0	0	0.0243946	0	0	0	0	0	371.907	0.630091	0	0.228096	164.407	51.8493	28.6024	1017.97	0.218594	469.623	0.651627	0	0	0	0	0	294.67	58.192	0	12.1168	677.082	101.343	0	0.117399	0.314242	8.4905	0.00754266	0.128532	0.0136731	0.6249	0	0	0	0	0	0	0.854044	0	823.154	350.718	0	0	0.150408	0.00479031	0	0	0	2.12944	70.6916	9.58674	0	3.77341	38.8854	0.73962	200.126	2769.36	0	5.3301	2.66291	0.0582927	3.93258e-05	0	0.441627	1072.29	4.23927	861.746	0.798553	234.122	1054.04	5.73551	5.88956	102.927	0.000560978	0	0.139004	14.8951	0.657151	0.144624	0	0	0	0.855385	0.0236157	2.88012	33.8372	0	1132.42	828.005	0	0	0.525729	0	0.000124409	0	138.398	0	0	0	2.89007	0	27.1799	0	4.92632	381.958	0	0	0.35596	0	0.0176891	0.0187198	0.291983	0	0	0	0.143043	0	4.35601	159.668	2246.32	5561.96	0.533397	483.444	4.51758	15.0868	0.688676	0.788244	139.132	1074.42	741.507	931.01	3.85528	253.12	2000.64	699.302	2610.97	111.894	1299.09	6205.95	167.985	2129.42	392.067	13616.7	13616.7	
110.51	0	48.5852	105.733	0	0	0.0232201	0	0	0	0	0	353.449	0.604034	0	0.215485	157.155	48.9949	27.0146	969.073	0.207383	445.324	0.619207	0	0	0	0	0	279.988	55.2862	0	11.5357	643.042	95.9078	0	0.116948	0.298948	8.11668	0.00722177	0.121536	0.0130737	0.593546	0	0	0	0	0	0	0.800312	0	784.389	335.032	0	0	0.143806	0.00452266	0	0	0	2.01043	67.1198	9.13029	0	3.60239	37.0954	0.697764	190.277	2639.15	0	5.07731	2.54475	0.0550645	3.66189e-05	0	0.417747	1018.29	4.07956	820.522	0.76171	222.339	1001.86	5.44623	5.60515	97.9255	0.00052972	0	0.131481	14.173	0.629188	0.138053	0	0	0	0.806757	0.0224793	2.7161	32.5042	0	1084.46	793.853	0	0	0.505711	0	0.000118231	0	132.172	0	0	0	2.75866	0	26.3571	0	4.68955	365.386	0	0	0.339335	0	0.0172334	0.0178459	0.277684	0	0	0	0.135924	0	4.16099	151.047	2145.02	5306.27	0.50686	458.518	4.31473	14.3541	0.65965	0.749445	132.868	1020.3	704.636	886.349	3.67877	240.409	1902.98	665.765	2481.08	105.976	1238.53	5906.07	160.099	2040.11	375.024	12972.7	12972.7	
110.61	0	46.5182	101.999	0	0	0.0222452	0	0	0	0	0	338.032	0.578192	0	0.20725	150.98	46.5533	25.6901	929.361	0.196658	424.004	0.591104	0	0	0	0	0	268.388	52.4533	0	11.0173	611.444	91.7299	0	0.113953	0.286814	7.7841	0.00681963	0.116691	0.0124385	0.567339	0	0	0	0	0	0	0.760045	0	750.537	319.528	0	0	0.137373	0.00434396	0	0	0	1.89888	64.3071	8.73854	0	3.44906	35.4828	0.667347	181.217	2522.48	0	4.86424	2.42517	0.052483	3.4293e-05	0	0.393456	966.746	3.90904	780.488	0.723724	211.525	950.227	5.2501	5.36268	94.2415	0.00051118	0	0.124367	13.5424	0.597922	0.132397	0	0	0	0.771406	0.0212559	2.61011	31.0638	0	1035.7	757.811	0	0	0.481719	0	0.000112262	0	125.78	0	0	0	2.62197	0	25.1278	0	4.52388	350.638	0	0	0.322254	0	0.0165186	0.0171942	0.265447	0	0	0	0.128635	0	3.97095	144.201	2049.55	5076.18	0.483984	436.653	4.11105	13.7159	0.627026	0.716931	126.439	968.645	674.637	843.029	3.49559	228.809	1809.06	638.337	2369.7	101.378	1184.08	5625.72	153.718	1947.52	359.883	12380.3	12380.3	
110.72	0	44.9699	99.1962	0	0	0.0213953	0	0	0	0	0	325.515	0.553457	0	0.199829	145.615	44.6204	24.6367	896.96	0.187974	406.071	0.569547	0	0	0	0	0	258.804	50.0172	0	10.6151	581.345	88.2826	0	0.109566	0.276349	7.45771	0.00651513	0.112879	0.0120117	0.54414	0	0	0	0	0	0	0.724188	0	719.465	305.136	0	0	0.131183	0.00414974	0	0	0	1.78693	61.8519	8.3692	0	3.34075	33.8076	0.638839	173.156	2419.59	0	4.65942	2.31837	0.0498257	3.23026e-05	0	0.372291	921.407	3.70282	745.915	0.688514	202.065	904.536	5.0261	5.14981	90.1992	0.000490321	0	0.118011	12.9867	0.569338	0.127037	0	0	0	0.737258	0.02013	2.4973	29.4538	0	987.856	722.406	0	0	0.456508	0	0.000106443	0	119.409	0	0	0	2.49097	0	23.7504	0	4.32667	335.337	0	0	0.303777	0	0.015755	0.0164155	0.255746	0	0	0	0.122044	0	3.71878	138.568	1959.56	4868.93	0.464814	418.188	3.92531	13.1536	0.597244	0.687593	120.037	923.194	649.874	805.592	3.32166	218.718	1722.95	616.071	2273.83	97.526	1133.89	5379.1	146.885	1856.37	344.096	11847.8	11847.8	
110.82	0	43.0333	95.9873	0	0	0.020477	0	0	0	0	0	311.567	0.526087	0	0.187854	139.488	42.8311	23.5381	861.361	0.178636	387.137	0.545972	0	0	0	0	0	248.145	47.5777	0	10.2117	549.508	84.1365	0	0.106023	0.264011	7.08016	0.00629033	0.10884	0.0116714	0.533437	0	0	0	0	0	0	0.68882	0	684.565	289.318	0	0	0.124283	0.00392	0	0	0	1.64387	58.8499	7.96765	0	3.21321	31.9611	0.594116	165.914	2317.52	0	4.4374	2.2071	0.0464084	3.00727e-05	0	0.35319	874.635	3.52575	711.098	0.652033	192.487	858.931	4.72071	4.89413	84.8267	0.000462234	0	0.111904	12.3974	0.551501	0.122274	0	0	0	0.692626	0.0189598	2.34247	27.6591	0	937.816	684.684	0	0	0.430171	0	0.000100383	0	112.676	0	0	0	2.3532	0	22.2749	0	4.07836	318.844	0	0	0.282972	0	0.0150843	0.0156856	0.242214	0	0	0	0.115194	0	3.45776	132.283	1863.84	4652.65	0.443108	398.654	3.72917	12.5565	0.578387	0.671397	113.272	876.279	622.088	767.862	3.13939	208.442	1633.97	590.811	2171.03	92.9358	1077.65	5132.4	138.338	1760.23	327.051	11290.4	11290.4	
110.92	0	41.0443	91.8879	0	0	0.019557	0	0	0	0	0	296.916	0.498546	0	0.17718	132.709	40.9429	22.4013	823.16	0.169176	368.126	0.520345	0	0	0	0	0	237.228	45.2731	0	9.74759	519.39	80.5663	0	0.100552	0.25187	6.7103	0.00602216	0.104261	0.011161	0.516065	0	0	0	0	0	0	0.636564	0	650.508	273.799	0	0	0.117777	0.00379898	0	0	0	1.55068	56.0685	7.57113	0	3.05838	30.2691	0.571173	158.239	2212.68	0	4.22803	2.09529	0.0445652	2.78294e-05	0	0.331335	828.828	3.34627	675.488	0.61563	182.831	813.486	4.47755	4.69242	80.8276	0.000437999	0	0.106999	11.8412	0.530569	0.115299	0	0	0	0.664866	0.0177054	2.21995	26.0423	0	887.531	647.78	0	0	0.40535	0	9.54196e-05	0	106.227	0	0	0	2.22209	0	20.8113	0	3.89468	302.6	0	0	0.267826	0	0.0144134	0.0149109	0.227356	0	0	0	0.108027	0	3.26165	126.558	1768.31	4432.83	0.421485	379.064	3.53916	11.9938	0.556266	0.646274	106.785	830.378	593.558	729.495	2.96345	198.034	1546.61	563.252	2066.96	88.9031	1022.95	4882.78	131.537	1664.98	310.389	10731.7	10731.7	
111.02	0	40.6412	90.2185	0	0	0.0193159	0	0	0	0	0	291.421	0.482778	0	0.180396	129.509	39.8513	21.951	808.016	0.164377	358.858	0.506457	0	0	0	0	0	233.208	44.2143	0	9.47971	506.435	80.4026	0	0.0945323	0.249198	6.68639	0.00571903	0.101484	0.0106559	0.485912	0	0	0	0	0	0	0.607228	0	639.31	267.336	0	0	0.115791	0.0038938	0	0	0	1.5959	55.7492	7.43179	0	3.01209	29.9431	0.591931	153.51	2157.93	0	4.19305	2.03925	0.0461998	2.66761e-05	0	0.313464	806.341	3.23271	655.884	0.595263	178.202	787.116	4.55671	4.69533	81.5398	0.000441088	0	0.106489	11.6857	0.497388	0.108477	0	0	0	0.671306	0.0168148	2.25859	25.5711	0	863.989	631.527	0	0	0.392749	0	9.50607e-05	0	103.514	0	0	0	2.16174	0	19.9232	0	4.00966	297.153	0	0	0.271656	0	0.0135713	0.0142338	0.225287	0	0	0	0.103408	0	3.37188	125.403	1728.11	4333.81	0.414016	369.738	3.45742	11.8373	0.521737	0.608623	104.052	807.936	583.611	708.685	2.87723	193.133	1502.48	552.473	2022.68	88.6438	1004.5	4749.99	131.708	1621.51	305.162	10476.7	10476.7	
111.11	0	40.781	89.8651	0	0	0.0192114	0	0	0	0	0	290.064	0.465909	0	0.179754	127.914	39.4181	21.8558	806.445	0.162099	354.838	0.500575	0	0	0	0	0	231.643	43.5201	0	9.36975	497.22	79.9363	0	0.0892044	0.247597	6.67822	0.00552629	0.101643	0.0106256	0.468632	0	0	0	0	0	0	0.636505	0	637.499	265.521	0	0	0.114662	0.00378553	0	0	0	1.60193	55.6986	7.27951	0	3.04903	29.4574	0.585191	152.017	2140.98	0	4.24288	2.02056	0.0453616	2.72985e-05	0	0.316455	799.057	3.1232	647.89	0.593758	177.554	773.208	4.51006	4.65078	81.0107	0.000437861	0	0.105871	11.6313	0.47578	0.108347	0	0	0	0.659826	0.0168796	2.25785	25.1428	0	864.52	632.29	0	0	0.389881	0	9.5049e-05	0	103.557	0	0	0	2.15501	0	19.6193	0	4.0321	296.611	0	0	0.273817	0	0.0129993	0.013974	0.231419	0	0	0	0.103282	0	3.36166	124.45	1725.36	4312.81	0.410135	365.759	3.4301	11.7821	0.499528	0.590953	104.105	800.659	580.529	699.815	2.86893	192.41	1476.56	549.289	2004.97	88.1743	1000.22	4701.63	130.571	1622.53	304.64	10402	10402	
111.21	0	39.4513	87.1189	0	0	0.0186864	0	0	0	0	0	282.652	0.44557	0	0.170018	123.375	39.0464	21.4475	786.914	0.158161	346.822	0.486898	0	0	0	0	0	225.331	42.3639	0	9.15561	480.274	76.9456	0	0.0909816	0.238418	6.40386	0.00561363	0.0987415	0.0107507	0.487324	0	0	0	0	0	0	0.629554	0	622.787	260.477	0	0	0.111377	0.00349143	0	0	0	1.52742	53.6262	6.94685	0	2.96135	28.1423	0.544549	151.743	2117.43	0	4.17602	1.98637	0.0422403	2.66655e-05	0	0.320734	784.22	3.08089	636.237	0.588357	175.006	754.965	4.2301	4.48683	77.991	0.000414746	0	0.103566	11.3152	0.493579	0.110323	0	0	0	0.621611	0.0169184	2.14054	23.8155	0	859.963	628.232	0	0	0.387567	0	9.36788e-05	0	102.544	0	0	0	2.12558	0	19.4962	0	3.88014	294.292	0	0	0.264893	0	0.0133795	0.0141583	0.226352	0	0	0	0.102762	0	3.18886	120.767	1703.76	4252.54	0.396993	357.402	3.36497	11.4597	0.51783	0.611805	103.091	785.748	564.691	686.615	2.83362	189.433	1433.89	533.232	1952	84.9109	976.583	4630.34	125.326	1612.75	301.982	10217.1	10217.1	
113.94	0	778.261	1705.16	0	0	0.376602	0	0	0	0	0	5557.7	8.25329	0	3.46671	2336.75	777.64	427.032	15719.9	3.11985	6816.71	9.41885	0	0	0	0	0	4355.8	824.512	0	175.805	9141.35	1573.22	0	1.56745	4.77317	136.417	0.114268	1.89544	0.220302	9.77396	0	0	0	0	0	0	13.1454	0	12908.9	5501.29	0	0	2.28332	0.0722813	0	0	0	33.7482	1108.99	130.172	0	59.4135	532.695	11.3972	3142	44278	0	96.2805	41.347	0.892569	0.000624219	0	6.78699	15925	62.143	12653	12.5031	3605.66	14576.3	85.5256	93.1528	1681.42	0.00808546	0	2.2192	228.955	10.4696	2.24815	0	0	0	13.0142	0.348312	43.2065	408.986	0	18895.5	14195.8	0	0	8.15312	0	0.00222927	0	2232.01	0	0	0	45.3647	0	348.863	0	84.8527	6677.53	0	0	5.38112	0	0.299209	0.296799	4.66705	0	0	0	2.14848	0	56.1325	2447.78	36329.8	89760.7	7.9011	7049.41	69.2935	231.816	10.9919	12.3189	2243.46	15958.7	11084.6	13629	60.3646	3887.55	27414.2	10390	38251.3	1741.13	20277.6	94411.3	2569.55	35725.7	6831.31	210198	210198	
Quarter 5	
24.04	0	0.101393	5.72645	0	1.50891e-09	0.00122145	0	0	0	0	0	0.0180851	2.1206e-06	0	3.14187e-09	4.82298e-07	58.4864	0.22819	175.596	0.00537579	1.55181e-05	0.0166833	0	9.91168e-11	0	0	0	0.0525127	0.00014187	0	1.02797e-06	4.41376e-06	277.446	0.0419741	91.1729	0.00717057	4.35018e-07	0.00503094	8.51182e-08	3.00819e-08	2.78949e-07	0	0	0	0	0	1.20501e-08	1.48028e-07	0	1.44691	41.8577	0	0	0.00184703	6.01426e-10	0	0	0	6.92503e-08	0.0028159	6.34184e-06	7.20304e-15	2.33451e-08	1.47414e-07	2.49232	0.75679	477.482	0	4.08285e-07	0.0419442	5.70841e-07	4.78212e-10	0	1.12505e-07	7.85735e-06	0.00148362	0.00228522	4.24615e-11	2.06667e-05	7.42295e-06	23.0677	0.196148	203.669	4.07347e-06	0	0.0235084	3.05142e-06	5.20112e-07	8.02545e-09	0	4.22614e-08	0	2.18143e-05	8.12285e-13	7.88595e-07	7.08007e-07	0	1.85554	125.117	0	0	0.00608577	0	4.6024e-09	0	2.79338e-06	0	0	0	1.76767e-10	5.89568e-09	1.40983e-07	0	0.106741	23.1082	0	0	0.00158944	0	1.57613e-07	7.63806e-09	1.11509e-08	0	0	0	4.84859e-12	0	7.18731e-09	361.492	4.73369	1143.73	0.0125504	1.63629e-05	0.0979104	3.70798e-06	7.12986e-07	2.94612e-07	2.91703e-06	7.96887e-06	0.0748973	0.00245736	2.24897e-10	2.25277e-05	1.34706e-05	5.84715	234.386	368.673	43.3093	480.777	226.956	126.978	23.2165	1510.14	1510.14	
25.91	0	0.151897	7.27083	0	1.65414e-09	0.00148976	0	0	0	0	0	0.0268002	3.41565e-06	0	3.08995e-09	5.30982e-07	95.3315	0.260842	154.07	0.00811796	1.70321e-05	0.0172371	0	4.75508e-10	0	0	0	0.0621549	0.000180898	0	8.94347e-07	3.86768e-06	427.819	0.0589175	139.112	0.0128078	6.97371e-07	0.00829636	2.80999e-07	1.36856e-07	1.89825e-06	0	0	0	0	0	2.09174e-08	2.18231e-07	0	2.17972	56.7798	0	0	0.0027813	1.35562e-09	0	0	0	9.42418e-08	0.00432525	1.09726e-05	1.493e-14	3.52845e-08	1.65746e-07	2.63396	0.896781	472.563	0	3.76678e-07	0.0470785	1.75531e-06	2.18333e-09	0	1.07999e-07	1.11367e-05	0.00190977	0.00329576	9.75026e-11	2.46237e-05	7.846e-06	43.1682	0.387832	347.354	1.07285e-05	0	0.0432974	2.33079e-05	5.67488e-06	8.41532e-08	0	9.29704e-08	0	5.67383e-05	1.57063e-12	1.841e-06	1.26385e-06	0	2.76483	144.878	0	0	0.00765647	0	2.36819e-08	0	2.92483e-06	0	0	0	4.08671e-10	8.51728e-09	1.15299e-07	0	0.178821	34.2014	0	0	0.00263939	0	1.75538e-06	6.98724e-08	1.37804e-08	0	0	0	9.95705e-12	0	9.1192e-09	568.952	6.87964	1356.23	0.0209365	1.81078e-05	0.130476	2.53456e-05	7.59346e-06	2.05227e-06	3.04661e-06	1.13239e-05	0.0951901	0.00354779	5.17716e-10	2.74269e-05	1.40169e-05	7.45102	249.75	567.01	58.9666	476.146	390.953	147.65	34.3829	1932.31	1932.31	
27.75	0	0.218754	9.05029	0	1.46826e-09	0.00178018	0	0	0	0	0	0.0396678	5.44891e-06	0	3.82076e-09	6.35469e-07	124.151	0.294061	139.977	0.0120554	2.114e-05	0.0185468	0	2.02903e-09	0	0	0	0.0747446	0.000232488	0	9.05633e-07	3.95325e-06	582.215	0.0877252	185.845	0.0224271	9.38015e-07	0.0118383	1.57858e-06	7.55849e-07	1.3318e-05	0	0	0	0	0	3.59415e-08	2.80969e-07	0	3.21576	75.6061	0	0	0.00401832	5.6692e-09	0	0	0	1.46029e-07	0.00670212	1.93808e-05	3.44485e-14	5.42768e-08	2.01418e-07	2.6834	1.05279	467.493	0	3.53096e-07	0.0543043	5.8501e-06	9.16756e-09	0	1.05734e-07	1.77527e-05	0.00246755	0.00463428	2.15607e-10	3.13315e-05	9.29693e-06	71.9584	0.672311	526.649	2.28229e-05	0	0.0707873	0.00016582	5.44419e-05	8.59878e-07	0	1.59838e-07	0	0.000123221	3.21226e-12	3.7333e-06	2.14797e-06	0	4.05476	173.14	0	0	0.0100954	0	1.08444e-07	0	3.02354e-06	0	0	0	8.98641e-10	1.38438e-08	1.04623e-07	0	0.276139	50.8896	0	0	0.00439101	0	1.34714e-05	5.38602e-07	1.62112e-08	0	0	0	2.08189e-11	0	1.20789e-08	781.009	9.87231	1628.65	0.0345053	2.24325e-05	0.175762	0.000173254	6.87888e-05	1.47165e-05	3.14548e-06	1.80586e-05	0.123582	0.00501481	1.13831e-09	3.60784e-05	1.66327e-05	9.31049	264.528	768.183	78.8327	471.29	599.351	177.205	51.1701	2419.87	2419.87	
29.55	0	0.301096	11.0231	0	1.41089e-09	0.00213958	0	0	0	0	0	0.0574667	8.77721e-06	0	5.53482e-09	8.41704e-07	149.679	0.327291	132.309	0.017874	2.9541e-05	0.021015	0	7.56672e-09	0	0	0	0.0902149	0.000298613	0	1.04665e-06	4.69063e-06	752.868	0.138969	241.496	0.0375124	1.19487e-06	0.0161159	9.21258e-06	4.70018e-06	8.94049e-05	0	0	0	0	0	6.88255e-08	3.70522e-07	0	4.63237	97.9886	0	0	0.00564085	2.63103e-08	0	0	0	2.56234e-07	0.0103479	3.32016e-05	7.64546e-14	9.49471e-08	2.73274e-07	2.7285	1.23979	468.919	0	3.56257e-07	0.0629746	1.90963e-05	3.39399e-08	0	1.03578e-07	2.96909e-05	0.00308295	0.00643162	4.54737e-10	4.19898e-05	1.21957e-05	112.155	1.06706	727.462	4.2232e-05	0	0.105664	0.00098271	0.000434433	7.03257e-06	0	2.70402e-07	0	0.000248471	6.41869e-12	7.12909e-06	3.76384e-06	0	5.83762	209.846	0	0	0.0134909	0	4.11058e-07	0	3.78551e-06	0	0	0	1.90537e-09	2.2686e-08	1.13175e-07	0	0.399864	72.0407	0	0	0.00697722	0	8.7919e-05	3.52844e-06	1.83315e-08	0	0	0	4.25488e-11	0	1.82901e-08	1017.43	13.9441	1961.08	0.0554286	3.10935e-05	0.234018	0.00101104	0.000527505	9.99659e-05	3.90742e-06	3.02175e-05	0.161112	0.00702068	2.40916e-09	5.03576e-05	2.22672e-05	11.3838	282.445	994.556	102.637	472.96	840.792	215.698	72.4476	2992.92	2992.92	
31.31	0	0.4044	13.0737	0	1.37972e-09	0.0026117	0	0	0	0	0	0.08025	1.39735e-05	0	8.68116e-09	1.22357e-06	174.905	0.364812	131.033	0.0263022	4.5074e-05	0.0246278	0	2.78988e-08	0	0	0	0.109304	0.000389938	0	1.34995e-06	6.25544e-06	973.357	0.22481	318.79	0.0617438	1.59784e-06	0.022473	4.84344e-05	2.67974e-05	0.000445948	0	0	0	0	0	1.37159e-07	5.46095e-07	0	6.55743	124.047	0	0	0.00771787	1.10742e-07	0	0	0	4.77462e-07	0.0157703	5.41838e-05	1.61786e-13	1.78019e-07	4.00291e-07	2.84815	1.47534	481.824	0	4.09005e-07	0.0731717	5.87365e-05	1.08762e-07	0	1.09972e-07	5.04289e-05	0.00375029	0.00889532	9.28557e-10	5.94591e-05	1.75046e-05	167.434	1.59626	934.903	7.30461e-05	0	0.146163	0.00501352	0.00270161	4.26497e-05	0	4.70724e-07	0	0.00046328	1.25357e-11	1.32593e-05	6.81061e-06	0	8.31881	255.201	0	0	0.0179431	0	1.36964e-06	0	7.01115e-06	0	0	0	3.91201e-09	3.72698e-08	1.45894e-07	0	0.537932	93.4908	0	0	0.00994087	0	0.000446842	1.79557e-05	2.28168e-08	0	0	0	8.50588e-11	0	3.0412e-08	1318.54	19.4798	2352.36	0.088119	4.70822e-05	0.304649	0.0051208	0.00317675	0.000506553	7.14393e-06	5.13771e-05	0.209075	0.00981669	4.93832e-09	7.44295e-05	3.29169e-05	13.561	306.464	1292.46	130.628	486.233	1104.09	263.538	94.0391	3691.01	3691.01	
33.04	0	0.551255	15.5153	0	1.47408e-09	0.00323137	0	0	0	0	0	0.112746	2.23628e-05	0	1.41355e-08	1.95753e-06	201.329	0.408667	135.204	0.0385214	7.45952e-05	0.0308985	0	9.76424e-08	0	0	0	0.133715	0.000520234	0	1.88013e-06	8.96425e-06	1260.88	0.371091	425.043	0.0988727	2.21112e-06	0.0316283	0.000234915	0.000163693	0.00198897	0	0	0	0	0	2.78287e-07	8.72549e-07	0	9.24961	156.833	0	0	0.0107268	3.78062e-07	0	0	0	9.53425e-07	0.0239312	8.81943e-05	3.54132e-13	3.4369e-07	6.46029e-07	2.97627	1.72913	493.914	0	5.34826e-07	0.0843184	0.000173476	3.29565e-07	0	1.50006e-07	8.45436e-05	0.00438438	0.0121779	1.81825e-09	8.49916e-05	2.63265e-05	234.777	2.31696	1165.62	0.000119511	0	0.192039	0.021365	0.01432	0.000267053	0	8.08222e-07	0	0.000854304	2.34613e-11	2.38237e-05	1.31306e-05	0	11.4191	308.239	0	0	0.0230717	0	4.17871e-06	0	1.83489e-05	0	0	0	7.88048e-09	6.53189e-08	2.17074e-07	0	0.673958	118.104	0	0	0.0137618	0	0.00235124	0.000102766	4.00001e-08	0	0	0	1.62338e-10	0	5.31025e-08	1699.96	26.7198	2818.47	0.137514	7.73426e-05	0.389676	0.0217738	0.0168396	0.00235879	1.85389e-05	8.63053e-05	0.274777	0.0136629	9.88488e-09	0.000111397	5.21677e-05	16.1825	337.146	1686.43	166.117	498.721	1402.94	319.681	118.794	4546.01	4546.01	
34.73	0	0.728036	18.3369	0	1.65114e-09	0.00403554	0	0	0	0	0	0.155067	3.58589e-05	0	2.22817e-08	3.27996e-06	232.332	0.459789	142.181	0.0554353	0.000125569	0.0381748	0	3.29706e-07	0	0	0	0.16283	0.000706189	0	2.72596e-06	1.34282e-05	1677.55	0.606351	573.215	0.157871	3.39618e-06	0.045211	0.000986104	0.000772818	0.00704923	0	0	0	0	0	5.39948e-07	1.57719e-06	0	12.8818	194.629	0	0	0.0146336	1.11574e-06	0	0	0	1.8547e-06	0.0352399	0.00014015	7.3565e-13	6.19283e-07	1.0845e-06	3.21047	2.03813	512.033	0	7.57633e-07	0.0973145	0.000474634	9.177e-07	0	2.86141e-07	0.000141097	0.00499667	0.0167528	3.51388e-09	0.000125173	4.12578e-05	328.36	3.23458	1389.32	0.000193096	0	0.242887	0.0836903	0.060093	0.00121287	0	1.45669e-06	0	0.00148451	4.40278e-11	4.2044e-05	2.47956e-05	0	15.4117	365.481	0	0	0.029309	0	1.14085e-05	0	5.30624e-05	0	0	0	1.54738e-08	1.1517e-07	3.47658e-07	0	0.798727	140.537	0	0	0.0178688	0	0.00967768	0.000459837	9.56974e-08	0	0	0	3.06871e-10	0	8.56611e-08	2241.45	36.1591	3335.73	0.2135	0.000129725	0.489434	0.0851522	0.0705561	0.00872193	5.34442e-05	0.000144408	0.358134	0.0191195	1.93393e-08	0.000171239	8.58566e-05	19.2241	375.23	2251.58	207.561	517.402	1721.3	380.922	141.364	5614.58	5614.58	
36.38	0	0.954743	21.9665	0	1.92532e-09	0.0051434	0	0	0	0	0	0.213877	5.51496e-05	0	3.47869e-08	5.74263e-06	266.098	0.534107	153.559	0.0792913	0.000218682	0.0477552	0	1.02497e-06	0	0	0	0.203165	0.000998457	0	4.13795e-06	2.10828e-05	2195.08	0.982089	763.426	0.245369	5.42929e-06	0.063246	0.00404965	0.00392486	0.0247016	0	0	0	0	0	1.02235e-06	2.86229e-06	0	17.7023	239.429	0	0	0.0197789	3.04735e-06	0	0	0	3.64021e-06	0.0515278	0.000223899	1.51435e-12	1.08392e-06	1.89812e-06	3.5491	2.39606	537.36	0	1.17683e-06	0.112793	0.0012539	2.35575e-06	0	7.06817e-07	0.000231011	0.00554564	0.0235041	6.56844e-09	0.00018901	6.67522e-05	428.187	4.35736	1623.68	0.000304916	0	0.29529	0.28132	0.221645	0.00575948	0	2.56394e-06	0	0.00244352	7.83303e-11	7.01846e-05	4.60661e-05	0	19.9016	422.98	0	0	0.0359563	0	2.93293e-05	0	0.000151105	0	0	0	2.9927e-08	2.05587e-07	5.86957e-07	0	1.02106	172.284	0	0	0.0245059	0	0.0387391	0.00200336	2.89215e-07	0	0	0	5.47486e-10	0	1.45916e-07	2892.91	47.8493	3934.69	0.324965	0.00022529	0.604469	0.286626	0.264342	0.0324645	0.000152101	0.000237215	0.474115	0.0272251	3.71228e-08	0.000265679	0.000145137	23.1403	420.523	2959.83	257.203	543.449	2057.03	442.918	173.37	6877.47	6877.47	
38	0	1.21176	26.1133	0	2.21252e-09	0.00644861	0	0	0	0	0	0.289863	8.20097e-05	0	5.9149e-08	1.01045e-05	306.609	0.630664	165.877	0.111768	0.000374234	0.0570243	0	2.72471e-06	0	0	0	0.25557	0.00144009	0	6.33262e-06	3.40553e-05	2845.99	1.56584	1009.32	0.377837	9.22523e-06	0.0881242	0.0154523	0.0141444	0.073643	0	0	0	0	0	1.92288e-06	5.39161e-06	0	23.9656	290.115	0	0	0.0260166	8.22608e-06	0	0	0	6.86746e-06	0.0732406	0.000357234	3.08652e-12	1.84134e-06	3.35298e-06	3.8982	2.84337	567.228	0	1.86955e-06	0.131475	0.0031358	5.5918e-06	0	1.89354e-06	0.000381336	0.00640555	0.0332958	1.21791e-08	0.000288104	0.000110016	555.258	5.96545	1920.11	0.000482643	0	0.365614	0.880392	0.703699	0.0205029	0	4.54643e-06	0	0.0038517	1.36065e-10	0.000115842	8.46383e-05	0	25.0749	478.97	0	0	0.0436495	0	7.19191e-05	0	0.000401325	0	0	0	5.63947e-08	3.65918e-07	9.8565e-07	0	1.43168	214.865	0	0	0.0327667	0	0.129748	0.00707309	9.24171e-07	0	0	0	9.58157e-10	0	2.40601e-07	3711.76	62.6894	4672.6	0.490088	0.000385331	0.751118	0.898989	0.847672	0.101219	0.000404142	0.00039275	0.625079	0.0390268	6.9671e-08	0.000414468	0.000248785	27.6215	473.543	3857.45	314.18	574.144	2483.3	504.089	216.466	8450.8	8450.8	
39.59	0	1.5373	30.7057	0	2.62229e-09	0.00795103	0	0	0	0	0	0.394756	0.000119361	0	1.00849e-07	1.79387e-05	351.776	0.782567	186.785	0.15676	0.000651494	0.0684056	0	6.44976e-06	0	0	0	0.335804	0.0021796	0	1.02504e-05	5.79385e-05	3563.68	2.26838	1252.58	0.56387	1.55905e-05	0.117306	0.0569959	0.057523	0.214954	0	0	0	0	0	3.38253e-06	1.00189e-05	0	31.8999	346.1	0	0	0.0336336	2.05066e-05	0	0	0	1.28772e-05	0.102863	0.000560735	6.02894e-12	3.07415e-06	5.95634e-06	4.5278	3.4229	616.395	0	3.14196e-06	0.155753	0.00784033	1.20858e-05	0	5.0277e-06	0.000627245	0.00766128	0.0490615	2.20585e-08	0.000456936	0.000188881	697.908	8.17666	2308.81	0.000736745	0	0.466255	2.48067	2.05283	0.0734967	0	7.97344e-06	0	0.00605825	2.30735e-10	0.000192634	0.000158198	0	30.5939	532.02	0	0	0.0516685	0	0.000163053	0	0.00100901	0	0	0	1.05701e-07	6.39165e-07	1.64184e-06	0	2.05213	274.75	0	0	0.0436226	0	0.422259	0.0245547	2.85685e-06	0	0	0	1.61548e-09	0	3.75669e-07	4617.89	80.7337	5548.14	0.721367	0.00067023	0.944596	2.54553	2.5328	0.313005	0.00101689	0.000648096	0.841084	0.0579795	1.29611e-07	0.000667018	0.000440949	32.6458	539.908	4819.53	378.137	624.567	3019.97	562.667	277.293	10254.7	10254.7	
41.15	0	1.92034	35.3676	0	3.35283e-09	0.00959724	0	0	0	0	0	0.528639	0.000171872	0	1.65508e-07	3.12274e-05	408.884	0.980927	208.763	0.217677	0.00110728	0.0791338	0	1.32431e-05	0	0	0	0.439177	0.00328679	0	1.62514e-05	9.87661e-05	4383.32	3.04492	1486.92	0.823971	2.69559e-05	0.150176	0.170543	0.170537	0.568901	0	0	0	0	0	5.63329e-06	1.87674e-05	0	41.6485	406.346	0	0	0.0427182	4.59568e-05	0	0	0	2.34472e-05	0.139662	0.000865776	1.11446e-11	4.99527e-06	1.04354e-05	5.27997	4.12705	673.044	0	5.15335e-06	0.18538	0.0188074	2.36033e-05	0	1.27506e-05	0.00104341	0.00947667	0.0724475	3.92723e-08	0.000718922	0.000326929	914.43	11.2352	2847.59	0.00110468	0	0.620771	6.60324	5.34518	0.211637	0	1.48306e-05	0	0.0101172	3.90101e-10	0.000334217	0.000299421	0	36.7915	579.576	0	0	0.0606883	0	0.000345068	0	0.00237385	0	0	0	1.9442e-07	1.09331e-06	2.61887e-06	0	2.90532	343.415	0	0	0.0574159	0	1.12604	0.0730553	7.60224e-06	0	0	0	2.69636e-09	0	5.88655e-07	5711.91	102.654	6581.02	1.04275	0.00113939	1.20588	6.79264	6.64213	0.853593	0.0023942	0.00108168	1.11696	0.0868892	2.3679e-07	0.00108128	0.000788754	37.8263	619.368	5875.16	448.178	682.74	3786.04	616.431	347.576	12413.3	12413.3	
42.67	0	2.4225	40.0453	0	5.07783e-09	0.0113639	0	0	0	0	0	0.705824	0.000255407	0	2.62188e-07	5.33623e-05	470.316	1.24837	241.294	0.301586	0.00190143	0.093569	0	2.59641e-05	0	0	0	0.591612	0.00519897	0	2.719e-05	0.000176381	5164.88	3.86771	1664.95	1.16002	4.60547e-05	0.179977	0.483221	0.532145	1.5031	0	0	0	0	0	8.49899e-06	3.24017e-05	0	53.021	468.628	0	0	0.0532056	0.000101104	0	0	0	4.2362e-05	0.185278	0.00131753	2.12099e-11	8.06818e-06	1.80788e-05	6.49221	5.033	767.045	0	8.81216e-06	0.224646	0.044954	4.27139e-05	0	3.07922e-05	0.00173507	0.0118482	0.111363	6.81564e-08	0.00117866	0.000579326	1147.29	14.8716	3430.5	0.00158477	0	0.799014	16.062	13.0847	0.597179	0	2.61713e-05	0	0.0162084	6.19911e-10	0.000551254	0.000538382	0	43.664	622.561	0	0	0.0703619	0	0.000681116	0	0.00542413	0	0	0	3.56627e-07	1.77091e-06	4.00105e-06	0	4.17918	438.798	0	0	0.0769814	0	2.8178	0.203044	1.86311e-05	0	0	0	4.24648e-09	0	1.03704e-06	6788.98	128.307	7673.82	1.46319	0.0019563	1.50912	16.5903	16.4354	2.30333	0.00547355	0.0018036	1.49456	0.134344	4.29671e-07	0.00177571	0.00140297	43.1853	713.853	6837.56	521.888	778.966	4623.22	666.302	446.075	14631.1	14631.1	
44.17	0	3.07978	44.4956	0	8.13746e-09	0.0135536	0	0	0	0	0	0.932711	0.000398327	0	4.02881e-07	8.96383e-05	539.767	1.5557	271.584	0.416313	0.00319587	0.108832	0	4.76098e-05	0	0	0	0.782799	0.00810671	0	4.47506e-05	0.000307818	5987.82	4.88412	1855.57	1.60681	7.91266e-05	0.213554	1.20453	1.36138	3.67044	0	0	0	0	0	1.3186e-05	5.42017e-05	0	66.7068	537.063	0	0	0.0654237	0.000215931	0	0	0	7.55672e-05	0.241844	0.00200472	4.01516e-11	1.31213e-05	3.08765e-05	7.66196	6.11605	864.97	0	1.51889e-05	0.271746	0.0993329	7.76459e-05	0	7.02648e-05	0.00291544	0.0150027	0.168317	1.19211e-07	0.00188825	0.00101016	1394.56	19.4925	4112.74	0.00231703	0	1.01839	37.0857	29.2882	1.4241	0	4.58202e-05	0	0.0251735	1.00106e-09	0.000908939	0.000943424	0	52.1777	667.915	0	0	0.082246	0	0.00128727	0	0.0120859	0	0	0	6.48175e-07	2.71005e-06	5.98657e-06	0	5.94666	549.546	0	0	0.10438	0	5.81055	0.461955	4.11058e-05	0	0	0	6.85935e-09	0	1.99582e-06	7929.81	159.959	8903.88	2.02544	0.0032902	1.87812	38.3898	36.4615	5.5565	0.0121972	0.00303683	1.97236	0.204	7.75286e-07	0.00287136	0.0024441	48.5222	814.226	7856.33	604.079	879.309	5595.64	720.189	561.87	17080.2	17080.2	
45.63	0	3.90297	48.4729	0	1.40336e-08	0.0161151	0	0	0	0	0	1.23605	0.000621879	0	5.9846e-07	0.000147963	608.447	1.97397	316.562	0.574539	0.00540829	0.132665	0	7.52463e-05	0	0	0	1.06062	0.0131503	0	7.74777e-05	0.000556604	6766.91	6.06971	2027.05	2.16768	0.000129995	0.247915	2.85145	3.47242	8.66199	0	0	0	0	0	2.02615e-05	8.64855e-05	0	82.5444	605.317	0	0	0.0792665	0.00040931	0	0	0	0.00013197	0.314618	0.00300239	7.02351e-11	2.09542e-05	5.19667e-05	9.41071	7.58702	1007.17	0	2.6843e-05	0.33465	0.213158	0.000139629	0	0.000152354	0.00490272	0.0193871	0.263713	2.09564e-07	0.00316072	0.00180736	1615.26	24.7569	4788.4	0.0032927	0	1.26193	78.6559	61.8412	3.41063	0	7.80983e-05	0	0.0370263	1.69964e-09	0.00144724	0.00158339	0	62.6189	721.434	0	0	0.0961596	0	0.00231876	0	0.0266817	0	0	0	1.17309e-06	3.94254e-06	8.94417e-06	0	8.16353	673.191	0	0	0.133535	0	11.21	1.00432	8.30452e-05	0	0	0	1.14394e-08	0	3.60197e-06	9000.03	197.617	10187.6	2.74552	0.00556514	2.30224	81.7209	76.5261	13.0769	0.0269171	0.00511279	2.63067	0.317514	1.39587e-06	0.0047312	0.00424631	53.6288	928.769	8817.43	688.259	1025.01	6573.64	784.178	693.702	19564.6	19564.6	
47.06	0	4.94054	52.4014	0	2.49815e-08	0.0198068	0	0	0	0	0	1.62703	0.00096383	0	9.21274e-07	0.000240935	686.978	2.48662	356.743	0.790156	0.0089602	0.160643	0	0.000119942	0	0	0	1.39581	0.02073	0	0.000128643	0.00096944	7731.21	7.64194	2250.76	2.93442	0.000206217	0.293714	6.1113	7.70476	19.1484	0	0	0	0	0	3.08156e-05	0.000140285	0	101.276	675.369	0	0	0.0953545	0.000781435	0	0	0	0.000224998	0.409354	0.0044383	1.28434e-10	3.19097e-05	8.62695e-05	10.9751	9.38809	1150.76	0	4.53583e-05	0.40851	0.419611	0.000233318	0	0.000317207	0.00822941	0.0250468	0.405025	3.68864e-07	0.00511435	0.0031666	1875.21	31.4937	5571.41	0.00461647	0	1.57043	158.001	121.115	7.01186	0	0.000134978	0	0.0547645	3.00289e-09	0.0023333	0.00266554	0	76.0439	789.393	0	0	0.113075	0	0.0039208	0	0.0567753	0	0	0	2.07248e-06	5.77151e-06	1.35973e-05	0	10.3301	777.778	0	0	0.163138	0	18.5172	1.85607	0.000162408	0	0	0	1.97069e-08	0	6.18649e-06	10304.4	243.6	11624.6	3.72919	0.0092118	2.82467	164.532	147.341	28.0164	0.0572549	0.00858939	3.45724	0.485922	2.46418e-06	0.00764571	0.00728886	58.99	1048.59	10025.8	777.155	1172.4	7765.88	865.61	808.645	22523.1	22523.1	
48.47	0	6.22874	56.2709	0	4.08289e-08	0.0247913	0	0	0	0	0	2.14457	0.00147404	0	1.45303e-06	0.000394555	766.516	3.22055	417.846	1.09095	0.0149575	0.203388	0	0.000173897	0	0	0	1.88502	0.0337947	0	0.000224965	0.00175414	8810.26	9.76173	2508.74	3.95173	0.000320147	0.345234	12.6493	16.5839	40.4063	0	0	0	0	0	4.62635e-05	0.000224743	0	123.316	747.287	0	0	0.113792	0.00149855	0	0	0	0.000382298	0.533326	0.00657238	2.26934e-10	4.8388e-05	0.000143392	13.5548	11.9798	1367.04	0	7.77534e-05	0.506752	0.842237	0.000377633	0	0.000653371	0.0138853	0.0333592	0.647087	6.47054e-07	0.00861759	0.00567853	2159.66	39.2258	6323.43	0.00637921	0	1.9098	297.019	236.245	15.016	0	0.00023311	0	0.0806502	5.22953e-09	0.00369092	0.00439836	0	92.8306	874.023	0	0	0.131964	0	0.00607762	0	0.11907	0	0	0	3.64148e-06	9.05512e-06	2.21543e-05	0	12.5141	864.333	0	0	0.190328	0	30.795	3.32804	0.000349665	0	0	0	3.36558e-08	0	1.02046e-05	11750	299.078	13159	5.04906	0.0153555	3.42605	310.512	283.63	58.7504	0.120073	0.0145007	4.59627	0.769579	4.32765e-06	0.0126386	0.0126261	64.6709	1190.81	11402.7	871.259	1394.63	9072.6	967.111	911.161	25874.9	25874.9	
49.84	0	7.8177	60.4468	0	6.76315e-08	0.0311317	0	0	0	0	0	2.7873	0.00221394	0	2.28473e-06	0.000639913	856.476	4.14191	478.047	1.49175	0.024306	0.250547	0	0.000286008	0	0	0	2.47421	0.0525664	0	0.000369912	0.00301816	10236.7	12.6925	2888.92	5.39884	0.000497309	0.417684	24.7435	32.6565	74.0007	0	0	0	0	0	7.30695e-05	0.000364218	0	149.528	824.756	0	0	0.134225	0.00278856	0	0	0	0.00062857	0.690816	0.00966823	4.15673e-10	7.54689e-05	0.000235899	15.8816	15.011	1577.77	0	0.000130557	0.613704	1.55128	0.000576797	0	0.00129597	0.0230934	0.0444435	0.992754	1.1119e-06	0.0138204	0.00975353	2498.12	49.0261	7182.38	0.00882349	0	2.30392	531.64	427.575	29.6437	0	0.000389595	0	0.118397	8.87302e-09	0.00574026	0.00726576	0	112.53	966.007	0	0	0.152092	0	0.00878446	0	0.234837	0	0	0	6.21634e-06	1.44504e-05	3.7018e-05	0	14.1792	929.951	0	0	0.218911	0	49.7142	5.88632	0.000754481	0	0	0	5.70188e-08	0	1.7261e-05	13607.1	364.926	14908.3	6.89941	0.024934	4.12222	557.937	509.955	109.531	0.236888	0.0241115	5.99677	1.1756	7.39455e-06	0.0200958	0.0213318	71.0857	1342.96	13275.5	975.122	1611.91	10720.8	1078.93	999.95	30076.3	30076.3	
51.19	0	9.97062	65.0643	0	1.14993e-07	0.0377997	0	0	0	0	0	3.65521	0.00331199	0	3.59091e-06	0.00105041	952.005	5.52959	572.427	2.02918	0.0396724	0.316394	0	0.000481904	0	0	0	3.35872	0.083621	0	0.000627712	0.00535991	11931.9	16.4345	3319.02	7.35585	0.000767717	0.506691	45.617	58.6668	123.102	0	0	0	0	0	0.000111585	0.00058929	0	180.149	903.597	0	0	0.155973	0.00497578	0	0	0	0.00102055	0.890446	0.0142288	7.4796e-10	0.000118926	0.000387891	19.6611	19.0833	1873.22	0	0.000228332	0.751726	2.83464	0.000854968	0	0.00255568	0.0385571	0.0610848	1.55251	1.89355e-06	0.0229167	0.0169601	2863.37	60.5332	7958.91	0.0121285	0	2.71002	907.627	717.763	56.7175	0	0.000634642	0	0.170822	1.4914e-08	0.00877803	0.0118017	0	134.794	1057.76	0	0	0.172091	0	0.0119344	0	0.449757	0	0	0	1.05391e-05	2.27006e-05	6.22575e-05	0	15.8361	1004.16	0	0	0.245546	0	84.8871	11.2735	0.00156174	0	0	0	9.5452e-08	0	2.82258e-05	15767	442.33	16754.2	9.39716	0.0406685	4.89624	956.083	861.33	191.093	0.453874	0.0402123	7.96546	1.82449	1.25438e-05	0.0325792	0.0362398	78.7323	1535.8	15502.6	1084.81	1917.24	12567.8	1193.19	1116.41	34996.7	34996.7	
52.51	0	12.6281	70.4922	0	1.923e-07	0.0456414	0	0	0	0	0	4.77519	0.00495357	0	5.56302e-06	0.00171247	1068.36	7.29421	665.869	2.74615	0.0634946	0.387121	0	0.000766307	0	0	0	4.44313	0.126828	0	0.00100046	0.00909603	14205	21.4163	3886.57	10.2009	0.00119601	0.623412	80.9523	93.8786	186.897	0	0	0	0	0	0.000165591	0.000969216	0	216.109	986.83	0	0	0.18069	0.00782171	0	0	0	0.00164747	1.14481	0.0206985	1.32021e-09	0.000183161	0.000629814	23.5026	23.5829	2154.55	0	0.000376734	0.901766	4.78179	0.00117387	0	0.00485495	0.0634485	0.0831579	2.33955	3.17673e-06	0.0362893	0.0284033	3320.03	75.8307	8883.48	0.0166446	0	3.19492	1487.79	1086.51	96.335	0	0.00102578	0	0.24928	2.51348e-08	0.0133661	0.019221	0	158.767	1141.79	0	0	0.1925	0	0.0155913	0	0.805857	0	0	0	1.7485e-05	3.5247e-05	0.000101454	0	18.9254	1136.51	0	0	0.288077	0	135.757	19.3704	0.00313147	0	0	0	1.59507e-07	0	4.3751e-05	18616.9	534.554	18926.1	12.9637	0.0650675	5.81413	1573.54	1316.16	302.602	0.813843	0.0661218	10.4463	2.74131	2.08477e-05	0.0510454	0.060177	87.9478	1749.3	18485.5	1204.3	2209.88	14953.5	1301.57	1310.85	41302.8	41302.8	
53.8	0	15.7772	76.9896	0	3.23792e-07	0.0539495	0	0	0	0	0	6.2551	0.00740626	0	8.54696e-06	0.00279347	1190.93	9.71142	798.046	3.69097	0.101271	0.483522	0	0.0010856	0	0	0	6.03431	0.196956	0	0.00165794	0.0158506	16764.5	28.1504	4557.02	13.972	0.00184618	0.766235	138.489	132.326	272.365	0	0	0	0	0	0.000243038	0.00155743	0	257.053	1072.17	0	0	0.207269	0.0118049	0	0	0	0.002625	1.45853	0.0297807	2.3153e-09	0.000278656	0.0010132	28.5069	29.4764	2541.72	0	0.000619294	1.09729	7.7456	0.00155829	0	0.00911762	0.104425	0.115212	3.58377	5.25585e-06	0.0589317	0.0482323	3798.32	94.2425	9837.63	0.0226257	0	3.71465	2306.64	1554.45	157.035	0	0.00164095	0	0.352641	4.18422e-08	0.0198732	0.0302733	0	183.419	1219.74	0	0	0.213451	0	0.0197938	0	1.38133	0	0	0	2.86593e-05	5.48829e-05	0.000161758	0	24.6891	1329.53	0	0	0.344953	0	206.029	32.6151	0.0059785	0	0	0	2.60029e-07	0	6.34803e-05	21782.2	642.519	21432.9	17.6856	0.103736	6.88132	2452.89	1892.83	462.015	1.39643	0.108691	13.8631	4.17055	3.42193e-05	0.0810479	0.0999456	99.086	2009.21	21907.5	1330.94	2612.47	17752.5	1404.78	1593.21	48709.7	48709.7	
55.07	0	19.4229	85.366	0	5.26757e-07	0.0633136	0	0	0	0	0	8.09547	0.0109715	0	1.34629e-05	0.00455021	1335.48	12.5055	929.064	4.95735	0.158922	0.58381	0	0.00138655	0	0	0	7.97127	0.293585	0	0.00263913	0.0265716	19856.6	37.1166	5406.99	19.3814	0.00287866	0.95715	230.487	176.753	379.756	0	0	0	0	0	0.00040336	0.00251635	0	305.119	1166.85	0	0	0.239163	0.0179431	0	0	0	0.00415665	1.84936	0.0427939	3.67503e-09	0.00042258	0.00162454	32.7693	35.9967	2908.78	0	0.000979707	1.30635	11.7254	0.00190947	0	0.0162339	0.169676	0.156773	5.32324	8.59512e-06	0.0916318	0.0793134	4367.58	119.675	11241.8	0.0309285	0	4.43493	3434.14	2108.1	239.58	0	0.00264288	0	0.498997	6.82385e-08	0.0297231	0.0481313	0	208.742	1289.53	0	0	0.237116	0	0.0249113	0	2.23163	0	0	0	4.63169e-05	8.50097e-05	0.000248455	0	33.1943	1597.81	0	0	0.419176	0	305.031	51.4478	0.0115077	0	0	0	4.16333e-07	0	9.22949e-05	25592.4	771.772	24626.2	24.3697	0.162781	8.24101	3676.37	2589.92	670.784	2.25937	0.176475	18.0729	6.16958	5.54003e-05	0.124918	0.163048	112.963	2291.04	26108	1474.13	2996.42	21516	1500.76	1987.92	57987.2	57987.2	
56.31	0	23.7743	95.6391	0	8.37601e-07	0.0718697	0	0	0	0	0	10.4504	0.0162991	0	2.11365e-05	0.00739076	1494.5	16.2993	1124.58	6.58237	0.247819	0.720189	0	0.00169339	0	0	0	10.7855	0.446968	0	0.00432259	0.0455705	22982.4	46.5766	6181.78	26.2732	0.00440293	1.17343	349.316	220.254	506.379	0	0	0	0	0	0.000633859	0.00404567	0	359.087	1262.68	0	0	0.275968	0.0262363	0	0	0	0.00651345	2.31547	0.0604058	6.26174e-09	0.000627369	0.00256442	38.2813	44.7936	3420.82	0	0.00155112	1.57485	17.2895	0.00227555	0	0.0281349	0.276321	0.216889	8.00395	1.38993e-05	0.145263	0.132218	5002.69	151.806	12916.5	0.0411626	0	5.37749	4903.21	2727.49	342.369	0	0.00425837	0	0.706141	1.12023e-07	0.0453537	0.0763869	0	234.583	1353.01	0	0	0.26327	0	0.0300642	0	3.47934	0	0	0	7.4218e-05	0.00012783	0.000372265	0	43.5547	1888.17	0	0	0.500517	0	428.963	79.0612	0.0203488	0	0	0	6.56618e-07	0	0.000128078	29517.9	920.474	28243.2	32.8967	0.253774	9.95758	5269.84	3376.74	927.81	3.52782	0.287093	23.7683	9.23376	8.88921e-05	0.196349	0.268677	129.959	2654.21	30314.2	1624.45	3531.57	26050.3	1591.37	2440.26	68336.3	68336.3	
57.52	0	28.9147	106.864	0	1.30524e-06	0.0821316	0	0	0	0	0	13.313	0.0240036	0	3.2535e-05	0.0118053	1704.34	20.6434	1317.21	8.68029	0.380326	0.863095	0	0.00196773	0	0	0	14.0569	0.654678	0	0.00672521	0.0746845	26398	55.9303	6879.51	35.3169	0.00667958	1.40226	489.571	267.971	675.968	0	0	0	0	0	0.000908916	0.00651504	0	421.011	1360.13	0	0	0.320062	0.0362169	0	0	0	0.0101511	2.86632	0.0853721	1.02049e-08	0.000902275	0.0039728	44.6384	54.67	3934.49	0	0.00237035	1.86454	24.5342	0.00249192	0	0.0457654	0.440938	0.290996	11.6824	2.21175e-05	0.220986	0.2142	5867.51	192.044	15060.9	0.0540628	0	6.66271	6790.23	3360.48	458.4	0	0.00711007	0	1.05006	1.80816e-07	0.0697956	0.123776	0	261.765	1407.82	0	0	0.292277	0	0.0347573	0	5.20118	0	0	0	0.000118005	0.000184788	0.000532046	0	58.2551	2266.54	0	0	0.616194	0	573.574	113.088	0.0333377	0	0	0	1.02345e-06	0	0.000185122	34014.5	1093.23	32333.5	44.0512	0.389377	12.1033	7304.37	4202.07	1247.46	5.28028	0.458199	30.5272	13.4965	0.000141337	0.299535	0.435671	149.21	3066.91	34803.7	1784.46	4073.09	31737.5	1675.12	3012.11	80302.1	80302.1	
58.71	0	35.1702	118.861	0	2.06211e-06	0.0931241	0	0	0	0	0	16.958	0.0348856	0	4.87472e-05	0.0187141	1926.53	26.5169	1576.21	11.3217	0.580621	1.05767	0	0.00208779	0	0	0	18.7049	0.986733	0	0.0107626	0.125033	29417	65.2443	7387.26	45.7657	0.0102352	1.59918	645.643	312.228	873.793	0	0	0	0	0	0.00124939	0.0100406	0	489.958	1460.03	0	0	0.368657	0.0467862	0	0	0	0.0157938	3.49225	0.120645	1.64577e-08	0.00128748	0.0061211	53.293	67.8502	4634.06	0	0.00361338	2.25072	34.7998	0.00268091	0	0.071592	0.708354	0.395954	17.1824	3.5118e-05	0.342836	0.349759	6730.13	235.068	17166.9	0.0691647	0	8.03723	9092.84	3992.35	569.128	0	0.0113157	0	1.5019	2.89503e-07	0.10477	0.191815	0	294.165	1457.2	0	0	0.326223	0	0.0384804	0	7.78968	0	0	0	0.000187876	0.00025223	0.000736694	0	76.512	2662.45	0	0	0.77132	0	692.809	147.523	0.0516087	0	0	0	1.5684e-06	0	0.000283008	38126.9	1290.48	36463	57.1565	0.594471	14.5041	9773.33	4997.43	1590.45	7.91288	0.735464	39.5511	19.8266	0.000224868	0.461207	0.702502	171.136	3562.04	38748.5	1954.04	4811.31	37796.4	1759.52	3580.11	92383	92383	
59.88	0	42.9389	132.051	0	3.16287e-06	0.107924	0	0	0	0	0	21.4339	0.0501614	0	7.38998e-05	0.0293558	2167.22	32.9458	1814.58	14.7449	0.877578	1.25755	0	0.00208904	0	0	0	24.1046	1.44275	0	0.0164971	0.201625	32596.1	75.7313	7935.5	58.6586	0.0157774	1.81285	834.649	362.858	1104.23	0	0	0	0	0	0.00170624	0.0148703	0	570.485	1572.82	0	0	0.426041	0.0629348	0	0	0	0.024325	4.19802	0.170793	2.61054e-08	0.00191326	0.00943643	61.2222	82.5508	5282.82	0	0.00558018	2.67577	46.91	0.00292551	0	0.106283	1.11936	0.521126	24.4922	5.58789e-05	0.512614	0.553917	7519.85	283.608	19345.6	0.089331	0	9.54474	11793.3	4559.48	684.553	0	0.0174244	0	2.07521	4.57588e-07	0.153479	0.290679	0	335.287	1514.4	0	0	0.365876	0	0.0417579	0	11.6069	0	0	0	0.000297635	0.000329149	0.000995643	0	100.476	3139.17	0	0	0.988157	0	790.648	179.796	0.0782424	0	0	0	2.43195e-06	0	0.000479915	42344.4	1524.02	40736.9	73.4928	0.898939	17.1789	12674.9	5713.03	1968.58	11.7914	1.16111	50.2577	28.2311	0.000356429	0.686613	1.10136	196.612	4057.4	42969.6	2148.2	5503.49	44198.5	1861.7	4211.16	105147	105147	
61.02	0	52.288	145.835	0	4.72653e-06	0.126194	0	0	0	0	0	26.8444	0.0703973	0	0.000111658	0.0453319	2408.28	40.1435	2047.96	18.9401	1.31041	1.48137	0	0.00207148	0	0	0	30.4515	2.06248	0	0.0246703	0.31572	35882.3	88.1359	8517.72	74.1742	0.0236331	2.05677	1048.46	409.906	1335.22	0	0	0	0	0	0.00243069	0.021613	0	661.861	1690.01	0	0	0.488706	0.0808722	0	0	0	0.0366398	4.98357	0.238848	4.16e-08	0.00285579	0.0143921	68.406	99.0819	5907.88	0	0.00843727	3.15047	59.3971	0.00325949	0	0.151016	1.73827	0.67039	34.1405	8.88458e-05	0.75141	0.855552	8272.46	337.644	21547.6	0.114026	0	11.2241	14828.7	4978.27	786.398	0	0.0264443	0	2.79175	7.53094e-07	0.221106	0.43313	0	386.681	1587.09	0	0	0.411759	0	0.0434962	0	17.2479	0	0	0	0.000465273	0.000410333	0.0013353	0	125.587	3598.22	0	0	1.22179	0	847.904	205.885	0.113559	0	0	0	3.95016e-06	0	0.000786306	46631.4	1791.42	45042.3	93.2283	1.34249	20.1612	15936.6	6236.13	2327.5	17.5125	1.80136	62.9499	39.304	0.000558863	1.00299	1.68786	225.209	4550.97	47358	2357.71	6176.23	50765.9	1991.47	4778.94	118204	118204	
62.14	0	64.0405	162.19	0	7.24989e-06	0.147353	0	0	0	0	0	34.0915	0.0995244	0	0.000167657	0.0703879	2617.05	50.9529	2416.38	23.8461	1.94385	1.83268	0	0.00203752	0	0	0	40.3919	3.08263	0	0.0388864	0.516363	38886.5	102.872	9054.87	90.9509	0.0339615	2.31622	1277.06	441.183	1574.68	0	0	0	0	0	0.003249	0.0311169	0	760.484	1802.72	0	0	0.551739	0.0990333	0	0	0	0.0542733	5.87174	0.331396	6.45587e-08	0.00416609	0.0219451	78.3657	123.288	6849.54	0	0.0126158	3.81899	75.0352	0.00370811	0	0.214709	2.75105	0.899234	48.8091	0.000142032	1.14241	1.35398	8963.89	394.602	23532.9	0.141173	0	13.0261	17921.3	5259.05	849.62	0	0.0396102	0	3.66252	1.29268e-06	0.317336	0.629038	0	451.121	1689.22	0	0	0.465616	0	0.0437022	0	25.8381	0	0	0	0.000721712	0.000524954	0.00185276	0	146.372	3895.66	0	0	1.43119	0	843.549	220.51	0.163199	0	0	0	6.54044e-06	0	0.00122396	50545.8	2093.73	49403.5	114.938	1.99043	23.5898	19273.5	6543.83	2644.81	26.216	2.84493	81.2543	55.9852	0.000871642	1.50674	2.62591	260.64	5156.03	51430.5	2570.14	7185.24	56939.2	2166.69	5107.69	130816	130816	
63.23	0	78.5404	181.019	0	1.07227e-05	0.177193	0	0	0	0	0	43.0607	0.141501	0	0.000245543	0.108073	2865.8	63.1026	2730.19	29.9627	2.8585	2.19423	0	0.00197677	0	0	0	51.6777	4.39571	0	0.0583249	0.803275	42831	122.804	9851.54	111.899	0.0476561	2.64042	1549.14	477.693	1856.44	0	0	0	0	0	0.00450831	0.0447642	0	874.151	1933.45	0	0	0.623704	0.119042	0	0	0	0.0791356	6.90707	0.45914	9.99964e-08	0.00599286	0.0332318	88.4039	150.89	7723.59	0	0.0184933	4.51884	92.1132	0.00388782	0	0.306539	4.23871	1.16546	68.1799	0.000223709	1.6632	2.0702	9793.77	462.956	25730	0.171919	0	15.127	21015	5690.54	957.185	0	0.0599551	0	4.92161	2.09975e-06	0.452192	0.92031	0	528.392	1824.04	0	0	0.523285	0	0.0425859	0	37.5624	0	0	0	0.00110311	0.000744562	0.00267867	0	169.63	4222.2	0	0	1.66352	0	857.802	239.448	0.258921	0	0	0	1.06078e-05	0	0.00189176	55579	2450.47	54196.1	142.034	2.92466	27.4682	22656.4	7026.08	3053.08	38.1279	4.3778	102.811	78.0979	0.00133963	2.18521	3.98442	303.047	5751.05	56803.3	2815.83	8137.16	63671.1	2390.56	5491.01	145363	145363	
64.31	0	96.5339	200.809	0	1.59755e-05	0.213046	0	0	0	0	0	54.2086	0.199427	0	0.000358642	0.164371	3129.24	77.3688	3046.24	37.2345	4.18432	2.59634	0	0.00189191	0	0	0	65.0955	6.12637	0	0.0850301	1.22245	47724.1	149.018	10893.6	137.977	0.0675528	3.04665	1846.31	510.563	2027.59	0	0	0	0	0	0.00648438	0.0649936	0	1007.25	2078.57	0	0	0.698988	0.143521	0	0	0	0.114354	8.20817	0.633208	1.54139e-07	0.00860383	0.050049	97.883	182.526	8591.31	0	0.0272996	5.25972	110.304	0.0038655	0	0.441524	6.42849	1.48668	93.785	0.000348033	2.38437	3.10697	10720.4	544.827	28119.2	0.209567	0	17.3835	24199.8	6048.45	1102.28	0	0.0889231	0	6.55482	3.33852e-06	0.63965	1.34106	0	616.091	1972.99	0	0	0.58092	0	0.0404541	0	53.2136	0	0	0	0.00167521	0.00110787	0.00404826	0	192.941	4573.83	0	0	1.90365	0	920.554	274.782	0.425208	0	0	0	1.70834e-05	0	0.00293101	61671.7	2866.55	59476.6	175.421	4.27919	31.6828	26156.5	7479.61	3404.65	54.0804	6.63176	128.999	107.299	0.00204382	3.1256	5.95687	352.129	6369.4	63292.4	3095.67	9094.95	70761.2	2642.92	5964.44	161573	161573	
65.36	0	120.28	224.904	0	2.45131e-05	0.249691	0	0	0	0	0	69.1485	0.284353	0	0.000536564	0.251279	3326.44	98.615	3560.32	44.83	6.01645	3.17513	0	0.00191325	0	0	0	85.6375	8.79679	0	0.128139	1.91928	52528.9	178.943	11866.7	165.552	0.0947267	3.44939	2141.37	518.823	2018.82	0	0	0	0	0	0.00882736	0.0939288	0	1151.51	2214.76	0	0	0.7651	0.174053	0	0	0	0.161594	9.84875	0.874979	2.33355e-07	0.012288	0.0750512	110.805	224.538	9759.05	0	0.040947	6.21738	131.568	0.00390704	0	0.646339	9.89159	1.9626	129.604	0.000533592	3.48918	4.69303	11664.3	634.964	30272.3	0.248463	0	19.5752	27136.7	6030.07	1164.76	0	0.12835	0	8.51389	5.40872e-06	0.885066	1.91129	0	708.47	2105.66	0	0	0.635993	0	0.0377112	0	73.4837	0	0	0	0.00250602	0.00160389	0.00613389	0	217.776	4929.15	0	0	2.13819	0	979.378	309.231	0.671707	0	0	0	2.7415e-05	0	0.0044924	67630.4	3335.1	64932.9	210.631	6.15215	36.2061	29409.8	7528.31	3492.81	74.8017	10.1815	166.597	148.074	0.00307267	4.52564	8.95449	415.119	7135.88	69422.7	3378.18	10382.5	76934.3	2888.3	6438.35	176995	176995	
66.39	0	149.622	254.453	0	3.77092e-05	0.294654	0	0	0	0	0	88.0078	0.404412	0	0.000795545	0.38195	3599.74	122.949	4015.44	53.4844	8.63779	3.76886	0	0.00190986	0	0	0	108.829	12.1657	0	0.184473	2.89823	58800.8	215.344	13128.5	198.347	0.133463	3.96757	2447.96	506.067	1972.75	0	0	0	0	0	0.0120804	0.136571	0	1324.94	2365.66	0	0	0.846243	0.199676	0	0	0	0.232094	11.98	1.19863	3.42202e-07	0.0177237	0.111932	122.822	268.368	10813.1	0	0.0589256	7.19316	149.802	0.00378456	0	0.923723	14.8833	2.50122	175.802	0.000811328	4.95927	6.93536	12753.8	752.324	32701.5	0.290045	0	21.9469	29890.8	5790.24	1190.75	0	0.186083	0	11.2083	8.45047e-06	1.21962	2.73451	0	805.108	2226.38	0	0	0.690139	0	0.035446	0	97.4296	0	0	0	0.00373113	0.00227733	0.00908331	0	267.283	5609.07	0	0	2.52365	0	1027.54	341.486	1.0238	0	0	0	4.31728e-05	0	0.00645008	75277.1	3905.94	71114.1	252.122	8.83022	41.2312	32488.8	7323.88	3504.98	99.3771	15.3015	211.318	200.78	0.00459443	6.39624	13.2141	493.164	7928.11	77274	3705.19	11567.3	83117	3129.65	7248.94	194463	194463	
67.39	0	183.268	287.055	0	5.60719e-05	0.34522	0	0	0	0	0	110.472	0.571507	0	0.00115948	0.570217	3897.4	150.099	4444.82	62.8742	12.2611	4.41304	0	0.00183147	0	0	0	135.374	16.445	0	0.260794	4.28863	66177.2	265.101	14831.4	235.455	0.187545	4.62792	2789.48	469.901	1885.59	0	0	0	0	0	0.0165015	0.196649	0	1525.26	2514.73	0	0	0.935954	0.222132	0	0	0	0.332872	14.5727	1.60535	5.11563e-07	0.0249903	0.163716	134.139	315.688	11843.8	0	0.0832696	8.24077	164.278	0.00352003	0	1.28893	21.928	3.11469	234.712	0.00121481	6.9239	10.1018	13934.9	895.929	35710.7	0.336008	0	24.6605	32122.5	5457.65	1193.48	0	0.266139	0	14.6039	1.2817e-05	1.65352	3.85593	0	899.646	2332.3	0	0	0.745661	0	0.0331615	0	123.989	0	0	0	0.00549236	0.00315905	0.0132164	0	347.265	6602.67	0	0	3.10574	0	1049.05	360.77	1.53548	0	0	0	6.65737e-05	0	0.00947461	84143.6	4582.26	78567.4	298.665	12.532	47.0748	35076.5	6976.64	3439.84	126.813	22.527	263.533	267.937	0.00678707	8.88402	19.1997	582.282	8728.24	86659.1	4057.84	12744.3	89360.5	3356.74	8364.4	213853	213853	
68.38	0	226.076	328.009	0	8.48148e-05	0.395972	0	0	0	0	0	140.153	0.79705	0	0.00173644	0.857452	4097.98	188.428	5105.71	71.8435	17.1524	5.29259	0	0.00172713	0	0	0	174.879	22.9609	0	0.384681	6.5721	72828.2	324.624	16571.8	271.856	0.266017	5.35649	3140.96	422.482	1729.04	0	0	0	0	0	0.0236184	0.2792	0	1758.34	2663.1	0	0	1.03455	0.252289	0	0	0	0.473258	17.8668	2.1692	8.17467e-07	0.0348694	0.242521	144.445	379.694	13262.6	0	0.116598	9.65198	177.704	0.00335214	0	1.78869	33.148	4.05222	316.45	0.00182121	9.85668	14.9094	15092.2	1066.18	39373.1	0.384519	0	28.046	33525.8	5064.11	1151.55	0	0.381048	0	18.5956	2.01308e-05	2.23892	5.38035	0	996.75	2433.51	0	0	0.811444	0	0.0311538	0	154.614	0	0	0	0.00806165	0.00434502	0.0191266	0	441.54	7642.89	0	0	3.77254	0	1034.59	359.321	2.3031	0	0	0	0.000103658	0	0.0138644	92162.9	5381.63	87380.8	344.084	17.5351	54.3616	36844.7	6521.22	3239.91	158.706	34.0024	336.951	360.972	0.0100075	12.5449	28.274	696.291	9691.2	95294.9	4443.51	14354.5	95328	3585.75	9484.43	232879	232879	
69.35	0	277.161	376.864	0	0.000122732	0.452491	0	0	0	0	0	176.596	1.09877	0	0.00256165	1.28286	4380.76	229.909	5740.29	81.0279	23.9945	6.17338	0	0.00173513	0	0	0	218.7	30.9499	0	0.544618	9.71942	79951.4	380.144	18285.8	309.823	0.372396	6.28306	3350.04	380.992	1602.92	0	0	0	0	0	0.0329371	0.400228	0	2044.69	2849.6	0	0	1.17423	0.271553	0	0	0	0.681367	21.9899	2.92765	1.28415e-06	0.04801	0.359799	151.976	449.704	14658.5	0	0.161516	11.0978	184.93	0.00307528	0	2.38515	48.9845	5.13697	421.451	0.00273292	13.6653	21.621	16383	1285.67	44091.1	0.429873	0	32.6651	34419.2	4626.05	1101.99	0	0.552002	0	24.2658	3.09598e-05	3.13309	7.72791	0	1100.53	2537.36	0	0	0.888564	0	0.029086	0	188.079	0	0	0	0.0118726	0.00598023	0.0268303	0	555.687	8856.35	0	0	4.49946	0	1026.15	364.413	3.24466	0	0	0	0.000157728	0	0.0188807	100867	6323.49	97395.8	391.281	24.5286	63.2341	37954.4	6033.22	3069.32	193.709	50.2179	422.423	480.693	0.0147955	17.4325	41.1569	833.458	10722.1	104268	4921.74	15969.6	101976	3826.92	10810.4	253328	253328	
70.3	0	333.77	429.028	0	0.000176419	0.510727	0	0	0	0	0	220.043	1.48713	0	0.00364661	1.89122	4758.65	274.12	6398.46	89.5555	33.3558	7.10368	0	0.00162376	0	0	0	268.225	40.9253	0	0.753906	14.0504	86653.8	428.472	19682.7	344.003	0.516912	7.19946	3388.14	344.668	1505.16	0	0	0	0	0	0.0432834	0.577128	0	2379.22	3059.9	0	0	1.34075	0.280837	0	0	0	0.984775	27.1326	3.89704	1.93459e-06	0.0638978	0.524063	164.113	529.396	16159.2	0	0.22102	12.6671	191.353	0.00274392	0	3.06569	71.1808	6.3378	555.252	0.00406749	18.7323	30.9575	18024.5	1536.18	49355.4	0.466673	0	38.4269	34901.8	4212.16	1030.29	0	0.823531	0	32.8969	4.67686e-05	4.42724	11.2239	0	1216.22	2634.65	0	0	0.974648	0	0.0267344	0	225.711	0	0	0	0.017477	0.00791042	0.0358529	0	696.71	10238.2	0	0	5.38015	0	998.833	359.753	4.36124	0	0	0	0.000236247	0	0.0254699	109601	7394.09	107958	434.025	34.0939	73.6034	38481.5	5555.7	2895.21	233.138	72.9891	521.738	634.458	0.0218295	24.0321	59.2855	986.735	11885.2	112355	5473.35	17742.4	109149	4077.64	12303.3	273973	273973	
71.23	0	400.491	491.086	0	0.000252016	0.573254	0	0	0	0	0	275.225	2.01268	0	0.00528625	2.78414	5040.67	333.186	7301.11	95.8281	45.4476	8.29144	0	0.00144148	0	0	0	337.306	55.6538	0	1.06214	20.7631	90950.1	471.049	20481.1	364.907	0.718078	7.89457	3342.42	312.089	1387.69	0	0	0	0	0	0.0549437	0.795446	0	2751.78	3281.01	0	0	1.51998	0.290084	0	0	0	1.41564	33.4348	5.24961	2.87233e-06	0.0854529	0.765967	177.389	633.569	18092.4	0	0.297091	14.7626	198.164	0.00247342	0	3.89556	105.542	7.99979	730.967	0.00603159	25.9267	44.3888	19483.6	1777.56	54056.3	0.492477	0	43.9885	34777	3797.08	927.853	0	1.1956	0	43.2219	7.16376e-05	6.08577	15.6655	0	1357.84	2734.04	0	0	1.07584	0	0.0245758	0	273.346	0	0	0	0.025615	0.00989737	0.0467134	0	856.934	11606.7	0	0	6.50601	0	918.635	327.442	5.71889	0	0	0	0.000356271	0	0.0375915	115652	8582.41	118044	461.227	46.463	84.6122	38317.9	5027.83	2642.99	282.96	108.153	653.965	837.105	0.0320774	33.2302	85.2473	1172.18	13239.3	117319	6075.55	20035.3	114930	4366.41	13722	290859	290859	
72.14	0	474.889	558.955	0	0.000349068	0.652952	0	0	0	0	0	340.163	2.70911	0	0.00767332	4.0422	5346.18	392.823	8114.23	101.604	61.9242	9.45813	0	0.00126422	0	0	0	409.681	73.8222	0	1.46015	29.8011	95142.3	517.076	21367	379.478	0.989981	8.63688	3259.88	288.786	1291.05	0	0	0	0	0	0.0708215	1.06908	0	3189.96	3558.55	0	0	1.7422	0.316989	0	0	0	2.04639	40.8805	7.0832	4.27676e-06	0.119831	1.11885	188.369	742.901	19867.5	0	0.410826	16.9929	200.722	0.00226161	0	4.75641	153.021	9.68863	948.211	0.00893982	35.0755	62.4465	20549	2022.81	58335.5	0.515329	0	49.5545	34123.7	3408.8	826.846	0	1.66537	0	54.8443	0.000105463	8.13891	21.295	0	1541.52	2870.32	0	0	1.19846	0	0.0227907	0	335.518	0	0	0	0.0376044	0.0120036	0.0601895	0	1043.73	13063.1	0	0	7.8328	0	833.18	297.724	7.10225	0	0	0	0.00052391	0	0.058028	121226	9925.7	127735	481.597	63.3254	96.0689	37584.6	4530.79	2415.62	347.377	156.732	800.414	1086.67	0.0471779	44.8849	119.891	1381.42	14541	122256	6801.82	22230.1	119403	4748.68	15252.8	306615	306615	
73.03	0	557.198	627.426	0	0.000481193	0.741309	0	0	0	0	0	414.27	3.55145	0	0.0108773	5.77451	5627.35	455.13	8878.19	106.006	83.8077	10.7194	0	0.00110711	0	0	0	490.309	96.3074	0	1.9908	41.8459	99147.7	571.63	22302.3	388.987	1.342	9.49183	3152.8	268.741	1190.44	0	0	0	0	0	0.0961291	1.42351	0	3685.75	3863.74	0	0	1.98319	0.339346	0	0	0	2.89455	49.3682	9.41829	6.46015e-06	0.171494	1.60176	197.885	860.283	21545.4	0	0.567834	19.4152	195.749	0.00221728	0	5.68057	218.576	11.5063	1214.66	0.0132298	46.9147	86.5994	21370.1	2279.8	62344.3	0.530622	0	55.43	32962.2	3039.15	730.328	0	2.27244	0	67.8376	0.000158034	10.7434	28.6178	0	1771.08	3052.13	0	0	1.34434	0	0.0211597	0	415.787	0	0	0	0.0548123	0.0141655	0.0777514	0	1233.13	14437.2	0	0	9.13661	0	746.282	265.107	8.47585	0	0	0	0.000787212	0	0.0858031	126343	11414	137051	495.523	85.718	108.262	36311.1	4054.2	2185.87	429.943	223.743	965.453	1391.77	0.0689937	59.9415	166.026	1608.97	15791.7	127035	7615.27	24403.3	122891	5240.5	16699.4	321285	321285	
73.9	0	648.543	692.647	0	0.000660388	0.846194	0	0	0	0	0	499.547	4.63586	0	0.0150607	8.11045	5910.14	523.955	9583.09	109.039	112.777	12.1013	0	0.000991091	0	0	0	581.337	124.056	0	2.68389	57.799	103688	639.138	23509.2	394.586	1.76955	10.5066	3011.02	248.757	1121.1	0	0	0	0	0	0.124058	1.89843	0	4238.41	4185.42	0	0	2.24373	0.336325	0	0	0	4.01593	58.8896	12.2495	9.32772e-06	0.240465	2.23252	206.228	991.954	23211.9	0	0.766442	22.0538	187.023	0.00213162	0	6.7369	307.556	13.6651	1545.53	0.0194147	62.1773	119.216	22153.2	2566.11	66356.6	0.53496	0	61.9415	31428.2	2736.25	644.677	0	3.08819	0	84.2193	0.000237365	14.204	38.4681	0	2046.8	3287.23	0	0	1.51023	0	0.0193776	0	513.99	0	0	0	0.0789276	0.0172506	0.1018	0	1423.99	15704.6	0	0	10.3957	0	661.151	231.035	10.0298	0	0	0	0.00118961	0	0.122822	131958	13078.9	146531	504.16	115.313	121.599	34626.6	3646.18	1996.81	530.756	314.661	1153.44	1770.69	0.0997786	79.4621	227.949	1854.35	17017	132626	8504.04	26674.8	126088	5849.75	18041.3	336655	336655	
74.75	0	766.618	768.698	0	0.00089879	0.963757	0	0	0	0	0	609.806	6.16871	0	0.0211208	11.4052	5978.06	626.161	10590.6	109.183	147.943	13.8933	0	0.000880301	0	0	0	716.167	164.153	0	3.71916	81.7086	106766	722.976	24670.9	391.167	2.26414	11.328	2919.7	231.059	1052.07	0	0	0	0	0	0.156068	2.47015	0	4841.32	4507.81	0	0	2.47995	0.334598	0	0	0	5.4426	70.5588	16.0078	1.32319e-05	0.334142	3.11924	216.154	1177.3	25363.1	0	1.00354	25.5648	182.796	0.00209217	0	8.30049	444.128	16.8473	1970.83	0.028229	83.0798	164.601	23008.5	2852.8	69974.7	0.529327	0	68.52	29628.9	2557.7	575.909	0	4.22541	0	104.258	0.000364696	18.4334	51.1124	0	2368.18	3588.59	0	0	1.69472	0	0.017461	0	629.479	0	0	0	0.111691	0.0230025	0.142852	0	1589.36	16611.6	0	0	11.5752	0	585.213	195.486	12.6578	0	0	0	0.00183618	0	0.177035	135969	14944.7	156076	500.88	151.212	136.02	32731.8	3373.99	1823.46	650.438	453.796	1413.38	2261.42	0.142134	105.767	314.737	2163.68	18431.6	136770	9447.41	29653.7	128846	6588.24	19006.1	350906	350906	
75.59	0	909.433	844.38	0	0.00119598	1.11493	0	0	0	0	0	739.822	8.10518	0	0.0288213	15.9524	6148.94	728.416	11451.6	109.544	196.017	15.6321	0	0.000812898	0	0	0	859.081	211.617	0	5.00618	112.353	111372	823.925	26268.2	389.007	2.89762	12.4293	2843.48	222.031	966.267	0	0	0	0	0	0.203335	3.23644	0	5560.58	4913.63	0	0	2.76924	0.331727	0	0	0	7.42447	84.6281	20.9652	1.91029e-05	0.460357	4.36148	222.724	1374.11	27388.5	0	1.33895	29.0125	177.678	0.00200281	0	10.2721	624.878	20.2706	2501.04	0.0407633	109.36	224.636	23821.9	3172.96	73672.3	0.523577	0	75.0884	27955.7	2425.62	535.43	0	5.70539	0	129.147	0.000531952	23.8293	68.0745	0	2737.16	3937.68	0	0	1.89278	0	0.0159518	0	761.927	0	0	0	0.158825	0.0324016	0.207872	0	1746.69	17496.9	0	0	12.606	0	553.617	181.326	16.0409	0	0	0	0.00272051	0	0.249673	141565	17053.3	165973	499.074	200.255	150.545	30977.2	3201.29	1683.02	788.24	638.008	1703.8	2870.88	0.20286	138.92	429.071	2518.84	19838.2	142903	10595.2	32683.9	131886	7439.08	20007.4	367872	367872	
76.41	0	1072.45	921.115	0	0.00165599	1.27638	0	0	0	0	0	889.186	10.4398	0	0.0387909	22.0693	6347.67	836.533	12307.5	109.121	258.727	17.4948	0	0.000774432	0	0	0	1019.1	268.635	0	6.60237	152.484	116827	929.942	27966.6	387.69	3.72448	13.6645	2748.89	214.616	851.915	0	0	0	0	0	0.256861	4.26115	0	6371.34	5340.92	0	0	3.0706	0.338477	0	0	0	10.0139	101.296	27.1753	2.68438e-05	0.631589	6.04728	230.863	1579.03	29246.9	0	1.82305	32.4245	172.605	0.00191215	0	12.5763	862.893	23.9925	3135.1	0.0579716	142.448	302.527	24694.6	3532.43	77323.4	0.517174	0	81.3668	26496	2262.32	490.196	0	7.63118	0	159.339	0.000752898	30.5431	90.4238	0	3139.09	4280.97	0	0	2.09222	0	0.0146056	0	903.717	0	0	0	0.224217	0.0454526	0.299286	0	1936.76	18730.1	0	0	13.7645	0	545.609	174.296	20.0831	0	0	0	0.00392291	0	0.343717	148100	19397.6	176117	497.328	264.276	165.154	29417.8	3022.56	1516.41	936.377	880.538	2033.57	3600.69	0.286892	180.567	578.455	2916.57	21323.8	149949	11860.8	35743.3	135169	8326.44	21420.9	386709	386709	
77.22	0	1252.45	1000.73	0	0.00233981	1.45487	0	0	0	0	0	1062.49	13.3534	0	0.0514865	30.3526	6558.7	959.005	13127	108.061	340.836	19.5528	0	0.000740616	0	0	0	1203.61	338.257	0	8.61856	205.757	123301	1055.31	29884.9	386.253	4.8142	15.0638	2663.04	201.1	734.852	0	0	0	0	0	0.325711	5.63454	0	7273.33	5755.67	0	0	3.39571	0.333283	0	0	0	13.5803	120.663	34.7152	3.6893e-05	0.854621	8.29756	240.351	1790.03	31050.4	0	2.40764	35.9859	164.842	0.00182127	0	15.1348	1179.62	28.0337	3907.33	0.081726	184.873	405.171	25706	3971.47	81292.6	0.507783	0	87.6044	25181.6	2072.47	437.085	0	10.1126	0	196.009	0.0010608	39.0683	119.473	0	3559.45	4602.04	0	0	2.29453	0	0.013431	0	1047.04	0	0	0	0.315077	0.0625914	0.420111	0	2259.7	20731.8	0	0	15.6465	0	529.438	162.28	24.251	0	0	0	0.00562796	0	0.461251	155807	22120.8	187445	494.821	348.06	180.999	28009.8	2803.03	1334.22	1086.43	1203.31	2414.79	4489.67	0.403529	233.854	775.567	3360.88	22869.4	158253	13210.8	39004.3	139114	9211.64	23723.6	408747	408747	
78	0	1471.27	1103.89	0	0.00325819	1.63665	0	0	0	0	0	1279.24	17.7464	0	0.0704535	41.7647	6540.13	1133.55	14195.9	105.135	435.949	22.0072	0	0.000711096	0	0	0	1456.37	431.498	0	11.3764	282.892	128729	1225.17	31996.8	380.423	6.15901	16.3613	2628.58	181.637	624.742	0	0	0	0	0	0.402597	7.12268	0	8250.89	6128.23	0	0	3.70945	0.337041	0	0	0	18.2765	144.021	44.4265	5.02519e-05	1.13368	11.4517	246.311	2054.37	33184.5	0	3.06899	40.6638	157.982	0.0017409	0	17.992	1645.8	33.948	4836.8	0.113876	239.6	542.721	26652.5	4459.89	85590.3	0.497499	0	93.9002	23667.4	1875.98	382.195	0	13.0191	0	233.844	0.00152552	48.7012	153.574	0	3981.35	4898.84	0	0	2.50756	0	0.0125372	0	1180.33	0	0	0	0.434591	0.0837668	0.584781	0	2698.39	23121.1	0	0	18.2088	0	494.86	144.464	28.6187	0	0	0	0.00819795	0	0.649504	162168	25274.9	200220	486.055	445.181	198.995	26454.3	2552.49	1151.4	1226.94	1677.09	2913.59	5564.32	0.558241	301.368	1040.76	3915.63	24614.8	165797	14602.5	43003.9	143172	10064.1	26506.3	431676	431676	
78.77	0	1719.4	1211.91	0	0.0043854	1.83932	0	0	0	0	0	1525.94	23.0538	0	0.0949034	56.9653	6608.24	1301.14	15132.9	102.84	562.411	24.4169	0	0.000666825	0	0	0	1719.84	536.611	0	14.7971	380.87	134750	1429.87	34751.4	377	7.90795	18.1223	2615.65	164.414	537.973	0	0	0	0	0	0.547507	9.24778	0	9435.01	6579.08	0	0	4.13308	0.335221	0	0	0	24.8207	172.085	56.9202	7.57106e-05	1.50289	15.7834	248.455	2321.47	35276.6	0	3.95712	45.392	149.393	0.00165799	0	21.0252	2244.24	40.371	5982.69	0.1594	307.651	723.558	27437.3	5062	91599	0.490361	0	102.565	22126.4	1727.74	336.549	0	16.7936	0	277.572	0.00211611	61.1255	198.461	0	4438.39	5211.63	0	0	2.7568	0	0.0122781	0	1317.84	0	0	0	0.605311	0.113838	0.791588	0	3198.29	25620.6	0	0	20.7101	0	468.586	130.795	33.9161	0	0	0	0.0114976	0	0.865969	169044	28905.6	215383	480.33	574.28	219.935	24891.8	2360.76	1005.32	1372.78	2285.86	3458.24	6876.85	0.7784	385.833	1386.54	4539.21	26384.1	174663	16289.7	47365	148946	10972.1	29473.8	458633	458633	
79.53	0	1990.78	1323.26	0	0.00600559	2.03368	0	0	0	0	0	1806.34	29.584	0	0.123021	77.0883	6713.68	1467.17	16144	100.322	725.165	26.9467	0	0.000676289	0	0	0	2011.29	658.782	0	19.0127	507.131	139937	1612.94	37152.3	374.294	10.1111	20.0961	2511.32	150.859	466.424	0	0	0	0	0	0.74397	12.3435	0	10799.5	7085.85	0	0	4.65059	0.318236	0	0	0	33.5303	205.241	71.7533	0.000109522	1.95836	21.4362	247.814	2610.12	37514.6	0	5.07082	50.1892	139.271	0.00158301	0	24.2574	3021.05	47.8796	7362.24	0.223109	392.472	959.626	28237.4	5774.41	99134.7	0.477615	0	114.18	20692.1	1592.98	296.035	0	22.1886	0	337.622	0.00294246	79.1263	262.818	0	4937.91	5533.93	0	0	3.03998	0	0.0119985	0	1460.23	0	0	0	0.842836	0.152208	1.05089	0	3718.59	28036.4	0	0	23.0506	0	449.517	119.467	39.2966	0	0	0	0.0159534	0	1.10387	175136	32911.4	231925	475.094	740.353	244.186	23343	2193.37	881.925	1523.78	3076.77	4070.75	8459.98	1.08495	493.588	1842.6	5229.22	28373.5	182248	18224.2	52374.8	156544	11937.2	32387.5	487319	487319	
80.27	0	2262.54	1437.69	0	0.00845887	2.20989	0	0	0	0	0	2120.75	37.492	0	0.154312	103.184	6923	1633.17	17197.1	97.7483	928.643	29.5277	0	0.000680564	0	0	0	2329.23	800.432	0	24.1632	665.682	143215	1743.7	38636.2	367.85	12.9705	21.745	2337.63	139.82	412.5	0	0	0	0	0	0.930934	16.6167	0	12276.8	7616.78	0	0	5.21857	0.293183	0	0	0	45.334	244.315	88.9175	0.000149755	2.48853	28.4754	254.821	2924.37	39963.3	0	6.41299	55.0557	131.338	0.0014941	0	27.3231	4007.5	55.5751	8975.69	0.308395	496.604	1258.85	29394.3	6519.93	106960	0.459239	0	127.681	19452.8	1476.51	258.264	0	30.3705	0	427.467	0.00405395	102.69	351.241	0	5477.13	5850.73	0	0	3.34829	0	0.011535	0	1606.53	0	0	0	1.16478	0.194588	1.33268	0	4275.69	30383.5	0	0	25.5307	0	431.328	108.104	44.0199	0	0	0	0.021809	0	1.37653	179787	37113.3	248045	466.058	948.035	270.317	21922.1	2047.67	778.868	1677.87	4083.2	4749.87	10330	1.49918	627.226	2426.76	5964.03	30628.7	186905	20308.6	58157.1	165101	12940.4	35269.6	515275	515275	
80.99	0	2564.32	1581.36	0	0.0114222	2.37515	0	0	0	0	0	2498.88	47.2501	0	0.201176	137.281	6972.11	1849.74	18546.9	94.114	1158.79	32.3973	0	0.000652257	0	0	0	2734.11	988.831	0	30.8909	883.912	142721	1845.18	39036.2	352.882	16.4955	22.5354	2162.91	130.115	366.898	0	0	0	0	0	1.11359	21.0911	0	13843.5	8144.05	0	0	5.78566	0.286559	0	0	0	60.5461	290.777	111.589	0.000202872	3.15776	38.1054	259.648	3306.92	42803.8	0	7.8848	61.1863	125.753	0.00140616	0	30.5517	5404.54	65.6107	10825.3	0.420767	625.611	1641	30234.5	7159.95	112977	0.440545	0	139.004	18323.8	1371.35	223.233	0	40.0015	0	527.207	0.0056276	129.039	455.635	0	6087.5	6187.37	0	0	3.69611	0	0.0110044	0	1767.8	0	0	0	1.58645	0.239755	1.68075	0	4829.81	32476.5	0	0	28.5335	0	402.014	94.1735	47.8663	0	0	0	0.0299588	0	1.85954	180188	41486.9	261753	447.436	1183.18	295.513	20612.7	1903.49	684.305	1846.22	5505.09	5589.37	12500.2	2.04301	790.252	3180.57	6831.67	33291.7	186677	22497.8	65158.3	171581	14049.9	37880.7	537968	537968	
81.7	0	2856.03	1723.06	0	0.0142834	2.56627	0	0	0	0	0	2908.98	57.6341	0	0.271625	180.548	7044.51	2040.01	19758	90.9434	1455.68	35.0912	0	0.000617644	0	0	0	3129.8	1205.6	0	39.1163	1156.47	141901	1939.32	39580.6	336.49	21.0685	23.4204	2020.71	123.543	330.733	0	0	0	0	0	1.34656	26.3768	0	15554.2	8762.41	0	0	6.43905	0.302432	0	0	0	80.9875	342.149	139.039	0.000278121	4.13504	50.7978	263.019	3684.08	45462.5	0	9.96039	67.3937	120.483	0.00135521	0	33.1546	7132.23	75.0785	12987.5	0.574811	781.467	2122.17	30397	7716.68	117645	0.425566	0	148.897	17262.7	1280.83	194.082	0	52.0889	0	628.597	0.00753791	158.868	575.666	0	6819.6	6582.56	0	0	4.08891	0	0.0107435	0	1977.79	0	0	0	2.17454	0.289308	2.11648	0	5377.58	34473.7	0	0	31.8075	0	375.069	82.8444	50.8752	0	0	0	0.0402392	0	2.59061	179606	45987.5	273988	427.859	1486.72	319.704	19404.2	1779.45	607.659	2061.82	7265.31	6456.01	15018.3	2.79741	985.494	4116.73	7729.1	35955.2	186305	24940.4	72739.6	176061	15388.6	40394.5	559514	559514	
82.4	0	3142.46	1861.85	0	0.0179154	2.75393	0	0	0	0	0	3349.84	68.107	0	0.360088	235.125	7068.56	2227.27	20917.6	87.6549	1824.94	37.8609	0	0.000578368	0	0	0	3548.74	1453.54	0	49.1909	1494.53	140829	2045.03	40134.4	321.08	26.529	24.4781	1897.74	118.364	298.989	0	0	0	0	0	1.71045	32.798	0	17350.9	9397.45	0	0	7.09302	0.307852	0	0	0	105.416	396.435	170.738	0.000392514	5.51665	66.838	262.127	4056.35	47863.1	0	12.6869	73.8123	113.006	0.00140628	0	35.2798	9303.59	84.7597	15448.7	0.784226	970.581	2720.58	30192.3	8234.38	121636	0.411022	0	158.579	16258.3	1192.36	170.845	0	66.4537	0	732.744	0.0103311	192.952	719.227	0	7679.35	7050.59	0	0	4.53447	0	0.0105953	0	2231.14	0	0	0	2.96599	0.344626	2.69074	0	5864.39	36197.1	0	0	34.6592	0	348.412	73.2424	52.4224	0	0	0	0.0552303	0	3.43353	178352	50600.2	285058	409.146	1864.18	343.771	18269.4	1659.15	543.076	2318.84	9475.46	7379.77	17873.9	3.81617	1220.66	5275.23	8660.51	38709.9	185730	27500.7	80945.4	179554	16971.6	42573.7	580646	580646	
83.08	0	3421.65	1986.82	0	0.0220884	2.9597	0	0	0	0	0	3819.25	80.6762	0	0.449827	302.704	7095.47	2412.82	21891.7	84.4732	2272.68	40.6146	0	0.000558526	0	0	0	3992.7	1727.73	0	61.1334	1901.86	140375	2160.77	40904.5	307.244	32.3478	25.7151	1785.6	113.121	279.213	0	0	0	0	0	2.09222	40.7162	0	19161.6	10006.9	0	0	7.7396	0.308226	0	0	0	134.885	451.754	204.739	0.000524542	7.07913	85.8353	262.781	4440.59	50148.5	0	15.7648	80.2817	105.242	0.00144091	0	37.2589	11928.6	95.3425	18229.8	1.0585	1192.96	3456.81	29963	8727.75	125145	0.391948	0	168.536	15295.7	1123.74	151.913	0	84.1442	0	853.308	0.0141737	233.909	897.995	0	8635.26	7577.27	0	0	5.01927	0	0.0102573	0	2506.26	0	0	0	3.98278	0.412359	3.43778	0	6312.88	37663.1	0	0	37.0474	0	321.902	64.6947	53.938	0	0	0	0.0759503	0	4.43079	177696	55273.3	295324	392.109	2320.82	367.913	17186.8	1558.78	495.821	2597.46	12147.6	8359.05	21096.2	5.13193	1498.04	6693.79	9614.54	41481.2	186026	30060.8	89995	182646	18731.7	44458.1	603013	603013	
83.75	0	3707.26	2092.99	0	0.0274051	3.18443	0	0	0	0	0	4320.77	95.8461	0	0.539758	384.905	7130.3	2596.81	22704.5	81.6219	2820.42	43.399	0	0.000521864	0	0	0	4475.82	2034.35	0	75.5536	2395.83	140322	2316.92	42066.1	295.01	38.8091	26.9643	1699.36	109.9	272.309	0	0	0	0	0	2.56154	50.6349	0	20973.2	10613.2	0	0	8.35402	0.299218	0	0	0	170.362	509.591	241.409	0.000683948	8.66657	108.716	265.891	4861.24	52371.2	0	19.3139	86.7011	99.5478	0.0014222	0	40.3474	15057.9	106.2	21403	1.41037	1455.8	4359.33	29935.4	9210.82	128611	0.372914	0	178.8	14379.7	1111.43	141.093	0	107.436	0	1002.34	0.0189644	282.13	1124.58	0	9662.67	8183.07	0	0	5.51749	0	0.00984507	0	2781.12	0	0	0	5.28878	0.533207	4.48033	0	6713.9	38836.6	0	0	39.1299	0	305.695	58.1374	59.9435	0	0	0	0.102668	0	5.71244	177653	60042.8	305479	377.004	2878.57	392.05	16178.9	1527.03	471.54	2881.41	15335.7	9412.37	24776.9	6.82147	1825.78	8434.18	10605.5	44358.6	187200	32633.7	100128	186085	20642.7	46019.2	627673	627673	
84.4	0	4102.74	2315.51	0	0.0339741	3.36035	0	0	0	0	0	4907.55	116.588	0	0.753553	485.168	7266.42	2999.93	26946.6	85.5734	3936.24	48.4941	0	0.000506955	0	0	0	5231.02	2657.24	0	105.855	3269.01	138710	2483.43	42853.3	285.725	45.4581	27.7624	1610.86	104.807	208.869	0	0	0	0	0	3.05046	60.0357	0	22528.1	10984.8	0	0	8.68011	0.330878	0	0	0	201.355	567.698	281.93	0.000879614	10.0685	136.632	305.015	6402.58	64827.9	0	27.7949	99.046	111.249	0.00154777	0	40.4318	20255.4	126.546	30306.9	1.92037	2245.44	6291.17	28877.7	9571.23	130763	0.333248	0	185.376	12151.4	921.949	109.13	0	131.704	0	1122.19	0.0456676	327.499	1349.48	0	10853.5	9220.8	0	0	6.43226	0	0.0106679	0	2636.64	0	0	0	7.08718	0.628193	8.62736	0	6978.38	39549.1	0	0	40.2696	0	266.114	45.6496	63.9388	0	0	0	0.232089	0	8.89876	175159	65920	327461	371.632	4009.53	419.421	13873.8	1292.88	363.648	2741.02	20588.5	10832.8	34484.8	9.28619	2693.29	11609	11931.7	52546.4	186393	34719.7	131041	185511	22733.8	46952.5	671829	671829	
85.04	0	4569.71	2521.73	0	0.0439127	3.55168	0	0	0	0	0	5648.17	139.511	0	0.98515	620.775	7455.43	3362.92	30857.3	86.1984	5052.43	53.7344	0	0.000482531	0	0	0	6077.09	3352.09	0	143.786	4359.49	137537	2625.68	43713.3	271.077	55.0997	28.7054	1522.06	89.5064	161.302	0	0	0	0	0	3.52419	73.0017	0	24801.9	11818.3	0	0	9.23917	0.363907	0	0	0	248.456	658.48	347.284	0.00111954	12.9152	179.549	317.528	7890.16	75403	0	37.5503	115.413	116.934	0.00194808	0	48.5663	27887.1	147.119	38377.4	2.80833	2923.79	8454.86	28313.8	10005.5	132281	0.307988	0	190.912	10702.1	740.188	84.1935	0	159.331	0	1274.17	0.069287	385.732	1650.16	0	12954.5	10950.5	0	0	7.74182	0	0.0117305	0	3099.31	0	0	0	10.1021	0.763596	15.7596	0	7160.23	39549.1	0	0	41.0007	0	230.383	37.3782	61.1167	0	0	0	0.368616	0	10.9552	173624	73370.6	347094	357.584	5145.13	450.298	12341.4	1060.09	282.874	3208.99	28294.9	12530.9	43490.5	13.3495	3471.49	15364.6	13504.5	60800.5	186080	38076.5	161722	185787	27038.7	47090.5	720100	720100	
85.67	0	5066.12	2742.44	0	0.0560446	3.84015	0	0	0	0	0	6504.22	166.202	0	1.22072	797.259	7503.98	3743.62	33643.8	85.4136	6305	58.6166	0	0.000465884	0	0	0	7001.06	4070.64	0	182.585	5611.39	136070	2763.54	44446.5	257.492	65.7353	29.4938	1429.01	74.8248	126.52	0	0	0	0	0	3.97606	89.2314	0	27791.4	13081.6	0	0	10.0394	0.353211	0	0	0	311.847	762.254	426.473	0.00140745	16.2199	235.045	325.59	9106.43	82781.9	0	46.9159	129.681	118.551	0.00218038	0	62.073	36733.2	168.505	46093.3	3.94158	3637.35	10864.5	27790.6	10448.5	133534	0.28602	0	195.602	9589.4	590.067	65.5262	0	190.45	0	1442.92	0.0957394	454.79	2016.56	0	15338.2	12808.6	0	0	9.12549	0	0.0122495	0	3676.96	0	0	0	14.1934	1.00298	24.926	0	7500.77	39828.5	0	0	42.6728	0	195.083	30.7399	56.789	0	0	0	0.519463	0	13.3369	171690	81758.7	362867	343.192	6417.71	479.071	11137.3	859.989	222.786	3795.82	37235.5	14436	52199.5	18.7516	4297.14	19652.3	15281.4	68206.2	185356	42635.2	190072	186318	31873	47668.4	767411	767411	
86.28	0	5575.42	2943.96	0	0.0698938	4.25038	0	0	0	0	0	7411.59	203.292	0	1.47632	1013.72	7450.95	4145.69	35383.3	83.9194	7693.32	62.9907	0	0.00044481	0	0	0	7971.27	4800.6	0	222.181	7091.61	133368	2920.19	45314.8	245.537	78.0032	30.3084	1334.96	61.7151	103.955	0	0	0	0	0	4.61265	107.059	0	31111.7	14416.3	0	0	11.0418	0.340712	0	0	0	398.499	868.927	511.331	0.00175708	19.2155	303.364	329.729	10061.3	87926.2	0	56.7576	142.633	117.586	0.00211483	0	75.8426	46277.9	191.257	53817	5.27519	4397.27	13708.5	27094.9	10864.3	135115	0.268534	0	200.417	8627.97	480.218	52.9854	0	221.219	0	1605.14	0.122146	526.61	2432.82	0	17524.7	14453.7	0	0	10.4047	0	0.0125886	0	4168.24	0	0	0	19.3758	1.3249	35.2046	0	7915.68	40047.6	0	0	44.6508	0	163.27	25.2796	53.4687	0	0	0	0.676945	0	16.6772	168244	90118.9	375601	329.725	7828.15	506.697	10080.9	705.219	182.22	4297.56	46897.6	16443	60937.3	25.4518	5172.69	24709	17153.8	74905.8	183569	47640.8	217107	187222	36213	48267.3	812079	812079	
86.88	0	6161.17	3131.74	0	0.084121	4.66974	0	0	0	0	0	8368.15	243.603	0	1.76471	1279.83	7322.37	4536.01	36760.9	82.0099	9265.68	67.3671	0	0.000420527	0	0	0	9020.68	5533.26	0	266.225	8858.15	128746	3038.03	45916.7	234.011	92.7673	31.1665	1229.64	51.8103	91.4727	0	0	0	0	0	5.90534	127.543	0	34791	15732.3	0	0	12.21	0.333112	0	0	0	501.632	986.341	606.34	0.0025696	22.7783	390.196	327.56	10869.4	91694.8	0	68.5291	154.691	114.052	0.00207259	0	88.9066	56553	216.78	61675.3	6.90714	5224.8	17083.9	26078.8	11273	137317	0.25523	0	206.68	7793.69	410.16	45.6638	0	253.272	0	1758.43	0.152006	608.22	2932.04	0	19457.6	15897.1	0	0	11.6067	0	0.0132178	0	4562.61	0	0	0	26.0109	1.72971	46.208	0	8081.29	39530.2	0	0	45.2838	0	140.036	21.4671	52.23	0	0	0	0.854089	0	20.0878	162475	98207.5	385980	316.276	9427.06	533.675	9137.71	602.021	158.604	4703.74	57307.9	18591.9	69817	33.9267	6131.43	30737.9	19191	81712.7	179565	53043.1	244079	188677	40002.8	47891.5	854162	854162	
87.47	0	6835.07	3312.16	0	0.105791	5.0516	0	0	0	0	0	9412.63	286.052	0	2.06679	1613.46	7211.03	4888.54	38039.1	79.7622	11060.4	71.7298	0	0.000450003	0	0	0	10140.3	6243.7	0	312.82	10949.2	122196	3004.58	45281.2	221.253	109.291	31.9223	1092.08	45.6902	85.0632	0	0	0	0	0	6.98557	153.805	0	38855.7	17020	0	0	13.6137	0.318675	0	0	0	618.747	1125.22	708.905	0.00375098	26.7662	497.25	316.711	11572.9	94728.8	0	81.9892	165.27	108.984	0.00206454	0	97.775	67392.4	248.167	69518.7	8.96836	6121.5	21081.2	25005.4	11673.8	139326	0.240199	0	213.785	7120.58	371.262	42.1376	0	286.249	0	1946.65	0.189016	713.738	3584.7	0	21211.2	17051	0	0	12.754	0	0.013633	0	4915.63	0	0	0	34.3589	2.09574	58.3886	0	7996.26	38469.3	0	0	44.673	0	126.22	19.3706	52.7037	0	0	0	1.06449	0	23.045	154730	106038	393228	301.256	11251.8	558.799	8321.96	543.189	146.571	5066.1	68297.4	20926.4	78704	44.5845	7185.97	37961.1	21466.6	88996.6	172228	58866.5	271443	190285	43285.5	46732.7	893304	893304	
88.05	0	7648.29	3548.54	0	0.142393	5.36259	0	0	0	0	0	10717.8	343.446	0	2.44388	2048.21	7094.04	5261.99	39281.5	76.8901	12859.8	75.9777	0	0.000476196	0	0	0	11409	6959.79	0	363.283	13458.9	112957	2863.1	42897.4	205.048	126.97	30.9053	946.759	42.4009	81.3785	0	0	0	0	0	7.88346	178.681	0	43536.3	18364.6	0	0	15.1282	0.31035	0	0	0	750.886	1323.28	832.181	0.00505736	31.4505	636.688	306.477	12279.5	97529	0	95.6432	176.751	103.939	0.00201198	0	104.586	79670.1	284.317	76647.6	11.4549	7046.13	25643.8	24186.9	11850.1	138991	0.222892	0	217.88	6588.07	349.13	40.2958	0	326.795	0	2191.52	0.231206	823.439	4334.49	0	23095.5	18089.6	0	0	13.9284	0	0.0136807	0	5290.84	0	0	0	44.3131	2.42952	70.2479	0	7861.23	37462.3	0	0	44.2021	0	118.334	18.4642	52.8056	0	0	0	1.2985	0	26.5657	144545	114396	396164	282.161	13082.5	580.136	7639.08	509.881	140.139	5448.23	80747.8	23734.4	86974.5	57.3028	8277.06	46397.6	24314.2	96841.2	160338	65490.8	299899	189900	46606.8	45585.2	928975	928975	
88.61	0	8281.67	3735.48	0	0.181756	5.66597	0	0	0	0	0	12009.4	390.278	0	2.81463	2534.52	7044.58	5476.98	40392	74.1205	14891	79.4575	0	0.000477107	0	0	0	12483.5	7641.25	0	415.197	16246.3	104288	2701.2	40551	187.736	148.908	29.657	831.855	40.4854	78.781	0	0	0	0	0	8.59328	205.256	0	48058.2	19625.4	0	0	16.7533	0.296574	0	0	0	902.521	1535.77	944.891	0.00652499	35.6384	793.143	302.578	12849.2	100368	0	110.151	186.65	100.506	0.00190756	0	108.233	90805	313.924	83488.1	14.2285	8025	30727.7	22991.6	11735.7	136020	0.20685	0	215.377	6133.73	333.014	38.7132	0	353.482	0	2356.16	0.273586	912.6	4999.4	0	24886.8	18994.2	0	0	15.0476	0	0.0136081	0	5631.6	0	0	0	55.9606	2.7483	82.6044	0	7888.61	37162.6	0	0	44.8088	0	113.281	17.924	52.6236	0	0	0	1.54101	0	32.1208	134627	121878	396848	262.063	15150.3	593.417	7066.38	486.796	135.418	5792.45	92061	26342.6	94820.7	72.0102	9402.59	55621.1	26960	104744	149072	71912.6	327399	186090	49668.9	45313.5	961160	961160	
89.17	0	8777.56	3923.48	0	0.218572	5.91985	0	0	0	0	0	13302.8	430.964	0	3.39259	3097.03	6921.09	5612.93	41604.5	71.3952	17197.4	82.5357	0	0.000459999	0	0	0	13511.3	8316.97	0	473.554	19559.9	96885.6	2595.28	38947.9	171.962	173.675	28.7519	754.189	39.2033	76.3601	0	0	0	0	0	9.50204	231.922	0	52190.9	20836.2	0	0	18.2239	0.318556	0	0	0	1051.11	1751.64	1059.83	0.00828834	41.971	979.178	296.205	13327.4	102919	0	129.103	195.692	96.4525	0.00180637	0	108.812	101458	340.55	90045.6	17.4439	9079.48	36535	21495.3	11520.1	132024	0.19453	0	210.143	5707.78	318.021	37.2952	0	365.545	0	2416.45	0.320771	981.49	5617.8	0	26765.2	19957.6	0	0	16.1756	0	0.0135412	0	5985.41	0	0	0	69.7575	3.06244	97.5917	0	8073.84	37456.2	0	0	46.2717	0	108.235	17.3395	51.8983	0	0	0	1.81704	0	39.4387	125598	128863	397669	243.552	17500.3	603.714	6558.74	465.475	130.995	6146.12	102874	28906.3	102270	89.3475	10592.5	66157.8	29541.4	113352	139914	77929.4	354548	180695	52894.8	45795.1	994669	994669	
89.71	0	9147.11	4117.53	0	0.251585	6.07772	0	0	0	0	0	14525.7	459.641	0	3.98874	3730.03	6718.23	5703.48	42727.6	68.6732	19619.8	85.2737	0	0.000446568	0	0	0	14466.4	8903.31	0	535.313	23098.6	91037.4	2540.91	38053.2	158.723	195.483	28.3174	703.247	37.9485	73.407	0	0	0	0	0	10.8882	262.17	0	55720.9	21909.3	0	0	19.3696	0.328298	0	0	0	1168.97	1955.46	1168.26	0.0106638	50.5265	1182.68	284.331	13705.5	104760	0	149.931	202.973	90.4152	0.00183611	0	108.118	111004	363.347	95746	21.0798	10152.2	42737.3	20073.8	11323.1	128611	0.183466	0	206.562	5308.19	301.891	35.9321	0	368.69	0	2419.01	0.383931	1045.31	6226.84	0	28701.8	20917.3	0	0	17.3008	0	0.0135467	0	6355.82	0	0	0	84.8874	3.31095	115.685	0	8247.12	37774.1	0	0	47.0905	0	102.591	16.7273	50.2664	0	0	0	2.17344	0	46.1032	118114	135090	398870	227.58	19965.5	612.965	6102.18	442.446	126.066	6514.21	112541	31310.9	108696	108.535	11801.6	77399.4	31990.3	121927	133102	83175.7	379324	175921	56196.2	46286.2	1.02792e+06	1.02792e+06	
90.24	0	9386.01	4287.18	0	0.29263	6.2255	0	0	0	0	0	15680.5	489.923	0	4.46042	4433.67	6517.3	5769	43425.6	66.0147	22146.6	87.5036	0	0.000452713	0	0	0	15374.1	9378.21	0	596.787	26871.9	86930.7	2530.89	37669.2	148.08	211.59	28.4974	667.136	36.5282	71.1311	0	0	0	0	0	12.0153	300.202	0	58483.6	22790.2	0	0	20.284	0.319455	0	0	0	1265.66	2136.82	1250.92	0.0125676	57.6736	1389.45	272.365	14082.7	106391	0	168.831	208.877	83.8479	0.00182348	0	106.685	119019	386.352	100793	25.0294	11206	49437.5	19026	11181.5	126438	0.172816	0	206.096	4938.57	287.728	34.4127	0	374.73	0	2446.25	0.45549	1122.1	7003.19	0	30614.7	21853.2	0	0	18.3662	0	0.0131245	0	6690.5	0	0	0	100.804	3.5648	137.907	0	8353.88	37963.8	0	0	47.3112	0	96.5876	16.0502	48.1159	0	0	0	2.5777	0	52.2307	112746	140402	400818	214.268	22527.3	623.16	5689.87	420.859	121.594	6845.3	120659	33577.8	114358	128.879	13002.6	89626	34288.2	130233	128606	87394.9	402181	173060	59419	46580.5	1.06176e+06	1.06176e+06	
90.76	0	9515.11	4403.18	0	0.330134	6.34658	0	0	0	0	0	16734.2	513.797	0	4.8198	5166.88	6336.39	5819.09	43686.7	63.4111	24682.2	88.9426	0	0.000433713	0	0	0	16236.2	9735.1	0	656.89	30708.5	83970	2556.92	37693.2	139.586	225.83	28.6989	641.164	35.3039	68.5993	0	0	0	0	0	13.1482	344.314	0	60496.9	23497.5	0	0	20.8897	0.296295	0	0	0	1346.26	2291.04	1313.03	0.0144597	63.0245	1601.18	264.362	14479.5	107742	0	185.943	213.151	79.3274	0.00172405	0	106.883	124923	405.182	104984	28.8894	12180.2	56335.5	18344.6	11084.1	125266	0.163025	0	207.576	4603	279.988	33.0506	0	384.675	0	2516.42	0.51823	1205.6	7938.46	0	32276.1	22805.7	0	0	19.2942	0	0.0125799	0	6927.95	0	0	0	116.763	4.06816	164.316	0	8395.87	37828.1	0	0	47.1633	0	91.5372	15.341	47.7749	0	0	0	2.95372	0	58.9818	108915	144624	402922	203.161	25094.3	632.062	5323.79	406.844	116.991	7082.61	126654	35666.6	119062	149.139	14127.7	102318	36344.6	138013	125717	90630.1	421928	171864	62314.1	46487.7	1.0933e+06	1.0933e+06	
91.27	0	9763.61	4539.33	0	0.365662	6.38618	0	0	0	0	0	17846.3	540.205	0	5.27106	5971.37	6083.42	5917.12	43700.4	60.3994	26798.3	89.4846	0	0.000424272	0	0	0	17170.8	10023.3	0	708.252	34751.5	81020.8	2602.47	37665	132.37	239.707	28.4393	617.831	34.3946	63.6367	0	0	0	0	0	14.2348	381.051	0	62324.5	24279.1	0	0	21.2798	0.280708	0	0	0	1388.75	2439.29	1389.54	0.016389	68.1928	1858.23	250.637	14757.6	108035	0	201.786	215.285	75.2497	0.00160054	0	108.834	130042	429.515	107376	32.3955	12980.6	63046	17737	11010	124122	0.154161	0	206.912	4316.72	270.74	31.5794	0	390.756	0	2561.01	0.567422	1282.06	8930.65	0	33624.5	23625	0	0	19.9505	0	0.0119741	0	7084.84	0	0	0	131.401	4.72089	196.325	0	8306.85	37261.3	0	0	46.5458	0	88.1026	14.8247	47.6617	0	0	0	3.28368	0	68.0572	105092	148307	403228	192.923	27240.2	634.284	5010.09	393.251	110.041	7241.34	131822	37886	121890	167.664	15063.4	115203	38672.8	145303	122800	93769.2	437551	170861	64686.7	45836.6	1.11948e+06	1.11948e+06	
91.77	0	9931.25	4620.94	0	0.404614	6.42828	0	0	0	0	0	18827.1	556.512	0	5.82701	6810.98	5832.87	5924.2	43601.8	57.321	28952.1	89.7166	0	0.000419209	0	0	0	17969.9	10185.1	0	749.823	38738.7	78694.7	2600.68	37651.3	125.658	256.008	28.2433	596.292	32.9467	56.6462	0	0	0	0	0	15.0682	425.429	0	63551.7	24866.7	0	0	21.464	0.269611	0	0	0	1409.24	2570.22	1454.33	0.017671	72.9442	2122.24	244.472	14778.2	107449	0	222.143	214.415	71.3071	0.00152237	0	109.557	132338	448.01	108856	35.7598	13742.6	69592.3	17169.5	10943.6	122869	0.145647	0	204.675	4063.99	253.08	28.8997	0	394.852	0	2591.25	0.616062	1357.36	10000.2	0	34493.3	24092.7	0	0	20.3184	0	0.01149	0	7154.66	0	0	0	145.799	5.10961	230.221	0	8199.45	36802.4	0	0	45.8242	0	85.7559	14.3671	46.4215	0	0	0	3.61149	0	77.7878	101941	150422	401954	183.124	29430.7	631.085	4731.86	371.796	99.9131	7310.64	134142	39815.2	123643	185.804	15948.8	127998	40759.4	152101	120483	96069.1	448102	169877	66142.1	45275.6	1.13881e+06	1.13881e+06	
92.26	0	9989.68	4662.61	0	0.447656	6.54581	0	0	0	0	0	19684.1	565.161	0	6.265	7675.72	5601.2	5938.39	43261.2	54.4317	30959	89.8611	0	0.000417808	0	0	0	18710.8	10250	0	781.372	42669.4	76803.1	2600.61	37663.8	119.895	273.815	27.9942	576.476	30.3578	49.9607	0	0	0	0	0	15.6603	474.54	0	64246.5	25106	0	0	21.5226	0.249097	0	0	0	1425.94	2683.53	1487.04	0.0182495	76.987	2377.14	238.469	14630.2	106169	0	238.959	212.455	66.8324	0.00147013	0	108.488	132852	462.694	109341	38.905	14425.6	76129.3	16678.9	10894.2	121547	0.137103	0	201.003	3838.48	230.707	25.597	0	396.709	0	2609.84	0.669635	1425.44	11105.3	0	34935	24251.5	0	0	20.4814	0	0.0108883	0	7118.38	0	0	0	159.343	5.31043	264.41	0	8261.56	36773.3	0	0	46.1053	0	81.101	13.3159	44.1509	0	0	0	3.94624	0	87.4964	99321.7	151496	399435	174.464	31472.2	625.969	4482.04	342.179	88.8736	7271.02	134674	41541.1	124253	202.882	16736.6	140783	42590.5	158316	118636	97425	454914	168954	66754.5	45311	1.1529e+06	1.1529e+06	
92.74	0	9973.59	4663.33	0	0.490551	6.71706	0	0	0	0	0	20416	576.187	0	6.54064	8542.13	5383.15	5946.88	42538.9	51.7754	32789.1	89.5695	0	0.000409535	0	0	0	19378.6	10203	0	809.105	46653.9	75013.3	2657.97	38020.2	114.979	291.31	27.9618	559.357	27.2193	44.958	0	0	0	0	0	16.0554	522.123	0	64475.9	25068	0	0	21.518	0.232631	0	0	0	1441.08	2778.85	1490.75	0.0191754	79.183	2619.69	230.88	14420.3	104796	0	252.42	210.864	62.4555	0.00137904	0	104.928	131991	476.284	109257	41.6555	15000.6	82890	16131.4	10868.3	120694	0.130176	0	197.332	3601.67	209.583	22.6916	0	393.874	0	2587.51	0.716362	1475.83	12104.9	0	35060	24253.5	0	0	20.578	0	0.0103631	0	6986.76	0	0	0	171.731	5.42851	299.41	0	8438.07	36876.7	0	0	46.9201	0	74.7188	11.9578	42.0802	0	0	0	4.24131	0	98.7838	96758.7	151841	396911	166.884	33333.4	621.46	4223.72	311.534	79.6074	7133.77	133826	43049.7	124114	218.364	17392.8	153731	44185	163844	117295	97975.3	459734	168288	66797.4	45593.4	1.16371e+06	1.16371e+06	
93.21	0	9959.03	4635.34	0	0.517288	6.7754	0	0	0	0	0	21036.3	575.483	0	6.74828	9371.89	5159.89	5909.47	41895.9	49.3246	34396.7	89.1167	0	0.000395796	0	0	0	19974.5	10078.1	0	833.3	50549.1	72588.2	2712.7	38369.9	110.471	308.968	28.0749	535.181	24.4768	41.6071	0	0	0	0	0	17.6102	570.457	0	64594.7	24921.7	0	0	21.4185	0.218364	0	0	0	1425.81	2868.5	1485.01	0.0219266	81.9448	2864.2	222.332	14206.5	103642	0	265.898	208.764	58.2351	0.00133051	0	100.61	129967	489.28	108558	43.9945	15436.9	88995.7	15396.8	10880	120583	0.124685	0	195.366	3363.8	193.691	20.5808	0	384.485	0	2532.13	0.752169	1513.36	13077.7	0	35010.5	24229.9	0	0	20.6986	0	0.0100976	0	6815.84	0	0	0	182.371	5.63	335.282	0	8444.58	36474	0	0	46.6506	0	69.1207	10.7916	41.238	0	0	0	4.47612	0	109.341	93367.2	151717	394752	159.921	34972.1	616.864	3957.43	287.3	72.9794	6957.69	131777	44368.5	123229	231.616	17895.5	165874	45592.1	168935	115308	98263.5	462196	168141	66600.2	45200.2	1.17024e+06	1.17024e+06	
93.67	0	9966.69	4591.49	0	0.55696	6.72931	0	0	0	0	0	21640.8	566.822	0	6.80272	10200.4	4973.19	5808.17	41444.7	46.8652	35752.9	88.3968	0	0.000409015	0	0	0	20491.5	9836.27	0	849.754	53999	69352.6	2656.31	37839.7	105.507	323.227	28.0071	493.444	22.4695	39.2067	0	0	0	0	0	18.291	626.975	0	64648	24770.4	0	0	21.334	0.203595	0	0	0	1391.12	2974.71	1464.67	0.0237495	83.7252	3087.43	211.106	13998.2	102739	0	277.364	205.282	54.1358	0.00129221	0	95.8239	127007	504.999	107096	46.0095	15741.4	94348.8	14629.1	10862.5	120439	0.117367	0	194.929	3152.08	181.287	19.2044	0	376.478	0	2507.92	0.785556	1577.31	14237	0	34815.2	24103.9	0	0	20.7162	0	0.00977809	0	6639.63	0	0	0	190.732	5.76473	371.392	0	8234.89	35541.5	0	0	45.3434	0	65.2084	10.0076	40.6544	0	0	0	4.67365	0	115.929	89166	150990	391469	152.49	36354	610.738	3699.86	268.976	68.4187	6776.11	128774	45612	121472	242.225	18283.1	176987	46980.3	173291	111506	98441.6	462325	168178	66147.3	44058.2	1.17093e+06	1.17093e+06	
94.12	0	9894.69	4545.27	0	0.61041	6.65481	0	0	0	0	0	22210.3	549.979	0	6.74402	10980.9	4860.81	5644.09	41037.5	44.4644	36785.3	87.2728	0	0.000396229	0	0	0	20849.3	9529.37	0	858.489	56813.2	65400	2507.6	36252	99.354	336.74	27.1178	444.023	21.0833	37.6039	0	0	0	0	0	17.8353	684.736	0	64381.8	24546.4	0	0	21.1855	0.185439	0	0	0	1365.74	3098.1	1433.29	0.0249401	83.2457	3276.42	203.643	13767.9	102075	0	285.511	201.065	50.6841	0.00123657	0	91.2976	123210	511.941	104837	47.3847	15910.9	98569.3	14076.7	10670.4	118989	0.109689	0	193.412	2969.59	171.723	18.1747	0	371.759	0	2541.93	0.80517	1635.12	15425.1	0	34511	23826	0	0	20.5607	0	0.00930431	0	6444.6	0	0	0	196.646	5.7337	399.642	0	7969.36	34466.1	0	0	44.0558	0	62.6051	9.53463	39.3637	0	0	0	4.78066	0	121.586	84541.1	149347	385738	143.928	37408.2	601.324	3464.48	255.422	65.3132	6575.26	124948	46669.6	118892	249.641	18518.1	186271	48195.1	176510	105828	98206.4	459762	167064	65404.2	42717.4	1.16369e+06	1.16369e+06	
94.56	0	9676.35	4493.89	0	0.624541	6.58357	0	0	0	0	0	22621.1	527.293	0	6.73187	11622.2	4763.35	5455.66	40603.9	42.1555	37480.8	85.6112	0	0.000361167	0	0	0	21019.5	9204.6	0	859.442	59207.2	61203.2	2346.42	34312.5	92.5412	352.464	25.7798	401.682	20.0758	36.6752	0	0	0	0	0	16.6172	724.57	0	63641.4	24245.9	0	0	20.9742	0.172332	0	0	0	1345.35	3194.59	1390.74	0.0252546	81.7155	3449.76	198.929	13519.1	101460	0	289.52	196.559	47.87	0.00116903	0	87.0377	118755	509.894	102032	47.9218	15966.8	101386	13418.7	10287.1	115433	0.102262	0	187.29	2808.14	164.249	17.2501	0	348.601	0	2494.68	0.799633	1633.75	16115.7	0	34119.9	23455.8	0	0	20.2882	0	0.00882464	0	6235.1	0	0	0	200.349	5.68366	420.766	0	7764.31	33689.6	0	0	43.6298	0	60.1675	9.12678	37.8725	0	0	0	4.77575	0	133.434	79584.1	146810	377695	134.799	38123.4	586.716	3257.87	244.502	63.0521	6360.01	120449	47345	115649	253.872	18570.7	193059	48954.8	178722	99532.5	97370.6	454496	162910	64457.8	41742.9	1.14819e+06	1.14819e+06	
94.99	0	9518.26	4504.9	0	0.624478	6.44419	0	0	0	0	0	22971.7	512.747	0	7.25716	12193.6	4565.99	5302.57	40129.5	39.7626	37388.9	83.1481	0	0.00032575	0	0	0	21171.5	8877.83	0	858.683	61460.8	56783.3	2216.07	32425.3	85.602	364.826	24.162	371.583	19.4526	35.7071	0	0	0	0	0	15.3075	722.159	0	62939.9	24065.3	0	0	20.6196	0.177363	0	0	0	1308.21	3282.32	1372.54	0.0259652	84.4009	3669.2	188.442	13247.2	100184	0	294.721	192.736	44.5587	0.00110271	0	82.3887	115266	509.144	98306.7	47.7597	15830.8	103041	12551.7	9786.54	110071	0.0963914	0	177.596	2652.25	158.047	16.5303	0	314.647	0	2328.21	0.785124	1573.67	16126.9	0	33833.6	23125.1	0	0	19.9591	0	0.00852615	0	6031.96	0	0	0	200.624	5.62491	438.822	0	7592.85	33117.9	0	0	43.5013	0	57.6646	8.73332	36.3208	0	0	0	4.73771	0	147.907	74089.4	144437	367623	125.461	38049.1	568.166	3068.57	235.174	60.9707	6150.67	116889	47934.7	111398	253.933	18375.7	197800	49715.5	179879	93063.5	96742.7	447235	155758	63655.7	41009.6	1.12706e+06	1.12706e+06	
95.42	0	9284.26	4481.51	0	0.594947	6.26734	0	0	0	0	0	23064	478.145	0	7.62024	12632.3	4343.67	5112.56	39672.7	37.4927	37324.4	80.8301	0	0.000291491	0	0	0	21136	8483.89	0	852.48	62799.3	53096.4	2098.75	31060.7	79.039	367.869	23.1889	352.348	18.7769	34.3648	0	0	0	0	0	14.677	726.508	0	61861.8	23751.1	0	0	20.1421	0.169327	0	0	0	1252.3	3323.9	1333.19	0.0272676	88.8717	3823.22	177.363	12915.9	98715	0	300.661	188.209	41.1134	0.00109614	0	77.3946	110952	501.759	94790.3	47.8279	15727.9	103707	11677.6	9299.91	105129	0.0907186	0	169.338	2490.62	150.581	15.7243	0	285.527	0	2141.61	0.798653	1516.69	16034	0	33542.4	22839.6	0	0	19.674	0	0.00828024	0	5864.16	0	0	0	200.86	5.37885	456.818	0	7396.44	32552.6	0	0	42.6818	0	55.2425	8.38769	34.4728	0	0	0	4.80069	0	154.69	69295.1	141512	358202	116.622	37993.5	550.331	2884.25	224.61	58.4768	5976.03	112490	48025.7	107227	254.315	18213.6	200334	49954.7	179843	87872.6	95454.7	438143	148911	62929	40249.4	1.10336e+06	1.10336e+06	
95.83	0	9001.24	4416.99	0	0.585059	6.09369	0	0	0	0	0	22959.2	450.3	0	7.54893	12914.3	4146.07	4929.25	38924.1	35.379	36987.6	78.2432	0	0.000267947	0	0	0	20977	8039.66	0	838.906	62948	50281.7	2007.44	30043.9	73.5953	358.457	22.5563	335.884	18.0236	33.8213	0	0	0	0	0	13.9761	738.957	0	60424.5	23319.1	0	0	19.6069	0.153808	0	0	0	1191.89	3322.41	1273.96	0.027121	89.6044	3885.7	166.366	12606.7	97131.1	0	299.186	183.224	37.8082	0.00106601	0	72.8699	106238	493.312	91136.9	47.6085	15508.4	103266	10985.6	8890.64	101215	0.0845771	0	163.287	2334.93	143.995	14.8925	0	261.488	0	1999.84	0.809439	1471.81	16003.2	0	33250.1	22592.5	0	0	19.4587	0	0.00794825	0	5692.64	0	0	0	199.126	5.14292	473.28	0	7188.34	31909.1	0	0	41.3604	0	52.5288	7.94708	32.2588	0	0	0	4.83006	0	156.008	65579.7	138298	349552	109.059	37645.8	533.83	2708.77	214.557	56.6608	5797.77	107691	47751.9	102901	252.401	17935.4	200385	49756.2	177904	83928.3	93527	427187	143486	62232.2	39392.4	1.07741e+06	1.07741e+06	
96.24	0	8707.52	4320.38	0	0.568089	5.91472	0	0	0	0	0	22765.3	424.307	0	7.18364	13029.5	3972.02	4747.87	37961.3	33.4269	36410.6	75.5216	0	0.000246102	0	0	0	20789.5	7597.97	0	822.657	62404.4	48076.8	1961.62	29451.1	69.1335	344.309	21.9352	323.806	17.4552	33.5044	0	0	0	0	0	13.4603	754.556	0	58845.3	22884.3	0	0	19.0087	0.137981	0	0	0	1136.86	3297.92	1203.84	0.0266107	86.8682	3892.74	159.168	12387.3	95511.9	0	293.169	177.799	35.554	0.000985049	0	69.3849	101124	482.978	87415.5	46.754	15176.6	102037	10485.7	8540.98	98371	0.0791274	0	158.584	2189.83	140.969	14.4613	0	248.067	0	1914.8	0.789135	1432.84	16070.2	0	32843.6	22463.7	0	0	19.24	0	0.0075799	0	5495.73	0	0	0	195.641	5.24709	491.188	0	6976.58	31113.1	0	0	39.9341	0	50.3092	7.52932	31.117	0	0	0	4.72727	0	159.035	62693.7	135011	342077	102.64	37048.6	517.938	2549.33	208.742	55.4949	5596.23	102508	47335.7	98556.4	247.938	17544.8	198839	49260.7	174815	81067.6	91367	414917	139568	61514.3	38382.4	1.05089e+06	1.05089e+06	
96.63	0	8436.88	4202.52	0	0.549585	5.70506	0	0	0	0	0	22450	396.992	0	6.82551	12982.2	3794.97	4569.97	36904.7	31.5503	35539.5	72.6222	0	0.000228013	0	0	0	20546.6	7163.91	0	793.965	61173.7	46244.6	1928.14	29025.1	65.4238	331.846	21.3005	312.667	17.0911	31.7573	0	0	0	0	0	13.0214	762.561	0	57192.9	22478.3	0	0	18.3681	0.122514	0	0	0	1077.37	3245.42	1138.62	0.0262435	82.9159	3877.55	151.859	12103.5	93258	0	287.502	170.958	34.1279	0.000897003	0	66.1029	95789.8	474.476	83380	45.3603	14749	99686.1	10041.5	8240.04	96003.5	0.0746618	0	153.129	2064.62	137.016	14.1854	0	234.153	0	1824.12	0.751124	1396.26	16008.7	0	32154.7	22218.7	0	0	18.8239	0	0.00723051	0	5281.38	0	0	0	190.867	5.4523	514.481	0	6708.01	30151.4	0	0	38.355	0	49.1238	7.38906	30.6194	0	0	0	4.55454	0	164.409	60233	131334	334242	97.0488	36159.4	499.262	2411.54	203.239	53.3318	5378.1	97101.3	46716.5	93903.7	241.559	17047.4	195170	48481.7	170591	78753.6	89111.6	400197	136118	60384.4	37153.9	1.02079e+06	1.02079e+06	
97.02	0	8182.58	4107.1	0	0.534976	5.50541	0	0	0	0	0	22125.3	369.197	0	6.71458	12896	3611.6	4403.4	35908.5	29.7558	34532.6	69.8741	0	0.000217277	0	0	0	20287.6	6747.93	0	759.863	59642.7	44617	1883.13	28529.3	62.1486	321.887	20.5511	300.666	16.5855	28.8874	0	0	0	0	0	12.5051	766.155	0	55560.8	22034.4	0	0	17.6956	0.116532	0	0	0	1019.52	3202.14	1081.65	0.025203	80.2859	3849.93	145.419	11688	90360.4	0	286.11	163.689	32.4686	0.000820081	0	62.744	90602.5	464.045	79163.5	43.8489	14299.9	96691.5	9667.7	8007.76	93790.2	0.0706839	0	147.128	1959.67	129.415	13.4446	0	223.525	0	1736.26	0.715894	1360.42	15925.4	0	31289.9	21753.1	0	0	18.3149	0	0.00690075	0	5063.88	0	0	0	185.546	5.379	527.357	0	6461.33	29443.5	0	0	36.977	0	48.4164	7.32813	29.31	0	0	0	4.37574	0	167.28	58041.7	127477	325927	91.9751	35141.1	479.736	2292.92	194.424	49.6601	5155.94	91845.6	46079.1	89098.5	234.512	16525.1	190466	47693	165994	76558.8	86846.6	384004	132962	58843.6	36198.6	989100	989100	
97.41	0	7906.58	4005.87	0	0.524108	5.37768	0	0	0	0	0	21782.7	343.062	0	6.59689	12745.1	3440.17	4264.68	34806	28.0752	33428.3	67.2085	0	0.000209586	0	0	0	19975.4	6347.64	0	722.994	57891.3	43233.3	1841.73	28085.8	59.19	313.071	19.8764	290.592	15.5679	26.0734	0	0	0	0	0	11.7288	765.697	0	53884.4	21417.6	0	0	17.0473	0.106169	0	0	0	971.244	3164.02	1017.21	0.0238827	77.5268	3782.23	139.488	11190.5	87186.7	0	281.008	156.939	30.4872	0.000775417	0	59.1932	85660.2	454.151	75030.7	42.356	13853.8	93524.1	9359.53	7825.05	91669.5	0.0669155	0	140.626	1865.75	119.492	12.41	0	214.926	0	1650.73	0.693518	1328.3	15713.4	0	30311.4	21127.6	0	0	17.7512	0	0.00657945	0	4832.19	0	0	0	179.978	5.09149	532.503	0	6388.25	29123.1	0	0	36.4058	0	46.2196	6.92862	27.2456	0	0	0	4.23763	0	167.935	56172.5	123613	317422	87.3321	34023	461.232	2186.94	181.287	45.4119	4918.63	86846.4	45376.3	84389.3	227.289	16006	185122	46795.8	160972	74662.6	84331.5	367610	129900	57006.6	35800.3	957079	957079	
97.78	0	7615.95	3878.19	0	0.502382	5.29851	0	0	0	0	0	21320.5	319.752	0	6.43236	12433.6	3280.5	4139.65	33543.3	26.5223	32237.8	64.4991	0	0.000192291	0	0	0	19615.9	5962.12	0	685.661	56042.7	42037.5	1842.75	28019	56.6035	303.815	19.384	283.535	14.2198	23.8433	0	0	0	0	0	11.206	754.759	0	52123	20630.9	0	0	16.4036	0.0993281	0	0	0	929.35	3112.12	948.901	0.0224818	73.9782	3677.68	133.369	10702.8	84238.3	0	273.109	151.123	28.4759	0.000723243	0	54.8843	81004.7	445.504	71146	40.8172	13379.6	90355.3	9038.77	7654.72	89932.2	0.0634754	0	134.639	1763.42	109.76	11.4815	0	205.358	0	1550.64	0.669275	1286.93	15228.5	0	29300	20483.8	0	0	17.2132	0	0.0062193	0	4595.82	0	0	0	174.361	4.80946	533.199	0	6414.87	28879.5	0	0	36.207	0	42.8664	6.36592	25.3223	0	0	0	4.09447	0	169.504	54490.2	119794	309605	83.1893	32815.2	444.768	2075.53	166.853	41.6907	4676.03	82139.4	44494	79927.4	219.965	15448.6	179195	45580.2	155599	73366.6	81512.5	351954	126917	55109.3	35578.8	925617	925617	
98.15	0	7371.68	3750.87	0	0.474734	5.1524	0	0	0	0	0	20830	294.094	0	6.16371	12067	3120.53	4002.46	32409	25.0523	31031.9	61.8518	0	0.000183547	0	0	0	19237.3	5588.74	0	653.776	54086.1	40630.8	1845.93	27916.9	54.4053	294.392	18.9958	273.798	13.0069	22.1944	0	0	0	0	0	11.4284	744.577	0	50502.2	19851.1	0	0	15.7865	0.0943403	0	0	0	877.783	3055.95	889.941	0.0228404	71.5675	3579.58	126.39	10261.9	81803.7	0	264.397	145.557	26.4545	0.000689578	0	50.995	76614.7	438.583	67572.7	39.3105	12889.7	87140.9	8639.66	7518.22	88792	0.0604935	0	130.325	1656.57	102.532	10.7991	0	195.6	0	1448.85	0.642624	1244.2	14755.8	0	28369.4	19932.2	0	0	16.7902	0	0.00602793	0	4376	0	0	0	168.549	4.66926	534.012	0	6310.37	28256.5	0	0	35.2136	0	39.867	5.91591	24.3169	0	0	0	3.94422	0	167.79	52517.3	116182	302712	79.518	31591.1	429.673	1956.92	155.413	38.9094	4451.31	77688.1	43561.8	75794.4	212.469	14881.5	173076	44325.4	150217	71826.4	78844	337375	124495	53401.7	34843.9	895329	895329	
98.51	0	7250.12	3662.37	0	0.470569	4.90471	0	0	0	0	0	20462	280.454	0	5.92293	11778.8	2962.4	3865.51	31425.7	23.5656	29516	58.9046	0	0.000192162	0	0	0	18862.3	5221.98	0	620.742	51955	38556.6	1776.27	26969.3	52.0297	282.71	18.2886	254.963	12.137	20.9774	0	0	0	0	0	10.6166	729.286	0	49367.4	19297.9	0	0	15.2812	0.0891362	0	0	0	825.127	3042.66	847.362	0.0224817	69.8942	3516.08	117.541	9881.28	79421.2	0	253.845	139.846	24.5213	0.000662104	0	47.5979	72972.6	437.629	63843.5	37.6784	12306.6	83685.2	8203.57	7369.81	87250.1	0.0568271	0	126.436	1560.83	97.1545	10.3318	0	186.356	0	1379.59	0.618828	1217.49	14453.8	0	27562.7	19407.2	0	0	16.3616	0	0.00577099	0	4174.16	0	0	0	160.99	4.55816	531.756	0	6027.77	27184.8	0	0	33.4903	0	37.6281	5.6018	23.6473	0	0	0	3.79385	0	161.229	49840.2	113101	294619	75.6522	30053	413.513	1840.4	146.926	36.911	4245.41	73984.1	42804.6	71572.9	203.103	14235.9	166811	43445.1	144512	68683.2	76981.8	323169	121856	51857.7	33478	863983	863983	
98.86	0	7027.5	3555.97	0	0.477836	4.65601	0	0	0	0	0	20077.9	263.054	0	5.48833	11419.1	2852.87	3666.99	30614.6	22.1161	28161	56.0855	0	0.000189992	0	0	0	18330.2	4859.15	0	589.305	49427.4	36188.1	1644.67	25362.6	48.879	271.808	17.2573	232.896	11.5015	20.1785	0	0	0	0	0	9.4983	721.403	0	47961.2	18670.1	0	0	14.7116	0.0823481	0	0	0	782.945	3034.38	797.866	0.0208312	66.7169	3394.25	112.248	9528.02	77545	0	244.114	133.874	23.1106	0.000628442	0	44.8872	69064.4	427.425	60405	36.0939	11781.8	79909.9	7879.1	7105.57	84803.3	0.0524715	0	122.062	1473.16	92.6058	9.87969	0	181.212	0	1352.88	0.590767	1192.48	14242.8	0	26680.3	18842.1	0	0	15.8398	0	0.00540492	0	3991.74	0	0	0	154.143	4.34196	520.518	0	5709.76	26058	0	0	31.8568	0	36.0171	5.37144	22.6753	0	0	0	3.61579	0	152.981	47032.3	109324	285452	71.0476	28677.4	396.342	1729.24	140.131	35.4297	4059.3	70028.6	41869.9	67678	194.464	13649.6	159788	42354.2	138580	64528.8	74722.2	309256	118456	50209	32020.2	830126	830126	
99.2	0	6709.94	3446.43	0	0.461354	4.44325	0	0	0	0	0	19595.6	243.289	0	5.19924	10967.8	2765.15	3466.6	29823.6	20.7443	26859.1	53.1808	0	0.000173796	0	0	0	17709.4	4538.17	0	559.421	46953.5	33793.6	1514.78	23608.8	45.5131	266.956	16.0367	213.5	11.0178	19.7066	0	0	0	0	0	8.43106	699.101	0	46253.3	18005.4	0	0	14.1154	0.0776773	0	0	0	743.978	2993.43	748.879	0.0187029	62.9369	3266.41	107.956	9177.04	75852.7	0	233.377	128.094	21.9889	0.000589494	0	42.7162	65221.7	410.126	57133.8	34.3523	11271.1	76045.7	7494.92	6716.39	80983.9	0.0482054	0	115.198	1393.15	88.8495	9.49884	0	171.1	0	1294.41	0.55403	1137.04	13573.6	0	25804.1	18247.7	0	0	15.2422	0	0.0050568	0	3816.12	0	0	0	147.5	4.13107	499.682	0	5452.64	25156.1	0	0	30.9296	0	34.4888	5.1277	21.4163	0	0	0	3.40089	0	152.009	44161.6	105095	275125	66.3056	27359.9	377.24	1628.71	134.362	34.3331	3880.25	66136.7	40708.5	63958.6	185.826	13048.2	152158	40973.2	132749	60197.4	72088.5	295681	112979	48534.5	30856.1	794058	794058	
99.54	0	6355.79	3339.93	0	0.423165	4.25611	0	0	0	0	0	18980	222.56	0	5.24103	10479.7	2648.74	3279.71	29116.5	19.4817	25635.1	50.3546	0	0.000159193	0	0	0	17094	4260.17	0	532.87	44707.1	31566.4	1415.23	22201	42.3171	263.115	14.9659	199.36	10.6617	19.0613	0	0	0	0	0	7.44639	663.295	0	44359.6	17385.5	0	0	13.4778	0.0803196	0	0	0	702.113	2911.56	703.855	0.0170465	61.9099	3137.28	102.84	8823.68	73987.3	0	227.436	122.637	20.8127	0.00056465	0	40.485	61634.1	389.547	54032.4	32.7154	10782.1	72242.2	6996.55	6283.32	76524.7	0.0451573	0	107.579	1314.21	85.2337	9.16506	0	157.423	0	1197.17	0.516683	1061.64	12626.6	0	24997.4	17715.9	0	0	14.6518	0	0.00483305	0	3654.85	0	0	0	141.302	3.9139	477.426	0	5251.9	24476.3	0	0	30.3194	0	32.9443	4.91179	20.0675	0	0	0	3.20528	0	152.817	41314.5	100767	264747	61.844	26126.1	358.241	1534.47	128.845	33.1381	3715.4	62493.7	39375.1	60416.2	177.756	12455.1	144486	39387.9	127344	56402.9	69275.4	282438	106364	47005.5	29972.5	758190	758190	
99.87	0	6014.9	3234.23	0	0.384202	4.05964	0	0	0	0	0	18283.2	203.201	0	5.17332	9992.49	2513.64	3108.91	28353.1	18.3205	24445.6	47.7686	0	0.000146863	0	0	0	16487.6	3995.09	0	508.281	42372.3	29597.9	1336.63	21084.2	39.4787	255.011	14.1294	188.894	10.3138	18.2302	0	0	0	0	0	7.08383	628.901	0	42428.9	16762.8	0	0	12.8102	0.0792803	0	0	0	656.509	2799.92	662.157	0.0159926	62.5771	2992.87	96.3203	8472.92	71808.4	0	223.6	117.407	19.3013	0.000565445	0	38.3856	58327.2	369.698	51100.1	31.3858	10327.4	68523.8	6508.17	5895.9	72406.1	0.0423968	0	101.014	1239.36	81.2051	8.80124	0	144.812	0	1094.74	0.500102	991.199	11744.7	0	24278.6	17228	0	0	14.1103	0	0.00465364	0	3509.75	0	0	0	135.484	3.63447	457.093	0	5054.43	23764.8	0	0	29.3739	0	31.3989	4.72077	18.5142	0	0	0	3.10198	0	150.266	38716	96591.2	254642	57.8416	24924.6	340.673	1447.63	122.923	31.7522	3566.65	59128.5	37940.4	57055.3	170.488	11905.4	136862	37737.6	121851	53180.8	66378.6	269456	100216	45626.6	29056.6	723503	723503	
100.19	0	5692.58	3107.39	0	0.361922	3.87193	0	0	0	0	0	17564.2	187.039	0	4.94361	9499.46	2388.19	2958.4	27378.2	17.2797	23283.3	45.3046	0	0.000140471	0	0	0	15887.4	3737.32	0	483.275	39991.6	28023.3	1274.14	20226.5	37.0476	240.178	13.5449	179.905	9.91707	17.9594	0	0	0	0	0	6.55535	602.858	0	40558.8	16136.6	0	0	12.1951	0.0736146	0	0	0	612.489	2676.22	616.57	0.0148841	60.5503	2833.27	90.1867	8168.47	69567.7	0	216.355	112.438	17.7846	0.000547295	0	36.4292	55199.8	354.435	48378.8	30.167	9875.02	65030.3	6114.58	5596.26	69148.4	0.0395879	0	95.9977	1169.49	77.7811	8.41286	0	136.058	0	1018.78	0.486293	939.804	11079.4	0	23580.8	16769.4	0	0	13.6634	0	0.00443738	0	3369.59	0	0	0	129.607	3.37861	442.423	0	4857.83	23039.8	0	0	28.185	0	29.7636	4.47389	17.0728	0	0	0	3.01752	0	142.938	36616.3	92687.3	245374	54.3669	23740.2	325.201	1367.26	117.467	30.8462	3423.09	55948.3	36482.2	53938.5	163.293	11373.5	129622	36059.8	116170	50632	63506.8	257078	95385.5	44308.9	28123.1	691264	691264	
100.51	0	5393.7	2963.68	0	0.345119	3.68355	0	0	0	0	0	16872.9	173.915	0	4.62643	9000.35	2275.68	2827.6	26285.3	16.3487	22129.2	42.9509	0	0.000131632	0	0	0	15322.9	3493.69	0	458.957	37657.8	26740.3	1236.16	19646.8	34.9911	223.521	13.012	173.353	9.62554	18.1124	0	0	0	0	0	6.22525	580	0	38797.4	15557.5	0	0	11.626	0.0666092	0	0	0	575.308	2555.99	572.089	0.013946	56.8993	2676.56	86.3906	7913.46	67312.5	0	206.566	107.566	16.7477	0.00050867	0	34.798	52114.5	339.186	45837.6	28.8001	9401.52	61623.1	5839.51	5353.1	66656.7	0.0370824	0	91.9311	1103.49	76.5121	8.22225	0	130.579	0	970.963	0.460824	893.768	10584.6	0	22846.8	16430	0	0	13.2863	0	0.00423257	0	3222.65	0	0	0	123.6	3.37377	432.272	0	4665.02	22268.7	0	0	26.9249	0	28.4133	4.22907	16.5054	0	0	0	2.88112	0	136.651	34941.9	89033.2	237121	51.3769	22559.6	310.981	1293.65	114.556	30.5637	3273.96	52820.4	35090.9	51048.3	155.756	10825.4	122691	34413.2	110510	48682.1	60803.5	245023	91709.9	43072	27149.3	661363	661363	
100.82	0	5142.43	2823.01	0	0.323825	3.48121	0	0	0	0	0	16206.1	160.104	0	4.32685	8510.95	2166.48	2704.74	25206	15.4552	20985.7	40.6596	0	0.000125628	0	0	0	14784.2	3273.76	0	431.906	35440.2	25660.1	1206.61	19193.1	33.2522	210.735	12.4792	167.43	9.49423	17.5649	0	0	0	0	0	5.99104	556.816	0	37165.9	15062.9	0	0	11.0855	0.0611922	0	0	0	539.233	2441.68	534.127	0.013171	53.5352	2537.38	82.9401	7634.19	64752.5	0	197.924	102.385	16.0767	0.00047069	0	33.4654	49132.8	326.286	43341.2	27.3351	8927.84	58209	5593.03	5143.14	64514.8	0.0350364	0	87.6931	1046.52	74.6968	8.19777	0	124.037	0	920.362	0.43033	851.369	10072.7	0	22017.7	16054.5	0	0	12.8586	0	0.00402969	0	3074.98	0	0	0	117.778	3.42265	427.033	0	4447.8	21452.1	0	0	25.6046	0	27.8357	4.1595	16.2102	0	0	0	2.72037	0	133.374	33502.5	85462.5	229059	48.7425	21394.7	296.247	1230.08	112.031	29.9222	3124.65	49796.1	33758.3	48229.6	148.277	10278.4	115887	32850.8	105049	47073.5	58345.9	232784	88437	41708.2	26109.8	632358	632358	
101.12	0	4928.06	2697.53	0	0.310015	3.29314	0	0	0	0	0	15586.8	147.053	0	4.19165	8058.29	2057.4	2596.99	24172.3	14.6142	19870.4	38.5778	0	0.000124611	0	0	0	14262	3071.35	0	404.353	33383.5	24702	1164.99	18705	31.7053	201.223	11.8805	161.121	9.295	16.2935	0	0	0	0	0	5.65818	536.076	0	35644.3	14576.3	0	0	10.5514	0.0585699	0	0	0	506.16	2345.89	504.929	0.0123218	51.106	2418.05	79.4396	7293.3	61859	0	192.133	97.1272	15.5048	0.000440735	0	32.1219	46368.8	314.164	40846.1	25.925	8479.09	54786	5384.35	4959.85	62495.7	0.0333123	0	83.2059	999.908	70.8636	7.92463	0	118.785	0	871.527	0.403387	815.962	9579.36	0	21141.6	15512.5	0	0	12.3459	0	0.00386259	0	2932.78	0	0	0	112.276	3.29365	416.653	0	4256.57	20813.4	0	0	24.449	0	27.6018	4.19455	15.825	0	0	0	2.5696	0	129.723	32223.2	81985.7	220832	46.3528	20264.1	281.431	1176.59	107.765	28.4127	2980.73	46993.7	32508.9	45441	141.186	9763.66	109308	31425.5	99871.5	45545.3	56057.4	220389	85387.9	40131.5	25274.3	604082	604082	
101.42	0	4716.99	2581.37	0	0.298971	3.16401	0	0	0	0	0	15001.7	136.132	0	4.02933	7624.08	1954.11	2506.36	23103.6	13.8367	18816.8	36.6895	0	0.000122569	0	0	0	13754	2884.61	0	377.27	31459.9	23889.1	1128.81	18293.9	30.2901	193.345	11.3216	156.092	8.77576	14.8702	0	0	0	0	0	5.25093	517.548	0	34176.8	13997.5	0	0	10.0582	0.0541029	0	0	0	481.806	2262.44	475.607	0.0113095	48.5931	2297.47	76.2551	6919.68	58925.9	0	182.995	92.3646	14.7574	0.000424213	0	30.3615	43814.6	302.352	38477.5	24.6496	8070.53	51595.1	5212.48	4802.71	60593.9	0.0316323	0	78.6612	957.947	65.6548	7.38828	0	114.035	0	825.198	0.386085	783.257	9056.58	0	20255.1	14889.6	0	0	11.8389	0	0.00371012	0	2790.22	0	0	0	107.135	3.10121	401.182	0	4173.78	20471.2	0	0	23.8631	0	26.489	4.04924	15.0676	0	0	0	2.45056	0	124.742	31132	78680.2	212857	44.1584	19193.4	267.961	1128.85	100.924	26.3077	2835.64	44410.4	31320.5	42799	134.632	9292.03	103077	30067.7	94907.1	44249.3	53750.3	208527	82498.3	38458.2	24841.7	577300	577300	
101.71	0	4501.59	2466.08	0	0.282137	3.06863	0	0	0	0	0	14409.5	128.211	0	3.83945	7190.87	1857.58	2416.32	22010.8	13.1097	17828	34.8408	0	0.00011719	0	0	0	13264.9	2708.12	0	353.564	29725.9	23218.4	1123.84	18138.4	29.0442	185.477	10.9116	153.129	8.02304	13.6975	0	0	0	0	0	4.98523	496.605	0	32724	13332.8	0	0	9.59275	0.051054	0	0	0	461.77	2180.69	444.302	0.0105966	45.6016	2169.54	72.9286	6563.54	56299.1	0	172.359	88.2682	13.9267	0.000405294	0	28.2913	41460.6	291.784	36333.6	23.4651	7688.2	48770.4	5032.38	4676.27	59047.1	0.0302186	0	74.7074	910.667	60.5373	6.81407	0	109.455	0	774.251	0.369604	746.555	8477.11	0	19404.2	14306.8	0	0	11.3742	0	0.0035474	0	2646.79	0	0	0	102.409	2.93902	387.974	0	4155.86	20217.2	0	0	23.5283	0	24.6774	3.76421	14.2932	0	0	0	2.33621	0	121.692	30181.2	75565.7	205818	42.1841	18186.1	256.292	1077.77	93.2417	24.2758	2689.38	42031.8	30146.9	40388.4	128.591	8845.68	97340	28703.4	90213.1	43382.4	51368.4	197806	79916.3	36862.5	24563.4	552816	552816	
102	0	4316.58	2361.54	0	0.263074	2.94591	0	0	0	0	0	13818	119.799	0	3.67879	6782.93	1761.14	2319.98	21048.6	12.4185	16904.3	33.0808	0	0.000110875	0	0	0	12803.2	2542.13	0	332.833	28095.4	22452.6	1120.17	17974.8	27.9725	177.582	10.6125	149.281	7.33131	12.9095	0	0	0	0	0	5.15178	478.383	0	31425.5	12703.5	0	0	9.14165	0.048536	0	0	0	436.792	2104.36	416.8	0.0105465	43.5679	2054.98	69.0271	6256.14	54065.6	0	162.263	84.3636	13.1292	0.000389662	0	26.32	39278	282.344	34387.8	22.3929	7319.34	46169.9	4809.1	4583.29	58009.8	0.0290575	0	71.827	860.659	56.5525	6.34079	0	104.355	0	722.51	0.352014	713.489	7993.94	0	18643.8	13812	0	0	10.9831	0	0.00343749	0	2515.66	0	0	0	97.9082	2.84756	375.78	0	4064.44	19734.4	0	0	22.6901	0	23.0645	3.49328	13.9261	0	0	0	2.22212	0	116.265	29091.8	72729.9	199710	40.4201	17244.4	245.645	1023.12	86.9522	22.7436	2555.91	39819.1	29007.8	38189	122.886	8420.91	92067.6	27405.7	85853.1	42416.7	49194.7	188136	77932.2	35459	23980.5	530378	530378	
102.28	0	4213.48	2288	0	0.261235	2.78528	0	0	0	0	0	13339	114.291	0	3.56136	6457.29	1672.11	2220	20179.7	11.6996	15898.9	31.1834	0	0.000115512	0	0	0	12329.7	2385.56	0	313.246	26520.2	21356.5	1074.08	17283.7	26.8739	167.964	10.1205	139.427	6.8524	12.356	0	0	0	0	0	4.96333	459.271	0	30487.3	12254	0	0	8.79667	0.0466892	0	0	0	411.368	2061.39	397.368	0.0100086	42.3565	1972.16	63.6017	5988.99	51896.1	0	151.273	80.4419	12.3374	0.000377649	0	24.4217	37403.9	275.962	32425.5	21.2879	6920.57	43726.4	4553.05	4462.59	56714.2	0.0274465	0	69.2715	814.455	53.5474	6.07051	0	99.9074	0	685.395	0.337018	691.053	7665.89	0	18002.6	13346.2	0	0	10.5996	0	0.00329753	0	2394.32	0	0	0	92.5614	2.76431	362.379	0	3870.17	18942.1	0	0	21.3458	0	21.8639	3.29285	13.6018	0	0	0	2.11886	0	106.46	27645.3	70319.2	192904	38.6009	16218.4	234.545	966.266	82.2675	21.7193	2432.34	37915.2	28006	36008.1	116.315	7978.51	87270	26418.7	81562.2	40542.2	47634.7	178991	75815.8	34211.4	22981	508157	508157	
102.55	0	4051.55	2204.46	0	0.2603	2.63541	0	0	0	0	0	12881.6	107.927	0	3.34684	6138.22	1611.3	2100.94	19441.7	10.9763	15017.8	29.4551	0	0.000116275	0	0	0	11813.5	2239.03	0	296.311	24921.4	20069.5	988.15	16157.2	25.3963	159.589	9.49405	127.936	6.50685	11.9643	0	0	0	0	0	4.57576	440.414	0	29360.1	11760.2	0	0	8.41597	0.0433397	0	0	0	390.279	2020.34	375.196	0.00901488	40.2827	1862.3	60.5561	5754.53	50156.3	0	141.423	76.6449	11.7584	0.000363131	0	22.9129	35454.9	264.418	30641.2	20.2641	6570.5	41330.7	4363.96	4269.29	54784.5	0.0255308	0	66.5348	771.324	50.9153	5.83588	0	97.8548	0	672.259	0.320784	669.272	7416.54	0	17326.1	12861.1	0	0	10.1506	0	0.00309758	0	2286.55	0	0	0	87.8641	2.61707	343.73	0	3653.88	18071.3	0	0	20.1011	0	20.972	3.17316	13.0687	0	0	0	2.00795	0	98.2759	26105.3	67504.6	185437	36.3982	15319.1	223.432	911.062	78.3977	20.9733	2322.54	35943	26979.9	34035.7	110.466	7586.9	82551.5	25390.1	77482.4	38000.8	45817.2	170506	73168.7	32918.1	21882.8	485166	485166	
102.82	0	3838.06	2120.12	0	0.245297	2.50903	0	0	0	0	0	12387.3	99.7737	0	3.15891	5803.75	1561.19	1982.66	18741	10.2853	14196.9	27.7464	0	0.000108153	0	0	0	11288.1	2110.24	0	280.17	23460.7	18778.2	905.475	14977.1	23.7654	154.822	8.82421	118.253	6.24097	11.6937	0	0	0	0	0	4.11817	412.291	0	28084.4	11266.6	0	0	8.03418	0.0410945	0	0	0	370.985	1957.54	354.528	0.00813802	37.7268	1760.91	58.7163	5522.65	48642.9	0	132.912	73.0828	11.326	0.000341051	0	21.6783	33562.7	250.554	28969.2	19.2004	6246.97	39020.8	4142.06	4011.4	52043.6	0.0237644	0	62.5378	730.882	48.7663	5.60482	0	92.1028	0	643.412	0.299857	633.87	6990.77	0	16658.7	12386.7	0	0	9.67544	0	0.00290589	0	2183.66	0	0	0	83.4681	2.49189	321.286	0	3471.09	17361.3	0	0	19.3298	0	20.0718	3.05102	12.4487	0	0	0	1.88032	0	96.8747	24540.2	64474.5	177539	34.0745	14484.9	211.74	860.501	75.0824	20.3495	2217.79	34025.7	25883.4	32177.2	104.857	7208.51	77867.4	24254.9	73659	35400.7	43840.8	162533	69405.3	31646	20986	461725	461725	
103.09	0	3610.8	2043.81	0	0.220442	2.3957	0	0	0	0	0	11842.3	91.9647	0	3.12613	5487.58	1494.82	1874.25	18112.5	9.63429	13449.7	26.1364	0	9.91067e-05	0	0	0	10781	1997.42	0	266.16	22190.2	17571.1	840.218	13999.2	22.1815	150.799	8.23156	111.031	6.01892	11.2927	0	0	0	0	0	3.77236	376.171	0	26747.8	10808	0	0	7.63981	0.042988	0	0	0	351.937	1871.58	335.382	0.00729984	36.6069	1671.92	56.5153	5286.16	47077.6	0	127.666	69.7605	10.9152	0.000322762	0	20.4083	31793.8	235.811	27409.7	18.2381	5945.69	36859.5	3866.16	3737.88	48939.5	0.0223567	0	58.2563	690.281	46.7024	5.37924	0	84.3241	0	593.874	0.279733	590.162	6456.2	0	16025.1	11960.8	0	0	9.22842	0	0.00274249	0	2089.03	0	0	0	79.541	2.37873	302.015	0	3323.84	16817.7	0	0	18.7942	0	19.2292	2.92883	11.8278	0	0	0	1.76692	0	97.4457	22988.6	61446	169759	31.8382	13728.4	200.443	812.27	71.9537	19.6008	2121.26	32230.1	24730.7	30428.3	99.8331	6847.9	73441.1	23082.2	70201.8	33100	41830.8	154912	65069.1	30468.1	20293.6	438957	438957	
103.34	0	3407.53	1967.96	0	0.198951	2.27647	0	0	0	0	0	11273.1	84.8787	0	3.04435	5199.76	1415.87	1775.97	17486.7	9.02433	12756.2	24.6599	0	8.85058e-05	0	0	0	10287.9	1886.35	0	252.668	20947.2	16502.7	792.242	13220.8	20.7393	143.293	7.802	105.566	5.78667	10.8151	0	0	0	0	0	3.60991	342.483	0	25460	10367	0	0	7.23871	0.0422331	0	0	0	329.592	1771.3	316.882	0.00690632	36.4672	1582.54	53.2676	5042.4	45319.8	0	124.38	66.5945	10.3507	0.000325114	0	19.2842	30188.3	221.779	25950.3	17.4727	5670.38	34851.7	3599.87	3497.28	46120.4	0.0210384	0	54.6244	651.565	44.3738	5.1337	0	77.9613	0	543.493	0.271457	550.087	5973.84	0	15442.8	11552	0	0	8.82979	0	0.00263974	0	2007.18	0	0	0	75.9554	2.22301	285.744	0	3185.54	16269.2	0	0	18.0965	0	18.4237	2.80902	11.2009	0	0	0	1.70637	0	93.8469	21571.7	58603.8	162304	29.7847	13024	190.122	767.523	68.5872	18.7578	2037.67	30595.8	23554	28781.9	95.4128	6518.48	69277.2	21938.7	66842.5	31155.9	39871.1	147536	61118.9	29374.8	19600.8	417439	417439	
103.6	0	3227.33	1882.88	0	0.185343	2.17097	0	0	0	0	0	10721.9	79.7023	0	2.84042	4928.21	1342.6	1685.66	16773.7	8.46438	12106.5	23.2873	0	8.28734e-05	0	0	0	9817.11	1774.26	0	239.296	19716.4	15637.5	753.688	12608.2	19.5042	132.8	7.49978	100.935	5.54245	10.688	0	0	0	0	0	3.36232	316.216	0	24253.6	9934.96	0	0	6.87641	0.0391038	0	0	0	309.203	1671.07	298.286	0.00637567	35.1737	1492.49	49.9927	4832.23	43638.8	0	119.33	63.5998	9.7395	0.000318088	0	18.1816	28662.4	211.533	24599	16.7708	5401.69	33033.6	3386.58	3299.68	43841.1	0.0195617	0	51.869	615.168	42.4953	4.91085	0	73.0374	0	506.977	0.266077	521.218	5638.3	0	14914.1	11180.1	0	0	8.50644	0	0.00251045	0	1929.11	0	0	0	72.4482	2.06558	273.701	0	3049.4	15732.6	0	0	17.3023	0	17.5413	2.65755	10.4981	0	0	0	1.65708	0	88.5731	20416.7	56015.7	155592	27.9881	12358.8	181.112	725.882	65.582	18.2564	1957.79	29044.7	22421.6	27258.2	91.1485	6205.64	65487.5	20845.2	63487.3	29595.9	38001.7	140657	57981.6	28380	18920.3	397869	397869	
103.84	0	3064.53	1787.61	0	0.175786	2.0701	0	0	0	0	0	10199.1	75.5664	0	2.56051	4658.72	1278.22	1604.42	15991.1	7.9498	11473.5	21.9732	0	7.90673e-05	0	0	0	9371.54	1664.65	0	227.195	18526.5	14919.6	726.85	12140.6	18.4725	122.745	7.22065	97.262	5.38677	10.7633	0	0	0	0	0	3.1964	295.573	0	23134.3	9531.52	0	0	6.5421	0.0363357	0	0	0	291.462	1578.81	279.591	0.00598594	32.8313	1407.05	47.7136	4668.33	41993.1	0	112.038	60.6337	9.26791	0.000297519	0	17.2975	27155.7	202.558	23333.4	15.9881	5123.99	31280.6	3231.08	3134.47	42013	0.0182494	0	49.5808	580.896	41.9201	4.83463	0	69.8122	0	482.668	0.253187	497.256	5372.39	0	14371.7	10881.2	0	0	8.21913	0	0.00238019	0	1846.38	0	0	0	68.9415	2.03596	262.711	0	2913.39	15168.8	0	0	16.49	0	16.8209	2.5325	10.1802	0	0	0	1.58196	0	83.9229	19476.6	53618	149507	26.4406	11708.5	172.73	687.462	64.1305	18.1304	1873.86	27517	21352	25835.9	86.7707	5889.07	61887.6	19790.4	60167.1	28347.7	36262.1	134021	55478.2	27441.3	18213.7	379721	379721	
104.09	0	2926.49	1697.71	0	0.165705	1.96526	0	0	0	0	0	9714.81	70.8776	0	2.33762	4409.55	1217.04	1528.45	15245.6	7.46091	10862.7	20.7449	0	7.5891e-05	0	0	0	8969.15	1564.05	0	214.118	17409	14310.7	704.242	11742.4	17.598	114.773	6.94703	93.8181	5.3096	10.4132	0	0	0	0	0	3.05791	277.995	0	22104.5	9191.75	0	0	6.23548	0.0339622	0	0	0	274.273	1497.85	264.173	0.00569478	30.6736	1333.15	45.9753	4497.33	40296.3	0	106.744	57.5556	8.91317	0.000272651	0	16.6352	25683.2	194.393	22093.6	15.1677	4851.68	29553.9	3091.55	2995.63	40450.3	0.0172066	0	47.258	550.773	41.15	4.78827	0	65.7239	0	456.87	0.236824	474.543	5098.73	0	13769.7	10569.9	0	0	7.89492	0	0.00225699	0	1761.13	0	0	0	65.6124	2.04697	256.829	0	2765.34	14604.2	0	0	15.6364	0	16.4587	2.51195	9.93951	0	0	0	1.4961	0	80.6292	18665.3	51291.7	143798	25.0761	11084.3	164.238	653.538	62.9208	17.7134	1787.7	26023.2	20376.2	24449.6	82.5187	5578.46	58419.8	18823.9	57038.3	27287.3	34702.7	127421	53277.6	26433.1	17496.2	362481	362481	
104.32	0	2802.97	1618.84	0	0.157315	1.86436	0	0	0	0	0	9267.1	66.3244	0	2.18376	4187.3	1154.21	1458.56	14546.5	7.00361	10280.6	19.6138	0	7.43133e-05	0	0	0	8583.56	1472.65	0	200.988	16399.2	13766.8	676.753	11314.6	16.8086	108.661	6.63072	90.1653	5.19531	9.65395	0	0	0	0	0	2.92574	263.374	0	21157.6	8862.98	0	0	5.93375	0.0329403	0	0	0	258.406	1429.84	252.517	0.00531798	29.4851	1270.01	44.3993	4281.48	38412.7	0	103.44	54.5118	8.51696	0.000253021	0	16.0712	24313.8	186.619	20861.2	14.3812	4596.41	27849.8	2974.71	2877.97	38961.3	0.0162915	0	44.8204	526.109	39.2499	4.57221	0	62.5794	0	432.254	0.222018	456.068	4837.75	0	13147.7	10173.6	0	0	7.53759	0	0.00215428	0	1678.09	0	0	0	62.5124	1.96898	248.142	0	2637.46	14155.8	0	0	14.8642	0	16.3028	2.52064	9.49702	0	0	0	1.41457	0	77.2742	17940.2	49040.5	138046	23.8285	10492.9	155.777	624.824	60.7505	16.7468	1703.66	24634.7	19467.1	23084.9	78.5355	5290.03	55132.9	17946.7	54123	26261.6	33266.8	120743	51217.7	25319.5	16915.1	345794	345794	
104.56	0	2681.33	1548.44	0	0.15129	1.78661	0	0	0	0	0	8854.13	62.0305	0	2.06533	3969.1	1093.11	1397.96	13840.4	6.58121	9735.4	18.5797	0	7.17432e-05	0	0	0	8215.11	1387.53	0	189.044	15458.3	13315.5	653.295	10963.6	16.0819	103.557	6.32488	87.3772	4.91387	8.82722	0	0	0	0	0	2.7139	250.792	0	20258.7	8488.65	0	0	5.64819	0.0303903	0	0	0	245.906	1371.87	240.234	0.00488717	28.2847	1207.18	42.674	4042.78	36484.1	0	99.0586	51.7808	7.99769	0.000239701	0	15.3796	23044	178.86	19695.1	13.6569	4368.75	26273.8	2881.37	2776.51	37598.8	0.0155235	0	42.3627	504.177	36.6046	4.2425	0	60.2927	0	409.651	0.212104	440.985	4560.79	0	12534.1	9727.13	0	0	7.19063	0	0.00205899	0	1596.19	0	0	0	59.6244	1.82855	237.044	0	2586.24	13890.4	0	0	14.4124	0	15.6569	2.41176	8.84596	0	0	0	1.34806	0	72.9512	17332.7	46931	132542	22.6786	9938.17	148.086	599.582	57.1777	15.4815	1620.41	23350.2	18620	21794.6	74.8464	5033.67	52030	17119	51342	25413	31846.5	114318	49316.1	24163.1	16592.3	330110	330110	
104.78	0	2559.12	1479.79	0	0.142563	1.72262	0	0	0	0	0	8450.95	58.4945	0	1.95825	3750.61	1036.88	1340.56	13100.9	6.19628	9230.91	17.5782	0	6.70558e-05	0	0	0	7866.09	1307.62	0	178.137	14618.5	12949.3	646.356	10816.9	15.4505	98.9252	6.10147	85.7407	4.53032	8.17942	0	0	0	0	0	2.57932	238.045	0	19381.6	8074.37	0	0	5.37852	0.0286327	0	0	0	234.806	1313.78	226.532	0.00459964	26.9917	1142.51	40.8024	3814.7	34687.2	0	93.722	49.3933	7.43666	0.000227108	0	14.5147	21860.4	171.797	18637.4	12.9845	4158.65	24875.6	2786.54	2689.59	36492.5	0.0148582	0	40.2061	479.837	33.9884	3.93876	0	58.5556	0	385.785	0.20263	422.744	4263.18	0	11962.8	9303.81	0	0	6.88192	0	0.00197419	0	1515.99	0	0	0	56.9716	1.72528	227.819	0	2577.04	13663	0	0	14.1216	0	14.5912	2.23948	8.21351	0	0	0	1.28446	0	69.8205	16813.5	44971.8	127619	21.6617	9423.7	141.384	573.043	53.1121	14.3577	1538.72	22153.8	17802.6	20615.8	71.4478	4792.78	49186.1	16302.8	48703.4	24872.1	30406	108425	47657.1	23076	16350.3	315792	315792	
105.01	0	2452.83	1414.27	0	0.136364	1.63639	0	0	0	0	0	8063.76	54.7611	0	1.85714	3540.76	982.999	1283.89	12452.7	5.8355	8764.15	16.6694	0	6.45942e-05	0	0	0	7543.37	1233.18	0	169.197	13825.2	12532.1	641.067	10667.9	14.9211	94.9998	5.90025	83.6025	4.18941	7.72012	0	0	0	0	0	2.6952	226.905	0	18583.2	7683.06	0	0	5.11677	0.0274438	0	0	0	221.484	1261.22	214.608	0.00468629	26.3083	1083.56	38.786	3628.68	33149.9	0	89.0291	47.1338	6.87645	0.000217015	0	13.7375	20753	164.799	17680.4	12.3638	3956.87	23614.5	2667.48	2617.52	35716.4	0.0143251	0	38.6407	454.304	31.9411	3.71551	0	56.5005	0	361.156	0.193184	403.675	4006.16	0	11462.1	8949.61	0	0	6.62674	0	0.00191187	0	1442.33	0	0	0	54.4298	1.6852	220.104	0	2513.62	13287.9	0	0	13.571	0	13.624	2.09031	7.75875	0	0	0	1.22376	0	65.5367	16221.4	43182.9	123322	20.771	8948.32	135.295	544.81	49.7567	13.5259	1463.82	21030.9	17033.2	19544.1	68.2153	4562.29	46582.7	15530	46277.2	24282.1	29078.6	103156	46357.7	22136.9	15905.3	302724	302724	
105.23	0	2359.82	1353.05	0	0.136604	1.53386	0	0	0	0	0	7713.08	51.6918	0	1.73669	3361.49	936.362	1226.28	11921.1	5.49262	8335.43	15.8169	0	6.74956e-05	0	0	0	7228.32	1163.42	0	160.968	13043.6	12002.5	611.512	10271	14.3829	91.095	5.65656	78.8625	3.93707	7.33579	0	0	0	0	0	2.64794	218.665	0	17848.4	7335.05	0	0	4.8889	0.0263816	0	0	0	208.504	1218.08	203.654	0.00459362	25.7093	1026.05	36.7528	3473.93	31833.7	0	84.0006	44.8152	6.37304	0.000209127	0	12.9952	19706.4	158.782	16778.6	11.8122	3762.07	22426.6	2546.57	2549.87	34983.7	0.0136633	0	37.4587	431.544	30.1885	3.54349	0	54.9639	0	345.496	0.185039	392.644	3871.65	0	11002.2	8621.71	0	0	6.37534	0	0.00182676	0	1377.13	0	0	0	51.9156	1.63907	212.7	0	2385.58	12755.2	0	0	12.8036	0	12.8678	1.9832	7.37189	0	0	0	1.17125	0	59.914	15522.1	41457.6	119075	19.8892	8510.66	129.349	516.806	46.9955	12.8625	1397.5	19969.9	16318.3	18542.9	65.0887	4347.42	44220.7	14842.5	44036.8	23307.6	27870.4	98336.9	45247.8	21273.6	15236.9	290153	290153	
105.44	0	2257.17	1296.26	0	0.137396	1.43139	0	0	0	0	0	7405.8	49.3548	0	1.6059	3196.2	904.734	1164.31	11456.4	5.16468	7927.85	15.0036	0	6.56114e-05	0	0	0	6919.76	1098.31	0	153.389	12304	11357.9	564.909	9633.33	13.675	87.0815	5.29731	72.7465	3.73772	7.03714	0	0	0	0	0	2.45243	210.261	0	17102.2	7010.06	0	0	4.66945	0.024377	0	0	0	198.432	1182.11	193.342	0.00427043	24.5457	968.937	35.4077	3330.78	30687.4	0	79.3132	42.6176	5.99481	0.000199788	0	12.36	18696.6	151.061	15913.9	11.2569	3578.7	21289.4	2455.77	2450.97	33890.9	0.012832	0	36.1619	411.11	28.735	3.37178	0	54.2896	0	340.303	0.175797	381.376	3783.07	0	10555.8	8294.82	0	0	6.10278	0	0.00172119	0	1317.01	0	0	0	49.4302	1.58063	202.665	0	2247.37	12187.5	0	0	12.1006	0	12.278	1.90266	6.97233	0	0	0	1.11488	0	55.1524	14753.8	39673.5	114457	18.8525	8094.39	123.385	489.876	44.7527	12.3116	1336.35	18949.3	15658.7	17595.2	61.982	4143.65	42009.8	14208	41949	21958.4	26684.3	93834.8	43836.2	20427.4	14524.4	277422	277422	
105.65	0	2133.34	1244.37	0	0.13093	1.34357	0	0	0	0	0	7099.06	46.6048	0	1.48966	3028.21	877.736	1101.4	11023.7	4.85044	7539.92	14.1956	0	6.01517e-05	0	0	0	6611.96	1041.39	0	145.813	11655	10678.4	520.43	8979.69	12.8573	84.6135	4.8892	67.4268	3.56859	6.80736	0	0	0	0	0	2.28024	197.09	0	16316.8	6700.11	0	0	4.45585	0.0229019	0	0	0	189.454	1138.39	183.273	0.00390753	22.9788	917.846	34.5168	3188.11	29667.4	0	75.0496	40.5817	5.71004	0.000188297	0	11.7976	17726.7	142.455	15100.5	10.6679	3408.3	20221.9	2344.14	2312.97	32292.7	0.0120896	0	34.2254	391.594	27.5317	3.20342	0	52.0229	0	326.933	0.164327	361.73	3599.19	0	10124	7972.72	0	0	5.81829	0	0.00162455	0	1259.65	0	0	0	47.0463	1.54204	189.831	0	2135.66	11696.7	0	0	11.6343	0	11.7363	1.81608	6.57131	0	0	0	1.04825	0	54.2563	13934.8	37832.8	109577	17.7198	7699.71	117.144	464.754	42.8384	11.8269	1278.01	17968.2	14991.9	16698.7	58.9306	3944.13	39863.3	13554.5	40016	20558.1	25473.4	89633.6	41746.5	19600.6	13919.4	264502	264502	
105.85	0	2009.75	1196.79	0	0.119869	1.26768	0	0	0	0	0	6769.83	43.7191	0	1.45798	2871.44	841.492	1044.6	10638.8	4.55629	7186.01	13.4222	0	5.39052e-05	0	0	0	6316.98	990.589	0	138.915	11098.8	10025.2	485.08	8443.45	12.0442	82.6082	4.5211	63.6385	3.43101	6.51568	0	0	0	0	0	2.13472	180.368	0	15508.6	6417.1	0	0	4.24068	0.0234063	0	0	0	180.431	1084.57	174.231	0.00361848	21.9231	873.821	33.3414	3042.91	28616.5	0	72.4258	38.7089	5.432	0.000183129	0	11.2272	16837.6	133.242	14343.7	10.1297	3251.65	19217.9	2200.39	2163.28	30462	0.0115212	0	32.0694	371.691	26.3852	3.05452	0	48.6836	0	303.473	0.154369	335.757	3361.65	0	9716.31	7673.85	0	0	5.54765	0	0.00155509	0	1207.25	0	0	0	44.8825	1.4953	177.891	0	2044.48	11274.5	0	0	11.2683	0	11.2031	1.72845	6.23778	0	0	0	0.992088	0	54.0771	13100.4	36015	104723	16.612	7341.16	111.046	440.785	41.0211	11.2986	1224.71	17066.7	14304.6	15855.7	56.1622	3753.33	37835.9	12894.4	38274.2	19309	24264.9	85614.7	39308.6	18827.2	13404.5	251897	251897	
106.06	0	1920.5	1164.04	0	0.110989	1.1906	0	0	0	0	0	6456.72	41.7077	0	1.42208	2736.71	798.253	994.465	10225.7	4.27889	6806.44	12.6346	0	4.99092e-05	0	0	0	6019.58	938.91	0	131.726	10568.1	9384.65	456.781	7979.35	11.3144	78.6707	4.19422	60.033	3.30172	6.21623	0	0	0	0	0	2.02466	164.846	0	14861.4	6213.99	0	0	4.05856	0.0232686	0	0	0	171.067	1036.09	168.528	0.00350997	21.7671	844.369	31.2706	2898.79	27423.5	0	70.2142	36.9212	5.05628	0.000185379	0	10.6396	16071.4	125.55	13589	9.62332	3090.04	18295.3	2038.8	2022.45	28619.9	0.010942	0	30.0352	352.145	25.2447	2.91452	0	45.0708	0	277.09	0.150314	308.54	3127.11	0	9388.34	7403.91	0	0	5.31762	0	0.00150074	0	1159.98	0	0	0	42.5479	1.43314	166.852	0	1952.35	10850.6	0	0	10.7591	0	10.6837	1.65043	5.91226	0	0	0	0.963211	0	51.7969	12253	34495.1	99881.1	15.6043	6955.44	105.111	417.257	39.2319	10.7812	1176.54	16287.6	13637.9	15015.3	53.2883	3556.95	35955.1	12322.4	36500.1	18151.4	23321.3	81657.4	36849.5	18168.4	12884.8	239855	239855	
106.25	0	1824.2	1114.54	0	0.105995	1.126	0	0	0	0	0	6132.76	39.8491	0	1.30318	2599.86	756.467	947.365	9794.23	4.01309	6464.78	11.9552	0	4.71285e-05	0	0	0	5736.1	887.776	0	125.157	10019	8854.93	432.612	7586.96	10.6238	72.8477	3.96312	57.3937	3.16091	6.11797	0	0	0	0	0	1.86633	152.502	0	14170.8	5960.67	0	0	3.86854	0.0218173	0	0	0	161.691	982.629	160.655	0.00328873	20.8552	805.149	29.4016	2776.92	26349.1	0	66.9508	35.2388	4.7094	0.000183867	0	10.112	15303.7	119.386	12921.4	9.20898	2939.85	17426.9	1914.46	1899.34	27036.7	0.0102508	0	28.4231	332.78	24.2675	2.77618	0	42.8399	0	258.401	0.147044	287.917	2973.1	0	9055.53	7153.15	0	0	5.1159	0	0.00144478	0	1117.76	0	0	0	40.5127	1.33853	158.721	0	1857.35	10419.6	0	0	10.196	0	10.1526	1.55618	5.59146	0	0	0	0.93778	0	48.5533	11555.3	32964.1	95415	14.6471	6604.69	99.8867	394.904	37.5827	10.4503	1133.46	15508.2	12970.9	14268.1	50.8098	3378.28	34183.8	11713.7	34746.8	17183	22266.4	77992.9	34801.1	17532.1	12353.9	228590	228590	
106.45	0	1729.75	1057.45	0	0.101592	1.06896	0	0	0	0	0	5827.29	38.3525	0	1.17248	2469.13	719.136	906.051	9346.24	3.77094	6134.15	11.3168	0	4.44947e-05	0	0	0	5483.15	837.709	0	118.993	9484.12	8427.37	414.408	7280.28	10.0361	66.8708	3.76458	55.356	3.05921	6.13864	0	0	0	0	0	1.75624	142.773	0	13514.4	5717.69	0	0	3.68866	0.019876	0	0	0	153.098	931.611	152.021	0.00311228	19.2294	766.034	28.0556	2675.63	25330.3	0	63.2072	33.5906	4.44632	0.00017351	0	9.68068	14529.1	113.802	12299.5	8.76546	2789.13	16578.7	1822.41	1795.14	25741.4	0.00964211	0	27.0605	314.427	24.016	2.71329	0	40.9623	0	245.849	0.140435	271.327	2848.17	0	8711.93	6952.44	0	0	4.94173	0	0.00137398	0	1070.76	0	0	0	38.5381	1.3021	153.587	0	1766.9	9998.55	0	0	9.63956	0	9.72287	1.47175	5.37775	0	0	0	0.896937	0	46.1148	10997	31514.2	91424.3	13.8167	6264.33	95.0715	374.249	36.7997	10.3237	1085.82	14723.2	12355.8	13573.5	48.344	3202.91	32488.7	11124.3	33044.6	16411.8	21257.8	74464	33133.6	16933.5	11838.7	218208	218208	
106.63	0	1650.3	1002.62	0	0.0969582	1.01161	0	0	0	0	0	5543.21	36.4954	0	1.05805	2347.51	683.014	867.045	8907.35	3.54506	5813.33	10.6957	0	4.17556e-05	0	0	0	5246.27	790.632	0	112.283	8971.06	8069.84	399.568	7028.28	9.54043	62.198	3.59917	53.412	3.01127	5.944	0	0	0	0	0	1.68071	134.656	0	12911	5514.84	0	0	3.51781	0.0190057	0	0	0	144.398	885.552	144.622	0.00296198	17.6947	730.822	26.7132	2566.53	24230.6	0	60.1176	31.8694	4.24084	0.000161045	0	9.3373	13768.3	108.495	11686.4	8.30407	2641.47	15718.5	1740.9	1706.77	24638.5	0.00913825	0	25.6846	298.343	23.6706	2.69949	0	38.7613	0	232.947	0.131671	257.243	2711.42	0	8337.45	6734.26	0	0	4.74876	0	0.00130182	0	1022.1	0	0	0	36.6681	1.29645	151.111	0	1674.82	9575.6	0	0	9.08641	0	9.55201	1.45243	5.14422	0	0	0	0.848485	0	44.8881	10520.5	30113.5	87632	13.0946	5935.74	90.2134	356.015	36.2354	10.0959	1036.58	13951.4	11783.5	12891.1	45.9553	3032.73	30810	10582.3	31405.2	15771.7	20352.5	70860.8	31677.1	16287.6	11321.4	208259	208259	
106.82	0	1583.83	954.97	0	0.0923215	0.958851	0	0	0	0	0	5287.47	34.6081	0	0.992587	2236.57	647.038	827.066	8497.48	3.33784	5506.63	10.1315	0	4.02394e-05	0	0	0	5020.26	746.849	0	105.509	8496.26	7750.15	381.629	6767.22	9.09836	58.7057	3.42754	51.391	2.96014	5.5343	0	0	0	0	0	1.61896	127.77	0	12362.7	5329.76	0	0	3.34659	0.0185403	0	0	0	136.083	847.211	138.897	0.00280976	16.6476	699.552	25.594	2438.67	23042.5	0	58.1872	30.1852	4.01839	0.000151996	0	9.04464	13049	103.497	11069.5	7.86741	2502.33	14856.9	1671.47	1631.29	23637.5	0.0087483	0	24.3315	285.014	22.6466	2.61793	0	36.9558	0	221.124	0.123956	246.157	2577.87	0	7954.64	6457.15	0	0	4.53686	0	0.00124517	0	975.208	0	0	0	34.9296	1.23081	147.541	0	1598.97	9244.92	0	0	8.62146	0	9.49245	1.46371	4.82124	0	0	0	0.803408	0	43.5205	10094.3	28778.8	83931.5	12.445	5623.62	85.5395	340.441	35.1006	9.61594	989.074	13222	11258.4	12211	43.7272	2874.48	29186	10099.5	29860.6	15159.5	19534.3	67197.2	30357.1	15575.2	10912.6	198696	198696	
107	0	1516.96	912.167	0	0.0874251	0.917032	0	0	0	0	0	5051.07	32.611	0	0.932038	2124.05	613.224	791.046	8083.01	3.15499	5217.36	9.62339	0	3.85708e-05	0	0	0	4803.48	706.577	0	98.7954	8054.52	7483.64	367.281	6551.42	8.69893	55.8912	3.27634	49.9035	2.82056	5.11997	0	0	0	0	0	1.50098	121.937	0	11835	5109.43	0	0	3.18478	0.0176005	0	0	0	129.519	813.175	132.554	0.00259184	15.7032	667.662	24.4886	2303.9	21834.1	0	55.7422	28.6699	3.7467	0.000146398	0	8.65815	12380.7	98.7938	10473.3	7.47062	2375.22	14043.3	1616.46	1568.36	22738.5	0.00836984	0	23.0162	273.429	21.1958	2.46876	0	35.7625	0	210.749	0.118615	237.434	2435.14	0	7574.94	6139.19	0	0	4.31555	0	0.00119154	0	929.214	0	0	0	33.3237	1.12293	142.524	0	1566.55	9043.34	0	0	8.37069	0	9.1228	1.41625	4.48683	0	0	0	0.765486	0	41.2799	9737.82	27524	80411.2	11.8623	5329.08	81.3738	327.097	33.1405	9.00498	942.359	12546	10766.5	11555.8	41.681	2730.71	27630.4	9638.79	28380.8	14651.5	18706.2	63638.1	29162.6	14824.6	10675.3	189678	189678	
107.18	0	1446.95	872.144	0	0.0823755	0.880602	0	0	0	0	0	4821.54	30.8854	0	0.8825	2011.4	581.998	755.267	7647.57	2.99241	4948.03	9.13191	0	3.60497e-05	0	0	0	4600.79	666.889	0	93.2867	7653.23	7272.45	364.272	6449.25	8.36551	53.2543	3.17693	49.0176	2.62188	4.79524	0	0	0	0	0	1.41879	116.649	0	11320.3	4860.8	0	0	3.03669	0.0170358	0	0	0	124.298	779.821	125.424	0.00245713	14.7748	633.366	23.3324	2178.23	20743.6	0	53.1463	27.3801	3.46083	0.000139757	0	8.20813	11753.2	94.9466	9930.51	7.10688	2257.47	13324.8	1563.78	1519.53	22013.5	0.0080544	0	21.9332	260.455	19.7362	2.31666	0	34.5504	0	199.476	0.113518	227.989	2283.41	0	7224.51	5844.78	0	0	4.12112	0	0.00113645	0	883.342	0	0	0	31.8502	1.03211	137.76	0	1558.63	8867.57	0	0	8.21757	0	8.52732	1.33287	4.13747	0	0	0	0.728846	0	39.6864	9441.56	26367.7	77299.1	11.366	5054.52	77.8782	312.95	30.8867	8.44478	895.688	11912.1	10297.1	10953.2	39.8019	2596.85	26200.3	9184.76	26959.2	14325.3	17861.9	60405.3	28146.8	14127.4	10488.8	181499	181499	
107.35	0	1383.05	831.656	0	0.077727	0.832417	0	0	0	0	0	4596.3	29.166	0	0.833956	1906.86	551.155	719.522	7262.15	2.84268	4696.59	8.67817	0	3.40299e-05	0	0	0	4406.45	630.048	0	88.7864	7270.06	7040.77	362.061	6348.51	8.09138	50.9276	3.08597	47.8293	2.43579	4.4981	0	0	0	0	0	1.45392	112.074	0	10866.5	4617.57	0	0	2.89628	0.016873	0	0	0	117.498	749.238	118.751	0.00254695	14.2776	601.888	22.0327	2069.57	19803.7	0	50.9329	26.1595	3.18702	0.000133893	0	7.76456	11164.4	91.303	9436.14	6.77423	2145.34	12660.4	1498.72	1482.91	21497.5	0.00778351	0	21.1905	246.662	18.5989	2.19119	0	33.2796	0	187.963	0.10821	219.453	2157.11	0	6909.55	5593.22	0	0	3.96294	0	0.00110729	0	840.92	0	0	0	30.4305	0.978101	133.715	0	1522.32	8585.58	0	0	7.90888	0	7.97368	1.25577	3.87236	0	0	0	0.694697	0	37.6873	9112.68	25315.5	74539.9	10.9418	4798.53	74.7147	297.695	29.0096	7.94506	852.557	11315.2	9843.29	10402.1	38.0102	2471.13	24879.8	8748.78	25636.3	13981.7	17088.7	57487.7	27365.7	13512.8	10167.3	173989	173989	
107.52	0	1328.93	794.035	0	0.0774564	0.778091	0	0	0	0	0	4393.91	27.7725	0	0.785114	1819.53	524.737	682.098	6955.48	2.6973	4466.4	8.26397	0	3.48094e-05	0	0	0	4215	594.377	0	84.6795	6876.18	6749.65	346.244	6102.91	7.80979	48.3523	2.95759	45.2634	2.28166	4.22015	0	0	0	0	0	1.43464	109.247	0	10456.3	4404.14	0	0	2.77094	0.0163182	0	0	0	110.543	724.614	112.908	0.00249897	13.7891	572.66	20.6627	1976.07	19007.5	0	48.4831	24.93	2.95131	0.00012739	0	7.33527	10604.1	88.2531	8967.47	6.47308	2039.78	12043.5	1433.57	1444.47	21014.7	0.00742607	0	20.6529	234.319	17.6244	2.07231	0	31.7735	0	180.317	0.103873	214.878	2096.58	0	6623.59	5363.1	0	0	3.81473	0	0.00106301	0	803.627	0	0	0	29.0331	0.924361	130.051	0	1450.81	8197.82	0	0	7.46373	0	7.57179	1.19496	3.67107	0	0	0	0.666204	0	34.7422	8728.62	24308.5	71839.7	10.5145	4563.31	71.6319	282.55	27.479	7.48742	814.633	10746.4	9421.78	9882.84	36.2787	2356.28	23682.5	8365.82	24409.9	13420.4	16397.8	54837.4	26691.1	12954.1	9703.95	166781	166781	
107.69	0	1272.12	762.557	0	0.0760788	0.726294	0	0	0	0	0	4219.43	26.6005	0	0.73211	1739.23	506.645	641.817	6694.62	2.55888	4245.17	7.86538	0	3.45789e-05	0	0	0	4018	560.941	0	80.9708	6496.35	6396.14	320.942	5718.72	7.44721	45.7189	2.75947	41.9095	2.15876	4.02109	0	0	0	0	0	1.34007	106.901	0	10036.4	4210.39	0	0	2.64765	0.015422	0	0	0	104.926	703.21	107.617	0.00233166	13.2038	543.061	19.7235	1890.95	18330.8	0	45.9318	23.7542	2.76765	0.000119643	0	7.03466	10067.4	84.6087	8517.69	6.16693	1939.72	11456.3	1384.44	1386.16	20331.9	0.0070121	0	20.0244	223.638	16.8047	1.95379	0	30.881	0	177.918	0.0992259	209.701	2057.78	0	6350.95	5139.24	0	0	3.65568	0	0.00100477	0	769.537	0	0	0	27.6519	0.876533	124.258	0	1371.21	7774.11	0	0	7.06335	0	7.2518	1.14045	3.48533	0	0	0	0.635543	0	32.1766	8306.96	23270.6	68962.3	10.0131	4336.9	68.4965	268.33	26.2164	7.11533	780.057	10203.2	9025.24	9390.77	34.5559	2246.54	22556.1	8021.47	23254.9	12648.1	15721.5	52392.8	25841.3	12416.2	9197.08	159493	159493	
107.85	0	1202.25	734.82	0	0.071584	0.68133	0	0	0	0	0	4042.58	25.2976	0	0.690753	1656.87	491.132	603.595	6455.28	2.42778	4034.5	7.46726	0	3.24684e-05	0	0	0	3819.54	532.318	0	77.517	6149.91	6023.58	296.381	5312.7	7.03385	44.223	2.54304	38.9745	2.05584	3.88067	0	0	0	0	0	1.21778	102.077	0	9587.93	4024.3	0	0	2.52655	0.0142351	0	0	0	100.12	676.871	102.643	0.00219026	12.5343	516.159	19.1319	1809.15	17721.9	0	43.4006	22.6416	2.62537	0.000112518	0	6.80982	9556.68	80.0584	8092.31	5.84011	1846.3	10892.4	1323.35	1309.14	19355.3	0.00663095	0	19.0171	213.494	16.1421	1.85192	0	29.3983	0	171.823	0.0934443	198.923	1973.08	0	6090.65	4921.4	0	0	3.48549	0	0.000944097	0	736.421	0	0	0	26.3269	0.843706	116.845	0	1302.4	7395.28	0	0	6.78156	0	6.94704	1.08338	3.30592	0	0	0	0.600462	0	31.7915	7857.2	22201.5	65921	9.46826	4122.19	65.1439	255.108	25.146	6.81597	746.536	9686.19	8619.05	8924.39	32.8631	2138.03	21439.2	7663.26	22173.7	11834.7	15023.1	50099.3	24611.7	11896	8748.19	152050	152050	
108.01	0	1129.27	711.539	0	0.0664908	0.641961	0	0	0	0	0	3850.21	24.0753	0	0.68709	1579.78	471.016	569.508	6240.88	2.30315	3842.75	7.08452	0	2.99998e-05	0	0	0	3629.99	507.663	0	74.3238	5848.34	5667.61	276.791	4974.24	6.62414	43.4148	2.35441	36.7783	1.97517	3.71635	0	0	0	0	0	1.16368	95.0333	0	9122.8	3850.9	0	0	2.40043	0.0142485	0	0	0	95.2185	643.672	98.4041	0.00206901	12.1078	493.052	18.379	1728.13	17109.9	0	41.7807	21.5972	2.48315	0.000108281	0	6.55714	9085.7	75.3657	7697.74	5.54371	1762.87	10368.1	1245.12	1227.88	18246.4	0.00635313	0	17.847	203.004	15.4965	1.76914	0	27.2093	0	159.919	0.0880222	184.546	1852.59	0	5854.84	4733.35	0	0	3.32114	0	0.00089925	0	706.273	0	0	0	25.1287	0.811861	109.659	0	1243.88	7077.06	0	0	6.55775	0	6.64586	1.02641	3.1429	0	0	0	0.568575	0	32.3039	7402.13	21153.1	62944.3	8.93364	3928.01	61.8044	242.279	24.1186	6.5119	715.973	9208.13	8199.24	8487.8	31.3311	2036.51	20378.8	7296.27	21193.9	11109.7	14318.6	47924.1	23181.9	11433.4	8371.19	144829	144829	
108.17	0	1063.15	689.616	0	0.0612935	0.604731	0	0	0	0	0	3651.08	22.9289	0	0.675112	1508.18	447.761	540.271	6033.31	2.18713	3664.87	6.74132	0	2.82613e-05	0	0	0	3452.07	483.347	0	71.1729	5553.12	5342.59	260.48	4694.45	6.25228	41.7655	2.20301	35.1937	1.8978	3.53705	0	0	0	0	0	1.13548	88.1749	0	8672.4	3687.66	0	0	2.27447	0.0139269	0	0	0	89.7489	607.286	94.4857	0.00200978	11.9339	470.655	17.3471	1648.81	16460.9	0	40.554	20.5983	2.31981	0.00010893	0	6.31894	8660.22	71.1033	7332.86	5.31192	1686.46	9881.78	1166.52	1155.16	17203.4	0.00610765	0	16.8163	192.889	14.7676	1.69182	0	25.1645	0	147.038	0.0859777	170.891	1741	0	5651.59	4558.63	0	0	3.18106	0	0.000861152	0	680.697	0	0	0	24.0493	0.777835	103.919	0	1187.26	6785.86	0	0	6.27373	0	6.35608	0.977112	2.99468	0	0	0	0.552345	0	31.4503	6974.22	20179.1	60113.8	8.44552	3747.25	58.6929	230.417	23.0224	6.20598	690.011	8775.13	7781.54	8080.66	30.0015	1943.05	19378.3	6936.3	20254.9	10477.7	13636.5	45834.6	21835.4	11022.8	8021.72	138020	138020	
108.33	0	1002.62	662.553	0	0.0585455	0.573619	0	0	0	0	0	3460.48	22.0209	0	0.629765	1438.22	426.781	514.472	5793.1	2.08143	3497.7	6.4231	0	2.66232e-05	0	0	0	3284.89	459.208	0	67.7483	5260.91	5071.51	246.913	4470.3	5.91224	39.1055	2.09378	33.7655	1.81979	3.48083	0	0	0	0	0	1.08156	82.5389	0	8250.77	3528.85	0	0	2.16309	0.0127166	0	0	0	84.5903	570.766	90.0782	0.00187224	11.3586	446.756	16.2624	1580.81	15841.1	0	38.5784	19.6451	2.16095	0.000105776	0	6.03141	8257.38	67.9587	6998.58	5.10178	1610.74	9436.33	1101.83	1093.18	16324.3	0.00578701	0	15.9878	183.281	14.1796	1.62322	0	23.8026	0	137.739	0.0841716	160.423	1666.22	0	5462.48	4395.65	0	0	3.06663	0	0.0008195	0	656.394	0	0	0	22.9919	0.742312	99.9034	0	1131.96	6515.11	0	0	5.97445	0	6.0523	0.923413	2.86616	0	0	0	0.537801	0	29.7869	6616.38	19283.2	57530.9	7.99945	3575.44	55.9276	219.22	22.0526	6.02747	665.292	8365.77	7384.1	7707.63	28.7175	1852.72	18460.7	6587.15	19313.3	9958.52	12985.3	43880.6	20722.7	10641.2	7693.21	131782	131782	
108.48	0	948.811	632.309	0	0.0560782	0.545513	0	0	0	0	0	3284.13	21.1951	0	0.57171	1368.44	408.359	491.456	5526.96	1.98396	3333.44	6.11401	0	2.41058e-05	0	0	0	3135.23	435.317	0	64.419	4975.5	4843.74	237.194	4294.7	5.60802	36.4927	1.99837	32.5813	1.77058	3.5026	0	0	0	0	0	1.04983	77.8503	0	7860.95	3381.42	0	0	2.05892	0.0113641	0	0	0	80.139	537.766	85.4075	0.00176734	10.4063	423.952	15.5124	1527.73	15249.9	0	36.1211	18.7184	2.05965	9.95457e-05	0	5.77195	7856.61	64.9086	6686.32	4.86938	1532.46	9001.74	1051.47	1038.28	15610.3	0.0055056	0	15.2756	174.127	14.0505	1.60229	0	22.9259	0	131.259	0.0801742	151.772	1600.63	0	5267.01	4263.11	0	0	2.96286	0	0.000773089	0	629.703	0	0	0	21.9347	0.734381	96.8829	0	1078.18	6237.52	0	0	5.67542	0	5.82906	0.879984	2.81998	0	0	0	0.514086	0	28.3436	6319.08	18449.6	55196.2	7.59748	3406.11	53.349	208.779	21.6511	5.98488	638.295	7959.68	7022.03	7359.5	27.4001	1761.41	17573.3	6256.06	18378.8	9536.49	12382.1	42002.7	19811.8	10282.3	7359.76	126010	126010	
108.62	0	905.519	602.242	0	0.0542252	0.517847	0	0	0	0	0	3123.31	20.1281	0	0.519011	1301.47	389.705	470.435	5265.27	1.88948	3171.84	5.81396	0	2.26589e-05	0	0	0	2999.3	412.879	0	60.8267	4708.07	4645.29	228.746	4138.91	5.35013	34.3933	1.9114	31.43	1.74837	3.40133	0	0	0	0	0	1.04266	73.8287	0	7505.44	3258.91	0	0	1.96143	0.010465	0	0	0	75.6562	509.226	81.2161	0.00169272	9.42647	403.503	14.9021	1472.63	14604.6	0	34.2667	17.759	1.99261	9.33091e-05	0	5.58183	7466.89	62.0329	6374.1	4.62666	1455.59	8558.63	1006.91	990.227	14992.4	0.00525473	0	14.5435	166.098	13.8815	1.59582	0	21.9025	0	124.501	0.075041	144.017	1529.89	0	5048.23	4123.76	0	0	2.84285	0	0.00072831	0	602.343	0	0	0	20.929	0.737335	95.9557	0	1022.07	5955.34	0	0	5.37046	0	5.74674	0.87484	2.79156	0	0	0	0.486107	0	27.6238	6056.8	17643.3	52941.5	7.24487	3240.56	50.7204	199.531	21.3774	5.87199	610.717	7564.45	6693.87	7012.82	26.1185	1672.16	16699	5953.76	17486	9166.05	11845.4	40073.6	19006.1	9894.81	7020.3	120446	120446	
108.77	0	868.301	575.745	0	0.0531091	0.493273	0	0	0	0	0	2979.28	19.004	0	0.491967	1238.8	370.136	451.145	5024.98	1.79978	3016.7	5.5402	0	2.17456e-05	0	0	0	2871.55	391.295	0	56.9766	4463.65	4463.08	219.227	3979.17	5.12025	32.7778	1.82282	30.2008	1.71516	3.17959	0	0	0	0	0	1.01047	70.3757	0	7182.37	3142.3	0	0	1.86928	0.00997922	0	0	0	71.7115	485.869	77.9727	0.00162051	8.68398	385.862	14.4312	1405.28	13898.4	0	33.1035	16.8303	1.91705	8.81323e-05	0	5.36573	7100.24	59.2661	6058.56	4.39554	1383.65	8110.36	969.086	949.81	14421.1	0.00503851	0	13.806	159.512	13.3171	1.53249	0	21.2787	0	118.609	0.0703067	137.665	1460.28	0	4822.14	3949.49	0	0	2.71814	0	0.00069168	0	576.169	0	0	0	19.9914	0.705165	93.7231	0	975.35	5741.82	0	0	5.11047	0	5.73818	0.879146	2.70742	0	0	0	0.459612	0	26.8215	5816.73	16873.6	50733	6.92507	3082.63	48.1905	191.64	20.7712	5.59123	584.242	7193.23	6395.96	6665.45	24.9185	1589.18	15849.9	5682.17	16653.8	8807.67	11356.7	38091.9	18266	9464.94	6758.89	115082	115082	
108.91	0	831.473	549.458	0	0.0518724	0.475188	0	0	0	0	0	2848.57	18.0459	0	0.466085	1174.78	351.658	433.869	4784.5	1.71586	2868.65	5.29254	0	2.10856e-05	0	0	0	2750.19	370.615	0	53.3108	4240.52	4311.8	211.294	3851.92	4.91136	31.4818	1.7453	29.3479	1.6296	2.95588	0	0	0	0	0	0.957136	67.3681	0	6876.53	3007.8	0	0	1.78381	0.00919894	0	0	0	69.0319	465.607	74.5116	0.00149823	8.12715	368.779	13.9298	1330.94	13172.8	0	31.5291	15.9948	1.81263	8.49078e-05	0	5.08954	6756.11	56.641	5754.37	4.1882	1317.33	7687.73	938.319	916.547	13882	0.00482331	0	13.0872	153.65	12.4878	1.43245	0	20.6197	0	113.303	0.0667886	132.306	1385.6	0	4598.31	3755.91	0	0	2.59556	0	0.000659889	0	550.626	0	0	0	19.1227	0.647564	90.861	0	957.454	5611.7	0	0	4.97882	0	5.55365	0.842645	2.55575	0	0	0	0.436878	0	25.763	5615.71	16156.4	48616.1	6.63204	2931.71	45.9532	184.819	19.6718	5.23097	558.271	6845.76	6121	6330.85	23.816	1513.14	15041.4	5423.31	15860.3	8515.41	10872.2	36148.5	17569.4	9018.07	6609.29	110016	110016	
109.05	0	793.446	522.779	0	0.0492441	0.460264	0	0	0	0	0	2721.67	17.2535	0	0.443463	1111.08	334.425	416.186	4538	1.63741	2732.28	5.0471	0	1.96327e-05	0	0	0	2636.87	350.342	0	50.2862	4035.2	4194.87	209.457	3805.23	4.73342	30.1361	1.69316	29	1.51002	2.77423	0	0	0	0	0	0.886779	64.4656	0	6581.18	2859.19	0	0	1.70405	0.00889315	0	0	0	66.7363	446.728	70.4871	0.00141473	7.60625	350.316	13.4004	1261.15	12514.9	0	29.873	15.2781	1.70847	8.14203e-05	0	4.77915	6433.15	54.602	5476.94	4.00034	1255.26	7307.87	907.961	888.705	13452.3	0.00464787	0	12.4994	147.023	11.6381	1.34218	0	19.924	0	107.665	0.0636119	126.979	1308.41	0	4389.8	3574.66	0	0	2.48886	0	0.000633708	0	525.334	0	0	0	18.3172	0.585286	88.041	0	954.667	5497.47	0	0	4.89865	0	5.20954	0.787056	2.3909	0	0	0	0.415085	0	24.8772	5450.65	15494.6	46764.6	6.37548	2792.34	44.0695	177.74	18.3584	4.90347	532.504	6519.81	5859.87	6022.69	22.7977	1442.04	14290.2	5167.18	15100.3	8344.76	10384	34372.9	16984.5	8599.23	6490.71	105444	105444	
109.18	0	759.699	496.407	0	0.0465639	0.439139	0	0	0	0	0	2596.47	16.3666	0	0.421962	1050.79	316.859	397.085	4312.66	1.56126	2606.25	4.81964	0	1.89572e-05	0	0	0	2528.44	330.947	0	47.8921	3835.58	4064.36	208.133	3747.63	4.59038	28.8942	1.65077	28.358	1.40276	2.61457	0	0	0	0	0	0.889474	62.2683	0	6317.17	2716.39	0	0	1.62962	0.00859531	0	0	0	63.581	430.445	66.738	0.0014453	7.25335	333.348	12.7264	1200.98	11938.1	0	28.2655	14.6017	1.60077	7.93524e-05	0	4.48286	6128.42	52.8953	5221.97	3.82804	1195.89	6953.23	870.811	866.743	13143.4	0.00448492	0	12.1008	139.847	10.9723	1.27445	0	19.2474	0	102.204	0.0606198	122.442	1243.38	0	4204.1	3422.77	0	0	2.40086	0	0.000617622	0	501.876	0	0	0	17.5363	0.54217	85.1101	0	932.533	5310.06	0	0	4.71001	0	4.88488	0.743614	2.26476	0	0	0	0.395306	0	23.442	5264.76	14886.4	45087.4	6.15612	2663.46	42.3526	169.815	17.2607	4.63264	508.623	6211.25	5608.25	5738.23	21.8217	1375.33	13587.1	4920.63	14382.1	8150.79	9936.56	32757	16532.5	8234.33	6279.03	101193	101193	
109.32	0	731.088	471.833	0	0.0461644	0.414325	0	0	0	0	0	2482.9	15.738	0	0.399506	999.508	301.472	377.868	4130.39	1.48551	2489.22	4.60446	0	1.97456e-05	0	0	0	2422.9	311.881	0	45.7156	3631.47	3901.16	199.012	3599.48	4.44262	27.4945	1.59416	26.7518	1.3174	2.46738	0	0	0	0	0	0.870965	61.0412	0	6081.38	2594.99	0	0	1.56263	0.00832189	0	0	0	60.2092	418.083	63.3675	0.00142377	6.95249	316.784	11.9498	1150	11443.5	0	26.6929	13.9256	1.50159	7.79491e-05	0	4.21132	5837.57	51.3297	4978.26	3.67303	1139.02	6612.18	833.286	845.95	12858.5	0.00427192	0	11.814	133.156	10.4163	1.21961	0	18.4668	0	98.8031	0.0581336	119.976	1209.67	0	4032.29	3285.82	0	0	2.31432	0	0.000597577	0	480.82	0	0	0	16.7559	0.507868	81.8862	0	887.093	5063.89	0	0	4.43122	0	4.63031	0.71206	2.14094	0	0	0	0.378657	0	21.5224	5047.87	14304.7	43448.4	5.9324	2543.46	40.6607	161.418	16.3648	4.39905	487.172	5916.25	5375.21	5468.05	20.8672	1313.44	12934.1	4701.93	13717	7825.63	9543.33	31273.8	16141.3	7900.39	5984.8	97088.2	97088.2	
109.45	0	700.137	450.283	0	0.0449079	0.389894	0	0	0	0	0	2384.11	15.1028	0	0.373555	952.326	291.134	356.001	3971.99	1.41233	2375.22	4.39192	0	1.94766e-05	0	0	0	2315.29	294.102	0	43.8221	3433.7	3704.95	184.664	3376.08	4.2441	26.1362	1.50218	24.6944	1.25138	2.36781	0	0	0	0	0	0.79682	59.9738	0	5845.89	2483.84	0	0	1.49472	0.0080207	0	0	0	57.4854	407.797	60.178	0.00133773	6.59509	299.952	11.4177	1102.52	11010.3	0	25.0519	13.2907	1.43106	7.52478e-05	0	4.01013	5555.65	49.3226	4741.64	3.51446	1085.39	6278.89	805.255	814.889	12429.1	0.00402666	0	11.4652	127.278	9.93078	1.16684	0	17.8028	0	97.9916	0.0555051	116.73	1185.03	0	3867.59	3150.84	0	0	2.21888	0	0.000566033	0	461.256	0	0	0	15.9859	0.47476	77.6501	0	837.176	4809.37	0	0	4.17471	0	4.4268	0.683465	2.012	0	0	0	0.361354	0	19.9538	4812.76	13708.9	41681.8	5.66045	2426.45	38.9283	153.412	15.6096	4.21812	467.278	5630.94	5156.52	5209.01	19.9186	1254.18	12307.5	4502.77	13087.1	7386.66	9163.25	29882.4	15616.7	7576.01	5678.16	92893	92893	
109.58	0	663.264	431.511	0	0.0414069	0.367869	0	0	0	0	0	2285.43	14.3027	0	0.356413	905.505	282.751	334.052	3825.61	1.34257	2266.52	4.17632	0	1.77726e-05	0	0	0	2205.33	279.232	0	41.9878	3255.08	3496.23	170.908	3142.76	4.00827	25.4058	1.40258	22.9317	1.19874	2.30244	0	0	0	0	0	0.714624	57.6425	0	5594.07	2374.4	0	0	1.4266	0.00762093	0	0	0	55.1144	394.969	57.0458	0.00123468	6.24239	284.6	11.023	1055.59	10621.9	0	23.5735	12.7059	1.37426	7.08453e-05	0	3.83575	5283.77	46.9166	4518.48	3.34431	1035.38	5953.12	770.998	770.997	11810.3	0.00379334	0	10.9108	121.795	9.53021	1.12402	0	16.7476	0	94.9949	0.0524076	111.122	1131.56	0	3711.01	3015.48	0	0	2.1185	0	0.000534274	0	442.336	0	0	0	15.2446	0.450068	72.9051	0	795.244	4587.72	0	0	4.00089	0	4.22809	0.652861	1.89223	0	0	0	0.342125	0	19.8381	4561	13095.1	39809.7	5.35463	2315.54	37.1095	146.108	14.9577	4.07933	448.064	5355.63	4932.65	4964.05	18.9847	1196.25	11680.2	4300.78	12496.1	6925.5	8767.88	28571	14850.2	7259.55	5413.92	88584.9	88584.9	
109.7	0	625.138	414.826	0	0.0371561	0.347818	0	0	0	0	0	2177.54	13.4475	0	0.359192	862.993	271.422	313.869	3690.44	1.27737	2167.09	3.96631	0	1.62893e-05	0	0	0	2100.29	266.727	0	40.4171	3095.84	3293.64	160.249	2950.11	3.77573	25.0439	1.31906	21.6405	1.15644	2.21823	0	0	0	0	0	0.660247	54.0851	0	5331.21	2270.1	0	0	1.35534	0.0076872	0	0	0	52.4584	377.53	54.3127	0.0011895	6.09371	270.751	10.5383	1009.54	10227.7	0	22.6192	12.1691	1.31867	6.77458e-05	0	3.6624	5033.34	44.2824	4310.93	3.19105	990.026	5646.15	725.549	722.558	11107.2	0.00364138	0	10.2799	115.973	9.1425	1.08755	0	15.3019	0	88.8496	0.0495622	103.655	1057.11	0	3568.93	2895.72	0	0	2.02378	0	0.000512826	0	425.347	0	0	0	14.5687	0.42725	68.9664	0	760.447	4397.24	0	0	3.85491	0	4.02508	0.626813	1.79858	0	0	0	0.324943	0	20.0792	4301.14	12491.9	37953.3	5.05674	2214.79	35.3162	138.94	14.3246	3.93259	430.808	5101.1	4699.64	4734.27	18.1354	1141.64	11076	4094.69	11951.3	6513.89	8363.82	27315.4	13956.8	6975.98	5188.4	84360.3	84360.3	
109.82	0	590.311	399.657	0	0.0334128	0.328277	0	0	0	0	0	2067.55	12.5495	0	0.353341	823.528	258.296	296.571	3556.61	1.21675	2073.21	3.77628	0	1.51239e-05	0	0	0	2002.59	254.828	0	38.8793	2941.11	3108.28	151.663	2790.44	3.56471	24.3086	1.2512	20.6603	1.1158	2.11764	0	0	0	0	0	0.631039	50.6297	0	5073.77	2170.46	0	0	1.28477	0.00752631	0	0	0	49.5103	357.33	51.7807	0.00116495	6.03798	257.333	9.90215	965.58	9822.48	0	21.9387	11.6624	1.24513	6.77073e-05	0	3.52828	4802.12	41.7862	4115.96	3.06987	948.82	5356.44	680.355	679.268	10453.7	0.00347079	0	9.71725	110.179	8.70601	1.04854	0	13.991	0	82.014	0.0483954	96.5481	989.475	0	3446.35	2790.31	0	0	1.94128	0	0.000496473	0	410.435	0	0	0	13.9556	0.403011	65.8701	0	726.009	4212.49	0	0	3.68798	0	3.82473	0.60411	1.70428	0	0	0	0.315671	0	19.7876	4056.83	11929.5	36196.1	4.78494	2119.49	33.6494	132.092	13.6471	3.7703	415.667	4865.62	4469.26	4517.13	17.3907	1091.67	10504.2	3894.31	11427.1	6154.65	7967.51	26104.5	13125.1	6729.27	4968.42	80370.8	80370.8	
109.94	0	564.704	385.789	0	0.0312268	0.310075	0	0	0	0	0	1966.68	12.0041	0	0.336978	786.058	246.398	281.357	3391.05	1.16104	1969.98	3.57094	0	1.44727e-05	0	0	0	1902.04	242.255	0	36.9824	2789.87	2937.45	144.376	2651.66	3.37386	22.907	1.19086	19.4873	1.07094	2.09325	0	0	0	0	0	0.571754	47.6906	0	4875.91	2093.38	0	0	1.23199	0.00690386	0	0	0	47.1628	339.791	49.7539	0.00113119	5.80998	247.095	9.22892	925.85	9405.39	0	20.7891	11.1606	1.17093	6.48187e-05	0	3.36113	4583.86	40.0108	3923.53	2.93208	903.531	5093.35	635.007	642.679	9865.86	0.00326882	0	9.20946	104.627	8.41015	1.01305	0	12.7514	0	75.8682	0.0471212	90.3205	929.837	0	3345.01	2695.92	0	0	1.87312	0	0.000474942	0	395.013	0	0	0	13.2412	0.389668	63.9799	0	690.886	4030.61	0	0	3.50271	0	3.63132	0.57688	1.60165	0	0	0	0.307126	0	19.0007	3828.08	11470.8	34519.7	4.53817	2013.71	32.0498	125.293	13.113	3.68318	399.976	4643.78	4248.52	4303.41	16.5287	1037.94	9976.88	3715.91	10864.7	5831.87	7660.15	24924.2	12375.6	6515.43	4750.12	76637.9	76637.9	
110.06	0	538.56	368.273	0	0.0291445	0.294611	0	0	0	0	0	1870.32	11.4211	0	0.313836	748.687	235.002	267.957	3232.04	1.10676	1872.5	3.39018	0	1.36256e-05	0	0	0	1810.67	230.253	0	35.2192	2641.23	2788.8	138.388	2536.84	3.18499	21.4558	1.13949	18.6794	1.04027	2.11851	0	0	0	0	0	0.550866	45.0808	0	4663.87	2008.43	0	0	1.17465	0.00618621	0	0	0	44.9528	322.547	47.2645	0.00110039	5.40168	235.156	8.77641	894.007	9036.12	0	19.5356	10.6745	1.11959	5.95631e-05	0	3.22804	4360.45	38.1286	3749.94	2.79702	859.608	4837.04	602.647	610.357	9377.79	0.00307869	0	8.77842	99.1212	8.35416	0.999579	0	11.9469	0	71.6482	0.0447341	85.2613	882.839	0	3226.51	2617.68	0	0	1.80944	0	0.000448772	0	378.892	0	0	0	12.6058	0.391669	62.3713	0	656.137	3844.03	0	0	3.32097	0	3.48626	0.55164	1.55832	0	0	0	0.293845	0	18.3203	3635.23	10995.8	33021.2	4.29484	1913.52	30.5822	118.926	12.8812	3.66973	383.678	4417.35	4041.67	4110.53	15.7425	986.746	9470.73	3537.9	10329.4	5557.28	7328.8	23821.4	11759.8	6300.26	4527.7	73162.5	73162.5	
110.18	0	516.032	351.899	0	0.0273699	0.280171	0	0	0	0	0	1781.2	10.7911	0	0.291915	714.296	224.088	255.936	3083.36	1.05289	1777.86	3.21752	0	1.29702e-05	0	0	0	1728.3	218.713	0	33.2883	2499.48	2662.46	133.212	2433.43	3.02485	20.3319	1.09138	17.996	1.0307	2.06197	0	0	0	0	0	0.530828	42.7006	0	4463.9	1937.59	0	0	1.12062	0.00550297	0	0	0	42.7093	306.166	45.0746	0.0010903	4.9947	224.536	8.36089	860.557	8647.54	0	18.6298	10.1659	1.08888	5.41244e-05	0	3.13076	4141.85	36.5003	3577.49	2.66056	816.88	4583.43	574.513	581.261	8946.43	0.00293805	0	8.34605	94.2555	8.24901	1.00412	0	11.0839	0	67.2958	0.0420106	80.6191	835.485	0	3094.11	2532.19	0	0	1.74024	0	0.000421819	0	362.371	0	0	0	12.019	0.392395	61.1388	0	621.101	3659.76	0	0	3.14736	0	3.44389	0.549076	1.53869	0	0	0	0.278296	0	18.006	3469.42	10526.1	31592.2	4.08068	1816.85	29.1092	113.346	12.7241	3.61517	367.041	4195.64	3852.17	3919.37	15.001	936.997	8979.07	3374.81	9825.3	5317.86	7026.1	22708.3	11208.6	6063.97	4307.82	69832.7	69832.7	
110.29	0	497.059	337.524	0	0.0260335	0.26732	0	0	0	0	0	1699.79	10.2196	0	0.281497	682.821	213.057	245.114	2944.7	1.00167	1686.54	3.06193	0	1.27721e-05	0	0	0	1652.22	207.606	0	31.2369	2367.27	2550.42	127.23	2328.74	2.88741	19.4698	1.04219	17.29	1.01697	1.92292	0	0	0	0	0	0.512179	40.5879	0	4277.95	1871.07	0	0	1.06944	0.00520861	0	0	0	40.7304	291.716	43.3709	0.00105203	4.7017	215.292	7.98182	820.706	8222.45	0	18.039	9.66455	1.05831	4.97954e-05	0	3.02893	3934.46	34.9212	3401	2.52923	776.677	4333.4	550.647	556.037	8549.53	0.00280377	0	7.93175	90.2771	7.91645	0.975176	0	10.4067	0	63.6279	0.0393197	76.8353	793.284	0	2956	2421.1	0	0	1.66221	0	0.00039922	0	346.258	0	0	0	11.475	0.373384	58.7966	0	593.094	3517.41	0	0	3.00343	0	3.4418	0.557408	1.50273	0	0	0	0.2618	0	17.5886	3322.11	10073.2	30192.5	3.89188	1724.07	27.7028	108.631	12.3757	3.4555	350.79	3985.59	3678.65	3725.82	14.3064	890.618	8509.04	3227.99	9351.8	5091.13	6745.91	21565.9	10707.5	5795.66	4136.86	66622.8	66622.8	
110.4	0	477.338	323.692	0	0.0245204	0.258463	0	0	0	0	0	1624.31	9.68242	0	0.271094	650.804	202.393	235.66	2803.63	0.954599	1600.1	2.91997	0	1.24652e-05	0	0	0	1580.5	196.93	0	29.2319	2244.3	2460.41	122.68	2246.05	2.76833	18.7356	1.00136	16.8045	0.970185	1.76877	0	0	0	0	0	0.493672	38.6811	0	4098.72	1794.07	0	0	1.02372	0.00479031	0	0	0	39.3082	278.38	41.5397	0.000993663	4.49907	206.198	7.65193	777.576	7794.91	0	17.2512	9.21022	1.01229	4.66848e-05	0	2.89386	3740.41	33.4264	3230.43	2.40888	739.893	4101.31	531.499	535.233	8196.37	0.00268291	0	7.53736	86.6751	7.42499	0.912995	0	9.86324	0	60.4639	0.0372805	73.6903	751.689	0	2817.71	2303.32	0	0	1.58186	0	0.000382323	0	330.113	0	0	0	10.9675	0.345927	55.8173	0	581.543	3429.55	0	0	2.92465	0	3.328	0.539828	1.43658	0	0	0	0.247848	0	16.8597	3201.95	9646.46	28891.6	3.72562	1636.11	26.4576	104.497	11.7236	3.22159	334.444	3789.58	3516.62	3539.05	13.6625	848.425	8065.66	3086.38	8896.62	4910.36	6463.74	20458.4	10261.4	5519.85	4036.43	63633.2	63633.2	
110.51	0	456.729	309.328	0	0.022858	0.251279	0	0	0	0	0	1550.93	9.25548	0	0.258006	618.436	192.299	226.464	2659.47	0.910278	1519.39	2.78584	0	1.18523e-05	0	0	0	1511.92	186.728	0	27.5604	2134.61	2394.5	122.073	2211.81	2.67092	17.9939	0.974501	16.6136	0.898796	1.64401	0	0	0	0	0	0.470019	36.8625	0	3925.15	1707.64	0	0	0.981489	0.00452266	0	0	0	38.1863	265.801	39.3204	0.000924707	4.29876	196.185	7.29297	736.501	7406.01	0	16.4208	8.80872	0.958998	4.35753e-05	0	2.71316	3559.99	32.1153	3073.49	2.29953	705.859	3893.79	514.057	519.994	7925.36	0.00256904	0	7.21601	82.7785	6.92667	0.845714	0	9.40709	0	57.3239	0.0354017	70.4112	710.368	0	2687.02	2195.07	0	0	1.50888	0	0.000368104	0	313.916	0	0	0	10.5059	0.32092	52.8682	0	578.631	3359.55	0	0	2.88076	0	3.12511	0.503316	1.35921	0	0	0	0.234662	0	16.3642	3108.14	9252.56	27774.2	3.58376	1553.83	25.4075	100.356	10.951	2.99304	317.988	3607.59	3360.77	3366.12	13.0764	809.178	7659.49	2945.21	8462.15	4806.5	6177.57	19446.3	9904.73	5261.21	3962.65	60966.3	60966.3	
110.61	0	438.712	295.463	0	0.0215148	0.241124	0	0	0	0	0	1478.01	8.78836	0	0.247003	587.666	181.984	216.861	2528.53	0.867745	1444.45	2.65931	0	1.12307e-05	0	0	0	1446.45	176.452	0	26.265	2029.37	2323.99	121.589	2182.51	2.59013	17.248	0.951003	16.2935	0.833622	1.55935	0	0	0	0	0	0.474864	35.4986	0	3772.91	1623.98	0	0	0.940784	0.00434396	0	0	0	36.5498	255.04	37.1453	0.000930341	4.13984	186.425	6.88809	701.037	7066.87	0	15.6708	8.42769	0.903036	4.13967e-05	0	2.53311	3390.56	30.9107	2929.42	2.20014	673.439	3701.14	493.774	509.464	7740.25	0.00247532	0	6.98967	78.7495	6.52516	0.790526	0	9.04228	0	54.3538	0.0336348	67.6117	676.637	0	2571.6	2099.71	0	0	1.44721	0	0.000359846	0	298.956	0	0	0	10.0652	0.305311	49.8364	0	565.273	3255.54	0	0	2.77799	0	2.94494	0.468598	1.3075	0	0	0	0.22286	0	15.6046	3006.64	8897.45	26792.9	3.46035	1477.39	24.4348	95.9503	10.3041	2.81847	302.797	3436.15	3210.41	3206.16	12.5227	772.482	7282.17	2809.15	8053.89	4703.53	5917.14	18530	9644.23	5031.93	3844.14	58534	58534	
110.72	0	423.888	281.925	0	0.021733	0.229195	0	0	0	0	0	1413.31	8.35769	0	0.237097	560.682	173.007	206.672	2421.29	0.826105	1374.79	2.54117	0	1.16628e-05	0	0	0	1382.79	166.54	0	25.07	1923.66	2235.12	116.536	2106.47	2.51014	16.4736	0.918511	15.3979	0.785057	1.48976	0	0	0	0	0	0.465828	34.7071	0	3637.13	1551.67	0	0	0.905472	0.00414974	0	0	0	34.7195	246.508	35.0968	0.000910983	4.00991	176.681	6.45072	671.051	6768.73	0	14.8731	8.04249	0.847184	3.93916e-05	0	2.35901	3229.7	29.9072	2791.86	2.11171	642.061	3516.12	473.587	497.407	7569.14	0.00235974	0	6.80241	75.1192	6.18677	0.755106	0	8.81514	0	52.732	0.0321849	66.5136	657.028	0	2467.63	2011.72	0	0	1.38752	0	0.000346334	0	285.823	0	0	0	9.62575	0.29396	47.1068	0	538.844	3109.64	0	0	2.62322	0	2.81229	0.442302	1.25418	0	0	0	0.213046	0	14.5845	2888.17	8559.16	25820.6	3.33861	1406.16	23.45	91.3684	9.78452	2.68717	289.436	3273.24	3072.52	3054.58	11.9836	738.651	6930.57	2688.66	7677.19	4530.88	5686.73	17684.1	9414.12	4823.59	3670.42	56175.7	56175.7	
110.82	0	405.911	269.239	0	0.0213435	0.217321	0	0	0	0	0	1357.98	7.89205	0	0.222976	534.784	167.185	195.579	2323.4	0.785993	1308.25	2.42078	0	1.17607e-05	0	0	0	1320.74	157.219	0	24.0152	1821.06	2126.44	108.027	1983.11	2.40563	15.7582	0.863337	14.2659	0.747143	1.43647	0	0	0	0	0	0.424994	33.9382	0	3496.71	1482.79	0	0	0.869138	0.00392	0	0	0	33.1782	239.476	33.2608	0.000839327	3.84618	167.043	6.18132	644.49	6509.67	0	14.0246	7.67853	0.805961	3.68193e-05	0	2.2103	3074.15	28.5872	2658.9	2.01977	612.146	3337.31	458	478.432	7319.81	0.00221979	0	6.5723	71.8794	5.89428	0.724597	0	8.64467	0	52.3641	0.0306735	65.0697	637.599	0	2369.96	1925.53	0	0	1.32524	0	0.000328685	0	273.973	0	0	0	9.19049	0.279903	44.2415	0	509.622	2948.06	0	0	2.47058	0	2.7055	0.4252	1.19269	0	0	0	0.20308	0	13.6309	2757.81	8208.73	24761.6	3.19384	1338.05	22.4172	86.9552	9.3473	2.58626	277.376	3115.97	2946.78	2909.64	11.4449	706.005	6589.6	2576.27	7320.65	4287.42	5457.18	16898.2	9105.02	4624.49	3478.31	53747.5	53747.5	
110.92	0	383.891	257.258	0	0.0197392	0.206509	0	0	0	0	0	1301.88	7.33134	0	0.211407	507.533	162.32	184.523	2231.24	0.747877	1245.71	2.30039	0	1.09791e-05	0	0	0	1258.27	149.435	0	23.0007	1729.32	2011.19	99.9042	1852.29	2.2803	15.3178	0.802102	13.2867	0.716261	1.39514	0	0	0	0	0	0.380347	32.4011	0	3343.61	1414.75	0	0	0.830823	0.00379898	0	0	0	31.7654	230.992	31.5025	0.000764129	3.64433	158.355	6.01528	618.071	6278.78	0	13.177	7.33817	0.770356	3.41227e-05	0	2.09603	2925.32	27.0875	2532.66	1.91971	584.659	3161.96	438.265	452.48	6966.79	0.0020861	0	6.21423	68.8992	5.65417	0.694484	0	8.20472	0	50.7183	0.0288692	62.0083	602.876	0	2276.88	1842.6	0	0	1.26044	0	0.000312502	0	262.623	0	0	0	8.76953	0.267947	41.4764	0	483.664	2806.84	0	0	2.36117	0	2.59054	0.407997	1.12984	0	0	0	0.192171	0	13.4578	2617.79	7843.02	23650.5	3.03026	1274.22	21.3138	82.96	8.96132	2.49762	265.849	2965.29	2818.23	2771.64	10.911	674.172	6247.38	2458.33	6986.87	4029.96	5215.45	16159.9	8662.83	4433.88	3310.64	51257.8	51257.8	
111.02	0	361.181	246.565	0	0.0179549	0.196134	0	0	0	0	0	1240.83	6.77527	0	0.212378	481.288	155.807	174.678	2147.42	0.712165	1189.5	2.18388	0	1.0088e-05	0	0	0	1196.41	142.738	0	22.0875	1648.52	1898.77	93.3222	1740.06	2.15166	14.9416	0.747644	12.573	0.689546	1.33791	0	0	0	0	0	0.337904	30.3245	0	3184.45	1350.49	0	0	0.789872	0.0038938	0	0	0	30.1966	220.721	29.8489	0.000712191	3.55598	150.518	5.80111	591.451	6046.43	0	12.6502	7.01983	0.737269	3.25473e-05	0	1.98457	2787.62	25.5653	2415.11	1.82915	560.105	2994.34	412.741	424.105	6562.21	0.00199162	0	5.80468	65.8088	5.41904	0.665819	0	7.6286	0	47.4429	0.0272785	57.9299	559.057	0	2192.01	1771.6	0	0	1.2021	0	0.000300619	0	252.655	0	0	0	8.38758	0.258633	39.2822	0	461.618	2688.63	0	0	2.27102	0	2.47779	0.391396	1.08281	0	0	0	0.183145	0	13.4148	2473.12	7482.81	22553.4	2.86582	1217.11	20.2152	79.1229	8.58672	2.39512	255.723	2825.44	2683.53	2641.92	10.4279	644.487	5916.74	2337.07	6680.06	3795.25	4970.57	15450.6	8148.84	4265.39	3170.07	48817.9	48817.9	
111.11	0	340.565	236.22	0	0.0164803	0.185484	0	0	0	0	0	1177.94	6.26416	0	0.210003	456.564	148.085	166.272	2067.48	0.678202	1136.87	2.07902	0	9.07336e-06	0	0	0	1137.04	136.186	0	21.2322	1568.02	1795	88.2398	1644.75	2.0303	14.3488	0.703303	11.9871	0.662339	1.27462	0	0	0	0	0	0.319621	28.383	0	3031.31	1289.51	0	0	0.748112	0.00378553	0	0	0	28.4038	209.191	28.2474	0.000681394	3.56602	142.913	5.49074	565.321	5804.45	0	12.2872	6.71933	0.697033	3.29358e-05	0	1.8973	2661.43	24.1539	2305.16	1.75795	537.935	2838.42	387.625	398.756	6185.74	0.00190424	0	5.43245	62.7142	5.14974	0.634893	0	7.12468	0	43.9239	0.0266448	54.0933	516.638	0	2117.27	1707.18	0	0	1.15254	0	0.000292787	0	244.13	0	0	0	8.0433	0.246318	37.5705	0	440.304	2578.31	0	0	2.1691	0	2.37072	0.375488	1.03615	0	0	0	0.178392	0	12.8791	2336.2	7148.04	21513.6	2.71041	1163.52	19.1893	75.4021	8.18313	2.285	247.064	2696.96	2548.32	2519.78	10.007	617.603	5601.38	2217.96	6383.94	3587.7	4733.89	14765.7	7667.86	4115.59	3037.62	46510.3	46510.3	
111.21	0	322.954	224.545	0	0.01547	0.176205	0	0	0	0	0	1117.22	5.86254	0	0.198989	432.007	141.146	158.948	1979.86	0.647353	1086.34	1.9803	0	8.53215e-06	0	0	0	1081	129.57	0	20.3722	1486.58	1706.88	83.8574	1564.17	1.92344	13.52	0.667835	11.4584	0.633809	1.25747	0	0	0	0	0	0.294326	26.8434	0	2885.84	1230.51	0	0	0.709743	0.00349143	0	0	0	26.7908	197.591	26.5796	0.000632465	3.45074	135.224	5.18025	543.525	5580.9	0	11.8072	6.43809	0.65872	3.20858e-05	0	1.81899	2540.73	23.0739	2204.04	1.69213	515.725	2697.37	366.298	377.377	5864.45	0.00180101	0	5.13027	59.7612	4.94507	0.607714	0	6.71884	0	41.1323	0.0261023	51.0152	483.382	0	2048.24	1646.31	0	0	1.11108	0	0.000282618	0	235.611	0	0	0	7.70253	0.233097	36.2494	0	419.457	2470.32	0	0	2.06211	0	2.25821	0.355551	0.983134	0	0	0	0.173717	0	12.0669	2219.5	6840.2	20561.1	2.5726	1111.68	18.2756	71.8819	7.83742	2.22073	238.413	2574.24	2418.88	2407.18	9.59511	591.29	5309.72	2102.98	6086.44	3411.51	4506.7	14133	7260.84	3975.45	2907.68	44384.6	44384.6	
113.94	0	6977.71	4766.22	0	0.370051	3.79633	0	0	0	0	0	23518	116.53	0	4.11704	8951.76	2967.3	3484.11	41991.6	13.4836	22548.6	40.3344	0	0.000176585	0	0	0	22665	2652.45	0	407.335	30096.7	37899.2	1854.18	36018.8	41.8661	285.57	14.6692	258.449	14.1329	26.9166	0	0	0	0	0	6.31972	566.905	0	63881.1	27885.2	0	0	15.4416	0.0722813	0	0	0	573.822	4267.6	550.833	0.0136832	70.597	2805.39	115.252	11856.7	122998	0	264.328	139.199	14.8434	0.000753874	0	40.1552	54670.4	502.297	46518.8	37.1451	11112.5	55473.4	8051.9	8316.52	134086	0.0384027	0	108.87	1305.32	113.799	13.6358	0	163.158	0	862.385	0.551085	1117.86	9510.21	0	46569.9	38946.7	0	0	24.2933	0	0.0066052	0	5231.24	0	0	0	170.785	5.56779	702.299	0	9733.76	59098.9	0	0	45.8696	0	53.3936	8.21237	23.1273	0	0	0	3.71872	0	215.786	49033.7	152674	465792	55.3882	23098.8	392.474	1578.68	181.333	48.7648	5294.52	55407.3	50952.8	50701	212.213	12724.3	108322	44338.5	126867	76987	100050	303743	163650	91650.8	69182.8	976470	976470	
