date	n	r L1_alb	prob	cpue_r L1_alb	prob	n	r L2_alb	prob	cpue_r L2_alb	prob	n	r L3_alb	prob	cpue_r L3_alb	prob	n	r L4_alb	prob	cpue_r L4_alb	prob	n	r L5_alb	prob	cpue_r L5_alb	prob	n	r L6_alb	prob	cpue_r L6_alb	prob	n	r L7_alb	prob	cpue_r L7_alb	prob	n	r T8_alb	prob	cpue_r T8_alb	prob	n	r G9_alb	prob	cpue_r G9_alb	prob	n	r L10_alb	prob	cpue_r L10_alb	prob	n	r L11_alb	prob	cpue_r L11_alb	prob	n	r L12_alb	prob	cpue_r L12_alb	prob	n	r L13_alb	prob	cpue_r L13_alb	prob	n	r L14_alb	prob	cpue_r L14_alb	prob	n	r L15_alb	prob	cpue_r L15_alb	prob	n	r L16_alb	prob	cpue_r L16_alb	prob	
1-1979	8	0.918229	0.00128444	0.405015	0.319557	53	0.811796	1.64915e-13	0.66693	4.96347e-08	32	0.93097	1.15072e-14	0.101488	0.580473	0	0	1	0	1	0	0	1	0	1	130	1	0	1	0	0	0	1	0	1	0	0	1	0	1	0	0	1	0	1	8	0.89572	0.00261786	0.845136	0.00824014	0	0	1	0	1	6	0.174528	0.740866	0.501596	0.310706	0	0	1	0	1	0	0	1	0	1	0	0	1	0	1	0	0	1	0	1	
2-1979	5	0.66125	0.224259	0.506647	0.383689	49	0.378966	0.00724749	0.641737	6.72561e-07	36	0.789351	1.05933e-08	0.299511	0.0759578	0	0	1	0	1	0	0	1	0	1	135	1	0	1	0	0	0	1	0	1	0	0	1	0	1	0	0	1	0	1	7	0.99466	3.99167e-06	0.239406	0.605118	0	0	1	0	1	2	0.887196	-nan	0.703725	-nan	0	0	1	0	1	0	0	1	0	1	0	0	1	0	1	0	0	1	0	1	
3-1979	2	0.957717	-nan	0.727163	-nan	50	0.497571	0.000236565	0.348777	0.0130522	37	0.875735	1.29585e-12	0.0999802	0.556022	0	0	1	0	1	0	0	1	0	1	136	1	0	1	0	0	0	1	0	1	0	0	1	0	1	0	0	1	0	1	8	0.686217	0.0602012	0.224209	0.593484	0	0	1	0	1	3	0.562794	0.619453	-0.229766	0.852408	0	0	1	0	1	0	0	1	0	1	0	0	1	0	1	0	0	1	0	1	
4-1979	6	0.373539	0.465752	0.452628	0.367423	63	0.900565	9.59893e-24	0.462206	0.000136991	28	0.985602	1.33811e-21	0.234504	0.229696	0	0	1	0	1	0	0	1	0	1	145	1	0	1	0	0	0	1	0	1	0	0	1	0	1	0	0	1	0	1	5	0.000897062	0.998858	0.184744	0.766121	0	0	1	0	1	5	0.608102	0.276536	-0.519785	0.369333	0	0	1	0	1	0	0	1	0	1	0	0	1	0	1	0	0	1	0	1	
5-1979	13	0.314757	0.294892	0.428823	0.14371	49	0.734061	1.95416e-09	0.516653	0.000144405	36	0.943351	7.35366e-18	0.130713	0.447332	0	0	1	0	1	0	0	1	0	1	116	1	0	1	0	0	0	1	0	1	0	0	1	0	1	0	0	1	0	1	8	0.548636	0.159092	0.125434	0.767266	0	0	1	0	1	6	0.413806	0.41472	0.203712	0.698659	0	0	1	0	1	0	0	1	0	1	0	0	1	0	1	0	0	1	0	1	
6-1979	11	0.903124	0.000139326	0.257495	0.444619	46	0.705769	4.29955e-08	0.579916	2.40269e-05	40	0.955676	8.88624e-22	0.219663	0.173223	0	0	1	0	1	0	0	1	0	1	126	1	0	1	0	0	0	1	0	1	0	0	1	0	1	0	0	1	0	1	10	0.471726	0.16869	0.13858	0.702612	0	0	1	0	1	7	0.900616	0.00566529	0.652801	0.11193	0	0	1	0	1	0	0	1	0	1	0	0	1	0	1	0	0	1	0	1	
7-1979	11	0.969823	8.07377e-07	-0.101735	0.765978	49	0.828507	2.02017e-13	0.540855	6.01702e-05	48	0.905802	8.99341e-19	0.283614	0.0507655	0	0	1	0	1	0	0	1	0	1	132	1	0	1	0	0	0	1	0	1	0	0	1	0	1	0	0	1	0	1	15	0.611721	0.015376	-0.301345	0.275062	0	0	1	0	1	6	0.909256	0.0119781	0.341181	0.508086	0	0	1	0	1	0	0	1	0	1	0	0	1	0	1	0	0	1	0	1	
8-1979	13	0.810289	0.000782871	-0.676798	0.0110643	41	0.73182	5.43958e-08	0.576577	7.96328e-05	55	0.868838	8.21975e-18	0.475217	0.000246118	0	0	1	0	1	0	0	1	0	1	182	1	0	1	0	0	0	1	0	1	0	0	1	0	1	0	0	1	0	1	19	0.507421	0.0265785	-0.452408	0.0517931	0	0	1	0	1	4	0.961976	0.0380242	0.655504	0.344496	0	0	1	0	1	0	0	1	0	1	0	0	1	0	1	0	0	1	0	1	
9-1979	14	0.879024	3.47024e-05	0.231616	0.425593	43	0.624139	7.74119e-06	0.734275	2.09689e-08	54	0.970419	9.10767e-34	0.459667	0.000471019	0	0	1	0	1	0	0	1	0	1	201	1	0	1	0	0	0	1	0	1	0	0	1	0	1	0	0	1	0	1	27	0.254672	0.199856	-0.262707	0.185547	0	0	1	0	1	8	-0.215858	0.607663	-0.336552	0.414996	0	0	1	0	1	0	0	1	0	1	0	0	1	0	1	0	0	1	0	1	
10-1979	10	0.891069	0.000539089	0.523212	0.120681	37	0.692528	2.04355e-06	0.659105	9.16894e-06	45	0.952667	7.36716e-24	0.47758	0.000908237	0	0	1	0	1	0	0	1	0	1	178	1	0	1	0	0	0	1	0	1	0	0	1	0	1	0	0	1	0	1	34	0.654827	2.64729e-05	0.250044	0.153802	0	0	1	0	1	12	0.414111	0.180792	0.0629868	0.84581	0	0	1	0	1	0	0	1	0	1	0	0	1	0	1	0	0	1	0	1	
11-1979	8	0.825162	0.0116706	0.0646588	0.879102	35	0.728348	7.05976e-07	0.666382	1.24214e-05	37	0.932107	5.22471e-17	0.464847	0.00374716	0	0	1	0	1	0	0	1	0	1	102	1	0	1	0	0	0	1	0	1	0	0	1	0	1	0	0	1	0	1	19	0.670164	0.00169173	0.117205	0.632754	0	0	1	0	1	10	0.661913	0.0370787	0.371352	0.290726	0	0	1	0	1	0	0	1	0	1	0	0	1	0	1	0	0	1	0	1	
12-1979	6	0.876642	0.0218874	0.291263	0.57546	40	0.816999	1.2766e-10	0.465893	0.00244763	44	0.828314	3.95918e-12	0.353775	0.0184793	0	0	1	0	1	0	0	1	0	1	110	1	0	1	0	0	0	1	0	1	0	0	1	0	1	0	0	1	0	1	10	0.947354	3.15314e-05	0.57346	0.0830633	0	0	1	0	1	6	0.485722	0.328714	0.443841	0.377956	0	0	1	0	1	0	0	1	0	1	0	0	1	0	1	0	0	1	0	1	
1-1980	10	0.897918	0.000419333	0.487988	0.152466	44	0.861003	6.56363e-14	0.654913	1.41263e-06	38	0.836425	6.19412e-11	0.58977	9.75519e-05	0	0	1	0	1	0	0	1	0	1	164	1	0	1	0	0	0	1	0	1	0	0	1	0	1	0	0	1	0	1	8	0.966966	8.7906e-05	0.0269696	0.949456	0	0	1	0	1	13	0.628215	0.0214866	0.225341	0.45917	0	0	1	0	1	0	0	1	0	1	0	0	1	0	1	0	0	1	0	1	
2-1980	4	0.532705	0.467295	0.759944	0.240056	38	0.326741	0.0452615	0.571309	0.000179509	37	0.829359	2.26237e-10	0.607966	6.57249e-05	0	0	1	0	1	0	0	1	0	1	137	1	0	1	0	0	0	1	0	1	0	0	1	0	1	0	0	1	0	1	8	0.76568	0.0267761	0.141688	0.737868	0	0	1	0	1	8	-0.289093	0.487395	-0.473568	0.235885	0	0	1	0	1	0	0	1	0	1	0	0	1	0	1	0	0	1	0	1	
3-1980	5	0.544432	0.342764	0.617533	0.267047	47	0.517126	0.000197737	0.447638	0.00160524	41	0.932693	7.2389e-19	0.0680588	0.672439	0	0	1	0	1	0	0	1	0	1	176	1	0	1	0	0	0	1	0	1	0	0	1	0	1	0	0	1	0	1	8	0.919768	0.00121473	0.21946	0.601534	0	0	1	0	1	6	-0.200162	0.703767	0.356586	0.487791	0	0	1	0	1	0	0	1	0	1	0	0	1	0	1	0	0	1	0	1	
4-1980	8	-0.00830978	0.98442	0.497861	0.209294	53	0.740998	2.23503e-10	0.511391	9.10274e-05	46	0.973818	6.04514e-30	0.301328	0.0418478	0	0	1	0	1	0	0	1	0	1	139	1	0	1	0	0	0	1	0	1	0	0	1	0	1	0	0	1	0	1	2	0.261654	-nan	0.675358	-nan	0	0	1	0	1	7	0.422695	0.34476	0.207051	0.655986	0	0	1	0	1	0	0	1	0	1	0	0	1	0	1	0	0	1	0	1	
5-1980	15	0.205679	0.462094	0.624609	0.0128	60	0.81549	2.13175e-15	0.62903	7.34506e-08	52	0.97745	1.95471e-35	0.648903	1.96256e-07	0	0	1	0	1	0	0	1	0	1	115	1	0	1	0	0	0	1	0	1	0	0	1	0	1	0	0	1	0	1	4	-0.284559	0.715441	0.407851	0.592149	0	0	1	0	1	8	0.0407411	0.923695	0.293225	0.480906	0	0	1	0	1	0	0	1	0	1	0	0	1	0	1	0	0	1	0	1	
6-1980	14	0.705892	0.00478528	0.101764	0.729219	59	0.809966	7.94555e-15	0.648633	2.77136e-08	49	0.981924	1.24272e-35	0.469287	0.000670083	0	0	1	0	1	0	0	1	0	1	158	1	0	1	0	0	0	1	0	1	0	0	1	0	1	0	0	1	0	1	13	0.910086	1.57557e-05	0.0271555	0.929829	0	0	1	0	1	13	-0.0832424	0.786882	0.334323	0.264218	0	0	1	0	1	0	0	1	0	1	0	0	1	0	1	0	0	1	0	1	
7-1980	9	0.98878	4.87328e-07	-0.116673	0.764995	51	0.869217	1.33023e-16	0.561444	1.8173e-05	53	0.845764	1.5914e-15	0.635068	3.26109e-07	0	0	1	0	1	0	0	1	0	1	176	1	0	1	0	0	0	1	0	1	0	0	1	0	1	0	0	1	0	1	19	0.490595	0.0329518	-0.0762	0.756523	0	0	1	0	1	10	0.123034	0.734901	0.179919	0.618922	0	0	1	0	1	0	0	1	0	1	0	0	1	0	1	0	0	1	0	1	
8-1980	12	0.956758	1.10714e-06	-0.298642	0.345735	45	0.526349	0.000204144	0.726066	1.65788e-08	53	0.910417	3.43282e-21	0.541668	2.80685e-05	0	0	1	0	1	0	0	1	0	1	165	1	0	1	0	0	0	1	0	1	0	0	1	0	1	0	0	1	0	1	24	0.401184	0.0520182	-0.164384	0.442745	0	0	1	0	1	14	0.17903	0.540276	0.415041	0.140027	0	0	1	0	1	0	0	1	0	1	0	0	1	0	1	0	0	1	0	1	
9-1980	15	0.944465	1.1882e-07	0.458637	0.085522	50	0.741658	7.2078e-10	0.814131	6.50258e-13	52	0.79615	1.72148e-12	0.0803625	0.571168	0	0	1	0	1	0	0	1	0	1	147	1	0	1	0	0	0	1	0	1	0	0	1	0	1	0	0	1	0	1	30	0.308561	0.0971142	-0.0715093	0.70728	0	0	1	0	1	16	0.324496	0.220118	0.162039	0.548796	0	0	1	0	1	0	0	1	0	1	0	0	1	0	1	0	0	1	0	1	
10-1980	15	0.64783	0.00901449	0.512425	0.0508157	56	0.784503	8.47782e-13	0.634826	1.48409e-07	45	0.902826	2.31378e-17	0.238179	0.115126	0	0	1	0	1	0	0	1	0	1	145	1	0	1	0	0	0	1	0	1	0	0	1	0	1	0	0	1	0	1	27	0.368966	0.0582343	0.01827	0.927931	0	0	1	0	1	22	0.784917	1.51993e-05	0.380578	0.0805826	0	0	1	0	1	0	0	1	0	1	0	0	1	0	1	0	0	1	0	1	
11-1980	9	0.724103	0.0273865	0.273518	0.476374	57	0.864316	4.72494e-18	0.546741	1.08179e-05	49	0.900487	1.29003e-18	0.373116	0.00827851	0	0	1	0	1	0	0	1	0	1	165	1	0	1	0	0	0	1	0	1	0	0	1	0	1	0	0	1	0	1	22	0.694267	0.000337649	0.473372	0.0260668	0	0	1	0	1	17	0.679996	0.00266984	0.754511	0.000465256	0	0	1	0	1	0	0	1	0	1	0	0	1	0	1	0	0	1	0	1	
12-1980	6	0.870313	0.0241374	0.076455	0.885541	63	0.762752	3.73944e-13	0.698011	2.03972e-10	43	0.85122	4.77674e-13	0.167395	0.283304	0	0	1	0	1	0	0	1	0	1	148	1	0	1	0	0	0	1	0	1	0	0	1	0	1	0	0	1	0	1	17	0.700328	0.00174403	0.646069	0.00508058	0	0	1	0	1	16	0.698666	0.00260467	0.822504	9.17839e-05	0	0	1	0	1	0	0	1	0	1	0	0	1	0	1	0	0	1	0	1	
1-1981	15	0.531098	0.0416332	0.524688	0.0446336	51	0.865198	2.66082e-16	0.624058	9.93402e-07	46	0.865355	8.63718e-15	0.303184	0.0405416	0	0	1	0	1	0	0	1	0	1	178	1	0	1	0	0	0	1	0	1	0	0	1	0	1	0	0	1	0	1	12	0.0029422	0.99276	0.549376	0.0642902	0	0	1	0	1	17	0.62952	0.00677147	0.500122	0.0409118	0	0	1	0	1	0	0	1	0	1	0	0	1	0	1	0	0	1	0	1	
2-1981	16	0.731445	0.00128166	0.383238	0.142856	58	0.701842	8.36539e-10	0.338705	0.00930303	40	0.849458	4.21992e-12	0.626555	1.52465e-05	0	0	1	0	1	0	0	1	0	1	113	1	0	1	0	0	0	1	0	1	0	0	1	0	1	0	0	1	0	1	6	0.867314	0.0252403	0.57036	0.237232	0	0	1	0	1	16	0.718039	0.00173263	0.395349	0.129606	0	0	1	0	1	0	0	1	0	1	0	0	1	0	1	0	0	1	0	1	
3-1981	11	0.675064	0.0226592	0.365647	0.268797	68	0.665504	5.96463e-10	0.260383	0.0319926	43	0.816282	2.538e-11	0.246385	0.111226	0	0	1	0	1	0	0	1	0	1	116	1	0	1	0	0	0	1	0	1	0	0	1	0	1	0	0	1	0	1	4	0.57415	0.42585	0.447319	0.552681	0	0	1	0	1	17	0.747677	0.000559343	0.282943	0.271147	0	0	1	0	1	0	0	1	0	1	0	0	1	0	1	0	0	1	0	1	
4-1981	9	0.440786	0.235015	0.215109	0.578332	48	0.904227	1.29444e-18	0.607255	4.73117e-06	43	0.972936	1.04283e-27	0.338415	0.0264396	0	0	1	0	1	0	0	1	0	1	144	1	0	1	0	0	0	1	0	1	0	0	1	0	1	0	0	1	0	1	3	-0.182457	0.88319	0.288715	0.813544	0	0	1	0	1	13	0.340507	0.254933	-0.0231635	0.940127	0	0	1	0	1	0	0	1	0	1	0	0	1	0	1	0	0	1	0	1	
5-1981	17	0.658296	0.00406504	0.384487	0.127556	63	0.879308	2.56707e-21	0.53821	5.37678e-06	56	0.951513	2.54888e-29	0.36978	0.00503267	0	0	1	0	1	0	0	1	0	1	168	1	0	1	0	0	0	1	0	1	0	0	1	0	1	0	0	1	0	1	15	0.820701	0.000177455	0.158218	0.573311	0	0	1	0	1	13	0.405807	0.168883	-0.632119	0.0204507	0	0	1	0	1	0	0	1	0	1	0	0	1	0	1	0	0	1	0	1	
6-1981	14	0.808596	0.000463523	0.39586	0.161183	64	0.913523	6.64884e-26	0.684949	4.31475e-10	58	0.947067	2.60361e-29	0.562235	4.37213e-06	0	0	1	0	1	0	0	1	0	1	186	1	0	1	0	0	0	1	0	1	0	0	1	0	1	0	0	1	0	1	21	0.565236	0.00758177	-0.123493	0.593818	0	0	1	0	1	15	0.703697	0.00341605	0.527509	0.0432942	0	0	1	0	1	0	0	1	0	1	0	0	1	0	1	0	0	1	0	1	
7-1981	12	0.980475	2.16274e-08	-0.0886223	0.784174	77	0.8345	4.22631e-21	0.62937	8.74666e-10	53	0.947187	7.55741e-27	0.521586	6.20186e-05	0	0	1	0	1	0	0	1	0	1	118	1	0	1	0	0	0	1	0	1	0	0	1	0	1	0	0	1	0	1	22	0.67373	0.000587224	-0.0944076	0.676021	0	0	1	0	1	13	0.723759	0.00516092	0.222239	0.465538	0	0	1	0	1	0	0	1	0	1	0	0	1	0	1	0	0	1	0	1	
8-1981	17	0.876575	3.91039e-06	0.180217	0.48884	70	0.942268	5.00934e-34	0.595079	5.54636e-08	57	0.957764	1.89471e-31	0.273595	0.039465	0	0	1	0	1	0	0	1	0	1	96	1	0	1	0	0	0	1	0	1	0	0	1	0	1	0	0	1	0	1	23	0.758686	2.71749e-05	-0.389236	0.0663903	0	0	1	0	1	13	0.975706	1.34014e-08	0.607871	0.0275275	0	0	1	0	1	0	0	1	0	1	0	0	1	0	1	0	0	1	0	1	
9-1981	17	0.940127	2.08041e-08	0.456594	0.0654204	71	0.853167	3.51638e-21	0.663778	2.8046e-10	58	0.869131	9.15699e-19	0.29885	0.0226804	0	0	1	0	1	0	0	1	0	1	144	1	0	1	0	0	0	1	0	1	0	0	1	0	1	0	0	1	0	1	29	0.507936	0.00490851	-0.400043	0.0315363	0	0	1	0	1	13	0.859274	0.000167292	0.283521	0.347879	0	0	1	0	1	0	0	1	0	1	0	0	1	0	1	0	0	1	0	1	
10-1981	12	0.929079	1.25337e-05	0.504428	0.0944476	64	0.883008	4.89098e-22	0.436835	0.000307473	48	0.910764	2.73627e-19	0.270903	0.0625481	0	0	1	0	1	0	0	1	0	1	116	1	0	1	0	0	0	1	0	1	0	0	1	0	1	0	0	1	0	1	28	0.34948	0.0683139	0.250175	0.199149	0	0	1	0	1	14	0.818224	0.000347738	0.474335	0.0865918	0	0	1	0	1	0	0	1	0	1	0	0	1	0	1	0	0	1	0	1	
11-1981	9	0.158607	0.683585	0.371511	0.324896	43	0.97529	1.64974e-28	0.768787	1.73763e-09	45	0.877667	2.5208e-15	0.496439	0.000523502	0	0	1	0	1	0	0	1	0	1	131	1	0	1	0	0	0	1	0	1	0	0	1	0	1	0	0	1	0	1	22	0.854666	4.10669e-07	0.10735	0.634429	0	0	1	0	1	15	0.51635	0.0487723	0.687416	0.00462811	0	0	1	0	1	0	0	1	0	1	0	0	1	0	1	0	0	1	0	1	
12-1981	8	0.636993	0.0893931	0.166004	0.694413	52	0.94747	2.08789e-26	0.721001	1.65782e-09	40	0.911821	2.86091e-16	0.533422	0.000393702	0	0	1	0	1	0	0	1	0	1	133	1	0	1	0	0	0	1	0	1	0	0	1	0	1	0	0	1	0	1	17	0.938003	2.6852e-08	0.331886	0.193111	0	0	1	0	1	14	0.550293	0.0414501	0.469533	0.0902802	0	0	1	0	1	0	0	1	0	1	0	0	1	0	1	0	0	1	0	1	
1-1982	17	0.466779	0.0589029	0.105741	0.686279	63	0.944597	3.2993e-31	0.651573	7.32708e-09	40	0.940868	1.86588e-19	0.489497	0.00134768	0	0	1	0	1	0	0	1	0	1	155	1	0	1	0	0	0	1	0	1	0	0	1	0	1	0	0	1	0	1	6	0.894259	0.0161807	0.750985	0.085292	0	0	1	0	1	15	0.674818	0.00578163	0.645286	0.00938018	0	0	1	0	1	0	0	1	0	1	0	0	1	0	1	0	0	1	0	1	
2-1982	15	0.748047	0.00134043	0.363423	0.183026	53	0.759054	4.50301e-11	0.150953	0.280611	31	0.891488	1.7434e-11	0.214914	0.245623	0	0	1	0	1	0	0	1	0	1	155	1	0	1	0	0	0	1	0	1	0	0	1	0	1	0	0	1	0	1	5	0.87216	0.0538055	-0.00646915	0.991763	0	0	1	0	1	16	0.767546	0.000518301	0.591431	0.015819	0	0	1	0	1	0	0	1	0	1	3	0.954586	0.192596	-0.348478	0.773398	0	0	1	0	1	
3-1982	18	0.616637	0.00641838	0.454426	0.0581521	44	0.791801	1.55084e-10	0.145955	0.344476	22	0.922268	1.05163e-09	0.00926255	0.967368	0	0	1	0	1	0	0	1	0	1	147	1	0	1	0	0	0	1	0	1	0	0	1	0	1	0	0	1	0	1	6	0.902421	0.0138179	0.779101	0.0678052	0	0	1	0	1	17	0.103631	0.692251	0.419614	0.093589	0	0	1	0	1	0	0	1	0	1	4	0.221323	0.778677	-0.947879	0.0521207	0	0	1	0	1	
4-1982	16	0.366398	0.16277	0.568877	0.021467	44	0.930781	5.78775e-20	0.378531	0.0112876	29	0.966757	1.60156e-17	0.144705	0.453893	0	0	1	0	1	0	0	1	0	1	109	1	0	1	0	0	0	1	0	1	0	0	1	0	1	0	0	1	0	1	3	0.169584	0.891515	0.475007	0.684891	0	0	1	0	1	18	-0.079386	0.754189	0.651493	0.00339961	0	0	1	0	1	0	0	1	0	1	1	0.990012	-nan	0.646307	-nan	0	0	1	0	1	
5-1982	20	0.6521	0.00183466	0.488716	0.0287743	53	0.954289	2.07112e-28	0.463357	0.000475765	30	0.967164	3.39375e-18	-0.0147021	0.938537	0	0	1	0	1	0	0	1	0	1	98	1	0	1	0	0	0	1	0	1	0	0	1	0	1	0	0	1	0	1	4	0.288871	0.711129	0.294305	0.705695	0	0	1	0	1	19	0.464123	0.0453095	0.287232	0.233124	0	0	1	0	1	0	0	1	0	1	2	1	-nan	-1	-nan	0	0	1	0	1	
6-1982	18	0.732635	0.000544183	0.364761	0.136675	64	0.802835	1.47935e-15	0.592733	2.46646e-07	40	0.956612	5.97026e-22	-0.0196602	0.904158	0	0	1	0	1	0	0	1	0	1	124	1	0	1	0	0	0	1	0	1	0	0	1	0	1	0	0	1	0	1	10	0.713322	0.0205489	0.398552	0.253953	0	0	1	0	1	15	0.670774	0.00619647	-0.0373991	0.894727	0	0	1	0	1	0	0	1	0	1	1	-nan	-nan	-nan	-nan	0	0	1	0	1	
7-1982	15	0.987531	8.00359e-12	0.191237	0.494767	51	0.873157	6.5921e-17	0.514423	0.000112598	39	0.951545	1.53487e-20	0.55491	0.000246169	0	0	1	0	1	0	0	1	0	1	139	1	0	1	0	0	0	1	0	1	0	0	1	0	1	0	0	1	0	1	11	0.831838	0.00149696	-0.62974	0.0378558	0	0	1	0	1	17	0.000235164	0.999285	0.139438	0.593517	0	0	1	0	1	0	0	1	0	1	1	-nan	-nan	-nan	-nan	0	0	1	0	1	
8-1982	17	0.971955	7.72899e-11	0.722724	0.00104731	42	0.890996	2.6814e-15	0.38285	0.0123343	44	0.913546	5.20167e-18	0.275446	0.0703445	0	0	1	0	1	0	0	1	0	1	183	1	0	1	0	0	0	1	0	1	0	0	1	0	1	0	0	1	0	1	22	0.379151	0.0818192	-0.503095	0.0170026	0	0	1	0	1	17	0.277415	0.281022	-0.0462168	0.860188	0	0	1	0	1	0	0	1	0	1	2	-1	-nan	-1	-nan	0	0	1	0	1	
9-1982	19	0.914011	4.51114e-08	0.11972	0.625421	43	0.781466	6.23524e-10	0.548282	0.000141111	46	0.924064	5.40895e-20	0.159192	0.290633	0	0	1	0	1	0	0	1	0	1	177	1	0	1	0	0	0	1	0	1	0	0	1	0	1	0	0	1	0	1	23	-0.0134783	0.95133	-0.136303	0.535169	0	0	1	0	1	16	0.438001	0.0897212	0.42003	0.105277	0	0	1	0	1	0	0	1	0	1	0	0	1	0	1	0	0	1	0	1	
10-1982	12	0.913111	3.36611e-05	0.495668	0.101267	36	0.480758	0.002998	0.563301	0.000347584	38	0.878504	4.21148e-13	0.286033	0.0817005	0	0	1	0	1	0	0	1	0	1	129	1	0	1	0	0	0	1	0	1	0	0	1	0	1	0	0	1	0	1	19	0.169646	0.487476	0.297636	0.215875	0	0	1	0	1	16	0.199896	0.457927	0.652826	0.00611412	0	0	1	0	1	0	0	1	0	1	0	0	1	0	1	0	0	1	0	1	
11-1982	7	0.874273	0.0100491	0.336425	0.460631	39	0.865227	1.20304e-12	0.558855	0.000217468	30	0.852101	2.31998e-09	-0.137231	0.469593	0	0	1	0	1	0	0	1	0	1	172	1	0	1	0	0	0	1	0	1	0	0	1	0	1	0	0	1	0	1	12	0.665365	0.0182072	0.259002	0.416288	0	0	1	0	1	12	0.278838	0.380138	0.755969	0.00444805	0	0	1	0	1	0	0	1	0	1	0	0	1	0	1	0	0	1	0	1	
12-1982	5	0.0777318	0.901129	0.47324	0.420766	35	0.902162	1.35605e-13	0.796889	1.01932e-08	26	0.910062	1.16074e-10	0.562562	0.00277522	0	0	1	0	1	0	0	1	0	1	130	1	0	1	0	0	0	1	0	1	0	0	1	0	1	0	0	1	0	1	13	0.563618	0.0448561	0.275914	0.361518	0	0	1	0	1	5	0.355163	0.557488	0.611289	0.273319	0	0	1	0	1	0	0	1	0	1	0	0	1	0	1	0	0	1	0	1	
1-1983	9	0.98303	2.06175e-06	0.319567	0.401872	27	0.973232	1.75542e-17	0.783033	1.37915e-06	32	0.965356	4.67918e-19	0.678866	1.94451e-05	0	0	1	0	1	0	0	1	0	1	119	1	0	1	0	0	0	1	0	1	32	1	2.3841e-203	1	4.88525e-194	0	0	1	0	1	11	0.555211	0.0762252	0.796372	0.00335363	0	0	1	0	1	7	0.816097	0.0251619	0.807873	0.0279382	0	0	1	0	1	0	0	1	0	1	0	0	1	0	1	0	0	1	0	1	
2-1983	14	0.56506	0.035241	0.367936	0.195556	39	0.741248	6.76851e-08	0.683971	1.58531e-06	31	0.91438	6.53024e-13	0.611445	0.000257799	0	0	1	0	1	0	0	1	0	1	63	1	0	1	0	0	0	1	0	1	20	1	7.13399e-101	1	7.41955e-101	0	0	1	0	1	6	0.714522	0.110614	-0.0644741	0.903423	0	0	1	0	1	13	0.0474639	0.87763	-0.0882327	0.774395	0	0	1	0	1	0	0	1	0	1	0	0	1	0	1	0	0	1	0	1	
3-1983	16	0.476771	0.0618714	0.380604	0.145856	45	0.773895	4.54328e-10	0.18587	0.221537	31	0.929347	4.44102e-14	0.193818	0.296146	0	0	1	0	1	0	0	1	0	1	81	1	0	1	0	0	0	1	0	1	28	1	1.92433e-166	1	6.20876e-156	0	0	1	0	1	4	-0.633307	0.366693	-0.90395	0.0960504	0	0	1	0	1	17	-0.196741	0.449147	-0.0568517	0.828422	0	0	1	0	1	0	0	1	0	1	0	0	1	0	1	0	0	1	0	1	
4-1983	12	0.0272209	0.933077	0.352057	0.261737	36	0.982876	1.46411e-26	0.40327	0.0147363	24	0.986454	9.12336e-19	0.470594	0.0202962	0	0	1	0	1	0	0	1	0	1	34	1	2.86731e-216	1	1.52674e-202	0	0	1	0	1	20	1	9.82132e-135	1	2.31557e-125	0	0	1	0	1	2	0.368558	-nan	0.0854261	-nan	0	0	1	0	1	14	0.303444	0.291583	-0.02129	0.942411	0	0	1	0	1	0	0	1	0	1	2	1	-nan	-1	-nan	0	0	1	0	1	
5-1983	17	0.570987	0.0166677	0.388837	0.122942	43	0.972335	1.62596e-27	0.564538	8.03731e-05	25	0.929379	1.95221e-11	-0.186895	0.371027	0	0	1	0	1	0	0	1	0	1	64	1	0	1	0	0	0	1	0	1	12	1	-nan	-nan	-nan	0	0	1	0	1	10	0.282653	0.428772	-0.0509626	0.888808	0	0	1	0	1	7	0.995639	2.40644e-06	0.62467	0.133682	0	0	1	0	1	0	0	1	0	1	1	-nan	-nan	-nan	-nan	0	0	1	0	1	
6-1983	16	0.836067	5.46634e-05	-0.289053	0.277561	50	0.937022	1.43846e-23	0.746536	4.84841e-10	24	0.869103	3.59108e-08	0.159906	0.455439	0	0	1	0	1	0	0	1	0	1	36	1	1.86925e-241	1	1.86925e-241	0	0	1	0	1	12	1	4.25157e-78	-1.85351e-10	1	0	0	1	0	1	12	0.829603	0.000843466	0.209866	0.512684	0	0	1	0	1	9	0.306279	0.422793	0.638248	0.0643429	0	0	1	0	1	0	0	1	0	1	1	-nan	-nan	-nan	-nan	0	0	1	0	1	
7-1983	12	0.959641	7.87941e-07	-0.368944	0.237925	48	0.972385	1.02567e-30	0.757579	4.57559e-10	17	0.91595	2.46554e-07	0.484419	0.0487742	0	0	1	0	1	0	0	1	0	1	66	1	0	1	0	0	0	1	0	1	0	0	1	0	1	0	0	1	0	1	21	0.711846	0.000295435	-0.132793	0.566088	0	0	1	0	1	11	0.526652	0.0960278	0.514417	0.105453	0	0	1	0	1	0	0	1	0	1	2	1	-nan	-1	-nan	0	0	1	0	1	
8-1983	16	0.879181	7.27964e-06	0.349515	0.184519	48	0.810472	2.95495e-12	0.714942	1.13985e-08	19	0.982843	6.40893e-14	0.401506	0.0884058	0	0	1	0	1	0	0	1	0	1	145	1	0	1	0	0	0	1	0	1	0	0	1	0	1	0	0	1	0	1	23	0.0371405	0.866391	-0.390658	0.0653184	0	0	1	0	1	10	0.722779	0.0181971	0.549535	0.0998677	0	0	1	0	1	0	0	1	0	1	2	1	-nan	1	-nan	0	0	1	0	1	
9-1983	16	0.96887	6.99571e-10	0.191989	0.47626	23	0.795427	5.71935e-06	0.080083	0.716432	28	0.935073	3.20489e-13	0.505387	0.00608231	0	0	1	0	1	0	0	1	0	1	195	1	0	1	0	0	0	1	0	1	0	0	1	0	1	0	0	1	0	1	27	0.380059	0.0505256	-0.630763	0.000419935	0	0	1	0	1	16	0.78538	0.000312052	0.526192	0.0362832	0	0	1	0	1	0	0	1	0	1	2	1	-nan	-1	-nan	0	0	1	0	1	
10-1983	13	0.669451	0.0123221	0.348584	0.243101	24	0.910225	6.91209e-10	0.798845	2.86639e-06	30	0.900758	1.1892e-11	0.178608	0.345002	0	0	1	0	1	0	0	1	0	1	150	1	0	1	0	0	0	1	0	1	0	0	1	0	1	0	0	1	0	1	25	0.870808	1.50862e-08	-0.0487044	0.817166	0	0	1	0	1	16	0.510574	0.0432909	0.528062	0.0355055	0	0	1	0	1	0	0	1	0	1	0	0	1	0	1	0	0	1	0	1	
11-1983	8	0.273238	0.512607	0.363191	0.376532	25	0.952689	2.18793e-13	0.799658	1.61877e-06	26	0.920306	2.87056e-11	0.485699	0.0118888	0	0	1	0	1	3	0.996759	0.0512658	0.879204	0.31615	129	1	0	1	0	0	0	1	0	1	0	0	1	0	1	12	1	2.78993e-69	-nan	-nan	19	0.833993	9.11152e-06	0.318868	0.18332	0	0	1	0	1	19	0.39432	0.0948008	0.509807	0.0257591	0	0	1	0	1	0	0	1	0	1	0	0	1	0	1	0	0	1	0	1	
12-1983	7	-0.26157	0.570978	0.418423	0.350176	30	0.41024	0.024344	0.676106	4.11613e-05	20	0.972682	7.28809e-13	0.307565	0.187117	0	0	1	0	1	3	0.997447	0.0455025	0.993121	0.0747153	131	1	0	1	0	0	0	1	0	1	13	1	2.7787e-75	-nan	-nan	36	1	4.881e-201	1	3.04527e-192	16	0.77672	0.00040149	0.753173	0.000756598	0	0	1	0	1	12	0.227238	0.477537	0.320431	0.309897	0	0	1	0	1	0	0	1	0	1	0	0	1	0	1	0	0	1	0	1	
1-1984	8	0.409395	0.313842	0.30323	0.465334	32	0.525171	0.00202674	0.759645	4.61176e-07	24	0.980005	6.41616e-17	0.466238	0.0216502	0	0	1	0	1	0	0	1	0	1	128	1	0	1	0	0	0	1	0	1	36	1	1.11103e-166	1	2.87059e-166	68	1	1.43279e-322	1	1.02736e-316	13	0.324995	0.278598	0.386024	0.192645	0	0	1	0	1	10	0.658462	0.0384342	0.520527	0.122944	0	0	1	0	1	0	0	1	0	1	3	-0.0189751	0.987919	-0.0189751	0.987919	0	0	1	0	1	
2-1984	11	0.732072	0.0104238	0.432426	0.184075	41	0.74146	2.9332e-08	0.341338	0.0289548	27	0.856289	1.22189e-08	0.126117	0.530775	0	0	1	0	1	0	0	1	0	1	111	1	0	1	0	0	0	1	0	1	45	1	3.10498e-203	1	8.83812e-202	84	1	0	1	0	11	0.517975	0.102653	0.407929	0.212973	0	0	1	0	1	9	0.0149281	0.969594	0.352597	0.352013	0	0	1	0	1	0	0	1	0	1	1	-nan	-nan	-nan	-nan	0	0	1	0	1	
3-1984	5	-0.277744	0.650966	0.524026	0.364727	39	0.795526	1.4367e-09	0.362751	0.0232319	27	0.926876	3.89424e-12	0.109102	0.588022	0	0	1	0	1	0	0	1	0	1	138	1	0	1	0	0	0	1	0	1	37	1	6.38895e-143	1	2.27045e-143	76	1	0	1	0	8	0.797618	0.017705	0.413687	0.30829	0	0	1	0	1	13	0.265883	0.379933	0.433514	0.138901	0	0	1	0	1	0	0	1	0	1	1	-nan	-nan	-nan	-nan	0	0	1	0	1	
4-1984	7	-0.245863	0.595111	0.454685	0.305354	41	0.981452	1.36264e-29	0.472305	0.0018216	23	0.977523	1.11457e-15	0.330755	0.123184	0	0	1	0	1	0	0	1	0	1	178	1	0	1	0	0	0	1	0	1	37	1	1.41546e-191	1	2.21433e-192	45	1	2.27549e-229	1	6.54471e-219	14	0.62517	0.0168135	0.250477	0.387746	0	0	1	0	1	17	0.538427	0.0257617	0.408388	0.103641	0	0	1	0	1	0	0	1	0	1	3	0.999997	0.00159718	-0.86162	0.3389	0	0	1	0	1	
5-1984	17	0.649273	0.00479657	0.452457	0.0682138	50	0.944628	7.14277e-25	0.798152	3.87752e-12	31	0.975425	1.33728e-20	0.146208	0.432553	0	0	1	0	1	3	0.760897	0.449519	0.0967566	0.938306	171	1	0	1	0	0	0	1	0	1	12	1	1.32892e-79	-3.50498e-09	1	24	1	7.15184e-121	1	7.85255e-107	18	0.703765	0.00111682	-0.0415873	0.869855	0	0	1	0	1	12	0.71825	0.0085108	0.498672	0.0988924	0	0	1	0	1	0	0	1	0	1	1	-nan	-nan	-nan	-nan	0	0	1	0	1	
6-1984	15	0.537153	0.0389388	0.178708	0.523962	42	0.975216	8.01973e-28	0.855231	5.54427e-13	26	0.948759	1.66294e-13	0.2674	0.186629	0	0	1	0	1	1	-nan	-nan	-nan	-nan	91	1	0	1	0	0	0	1	0	1	0	0	1	0	1	0	0	1	0	1	18	0.682999	0.00178388	0.354533	0.148863	0	0	1	0	1	13	0.265749	0.380182	0.37476	0.207067	0	0	1	0	1	0	0	1	0	1	2	1	-nan	-1	-nan	0	0	1	0	1	
7-1984	12	0.924253	1.72759e-05	0.428886	0.164164	44	0.930536	6.21895e-20	0.823364	6.83253e-12	28	0.945388	3.58615e-14	0.245552	0.207854	0	0	1	0	1	4	0.911604	0.0883963	-0.631479	0.368521	114	1	0	1	0	0	0	1	0	1	0	0	1	0	1	0	0	1	0	1	23	0.664544	0.00054261	0.106717	0.627929	0	0	1	0	1	10	0.703656	0.0231613	0.192971	0.593246	0	0	1	0	1	0	0	1	0	1	0	0	1	0	1	0	0	1	0	1	
8-1984	16	0.761937	0.000602592	0.278591	0.296099	38	0.815102	4.66634e-10	0.759793	3.16889e-08	38	0.940072	2.10951e-18	0.314173	0.0547378	0	0	1	0	1	2	1	-nan	1	-nan	49	1	8.02343e-281	1	3.96316e-265	0	0	1	0	1	0	0	1	0	1	0	0	1	0	1	25	0.605103	0.0013522	-0.139114	0.507206	0	0	1	0	1	13	0.878086	7.89043e-05	0.233909	0.4418	0	0	1	0	1	0	0	1	0	1	0	0	1	0	1	0	0	1	0	1	
9-1984	13	0.837046	0.000358316	0.0100675	0.97396	30	0.561582	0.0012419	0.44903	0.0128069	40	0.915434	1.33431e-16	0.0953934	0.558193	0	0	1	0	1	4	0.761263	0.238737	0.13378	0.86622	112	1	0	1	0	0	0	1	0	1	0	0	1	0	1	0	0	1	0	1	26	0.595377	0.0013332	-0.271356	0.179945	0	0	1	0	1	14	0.71025	0.00442152	0.634448	0.0148052	0	0	1	0	1	0	0	1	0	1	0	0	1	0	1	0	0	1	0	1	
10-1984	7	0.934186	0.0020595	0.454543	0.305524	33	0.689755	8.97916e-06	0.558879	0.000723197	30	0.908307	4.12081e-12	-0.0928833	0.62542	0	0	1	0	1	0	0	1	0	1	124	1	0	1	0	0	0	1	0	1	13	1	1.06427e-109	-1.61283e-10	1	0	0	1	0	1	21	0.702269	0.000386499	-0.106535	0.645787	0	0	1	0	1	16	0.933146	1.3396e-07	0.373654	0.153975	0	0	1	0	1	0	0	1	0	1	0	0	1	0	1	0	0	1	0	1	
11-1984	3	-0.033978	0.978365	0.91931	0.257496	31	0.925395	9.52871e-14	0.871016	1.86421e-10	24	0.968003	1.06957e-14	0.204607	0.337531	0	0	1	0	1	1	0.923485	-nan	0.767282	-nan	110	1	0	1	0	0	0	1	0	1	0	0	1	0	1	0	0	1	0	1	14	0.804959	0.000514596	-0.00117684	0.996814	0	0	1	0	1	14	0.285726	0.322046	0.525974	0.0533719	0	0	1	0	1	0	0	1	0	1	0	0	1	0	1	0	0	1	0	1	
12-1984	4	0.98953	0.0104698	0.669199	0.330801	33	0.956697	3.59294e-18	0.697733	6.38478e-06	24	0.888957	6.47267e-09	-0.27403	0.195053	0	0	1	0	1	0	0	1	0	1	168	1	0	1	0	0	0	1	0	1	28	1	1.5725e-161	1	1.42686e-151	24	1	1.00866e-123	1	3.0459e-111	8	0.89982	0.00232842	0.355796	0.387045	0	0	1	0	1	8	0.737246	0.0368836	0.506167	0.200581	0	0	1	0	1	0	0	1	0	1	0	0	1	0	1	0	0	1	0	1	
1-1985	8	0.528079	0.178531	0.0686531	0.871679	31	0.647908	8.12576e-05	0.827954	9.08068e-09	26	0.839523	8.27856e-08	0.188099	0.357468	0	0	1	0	1	0	0	1	0	1	168	1	0	1	0	0	0	1	0	1	36	1	6.21982e-140	1	3.28259e-139	36	1	4.73239e-144	1	2.85988e-139	10	0.845962	0.0020364	0.406245	0.244048	0	0	1	0	1	7	0.237231	0.608501	0.354513	0.435256	0	0	1	0	1	0	0	1	0	1	0	0	1	0	1	0	0	1	0	1	
2-1985	8	0.951307	0.000278188	0.287962	0.489176	36	0.542295	0.000634126	0.299015	0.0764679	24	0.843599	2.2467e-07	-0.07701	0.720596	0	0	1	0	1	0	0	1	0	1	142	1	0	1	0	0	0	1	0	1	28	1	1.70713e-108	1	1.85446e-108	27	1	3.72622e-113	1	1.45651e-106	8	0.700126	0.0531623	0.449409	0.263942	0	0	1	0	1	5	0.748944	0.145183	0.533446	0.354547	0	0	1	0	1	0	0	1	0	1	0	0	1	0	1	0	0	1	0	1	
3-1985	12	0.266804	0.401872	0.477612	0.116343	30	0.470856	0.00863578	0.48004	0.007261	17	0.957518	1.66933e-09	-0.243215	0.346886	0	0	1	0	1	4	0.996745	0.00325502	0.752158	0.247842	138	1	0	1	0	0	0	1	0	1	45	1	1.78931e-180	1	2.18145e-181	57	1	6.21626e-295	1	7.58725e-265	4	0.406418	0.593582	0.449352	0.550648	0	0	1	0	1	8	0.117522	0.781667	0.33217	0.421478	0	0	1	0	1	0	0	1	0	1	0	0	1	0	1	0	0	1	0	1	
4-1985	9	-0.264997	0.490754	0.237651	0.538072	32	0.938786	2.00015e-15	0.624124	0.000134958	17	0.972856	6.06729e-11	0.308268	0.228667	0	0	1	0	1	4	0.99976	0.000240274	0.304874	0.695126	110	1	0	1	0	0	0	1	0	1	48	1	9.49867e-221	1	1.92554e-221	16	1	4.59129e-105	-1.44442e-09	1	6	-0.421084	0.405705	0.725484	0.102695	0	0	1	0	1	10	0.434057	0.210076	0.615397	0.0582371	0	0	1	0	1	0	0	1	0	1	0	0	1	0	1	0	0	1	0	1	
5-1985	12	0.518307	0.0842869	0.636236	0.0261363	44	0.948571	1.34581e-22	0.762195	1.84746e-09	18	0.980976	8.12758e-13	-0.263666	0.290428	0	0	1	0	1	3	0.755129	0.455149	-0.499827	0.666794	103	1	0	1	0	0	0	1	0	1	0	0	1	0	1	0	0	1	0	1	12	0.384026	0.217786	0.34155	0.277224	0	0	1	0	1	16	0.165759	0.539532	0.151429	0.575598	0	0	1	0	1	0	0	1	0	1	0	0	1	0	1	0	0	1	0	1	
6-1985	17	0.61221	0.00899596	0.190258	0.464519	48	0.924992	5.88629e-21	0.835853	1.44838e-13	17	0.897115	1.06206e-06	-0.0420437	0.872711	0	0	1	0	1	4	0.990103	0.00989653	-0.796742	0.203258	89	1	0	1	0	0	0	1	0	1	0	0	1	0	1	0	0	1	0	1	9	0.715046	0.0303659	0.086904	0.824071	0	0	1	0	1	15	0.541795	0.0369631	0.44371	0.0975711	0	0	1	0	1	0	0	1	0	1	0	0	1	0	1	0	0	1	0	1	
7-1985	13	0.721122	0.00540736	-0.226629	0.456537	46	0.918269	2.56803e-19	0.832263	7.60214e-13	15	0.934576	3.36518e-07	-0.256376	0.356347	0	0	1	0	1	4	0.727871	0.272129	-0.1849	0.8151	103	1	0	1	0	0	0	1	0	1	0	0	1	0	1	0	0	1	0	1	15	0.778743	0.000624485	-0.394537	0.145589	0	0	1	0	1	13	0.264437	0.382626	0.259278	0.392321	0	0	1	0	1	0	0	1	0	1	0	0	1	0	1	0	0	1	0	1	
8-1985	15	0.735534	0.00177688	-0.20879	0.455198	36	0.966556	1.13075e-21	0.733829	3.53532e-07	16	0.956178	7.40902e-09	0.317279	0.231144	0	0	1	0	1	4	0.906565	0.0934347	0.221629	0.778371	176	1	0	1	0	0	0	1	0	1	0	0	1	0	1	0	0	1	0	1	18	0.659598	0.0028999	-0.150508	0.551093	0	0	1	0	1	12	0.190829	0.55245	0.284432	0.370246	0	0	1	0	1	0	0	1	0	1	0	0	1	0	1	0	0	1	0	1	
9-1985	10	0.965246	6.12053e-06	0.425771	0.219894	39	0.654069	6.30934e-06	0.796872	1.28721e-09	28	0.971465	8.99571e-18	0.148237	0.451565	0	0	1	0	1	5	0.97685	0.00421348	0.792351	0.109981	179	1	0	1	0	0	0	1	0	1	0	0	1	0	1	0	0	1	0	1	17	0.829091	3.88654e-05	-0.214025	0.409453	0	0	1	0	1	16	0.713961	0.00189289	0.64296	0.00721881	0	0	1	0	1	0	0	1	0	1	2	1	-nan	-1	-nan	0	0	1	0	1	
10-1985	7	0.979047	0.000120697	0.227863	0.623131	40	0.733151	7.44797e-08	0.597515	4.68535e-05	23	0.668039	0.00049473	-0.389201	0.066417	0	0	1	0	1	3	0.990677	0.0870005	0.574431	0.610446	175	1	0	1	0	0	0	1	0	1	0	0	1	0	1	0	0	1	0	1	17	0.21192	0.414185	0.0436874	0.867775	0	0	1	0	1	17	0.764947	0.000347201	0.359813	0.15602	0	0	1	0	1	0	0	1	0	1	3	0.94698	0.208235	-0.607371	0.584448	0	0	1	0	1	
11-1985	3	-0.329671	0.786124	0.173755	0.88882	42	0.782496	9.29586e-10	0.707658	1.60119e-07	18	0.59696	0.00890802	-0.48446	0.0416049	14	1	1.44375e-119	-3.74597e-09	1	4	0.855786	0.144214	0.765967	0.234033	148	1	0	1	0	0	0	1	0	1	12	1	7.875e-100	1.4542e-09	1	0	0	1	0	1	21	0.883572	1.10876e-07	0.486229	0.0254214	0	0	1	0	1	16	0.674964	0.00412202	0.1371	0.612633	0	0	1	0	1	0	0	1	0	1	1	-nan	-nan	-nan	-nan	0	0	1	0	1	
12-1985	2	0.792308	-nan	0.754241	-nan	40	0.763157	1.0313e-08	0.64912	5.87238e-06	15	0.656267	0.00788117	-0.371505	0.172755	0	0	1	0	1	2	-1	-nan	1	-nan	114	1	0	1	0	0	0	1	0	1	36	1	9.67896e-218	1	4.12836e-207	36	1	6.52897e-146	1	1.46912e-137	10	0.865468	0.00121448	0.0992536	0.785009	0	0	1	0	1	10	0.475873	0.164459	0.278199	0.436392	0	0	1	0	1	0	0	1	0	1	3	0.995776	0.0585325	0.733737	0.475549	0	0	1	0	1	
1-1986	7	0.848394	0.0158136	0.165252	0.723274	42	0.825453	1.74756e-11	0.691405	3.98593e-07	18	0.886328	9.75619e-07	-0.342927	0.163577	0	0	1	0	1	3	0.999506	0.0200176	-0.553072	0.626911	138	1	0	1	0	0	0	1	0	1	45	1	1.99753e-183	1	6.93588e-182	36	1	1.00518e-144	1	1.72259e-135	7	0.823797	0.0227097	0.81517	0.0254665	0	0	1	0	1	16	0.843984	3.95236e-05	0.66553	0.00489473	0	0	1	0	1	0	0	1	0	1	2	1	-nan	1	-nan	0	0	1	0	1	
2-1986	15	0.741017	0.00157339	0.311909	0.257743	0	0	1	0	1	17	0.802927	0.00010431	-0.214159	0.409154	0	0	1	0	1	1	-nan	-nan	-nan	-nan	140	1	0	1	0	0	0	1	0	1	37	1	1.14704e-161	1	4.50126e-160	36	1	9.06661e-150	1	5.23468e-147	7	0.572828	0.178891	0.15938	0.732851	0	0	1	0	1	12	0.618446	0.0320608	0.305524	0.334185	0	0	1	0	1	0	0	1	0	1	2	1	-nan	-1	-nan	0	0	1	0	1	
3-1986	14	0.285903	0.321733	0.653227	0.0113039	37	0.578936	0.000174083	0.58754	0.000131697	17	0.674335	0.00298887	-0.315212	0.217808	0	0	1	0	1	1	-nan	-nan	-nan	-nan	185	1	0	1	0	0	0	1	0	1	37	1	1.40953e-151	1	7.27272e-152	44	1	5.09582e-201	1	1.00567e-179	8	0.917715	0.00130828	0.737114	0.0369352	0	0	1	0	1	12	0.936706	7.18959e-06	0.418634	0.175594	0	0	1	0	1	0	0	1	0	1	1	-nan	-nan	-nan	-nan	0	0	1	0	1	
4-1986	13	0.330899	0.269445	0.753904	0.00291337	37	0.95683	2.30567e-20	0.544502	0.000493848	24	0.993096	5.67281e-22	-0.0200338	0.925971	0	0	1	0	1	0	0	1	0	1	142	1	0	1	0	0	0	1	0	1	28	1	6.11017e-139	1	2.33405e-139	0	0	1	0	1	8	0.934785	0.000659921	0.400654	0.325295	0	0	1	0	1	13	0.41298	0.160754	0.4708	0.104421	0	0	1	0	1	0	0	1	0	1	0	0	1	0	1	0	0	1	0	1	
5-1986	19	0.669466	0.00171775	0.648768	0.00265571	21	0.926987	1.56713e-09	0.715983	0.000262199	14	0.990582	9.87193e-12	-0.016965	0.954097	0	0	1	0	1	0	0	1	0	1	86	1	0	1	0	0	0	1	0	1	12	1	1.32892e-79	-1.2942e-09	1	0	0	1	0	1	16	0.305304	0.250196	-0.151372	0.575743	0	0	1	0	1	14	0.422084	0.132749	0.710308	0.00441686	0	0	1	0	1	0	0	1	0	1	0	0	1	0	1	0	0	1	0	1	
6-1986	15	0.734716	0.00180898	0.409607	0.129464	35	0.903595	1.07469e-13	0.869898	1.16606e-11	12	0.930304	1.15126e-05	0.0737166	0.819896	0	0	1	0	1	1	-nan	-nan	-nan	-nan	119	1	0	1	0	0	0	1	0	1	0	0	1	0	1	0	0	1	0	1	13	0.685387	0.00972005	-0.0490195	0.873647	0	0	1	0	1	12	0.824742	0.000962464	0.279484	0.378989	0	0	1	0	1	0	0	1	0	1	0	0	1	0	1	0	0	1	0	1	
7-1986	19	0.800885	3.79093e-05	-0.0131214	0.957482	37	0.729509	3.02208e-07	0.801063	2.60661e-09	10	0.97952	7.50837e-07	-0.295055	0.407883	0	0	1	0	1	2	1	-nan	-1	-nan	113	1	0	1	0	0	0	1	0	1	0	0	1	0	1	0	0	1	0	1	15	0.570534	0.0263516	-0.246739	0.37533	0	0	1	0	1	6	0.949318	0.00378786	0.269078	0.606124	0	0	1	0	1	0	0	1	0	1	3	0.994273	0.0681687	-0.912518	0.26827	0	0	1	0	1	
8-1986	15	0.588143	0.0211049	-0.370676	0.17379	27	0.72749	1.71165e-05	0.824422	1.24488e-07	8	0.959651	0.000159292	0.768216	0.02597	0	0	1	0	1	3	0.999417	0.0217314	-0.861215	0.339408	163	1	0	1	0	0	0	1	0	1	0	0	1	0	1	0	0	1	0	1	20	0.68384	0.000885222	-0.143216	0.546936	0	0	1	0	1	13	0.767686	0.00218413	0.263449	0.384473	0	0	1	0	1	0	0	1	0	1	1	-nan	-nan	-nan	-nan	0	0	1	0	1	
9-1986	15	0.965107	6.09169e-09	0.31278	0.256345	31	0.624237	0.000174788	0.719505	5.08149e-06	16	0.966313	1.20748e-09	0.555709	0.0254174	0	0	1	0	1	4	0.965284	0.0347161	-0.17678	0.82322	122	1	0	1	0	0	0	1	0	1	0	0	1	0	1	0	0	1	0	1	22	0.786979	1.3932e-05	-0.0406748	0.857373	0	0	1	0	1	14	0.886648	2.38871e-05	0.677497	0.00776392	0	0	1	0	1	0	0	1	0	1	1	-nan	-nan	-nan	-nan	0	0	1	0	1	
10-1986	9	0.785132	0.012183	0.429513	0.248603	26	0.957536	1.82567e-14	0.858272	2.06388e-08	17	0.89581	1.16278e-06	0.310578	0.225017	0	0	1	0	1	4	0.646493	0.353507	0.204529	0.795471	95	1	0	1	0	0	0	1	0	1	0	0	1	0	1	0	0	1	0	1	21	0.768781	4.66437e-05	0.355387	0.113883	0	0	1	0	1	5	0.449735	0.447316	0.495727	0.395721	0	0	1	0	1	0	0	1	0	1	0	0	1	0	1	0	0	1	0	1	
11-1986	6	-0.126076	0.811888	0.0434301	0.934896	26	0.907499	1.60427e-10	0.921955	2.2531e-11	13	0.963656	1.20004e-07	-0.453699	0.11942	18	1	2.97178e-124	1	1.27594e-114	2	1	-nan	-1	-nan	102	1	0	1	0	0	0	1	0	1	0	0	1	0	1	0	0	1	0	1	11	0.7254	0.0115209	0.784226	0.00427128	0	0	1	0	1	7	0.0306403	0.948008	0.351707	0.439157	0	0	1	0	1	0	0	1	0	1	4	0.997081	0.00291896	0.928152	0.0718477	0	0	1	0	1	
12-1986	8	0.0825348	0.845949	0.401423	0.32428	30	0.789966	2.09129e-07	0.884576	8.89105e-11	17	0.981064	4.17206e-12	0.678318	0.00276136	0	0	1	0	1	3	0.733133	0.476115	0.854792	0.347369	94	1	0	1	0	0	0	1	0	1	44	1	1.57412e-262	1	1.06154e-251	52	1	1.36666e-279	1	1.27589e-268	7	0.700184	0.0798027	0.336923	0.459925	0	0	1	0	1	3	0.582113	0.604452	0.656292	0.544248	0	0	1	0	1	0	0	1	0	1	3	0.999786	0.013159	0.605921	0.585609	0	0	1	0	1	
1-1987	14	0.950431	1.92386e-07	0.526889	0.0528828	30	0.791577	1.89785e-07	0.785416	2.73837e-07	22	0.923244	9.30709e-10	0.228581	0.30622	14	1	7.81903e-67	1	5.32855e-55	4	0.958548	0.041452	-0.0838088	0.916191	144	1	0	1	0	0	0	1	0	1	112	1	0	1	0	36	1	2.71626e-161	1	6.16708e-157	9	0.775813	0.0139965	0.2801	0.465388	0	0	1	0	1	3	0.768504	0.442003	0.69631	0.509648	0	0	1	0	1	0	0	1	0	1	3	0.934327	0.232003	-0.765927	0.44456	0	0	1	0	1	
2-1987	13	0.44317	0.129339	0.346483	0.246146	25	0.827443	3.364e-07	0.624097	0.00085588	21	0.848366	1.18191e-06	0.243651	0.287183	18	1	5.02734e-159	1	1.94932e-120	5	0.262251	0.669959	-0.235729	0.702663	132	1	0	1	0	0	0	1	0	1	72	1	0	1	0	12	1	4.7853e-45	-1.6837e-12	1	8	0.863682	0.00570309	0.690577	0.0579385	0	0	1	0	1	2	1	-nan	1	-nan	0	0	1	0	1	0	0	1	0	1	3	0.99979	0.01304	-0.709731	0.497633	0	0	1	0	1	
3-1987	9	-0.0172927	0.96478	0.404462	0.280257	27	0.664146	0.000158346	0.184695	0.356394	19	0.678338	0.00141066	0.0897767	0.714738	20	1	4.18659e-118	1	1.38163e-103	5	0.39414	0.51148	0.107723	0.863109	147	1	0	1	0	0	0	1	0	1	61	1	8.4718e-281	1	4.57853e-282	18	1	2.0134e-85	1	2.71555e-67	7	0.422443	0.345079	0.705003	0.0768551	0	0	1	0	1	2	1	-nan	-1	-nan	0	0	1	0	1	0	0	1	0	1	2	1	-nan	1	-nan	0	0	1	0	1	
4-1987	13	0.431526	0.140927	0.738565	0.00393352	25	0.916774	1.21167e-10	0.632199	0.000697821	14	0.924898	2.2002e-06	0.478928	0.0831644	20	1	4.75554e-107	1	1.11957e-94	6	0.930785	0.00702027	0.400795	0.430999	134	1	0	1	0	0	0	1	0	1	66	1	0	1	4.81862e-320	0	0	1	0	1	9	0.955271	5.96427e-05	0.0977847	0.802375	0	0	1	0	1	0	0	1	0	1	0	0	1	0	1	0	0	1	0	1	3	0.988636	0.096068	0.640169	0.557729	0	0	1	0	1	
5-1987	15	0.683889	0.00493079	0.61472	0.0147437	31	0.607862	0.000286584	0.690174	1.73763e-05	17	0.982127	2.71387e-12	0.332405	0.192372	26	1	1.98175e-144	1	2.73508e-135	3	0.711299	0.496214	0.612732	0.580141	120	1	0	1	0	0	0	1	0	1	13	1	-nan	3.46755e-09	1	0	0	1	0	1	12	0.517356	0.0849583	-0.117265	0.716645	0	0	1	0	1	0	0	1	0	1	0	0	1	0	1	0	0	1	0	1	4	0.998307	0.00169291	0.797616	0.202384	0	0	1	0	1	
6-1987	17	0.864407	7.62913e-06	0.548734	0.0225456	18	0.595095	0.00917945	0.807214	5.13633e-05	19	0.906384	9.04538e-08	0.289371	0.229508	24	1	3.55947e-137	1	7.31206e-129	3	-0.867259	0.33176	-0.161817	0.896529	130	1	0	1	0	0	0	1	0	1	0	0	1	0	1	0	0	1	0	1	17	0.664197	0.00363762	-0.0382056	0.884254	0	0	1	0	1	1	-nan	-nan	-nan	-nan	0	0	1	0	1	0	0	1	0	1	2	1	-nan	1	-nan	0	0	1	0	1	
7-1987	18	0.669888	0.00235399	-0.0310155	0.902765	30	0.856299	1.59314e-09	0.654705	8.66103e-05	23	0.942485	1.83854e-11	0.63705	0.00107915	31	1	1.11717e-165	1	7.09159e-165	5	0.949415	0.0135534	0.444264	0.453547	172	1	0	1	0	0	0	1	0	1	0	0	1	0	1	0	0	1	0	1	23	0.563608	0.00509931	-0.0849699	0.699886	0	0	1	0	1	3	0.981325	0.123226	0.302551	0.804324	0	0	1	0	1	0	0	1	0	1	1	-nan	-nan	-nan	-nan	0	0	1	0	1	
8-1987	19	0.790681	5.58489e-05	-0.113105	0.644778	25	0.308689	0.13326	0.21855	0.29392	14	0.988183	3.83274e-11	0.783181	0.000923133	20	1	4.15509e-108	1	1.48934e-101	3	0.999756	0.0140541	0.936837	0.227478	203	1	0	1	0	0	0	1	0	1	0	0	1	0	1	0	0	1	0	1	26	0.494313	0.0102624	-0.309098	0.124418	0	0	1	0	1	5	0.847543	0.0698017	0.540647	0.346813	0	0	1	0	1	0	0	1	0	1	2	1	-nan	1	-nan	0	0	1	0	1	
9-1987	16	0.757895	0.000670049	-0.122849	0.650362	31	0.751764	1.08801e-06	0.847608	1.78759e-09	20	0.91622	1.42058e-08	0.37153	0.106768	20	1	4.92228e-102	1	7.29938e-97	3	0.98537	0.109032	-0.883166	0.310815	243	1	0	1	0	0	0	1	0	1	0	0	1	0	1	0	0	1	0	1	30	0.61066	0.000338515	-0.361159	0.0498965	0	0	1	0	1	6	0.531665	0.277644	-0.0105631	0.984156	0	0	1	0	1	0	0	1	0	1	2	1	-nan	-1	-nan	0	0	1	0	1	
10-1987	5	0.91546	0.0291299	-0.273489	0.656174	38	0.93005	3.14018e-17	0.851476	1.24176e-11	22	0.938868	1.02079e-10	0.694573	0.000334761	55	1	0	1	3.10456e-315	4	0.996845	0.00315489	0.876053	0.123947	158	1	0	1	0	0	0	1	0	1	0	0	1	0	1	0	0	1	0	1	32	0.662961	3.55455e-05	0.0952096	0.604222	0	0	1	0	1	7	0.763339	0.0458528	0.810227	0.0271268	0	0	1	0	1	0	0	1	0	1	3	0.999193	0.0255789	-0.494691	0.670562	0	0	1	0	1	
11-1987	3	0.619914	0.574335	-0.993074	0.0749675	41	0.739288	3.37912e-08	0.897413	1.94332e-15	17	0.979469	7.61574e-12	0.812745	7.33052e-05	43	1	2.6455e-246	1	2.05378e-240	4	0.995093	0.00490682	-0.150658	0.849342	95	1	0	1	0	0	0	1	0	1	13	1	1.22502e-78	-3.78002e-10	1	16	1	7.13766e-109	-nan	-nan	13	0.623601	0.0227609	0.492521	0.0872851	0	0	1	0	1	13	0.657059	0.0146842	0.540854	0.0563195	0	0	1	0	1	0	0	1	0	1	2	1	-nan	1	-nan	0	0	1	0	1	
12-1987	3	0.956084	0.189369	0.412212	0.729513	38	0.863195	3.12856e-12	0.930399	2.87762e-17	17	0.854289	1.26923e-05	0.630838	0.00662216	29	1	1.97421e-149	1	1.26869e-142	4	0.998023	0.00197667	0.998892	0.00110775	130	1	0	1	0	0	0	1	0	1	60	1	0	1	0	30	1	3.47686e-146	1	1.21837e-128	10	0.662079	0.0370147	0.559172	0.0928605	0	0	1	0	1	7	0.298434	0.51562	0.423269	0.344036	0	0	1	0	1	0	0	1	0	1	2	1	-nan	1	-nan	0	0	1	0	1	
1-1988	10	0.793196	0.00618247	0.485386	0.154996	38	0.55244	0.000322854	0.884589	1.75896e-13	19	0.918155	3.00732e-08	0.0411904	0.867035	18	1	1.61371e-75	1	2.09143e-62	1	-nan	-nan	-nan	-nan	174	1	0	1	0	0	0	1	0	1	98	1	0	1	0	44	1	3.98731e-184	1	7.90112e-172	8	0.518053	0.188451	0.86764	0.00523689	0	0	1	0	1	4	0.573039	0.426961	0.651405	0.348595	0	0	1	0	1	0	0	1	0	1	1	-nan	-nan	-nan	-nan	0	0	1	0	1	
2-1988	8	0.821204	0.0124418	0.427202	0.291116	30	0.919002	7.76724e-13	0.683855	3.09714e-05	14	0.846715	0.00013347	-0.324828	0.257151	18	1	6.56301e-101	1	4.93425e-81	4	0.0459834	0.954017	-0.0754126	0.924587	134	1	0	1	0	0	0	1	0	1	73	1	6.56119e-321	1	4.01181e-321	36	1	8.70408e-163	1	3.4451e-155	10	0.680599	0.0302974	0.736179	0.0151941	0	0	1	0	1	6	0.808524	0.0514845	0.545248	0.263178	0	0	1	0	1	0	0	1	0	1	2	1	-nan	-1	-nan	0	0	1	0	1	
3-1988	12	0.280382	0.377394	0.38599	0.215242	31	0.606296	0.000300042	0.638339	0.000111599	18	0.893074	6.11347e-07	-0.0531352	0.834139	16	1	8.94638e-98	1	7.37958e-93	5	0.94991	0.0133558	0.6803	0.206271	156	1	0	1	0	0	0	1	0	1	78	1	7.99928e-303	1	4.25392e-303	30	1	1.00828e-156	1	5.63273e-150	11	0.848997	0.000946688	0.50176	0.115816	0	0	1	0	1	8	-0.135121	0.749715	0.559184	0.149589	0	0	1	0	1	0	0	1	0	1	1	-nan	-nan	-nan	-nan	0	0	1	0	1	
4-1988	11	0.0179504	0.958223	0.481617	0.133619	33	0.966413	7.48546e-20	0.860341	1.38307e-10	9	0.965739	2.37027e-05	0.714763	0.0304625	26	1	9.0201e-153	1	6.08268e-143	1	-nan	-nan	-nan	-nan	130	1	0	1	0	0	0	1	0	1	35	1	7.51671e-162	1	2.97318e-155	0	0	1	0	1	12	0.615664	0.0330676	0.274962	0.387071	0	0	1	0	1	5	0.856425	0.0638809	0.335846	0.580567	0	0	1	0	1	0	0	1	0	1	0	0	1	0	1	0	0	1	0	1	
5-1988	23	0.676642	0.00039212	0.261435	0.228213	40	0.797965	7.00097e-10	0.451847	0.0034239	13	0.981115	3.38843e-09	0.778336	0.00172516	32	1	4.12641e-196	1	3.1695e-171	0	0	1	0	1	140	1	0	1	0	0	0	1	0	1	8	1	1.78972e-40	0	1	0	0	1	0	1	13	0.0968883	0.752854	-0.358796	0.228623	0	0	1	0	1	2	0.94509	-nan	0.578292	-nan	0	0	1	0	1	0	0	1	0	1	2	1	-nan	-1	-nan	0	0	1	0	1	
6-1988	22	0.76748	3.0632e-05	0.397924	0.0666435	44	0.635786	3.52886e-06	0.526352	0.000242621	13	0.975624	1.36476e-08	-0.244262	0.421249	30	1	4.28272e-178	1	1.97681e-156	1	-nan	-nan	-nan	-nan	140	1	0	1	0	0	0	1	0	1	0	0	1	0	1	0	0	1	0	1	17	0.731868	0.000838757	0.0631178	0.80982	0	0	1	0	1	6	0.0703827	0.8946	0.421942	0.404647	0	0	1	0	1	0	0	1	0	1	2	1	-nan	1	-nan	0	0	1	0	1	
7-1988	17	0.770668	0.000293883	-0.237683	0.358302	43	0.610319	1.38967e-05	0.608983	1.46839e-05	10	0.879403	0.000798075	0.0058862	0.987124	31	1	1.09726e-169	1	1.66282e-156	1	-nan	-nan	-nan	-nan	143	1	0	1	0	0	0	1	0	1	0	0	1	0	1	0	0	1	0	1	24	0.586366	0.0026007	-0.0709864	0.741693	0	0	1	0	1	8	0.221525	0.598029	0.507487	0.199214	0	0	1	0	1	0	0	1	0	1	1	-nan	-nan	-nan	-nan	0	0	1	0	1	
8-1988	17	0.532295	0.0278365	-0.174641	0.502604	33	0.68292	1.19258e-05	0.706245	4.38347e-06	14	0.951715	1.64824e-07	0.570738	0.0330473	31	1	3.542e-171	1	1.4193e-165	3	-0.964252	0.170734	0.937777	0.22576	136	1	0	1	0	0	0	1	0	1	0	0	1	0	1	0	0	1	0	1	37	0.613022	5.49264e-05	-0.376924	0.0214713	0	0	1	0	1	13	0.683143	0.0100586	0.325617	0.277624	0	0	1	0	1	0	0	1	0	1	3	0.9166	0.261844	0.0723529	0.953898	0	0	1	0	1	
9-1988	11	0.916944	7.11427e-05	-0.0109683	0.974467	34	0.693777	5.37262e-06	0.802572	1.13633e-08	18	0.959346	3.30168e-10	0.575698	0.0124162	37	1	2.38349e-227	1	2.38899e-213	1	-nan	-nan	-nan	-nan	170	1	0	1	0	0	0	1	0	1	0	0	1	0	1	0	0	1	0	1	35	0.653834	2.05073e-05	-0.207911	0.230723	0	0	1	0	1	8	0.288701	0.488012	0.371284	0.365174	0	0	1	0	1	0	0	1	0	1	2	1	-nan	1	-nan	0	0	1	0	1	
10-1988	8	0.503633	0.203218	0.00565737	0.989393	39	0.708195	4.57557e-07	0.827033	8.64947e-11	20	0.928848	3.42202e-09	0.466177	0.0382851	45	1	1.69796e-263	1	8.73897e-246	2	1	-nan	-1	-nan	88	1	0	1	0	0	0	1	0	1	0	0	1	0	1	81	1	0	1	0	24	0.822427	8.17899e-07	-0.25331	0.232354	0	0	1	0	1	11	0.68629	0.0196989	0.851751	0.000875085	0	0	1	0	1	0	0	1	0	1	3	0.996202	0.0555053	0.999367	0.0226571	0	0	1	0	1	
11-1988	4	-0.161477	0.838523	0.247255	0.752745	38	0.590608	9.4804e-05	0.821969	2.50743e-10	15	0.854777	4.91739e-05	0.743166	0.00149896	31	1	1.96349e-176	1	9.77924e-156	3	0.999789	0.013068	0.296808	0.808156	100	1	0	1	0	0	0	1	0	1	0	0	1	0	1	140	1	0	1	0	13	0.931609	3.64955e-06	0.338777	0.257511	0	0	1	0	1	8	0.856767	0.0065798	0.573977	0.136802	0	0	1	0	1	0	0	1	0	1	2	1	-nan	-1	-nan	0	0	1	0	1	
12-1988	3	0.72034	0.487972	0.484879	0.677727	37	0.481539	0.00254873	0.838316	9.49659e-11	11	0.701448	0.0161538	-0.326794	0.326645	18	0.999966	9.26258e-35	0.998495	1.31379e-21	3	0.980946	0.124474	0.982709	0.118558	84	1	0	1	0	0	0	1	0	1	72	1	3.01523e-307	1	4.8915e-291	174	0.997939	4.49961e-207	0.998203	3.38068e-212	9	0.960434	3.90237e-05	0.790099	0.0112842	0	0	1	0	1	6	0.949856	0.00370863	0.797159	0.0575437	0	0	1	0	1	0	0	1	0	1	3	0.976698	0.137703	0.576358	0.608947	0	0	1	0	1	
1-1989	2	0.99754	-nan	0.756218	-nan	29	0.353851	0.0596774	0.86383	1.59013e-09	9	0.682149	0.0429449	0.361654	0.338896	26	0.999997	4.48051e-64	0.999942	9.45135e-49	4	0.970352	0.029648	-0.0483874	0.951613	130	1	0	1	0	0	0	1	0	1	100	0.999957	4.9224e-201	0.999968	1.42123e-207	187	0.998923	1.13912e-248	0.99902	1.83928e-252	8	0.705332	0.0506612	0.836566	0.00961964	0	0	1	0	1	7	0.849448	0.0155493	0.539261	0.211607	0	0	1	0	1	0	0	1	0	1	2	1	-nan	-1	-nan	0	0	1	0	1	
2-1989	4	0.968023	0.0319773	0.654599	0.345401	21	0.588361	0.00502304	0.766797	5.01636e-05	8	0.979062	2.25889e-05	-0.126073	0.766106	18	1	6.8981e-92	1	2.19267e-74	5	0.815863	0.0921869	0.76322	0.133288	137	1	0	1	0	0	0	1	0	1	81	1	2.67001e-290	1	1.05654e-286	212	0.99943	4.75449e-311	0.999259	4.2965e-299	10	0.799074	0.00555105	0.318648	0.369525	0	0	1	0	1	8	0.682192	0.0623363	0.678949	0.0640886	0	0	1	0	1	0	0	1	0	1	3	0.978235	0.133064	0.981762	0.121772	0	0	1	0	1	
3-1989	10	0.322281	0.363784	0.38984	0.265436	23	0.348887	0.102756	0.643833	0.000916389	16	0.85584	2.34951e-05	0.175485	0.515645	18	1	3.77098e-90	1	6.39977e-81	5	0.996582	0.000239706	0.416791	0.485117	128	1	0	1	0	0	0	1	0	1	121	1	0	1	0	205	1	0	1	0	8	0.72243	0.0429516	0.922589	0.00109341	0	0	1	0	1	4	0.91215	0.0878502	0.696696	0.303304	0	0	1	0	1	0	0	1	0	1	2	1	-nan	-1	-nan	0	0	1	0	1	
4-1989	13	-0.0546435	0.859274	0.355344	0.233456	27	0.446275	0.0196298	0.698241	5.12579e-05	12	0.918828	2.41877e-05	0.462573	0.129974	18	1	2.01044e-107	1	3.00727e-98	4	0.55206	0.44794	0.992236	0.00776439	102	1	0	1	0	0	0	1	0	1	80	1	0	1	0	36	1	1.02889e-168	1	3.53819e-172	11	0.570755	0.0666919	0.33033	0.321125	0	0	1	0	1	4	0.862754	0.137246	0.614823	0.385177	0	0	1	0	1	0	0	1	0	1	0	0	1	0	1	0	0	1	0	1	
5-1989	22	0.733119	0.000103895	0.365652	0.0942333	44	0.328543	0.0294497	0.550209	0.000109194	23	0.928477	1.70341e-10	-0.369344	0.0828351	26	1	1.03854e-144	1	2.66113e-134	5	0.316117	0.604315	0.67437	0.211825	122	1	0	1	0	0	0	1	0	1	0	0	1	0	1	0	0	1	0	1	10	0.542402	0.105263	-0.0729137	0.841346	0	0	1	0	1	5	0.792978	0.109494	0.670837	0.215154	0	0	1	0	1	0	0	1	0	1	4	0.999141	0.000858632	-0.413749	0.586251	0	0	1	0	1	
6-1989	20	0.840563	3.4909e-06	0.462316	0.0401341	32	0.213904	0.239774	0.727758	2.36036e-06	16	0.708633	0.00212017	-0.433543	0.0934163	56	1	1.85174e-284	1	2.45098e-263	3	0.999836	0.0115289	0.959125	0.182648	92	1	0	1	0	0	0	1	0	1	0	0	1	0	1	0	0	1	0	1	18	0.860036	4.72871e-06	-0.253241	0.310617	0	0	1	0	1	7	0.875286	0.00985352	0.762307	0.0463265	0	0	1	0	1	0	0	1	0	1	3	0.989472	0.0924579	0.192991	0.876363	0	0	1	0	1	
7-1989	17	0.945834	9.98053e-09	-0.196815	0.448971	35	0.33915	0.0462522	0.844144	1.8779e-10	19	0.713425	0.000604489	-0.48953	0.0333918	36	1	7.11311e-166	1	2.69252e-153	2	1	-nan	-1	-nan	139	1	0	1	0	0	0	1	0	1	8	1	-nan	-nan	-nan	0	0	1	0	1	17	0.722289	0.00105822	-0.250367	0.332438	0	0	1	0	1	9	0.207845	0.59153	0.00910988	0.981443	0	0	1	0	1	0	0	1	0	1	2	1	-nan	1	-nan	0	0	1	0	1	
8-1989	14	0.81472	0.0003868	-0.134586	0.646434	37	0.589344	0.00012409	0.691378	2.15893e-06	25	0.921821	6.05215e-11	0.75583	1.24655e-05	61	1	0	1	4.02805e-294	4	0.997992	0.00200809	-0.114379	0.885621	118	1	0	1	0	0	0	1	0	1	0	0	1	0	1	0	0	1	0	1	22	0.710768	0.000209394	-0.0973394	0.666514	0	0	1	0	1	10	0.383777	0.273591	-0.171893	0.634898	1	-nan	-nan	-nan	-nan	0	0	1	0	1	2	1	-nan	-1	-nan	0	0	1	0	1	
9-1989	13	0.873169	9.71107e-05	-0.32521	0.278261	31	0.367266	0.0421063	0.880649	6.45153e-11	19	0.953555	2.7523e-10	0.873701	1.02799e-06	38	1	9.90554e-255	1	3.36537e-245	5	0.898698	0.038111	-0.741329	0.15165	148	1	0	1	0	0	0	1	0	1	0	0	1	0	1	0	0	1	0	1	35	0.738182	4.16823e-07	0.430719	0.00979565	0	0	1	0	1	10	0.470773	0.169671	0.599196	0.0671499	1	-nan	-nan	-nan	-nan	0	0	1	0	1	3	0.965896	0.166739	-0.982781	0.11831	0	0	1	0	1	
10-1989	10	0.663816	0.0363456	0.341562	0.334069	33	0.721687	2.1407e-06	0.722255	2.0832e-06	7	0.653903	0.111118	-0.177775	0.702947	30	1	1.02861e-184	1	3.56852e-172	5	0.993817	0.000583037	0.158285	0.79931	80	1	0	1	0	0	0	1	0	1	0	0	1	0	1	0	0	1	0	1	26	0.356547	0.0737896	0.603056	0.00111027	0	0	1	0	1	6	0.370233	0.470025	0.466548	0.350954	1	-nan	-nan	-nan	-nan	0	0	1	0	1	4	0.981235	0.0187646	-0.382804	0.617196	0	0	1	0	1	
11-1989	4	0.351211	0.648789	0.658773	0.341227	31	0.138953	0.455974	0.867762	2.61792e-10	9	0.896941	0.00104472	-0.314356	0.410019	20	1	4.06063e-94	1	1.37119e-81	4	0.93507	0.0649304	0.909877	0.0901232	68	1	0	1	0	0	0	1	0	1	65	1	0	1	0	40	1	7.64014e-191	1	8.07268e-180	6	0.993	7.3324e-05	0.724185	0.10362	0	0	1	0	1	0	0	1	0	1	1	-nan	-nan	-nan	-nan	0	0	1	0	1	3	0.995216	0.0622956	-0.344815	0.775883	0	0	1	0	1	
12-1989	6	0.826849	0.042376	0.478641	0.336867	26	0.500024	0.00928983	0.837137	9.75461e-08	12	0.836226	0.000700006	0.598883	0.039626	18	1	3.02408e-56	0.999999	3.80488e-46	3	0.909501	0.272928	0.335223	0.782377	76	1	0	1	0	0	0	1	0	1	137	1	0	1	0	30	0.999854	4.96056e-51	0.999857	3.75434e-51	7	0.954874	0.000810854	0.0303075	0.948572	0	0	1	0	1	3	0.0139119	0.991143	0.561843	0.620185	2	1	-nan	1	-nan	0	0	1	0	1	2	1	-nan	1	-nan	0	0	1	0	1	
1-1990	10	0.808069	0.00467586	0.487463	0.152974	28	0.19601	0.317483	0.829471	4.87864e-08	8	0.64217	0.0860031	0.560456	0.148465	20	1	1.14659e-76	1	5.73294e-59	5	0.880387	0.0487584	-0.419247	0.482277	136	1	0	1	0	0	0	1	0	1	50	1	1.06518e-198	1	3.92209e-189	62	0.999956	2.80479e-123	0.999963	8.83172e-126	10	0.0918885	0.800683	0.347341	0.325414	0	0	1	0	1	7	0.775195	0.0406028	0.638343	0.122862	3	0.996869	0.0503901	-0.999719	0.0150953	0	0	1	0	1	2	1	-nan	-1	-nan	0	0	1	0	1	
2-1990	10	0.651925	0.0410927	0.259116	0.469731	15	0.165236	0.556192	0.628684	0.0120595	8	0.592313	0.121829	0.443838	0.270636	16	1	1.63042e-79	1	3.3513e-69	4	0.977346	0.0226539	0.108286	0.891714	105	1	0	1	0	0	0	1	0	1	76	1	6.26171e-313	1	1.29309e-306	116	1	0	1	0	7	-0.357133	0.431626	0.716981	0.0697842	0	0	1	0	1	10	0.437051	0.206591	0.667185	0.035071	2	1	-nan	-1	-nan	0	0	1	0	1	2	1	-nan	-1	-nan	0	0	1	0	1	
3-1990	12	0.452665	0.139499	0.419902	0.174155	18	0.777975	0.000143917	0.628892	0.00517667	8	0.883707	0.00359691	0.0993031	0.815027	24	1	3.4147e-163	1	8.85687e-151	5	0.992637	0.000757547	-0.750616	0.143775	102	1	0	1	0	0	0	1	0	1	64	1	4.30934e-208	1	3.79504e-198	42	1	1.34168e-149	1	7.14755e-149	8	0.586029	0.126851	0.561827	0.147259	0	0	1	0	1	6	0.977329	0.000765128	0.540535	0.268164	1	-nan	-nan	-nan	-nan	0	0	1	0	1	3	0.977235	0.1361	-0.560105	0.621522	0	0	1	0	1	
4-1990	13	0.291132	0.334518	0.318801	0.288391	19	0.307813	0.199829	0.0528131	0.82998	4	0.677293	0.322707	0.660764	0.339236	20	1	2.05856e-125	1	5.58082e-118	3	0.0211131	0.986558	0.870422	0.327693	116	1	0	1	0	1	-nan	-nan	-nan	-nan	27	1	2.7375e-137	1	3.54927e-128	0	0	1	0	1	10	-0.109595	0.763119	0.235263	0.512913	0	0	1	0	1	6	-0.192695	0.714535	0.394271	0.439238	1	-nan	-nan	-nan	-nan	0	0	1	0	1	2	1	-nan	1	-nan	0	0	1	0	1	
5-1990	14	0.75957	0.0016237	0.577844	0.0304461	21	0.562203	0.0079854	0.448522	0.0414163	6	-0.21279	0.685633	0.130958	0.804687	26	1	5.42333e-150	1	4.09444e-134	5	0.961847	0.00889456	-0.403754	0.500254	100	1	0	1	0	1	-nan	-nan	-nan	-nan	8	1	1.59618e-43	0.431794	0.285391	0	0	1	0	1	8	0.433176	0.283677	-0.328234	0.427336	0	0	1	0	1	2	0.559841	-nan	0.858526	-nan	2	1	-nan	1	-nan	0	0	1	0	1	1	-nan	-nan	-nan	-nan	0	0	1	0	1	
6-1990	20	0.669198	0.00125203	0.351905	0.128113	25	0.867342	2.00971e-08	0.638236	0.00059711	5	0.793981	0.108717	0.0727078	0.907507	32	1	1.18181e-170	1	2.30034e-157	6	0.962355	0.00209909	0.531993	0.277292	111	1	0	1	0	0	0	1	0	1	0	0	1	0	1	0	0	1	0	1	10	0.964609	6.57659e-06	-0.00674541	0.985245	0	0	1	0	1	3	0.822203	0.385489	0.663113	0.53847	2	1	-nan	1	-nan	0	0	1	0	1	2	1	-nan	1	-nan	0	0	1	0	1	
7-1990	17	0.711995	0.00134485	0.011203	0.965962	24	0.582535	0.00281779	0.763919	1.39816e-05	9	0.948191	9.9057e-05	0.571283	0.108096	48	1	1.73911e-242	1	4.39444e-228	6	0.984914	0.000339672	-0.689972	0.129277	169	1	0	1	0	0	0	1	0	1	0	0	1	0	1	0	0	1	0	1	16	0.627627	0.00924471	-0.225655	0.400729	0	0	1	0	1	7	0.733496	0.0606342	0.413265	0.356763	2	1	-nan	1	-nan	0	0	1	0	1	1	-nan	-nan	-nan	-nan	0	0	1	0	1	
8-1990	22	0.530797	0.011034	-0.425519	0.0483406	27	0.32996	0.0927939	0.797091	6.48177e-07	6	0.908501	0.012175	0.738142	0.0938769	56	1	0	1	0	4	0.999929	7.10526e-05	0.534845	0.465155	187	1	0	1	0	0	0	1	0	1	0	0	1	0	1	0	0	1	0	1	13	0.503276	0.0795648	-0.35399	0.23537	0	0	1	0	1	11	-0.0803389	0.814356	0.824454	0.0017959	2	1	-nan	1	-nan	0	0	1	0	1	4	0.994061	0.00593945	0.579902	0.420098	0	0	1	0	1	
9-1990	14	0.755581	0.00177536	0.0715631	0.80792	37	0.644686	1.65724e-05	0.512005	0.001198	10	0.884888	0.00066706	0.738885	0.0146327	55	1	6.5115e-303	1	5.47999e-286	3	0.99997	0.00492799	0.771127	0.439387	177	1	0	1	0	0	0	1	0	1	0	0	1	0	1	0	0	1	0	1	17	0.646201	0.0050686	-0.19907	0.443687	0	0	1	0	1	3	0.97685	0.13725	0.790263	0.419888	2	1	-nan	1	-nan	0	0	1	0	1	0	0	1	0	1	0	0	1	0	1	
10-1990	11	0.866407	0.000560057	0.589855	0.056123	30	0.692924	2.19603e-05	0.543311	0.00191759	9	0.238256	0.537007	-0.206022	0.594859	55	1	0	1	0	4	0.946658	0.0533425	0.926859	0.0731406	149	1	0	1	0	0	0	1	0	1	0	0	1	0	1	0	0	1	0	1	16	0.524075	0.0371791	0.17483	0.517236	0	0	1	0	1	3	0.232834	0.8504	0.677699	0.525955	2	1	-nan	1	-nan	0	0	1	0	1	3	0.951594	0.19889	0.177539	0.886373	0	0	1	0	1	
11-1990	6	0.682243	0.135412	-0.398535	0.433847	25	0.612476	0.00113614	0.250298	0.227531	17	0.797221	0.000126934	0.361774	0.153612	55	1	3.41893e-321	1	5.62273e-305	2	1	-nan	1	-nan	89	1	0	1	0	0	0	1	0	1	66	1	0	1	0	0	0	1	0	1	11	0.849366	0.00093684	0.788048	0.00396467	0	0	1	0	1	2	0.339919	-nan	0.56068	-nan	2	1	-nan	-1	-nan	0	0	1	0	1	3	0.999989	0.0029279	0.906334	0.277739	0	0	1	0	1	
12-1990	4	0.969309	0.0306915	-0.0720502	0.92795	24	0.392314	0.0579389	0.437347	0.0325858	8	0.754219	0.0306121	-0.126295	0.765703	40	1	5.5739e-239	1	1.34322e-223	2	1	-nan	1	-nan	111	1	0	1	0	0	0	1	0	1	143	1	0	1	0	0	0	1	0	1	9	0.726683	0.0265743	0.889076	0.00134071	0	0	1	0	1	1	0.575723	-nan	0.878361	-nan	2	1	-nan	1	-nan	0	0	1	0	1	3	0.126442	0.919288	-0.999007	0.0283761	0	0	1	0	1	
1-1991	7	0.957281	0.000707949	-0.383484	0.395772	13	0.718537	0.00565756	0.864049	0.000139702	18	0.955931	6.22765e-10	0.605709	0.00771954	35	1	1.95513e-232	1	9.26076e-215	4	0.999903	9.68787e-05	0.675426	0.324574	154	1	0	1	0	0	0	1	0	1	137	1	0	1	0	0	0	1	0	1	7	0.107201	0.819053	0.128212	0.784125	0	0	1	0	1	1	0.768388	-nan	0.8977	-nan	2	1	-nan	-1	-nan	0	0	1	0	1	1	-nan	-nan	-nan	-nan	0	0	1	0	1	
2-1991	9	0.937511	0.000188874	-0.207045	0.59299	15	0.389413	0.151367	0.669345	0.00634854	15	0.814679	0.000216586	0.401848	0.137606	22	1	1.79007e-148	1	2.54385e-118	6	0.8317	0.0401039	-0.350331	0.496001	134	1	0	1	0	1	-nan	-nan	-nan	-nan	153	1	0	1	0	0	0	1	0	1	8	0.361579	0.378813	0.549628	0.158185	0	0	1	0	1	4	0.0564921	0.943508	0.480101	0.519899	3	0.946543	0.209098	0.97713	0.136415	0	0	1	0	1	2	1	-nan	1	-nan	0	0	1	0	1	
3-1991	14	0.206631	0.478468	0.416685	0.138305	26	0.539865	0.00441811	0.196408	0.336228	15	0.728574	0.00206509	0.275174	0.320893	20	1	1.94794e-123	1	9.35532e-114	4	0.997478	0.00252191	-0.520855	0.479145	128	1	0	1	0	0	0	1	0	1	137	1	0	1	0	0	0	1	0	1	8	0.778938	0.0227275	-0.100169	0.813435	0	0	1	0	1	7	0.411744	0.358714	0.469255	0.288098	2	1	-nan	-1	-nan	0	0	1	0	1	2	1	-nan	1	-nan	0	0	1	0	1	
4-1991	20	0.159665	0.501329	0.224228	0.341915	14	-0.208509	0.474391	0.650452	0.0117766	5	0.88651	0.0451059	-0.51601	0.373444	20	1	5.17831e-112	1	7.54617e-102	4	0.972496	0.0275038	-0.571022	0.428978	110	1	0	1	0	0	0	1	0	1	64	1	5.08451e-284	1	1.3303e-274	0	0	1	0	1	8	-0.0587285	0.890137	0.0471107	0.911798	0	0	1	0	1	9	0.0428823	0.912775	0.342109	0.367506	3	0.620055	0.57422	-0.0317923	0.979757	0	0	1	0	1	0	0	1	0	1	0	0	1	0	1	
5-1991	19	0.744315	0.000257613	0.318043	0.184519	20	0.647168	0.00203973	0.752164	0.000130675	8	0.952521	0.000258139	-0.170844	0.685846	44	1	6.94198e-240	1	2.95951e-226	7	0.885778	0.00795655	0.488035	0.266521	147	1	0	1	0	0	0	1	0	1	20	1	9.49609e-179	1	7.85304e-131	0	0	1	0	1	11	0.0421195	0.90214	-0.126539	0.710829	0	0	1	0	1	5	0.628712	0.255915	0.415291	0.486854	4	0.964558	0.0354421	0.502145	0.497855	0	0	1	0	1	0	0	1	0	1	0	0	1	0	1	
6-1991	16	0.863804	1.6137e-05	0.230412	0.390602	30	0.909578	3.41708e-12	0.691204	2.34614e-05	11	0.877162	0.000390144	0.161554	0.635099	52	1	9.62976e-304	1	4.31511e-292	3	0.999994	0.0021961	0.948992	0.204211	202	1	0	1	0	3	0.230778	0.851746	0.957993	0.185178	0	0	1	0	1	0	0	1	0	1	17	0.789591	0.000163502	-0.142435	0.585524	0	0	1	0	1	2	0.817875	-nan	0.646329	-nan	3	0.562308	0.619827	-0.557856	0.623248	0	0	1	0	1	2	1	-nan	1	-nan	0	0	1	0	1	
7-1991	14	0.813533	0.000400808	0.15689	0.592211	32	0.681678	1.7411e-05	0.563019	0.000794345	9	0.723496	0.0275799	-0.158347	0.684083	77	1	0	1	0	4	0.999565	0.000435208	0.555002	0.444998	155	1	0	1	0	4	0.974113	0.0258873	0.677641	0.322359	0	0	1	0	1	0	0	1	0	1	18	0.811052	4.43003e-05	0.0124305	0.960956	0	0	1	0	1	3	0.597713	0.592153	0.747194	0.462801	1	-nan	-nan	-nan	-nan	0	0	1	0	1	3	0.999879	0.00990539	0.682258	0.521996	0	0	1	0	1	
8-1991	16	0.497011	0.0501592	-0.324344	0.220346	35	0.823152	1.27983e-09	0.448805	0.00684527	13	0.958478	2.4717e-07	0.717353	0.00577508	48	1	1.08116e-284	1	5.20106e-265	1	-nan	-nan	-nan	-nan	227	1	0	1	0	2	1	-nan	-1	-nan	0	0	1	0	1	0	0	1	0	1	24	0.672263	0.000320291	-0.22495	0.290595	0	0	1	0	1	0	0	1	0	1	5	0.982352	0.00280686	-0.725541	0.165314	0	0	1	0	1	2	-1	-nan	-1	-nan	0	0	1	0	1	
9-1991	16	0.933293	1.31969e-07	-0.295898	0.265824	33	0.963465	2.70234e-19	0.652928	3.81119e-05	14	0.895039	1.53433e-05	0.575935	0.0311292	41	1	8.81977e-251	1	7.55936e-228	4	0.991454	0.00854606	-0.620455	0.379545	183	1	0	1	0	0	0	1	0	1	0	0	1	0	1	0	0	1	0	1	22	0.660036	0.000830088	-0.37445	0.0859954	0	0	1	0	1	0	0	1	0	1	1	-nan	-nan	-nan	-nan	0	0	1	0	1	4	0.966147	0.0338529	0.735886	0.264114	0	0	1	0	1	
10-1991	10	0.976844	1.22315e-06	-0.301143	0.397809	26	0.929016	7.493e-12	0.595243	0.00133741	12	0.934988	8.19562e-06	0.705889	0.0103082	69	1	0	1	0	4	0.932296	0.0677035	0.248864	0.751136	137	1	0	1	0	0	0	1	0	1	0	0	1	0	1	0	0	1	0	1	19	0.470384	0.0421094	-0.265274	0.272372	0	0	1	0	1	1	0.835671	-nan	0.904943	-nan	2	1	-nan	-1	-nan	0	0	1	0	1	5	0.749747	0.144507	-0.998796	5.01508e-05	0	0	1	0	1	
11-1991	8	0.995899	1.71889e-07	-0.756274	0.0299011	21	0.91399	7.05566e-09	0.828453	3.51556e-06	11	0.86737	0.000542899	-0.36456	0.270331	60	1	0	1	0	4	0.99815	0.0018497	0.933145	0.0668547	89	1	0	1	0	0	0	1	0	1	0	0	1	0	1	0	0	1	0	1	14	0.706202	0.00475859	0.317757	0.268253	0	0	1	0	1	2	0.40107	-nan	0.841251	-nan	3	0.966346	0.165629	0.186092	0.880836	0	0	1	0	1	2	1	-nan	1	-nan	0	0	1	0	1	
12-1991	4	0.999287	0.000712634	-0.550993	0.449007	26	0.874387	5.28843e-09	0.592318	0.00143222	11	0.874889	0.000422259	-0.0302324	0.929688	52	1	5.28449e-314	1	3.01457e-304	4	0.926807	0.0731926	0.461694	0.538306	84	1	0	1	0	2	0.982435	-nan	0.639568	-nan	114	1	0	1	0	0	0	1	0	1	12	0.816783	0.0011848	0.68361	0.0142409	0	0	1	0	1	0	0	1	0	1	3	0.996425	0.0538444	0.999427	0.0215451	0	0	1	0	1	4	0.965809	0.0341913	0.615922	0.384078	0	0	1	0	1	
1-1992	6	0.52853	0.281026	-0.688874	0.130141	22	0.709793	0.000215577	0.701643	0.000273775	14	0.790358	0.00076707	0.529762	0.0513688	48	1	6.47741e-274	1	4.65962e-264	1	-nan	-nan	-nan	-nan	139	1	0	1	0	3	0.951045	0.200023	0.726294	0.482483	185	0.999975	0	0.999979	0	0	0	1	0	1	8	0.889831	0.00307272	0.724751	0.0419636	0	0	1	0	1	2	0.59098	-nan	0.828875	-nan	2	1	-nan	-1	-nan	30	1	1.02097e-187	1	2.64934e-187	1	-nan	-nan	-nan	-nan	0	0	1	0	1	
2-1992	6	0.276161	0.596289	-0.108353	0.838107	21	0.761834	5.99898e-05	0.653955	0.0013018	0	0	1	0	1	38	1	8.06913e-235	1	1.16948e-224	2	1	-nan	1	-nan	132	1	0	1	0	2	1	-nan	1	-nan	232	1	0	1	0	0	0	1	0	1	7	0.603675	0.151199	0.0968383	0.836372	0	0	1	0	1	2	0.684646	-nan	0.799461	-nan	2	-1	-nan	1	-nan	55	1	0	1	0	3	-0.991581	0.082666	0.97731	0.135873	0	0	1	0	1	
3-1992	16	0.144127	0.594354	0.501697	0.0477006	18	0.946585	2.81609e-09	0.544684	0.019422	0	0	1	0	1	42	1	1.74166e-273	1	4.63555e-257	3	0.905416	0.279118	0.880053	0.315014	118	1	0	1	0	3	0.0722905	0.953938	0.874339	0.32259	222	1	0	1	0	0	0	1	0	1	9	0.0827595	0.832363	-0.116088	0.766147	0	0	1	0	1	1	0.99572	-nan	0.882317	-nan	3	0.955875	0.189823	-0.613026	0.579904	71	1	0	1	0	3	0.910876	0.270815	0.854882	0.347259	0	0	1	0	1	
4-1992	9	0.365306	0.333675	0.55225	0.123123	18	0.763786	0.000225017	0.77211	0.000173776	0	0	1	0	1	28	1	6.25523e-171	1	5.76222e-144	3	0.499602	0.666959	0.940872	0.220017	124	1	0	1	0	3	-0.263758	0.830076	0.674398	0.528806	95	1	0	1	0	0	0	1	0	1	12	-0.0362305	0.910995	-0.176916	0.582286	0	0	1	0	1	1	0.985925	-nan	0.912398	-nan	4	0.903969	0.0960312	-0.888136	0.111864	69	1	0	1	0	3	0.937633	0.226024	-0.989248	0.0934391	0	0	1	0	1	
5-1992	14	0.761068	0.00156949	0.330342	0.248689	27	0.653998	0.000215648	0.674239	0.000115117	11	0.920516	5.86816e-05	0.108382	0.751093	48	1	9.39191e-259	1	1.51209e-235	2	1	-nan	-1	-nan	136	1	0	1	0	0	0	1	0	1	13	1	-nan	5.77592e-10	1	0	0	1	0	1	14	0.0579095	0.84411	-0.054951	0.851992	0	0	1	0	1	2	1	-nan	-1	-nan	3	0.953303	0.195318	-0.934756	0.231236	48	1	4.86394e-229	1	1.22905e-214	4	0.997262	0.00273781	0.310357	0.689643	0	0	1	0	1	
6-1992	14	0.753362	0.00186447	0.328591	0.251357	29	0.784	4.87447e-07	0.243309	0.203431	12	0.976054	5.95639e-08	0.523554	0.0806476	42	1	1.13043e-228	1	2.84903e-213	5	0.709053	0.179941	-0.234411	0.704296	151	1	0	1	0	0	0	1	0	1	0	0	1	0	1	0	0	1	0	1	21	0.600331	0.00401041	-0.347774	0.122396	0	0	1	0	1	4	0.903982	0.0960181	0.71677	0.28323	4	0.940475	0.0595252	-0.883858	0.116142	65	1	0	1	0	1	-nan	-nan	-nan	-nan	0	0	1	0	1	
7-1992	23	0.803909	3.8167e-06	-0.115838	0.598653	37	0.686691	2.69374e-06	0.452433	0.00493107	10	0.828892	0.00303375	0.229292	0.523973	55	1	0	1	2.90549e-307	6	0.970117	0.00132617	-0.271378	0.602926	174	1	0	1	0	4	0.987374	0.0126259	0.565366	0.434634	0	0	1	0	1	0	0	1	0	1	23	0.652217	0.000744681	-0.221124	0.310603	0	0	1	0	1	2	1	-nan	1	-nan	4	0.997631	0.002369	-0.379523	0.620477	70	1	0	1	0	2	1	-nan	1	-nan	0	0	1	0	1	
8-1992	19	0.732706	0.000359702	-0.170351	0.485644	35	0.782134	2.87861e-08	0.558339	0.00049115	9	0.891461	0.0012455	0.673578	0.0466951	48	1	6.95402e-305	1	6.49706e-281	2	1	-nan	1	-nan	193	1	0	1	0	0	0	1	0	1	0	0	1	0	1	0	0	1	0	1	19	0.468009	0.043302	-0.280631	0.244518	0	0	1	0	1	7	0.942923	0.0014494	0.480926	0.2746	2	1	-nan	-1	-nan	32	1	6.1739e-166	1	2.29782e-142	3	0.871886	0.325794	-0.966763	0.164596	0	0	1	0	1	
9-1992	14	0.944688	3.66761e-07	0.520728	0.0562381	35	0.86658	1.72183e-11	0.510066	0.00174684	13	0.957342	2.86083e-07	0.480223	0.0967288	36	1	6.69448e-223	1	3.03169e-207	5	0.988381	0.00150085	-0.245961	0.690019	279	1	0	1	0	0	0	1	0	1	7	1	1.05956e-35	-0.0403034	0.931634	0	0	1	0	1	22	0.201734	0.367966	-0.438448	0.0412371	0	0	1	0	1	10	0.604981	0.0638715	0.0333392	0.927151	2	1	-nan	-1	-nan	65	1	0	1	0	2	-1	-nan	-1	-nan	0	0	1	0	1	
10-1992	7	0.799593	0.0308989	0.942778	0.00145852	35	0.815576	2.40774e-09	0.590553	0.000187994	12	0.976046	5.96675e-08	0.268553	0.398675	49	1	4.2652e-295	1	8.79198e-280	6	0.947162	0.00411402	0.836853	0.0377542	141	1	0	1	0	0	0	1	0	1	30	1	4.49269e-177	1	1.46948e-170	0	0	1	0	1	24	0.705775	0.000116681	-0.108412	0.614088	0	0	1	0	1	6	0.098274	0.853064	0.251807	0.630273	3	0.985758	0.107571	-0.997125	0.0482867	38	1	4.15489e-208	1	1.71017e-191	3	0.999009	0.0283385	0.847882	0.355754	0	0	1	0	1	
11-1992	0	0	1	0	1	34	0.701209	3.85264e-06	0.749843	3.3184e-07	16	0.8312	6.6176e-05	-0.222304	0.407945	41	1	1.12906e-218	1	5.01582e-211	3	0.994313	0.0679284	0.588075	0.599772	162	1	0	1	0	0	0	1	0	1	39	1	3.25427e-215	1	2.39484e-204	0	0	1	0	1	18	0.896354	4.81577e-07	0.591754	0.00968235	0	0	1	0	1	3	0.756981	0.453347	0.798039	0.411742	4	0.981459	0.0185415	0.470005	0.529995	0	0	1	0	1	3	0.874328	0.322605	-0.999303	0.0237646	0	0	1	0	1	
12-1992	0	0	1	0	1	28	0.476498	0.0103635	0.501975	0.00649277	14	0.776151	0.00109966	-0.38878	0.169493	36	1	2.83594e-233	1	7.618e-225	3	0.962271	0.175431	0.671929	0.530932	92	1	0	1	0	0	0	1	0	1	143	1	0	1	0	0	0	1	0	1	13	0.930297	4.04123e-06	0.591862	0.0330946	0	0	1	0	1	4	0.768403	0.231597	0.724317	0.275683	2	-1	-nan	1	-nan	0	0	1	0	1	3	0.891271	0.299629	0.668146	0.534176	1	-nan	-nan	-nan	-nan	
1-1993	2	1	-nan	-1	-nan	24	0.399055	0.0533942	0.61988	0.00123431	27	0.92607	4.44624e-12	0.245114	0.217842	24	1	1.92804e-168	1	1.01112e-155	6	0.901017	0.0142114	0.743311	0.0903771	179	1	0	1	0	1	-nan	-nan	-nan	-nan	193	1	0	1	0	0	0	1	0	1	13	0.908207	1.75888e-05	0.578607	0.0382924	0	0	1	0	1	5	0.833949	0.0791722	0.75402	0.14092	2	-1	-nan	1	-nan	0	0	1	0	1	3	0.416093	0.726798	-0.977303	0.135895	1	-nan	-nan	-nan	-nan	
2-1993	10	0.578232	0.0799462	-0.455273	0.186111	19	0.791868	5.34459e-05	0.567454	0.0112757	25	0.926703	2.95447e-11	0.0143123	0.945865	28	1	-nan	1	1.20403e-184	6	0.818867	0.0462425	0.761855	0.0783166	149	1	0	1	0	3	-0.617011	0.576687	-0.925701	0.246952	161	1	0	1	0	0	0	1	0	1	7	0.108859	0.816289	0.00844732	0.98566	0	0	1	0	1	4	0.902759	0.0972405	0.71467	0.28533	3	0.980809	0.124922	-0.202072	0.870465	0	0	1	0	1	2	-1	-nan	-1	-nan	0	0	1	0	1	
3-1993	12	0.587269	0.0446745	0.0903793	0.779987	16	0.823739	8.77097e-05	0.296272	0.26519	18	0.922674	5.03216e-08	-0.127757	0.613423	36	1	1.12593e-220	1	1.3707e-205	7	0.920261	0.00330237	-0.0505228	0.914339	142	1	0	1	0	5	0.517254	0.372088	0.901072	0.0367926	145	1	0	1	0	0	0	1	0	1	8	0.122222	0.773105	0.333986	0.418787	0	0	1	0	1	6	0.646276	0.165552	-0.566261	0.241395	4	0.925221	0.0747792	-0.995864	0.00413603	12	1	4.49036e-65	0.184425	0.566105	1	-nan	-nan	-nan	-nan	0	0	1	0	1	
4-1993	13	0.887585	5.14699e-05	0.387119	0.191277	16	-0.125199	0.644084	0.40541	0.119263	20	0.911529	2.27939e-08	-0.0259249	0.913605	28	1	1.05433e-165	1	1.18666e-156	5	0.690311	0.196989	0.693989	0.193609	155	1	0	1	0	4	0.437952	0.562048	0.807304	0.192696	97	1	0	1	0	0	0	1	0	1	9	-0.158668	0.683469	-0.0148057	0.969844	0	0	1	0	1	9	0.730953	0.0252652	0.150205	0.6997	2	-1	-nan	-1	-nan	42	1	3.31802e-248	1	1.0265e-233	2	1	-nan	1	-nan	0	0	1	0	1	
5-1993	16	0.80309	0.000179638	0.227566	0.396645	21	0.193506	0.400661	0.266156	0.243542	30	0.844954	4.28815e-09	-0.320108	0.0846153	58	1	0	1	0	5	0.979556	0.00349816	0.0514735	0.934491	183	1	0	1	0	8	0.0957054	0.821645	0.56139	0.147643	39	1	4.55255e-233	1	3.77515e-225	0	0	1	0	1	16	0.00195087	0.994279	-0.219665	0.413677	1	-nan	-nan	-nan	-nan	6	0.0247366	0.962903	0.233807	0.65568	2	1	-nan	-1	-nan	60	1	0	1	0	0	0	1	0	1	0	0	1	0	1	
6-1993	18	0.938586	8.38373e-09	0.324196	0.189355	30	0.478046	0.00754262	0.465633	0.00951141	23	0.852108	2.47285e-07	-0.0969249	0.659972	36	1	2.3554e-209	1	3.06621e-197	5	0.887232	0.0446816	0.688761	0.198418	201	1	0	1	0	0	0	1	0	1	26	1	1.86521e-134	1	2.60678e-120	0	0	1	0	1	16	0.866792	1.39309e-05	-0.111027	0.68228	1	-nan	-nan	-nan	-nan	7	0.573245	0.178501	0.161113	0.730023	2	-1	-nan	-1	-nan	32	1	2.04821e-204	1	2.28073e-186	0	0	1	0	1	0	0	1	0	1	
7-1993	15	0.802189	0.000320453	-0.381265	0.160866	33	0.629026	8.82088e-05	0.0714482	0.692755	24	0.784696	5.63883e-06	-0.221906	0.297345	48	1	3.95304e-271	1	4.7757e-254	4	0.971326	0.0286739	-0.595101	0.404899	210	1	0	1	0	0	0	1	0	1	18	1	1.43421e-99	1	2.45329e-99	0	0	1	0	1	17	0.615173	0.0085788	0.0662442	0.800574	1	-nan	-nan	-nan	-nan	6	0.764649	0.076567	0.596298	0.211566	3	0.997299	0.0468026	0.585952	0.601441	12	1	2.05142e-67	1.63464e-10	1	0	0	1	0	1	0	0	1	0	1	
8-1993	11	0.961039	2.51687e-06	-0.124113	0.716172	27	0.49608	0.00849636	0.170532	0.395082	20	0.825891	7.28404e-06	0.00754836	0.974804	44	1	2.48057e-258	1	5.3158e-244	3	0.961917	0.176257	0.278489	0.820333	262	1	0	1	0	0	0	1	0	1	19	1	2.39101e-106	1	1.88501e-99	0	0	1	0	1	25	0.392439	0.0523321	-0.175408	0.401655	1	-nan	-nan	-nan	-nan	14	0.758261	0.00167228	0.715808	0.00398954	2	1	-nan	1	-nan	49	1	5.95837e-258	1	4.0045e-277	0	0	1	0	1	0	0	1	0	1	
9-1993	5	0.962511	0.00866417	0.276571	0.652401	32	0.363423	0.0408998	0.0108601	0.952959	28	0.898022	9.15845e-11	0.494199	0.00751658	44	1	1.47394e-277	1	3.03195e-261	1	-nan	-nan	-nan	-nan	232	1	0	1	0	3	0.993764	0.0711332	0.0711512	0.954665	18	1	5.04534e-106	1	3.56059e-98	0	0	1	0	1	24	0.164637	0.442034	-0.289861	0.169465	1	-nan	-nan	-nan	-nan	12	0.141354	0.661239	0.602947	0.0379595	2	-1	-nan	-1	-nan	54	1	1.04751e-302	1	9.48674e-236	0	0	1	0	1	0	0	1	0	1	
10-1993	0	0	1	0	1	30	0.50359	0.00455398	0.457156	0.0110912	30	0.937913	2.11384e-14	0.227532	0.226575	62	1	0	1	0	3	0.938325	0.224753	0.988646	0.0960225	133	1	0	1	0	3	0.999497	0.0202023	0.536721	0.639326	30	1	2.29513e-175	1	1.16733e-165	0	0	1	0	1	19	0.85628	2.89803e-06	-0.00145465	0.995284	1	-nan	-nan	-nan	-nan	11	0.168228	0.62099	0.538726	0.0872864	2	1	-nan	-1	-nan	57	1	7.9091e-306	1	9.38216e-278	0	0	1	0	1	0	0	1	0	1	
11-1993	0	0	1	0	1	33	0.841674	8.43719e-10	0.667126	2.23476e-05	24	0.945069	3.66818e-12	0.242655	0.253255	47	1	2.9237e-267	1	9.15729e-258	0	0	1	0	1	111	1	0	1	0	3	0.870793	0.327212	0.542959	0.634608	39	1	1.26108e-214	1	6.24895e-211	0	0	1	0	1	23	0.771256	1.64624e-05	0.6648	0.000538972	1	-nan	-nan	-nan	-nan	6	0.19995	0.704072	0.752636	0.0842158	3	0.935222	0.230399	0.963717	0.172017	55	1	1.24505e-321	1	1.60102e-301	0	0	1	0	1	0	0	1	0	1	
12-1993	2	-1	-nan	1	-nan	25	0.937124	5.33393e-12	0.523303	0.00726648	31	0.967271	8.09274e-19	0.641537	0.00010049	60	1	0	1	0	2	1	-nan	1	-nan	88	1	0	1	0	4	0.972739	0.0272615	0.615389	0.384611	83	1	0	1	0	0	0	1	0	1	11	0.751209	0.00769759	0.590836	0.0556134	1	-nan	-nan	-nan	-nan	4	0.991151	0.0088487	0.833979	0.166021	2	1	-nan	1	-nan	16	1	1.74439e-89	0	1	0	0	1	0	1	0	0	1	0	1	
1-1994	4	0.994749	0.00525133	0.778268	0.221732	13	0.946995	9.25812e-07	0.559115	0.0469772	34	0.977478	3.4267e-23	0.2678	0.125709	53	1	0	1	0	0	0	1	0	1	73	1	0	1	0	6	0.375416	0.463331	-0.123588	0.815561	167	1	0	1	0	0	0	1	0	1	10	0.721423	0.0185223	0.6367	0.0477568	1	-nan	-nan	-nan	-nan	4	0.994959	0.00504098	0.795937	0.204063	4	0.877528	0.122472	0.778458	0.221542	73	1	0	1	0	3	0.997212	0.0475519	-0.00955852	0.993915	0	0	1	0	1	
2-1994	11	0.346476	0.296567	0.322659	0.333164	8	0.994959	3.18974e-07	0.52052	0.185984	30	0.913918	1.76373e-12	0.400877	0.0281346	59	1	0	1	0	2	1	-nan	-1	-nan	81	1	0	1	0	4	0.414657	0.585343	0.146906	0.853094	220	1	0	1	0	0	0	1	0	1	10	0.239384	0.505337	0.605849	0.0633889	1	-nan	-nan	-nan	-nan	5	0.724137	0.166546	0.474241	0.419644	4	0.998848	0.00115238	0.835601	0.164399	80	1	0	1	0	4	0.999513	0.000486829	-0.953226	0.0467738	0	0	1	0	1	
3-1994	10	0.502292	0.139008	0.0700962	0.847416	23	0.283297	0.190228	0.397718	0.0601899	23	0.970472	1.89632e-14	0.143023	0.51503	45	1	4.63752e-258	1	3.9121e-263	1	-nan	-nan	-nan	-nan	85	1	0	1	0	3	0.841299	0.363583	-0.944225	0.213625	98	1	0	1	0	0	0	1	0	1	7	0.605375	0.149741	0.171816	0.712602	1	-nan	-nan	-nan	-nan	5	0.945712	0.0150599	0.644626	0.24029	4	0.859397	0.140603	0.648502	0.351498	63	1	2.66795e-322	1	1.25527e-296	4	0.984547	0.0154534	0.501931	0.498069	0	0	1	0	1	
4-1994	14	0.845407	0.000140034	-0.193943	0.506457	25	0.328588	0.108775	0.622505	0.000890333	29	0.956495	5.69481e-16	0.115157	0.551947	26	1	9.27479e-138	1	7.79489e-126	3	0.114	0.927267	0.999259	0.0245088	111	1	0	1	0	4	-0.861151	0.138849	0.548989	0.451011	95	1	0	1	0	0	0	1	0	1	11	0.360363	0.276299	0.0499134	0.884128	0	0	1	0	1	7	0.37215	0.411044	0.547027	0.203803	4	0.913093	0.0869074	-0.815617	0.184383	38	1	7.16782e-196	1	2.68025e-171	5	0.926769	0.0235262	-0.44355	0.454361	0	0	1	0	1	
5-1994	15	0.991171	8.5596e-13	0.24777	0.373273	16	0.191458	0.477503	-0.0793243	0.770272	33	0.949154	4.10763e-17	-0.00975169	0.957046	49	1	1.0263e-264	1	7.28802e-257	0	0	1	0	1	145	1	0	1	0	5	0.182662	0.768727	0.726458	0.16451	69	1	0	1	0	0	0	1	0	1	23	-0.00184409	0.993337	0.0754541	0.73222	0	0	1	0	1	8	0.935176	0.000648324	0.477067	0.231954	4	0.992656	0.00734431	-0.832328	0.167672	75	1	0	1	0	2	1	-nan	-1	-nan	0	0	1	0	1	
6-1994	18	0.905519	2.36543e-07	0.045797	0.856803	29	0.37779	0.0433262	0.0796104	0.681432	38	0.865412	2.37597e-12	-0.113541	0.497308	62	1	0	1	0	0	0	1	0	1	136	1	0	1	0	8	0.10725	0.800443	0.356371	0.386223	14	1	4.71272e-72	4.82103e-11	1	0	0	1	0	1	18	0.6453	0.00382723	-0.293433	0.237287	0	0	1	0	1	6	0.908404	0.0122005	0.629696	0.180299	2	1	-nan	1	-nan	48	1	1.42926e-234	1	9.94109e-217	2	-1	-nan	-1	-nan	0	0	1	0	1	
7-1994	13	0.870623	0.00010778	0.182584	0.550483	25	0.0944863	0.65325	0.685076	0.000157826	31	0.808957	3.63976e-08	-0.124562	0.504362	70	1	0	1	0	3	0.99505	0.0633668	-0.990473	0.0879477	159	1	0	1	0	0	0	1	0	1	18	1	3.32395e-101	1	2.36184e-93	0	0	1	0	1	26	0.500111	0.0092755	-0.147471	0.47219	0	0	1	0	1	11	0.804794	0.00280945	0.732244	0.0103967	2	1	-nan	-1	-nan	43	1	2.29733e-205	1	1.25916e-193	3	0.991382	0.0836399	-0.131025	0.916346	0	0	1	0	1	
8-1994	10	0.966488	5.29936e-06	0.64608	0.0435721	18	0.561788	0.0152535	-0.0122461	0.961535	22	0.793698	1.04207e-05	0.288938	0.19218	56	1	3.80431e-322	1	3.07889e-290	4	0.860013	0.139987	0.415206	0.584794	153	1	0	1	0	4	0.589712	0.410288	0.555432	0.444568	7	1	5.26991e-33	-nan	-nan	0	0	1	0	1	29	0.475971	0.00905684	-0.00473454	0.980554	0	0	1	0	1	16	0.809492	0.000145153	0.635192	0.00819556	5	0.998942	4.13159e-05	0.812888	0.0943852	44	1	2.35279e-221	1	2.91218e-189	3	0.999924	0.0078364	-0.260948	0.83193	0	0	1	0	1	
9-1994	8	0.968425	7.68499e-05	0.709499	0.0487114	20	0.85957	1.19801e-06	0.325707	0.161101	27	0.916154	2.03012e-11	0.310701	0.114707	69	1	0	1	0	4	0.937614	0.0623859	0.580075	0.419925	148	1	0	1	0	5	0.953766	0.0118508	-0.165348	0.790435	7	1	9.3857e-33	1.45535e-10	1	0	0	1	0	1	22	0.647321	0.00112776	-0.355269	0.10469	0	0	1	0	1	16	0.744975	0.000928592	0.813713	0.000125581	4	0.950628	0.0493719	-0.741927	0.258073	73	1	0	1	0	4	0.99917	0.000830399	0.592743	0.407257	0	0	1	0	1	
10-1994	1	-nan	-nan	-nan	-nan	28	0.890004	2.33792e-10	0.240016	0.218614	17	0.771757	0.000284553	0.115344	0.659339	44	1	6.61291e-261	1	2.28722e-241	5	0.89991	0.0374359	0.293151	0.632166	151	1	0	1	0	0	0	1	0	1	18	1	1.60116e-92	1	2.69535e-95	0	0	1	0	1	15	0.716939	0.00262975	-0.0487811	0.862935	0	0	1	0	1	15	0.348339	0.203238	0.648534	0.00891532	7	0.999188	3.61106e-08	0.162883	0.727136	75	1	0	1	1.67504e-312	3	0.995557	0.0600313	-0.946452	0.209278	0	0	1	0	1	
11-1994	3	0.919522	0.257152	0.488493	0.675094	25	0.793924	2.17245e-06	0.40992	0.0418412	17	0.892968	1.4108e-06	0.288232	0.261902	38	1	1.09805e-225	1	1.57302e-212	3	-0.730432	0.478638	0.044364	0.971748	136	1	0	1	0	4	0.906813	0.0931868	0.219487	0.780513	51	1	3.03566e-317	1	3.92527e-305	0	0	1	0	1	9	0.779087	0.01334	0.753324	0.019097	0	0	1	0	1	13	0.213507	0.483687	0.546547	0.0532767	3	0.999832	0.0116863	0.993983	0.0698701	74	1	0	1	0	5	0.948861	0.0137754	-0.0600911	0.923536	0	0	1	0	1	
12-1994	0	0	1	0	1	16	0.739894	0.00105038	0.432266	0.0944947	16	0.930216	1.79451e-07	0.648377	0.00659424	58	1	0	1	0	3	0.949963	0.202241	0.87895	0.316489	148	1	0	1	0	4	0.997785	0.00221534	-0.240448	0.759552	130	1	0	1	0	0	0	1	0	1	9	0.809367	0.00821997	0.87881	0.00180865	0	0	1	0	1	12	0.831753	0.000794615	0.554483	0.0613514	4	0.97135	0.0286503	0.845924	0.154076	77	1	0	1	0	3	0.999452	0.0210681	-0.618652	0.575358	0	0	1	0	1	
1-1995	1	-nan	-nan	-nan	-nan	19	0.597176	0.00694089	0.596186	0.00705914	7	0.593152	0.160387	0.938333	0.00175424	46	1	8.43395e-280	1	1.9955e-267	3	0.832582	0.373723	-0.0939294	0.940114	167	1	0	1	0	4	0.716359	0.283641	-0.970755	0.0292453	162	1	0	1	0	0	0	1	0	1	8	0.495489	0.211818	0.614507	0.105001	0	0	1	0	1	13	0.0612194	0.842518	0.628165	0.0215002	5	0.883203	0.0470678	0.246901	0.688859	69	1	0	1	0	0	0	1	0	1	0	0	1	0	1	
2-1995	4	-0.145726	0.854274	0.893439	0.106561	20	0.381911	0.0965799	0.550307	0.0119326	5	-0.0851707	0.891689	-0.669804	0.216131	63	1	0	1	0	4	0.940858	0.0591416	0.59719	0.40281	185	1	0	1	0	4	-0.280517	0.719483	-0.970029	0.0299712	134	1	0	1	0	0	0	1	0	1	8	0.267901	0.521202	0.36191	0.378344	0	0	1	0	1	10	0.748718	0.0127143	0.612734	0.0596449	3	0.772662	0.43785	-0.959012	0.182902	56	1	2.54e-307	1	2.78858e-239	0	0	1	0	1	0	0	1	0	1	
3-1995	12	0.712241	0.00935255	-0.307895	0.330255	9	0.583983	0.0987188	0.818697	0.00696331	7	0.829207	0.0210712	0.363136	0.423352	79	1	0	1	0	3	0.414388	0.727991	-0.987819	0.0994673	197	1	0	1	0	5	-0.582363	0.302869	-0.91474	0.0294999	186	1	0	1	0	0	0	1	0	1	8	-0.109561	0.796211	0.229989	0.583737	0	0	1	0	1	12	0.717136	0.00866238	0.514084	0.0872958	3	0.927396	0.244084	-0.627109	0.568476	74	1	0	1	0	0	0	1	0	1	0	0	1	0	1	
4-1995	14	0.773232	0.00118042	0.121846	0.678177	20	0.699827	0.000592706	0.0677627	0.77652	5	0.62469	0.259905	0.210949	0.733417	59	1	0	1	0	4	0.956398	0.0436018	0.829995	0.170005	170	1	0	1	0	7	-0.028047	0.952405	0.60122	0.153319	85	1	0	1	0	0	0	1	0	1	7	0.248388	0.59121	0.0962235	0.837401	0	0	1	0	1	11	0.818501	0.00206774	0.472951	0.141784	2	1	-nan	-1	-nan	78	1	0	1	0	0	0	1	0	1	0	0	1	0	1	
5-1995	19	0.779059	8.47051e-05	0.314969	0.189033	30	0.340166	0.0658734	0.33049	0.0744638	5	0.91249	0.0306647	0.712072	0.177236	73	1	0	1	0	4	0.806504	0.193496	-0.44855	0.55145	224	1	0	1	0	7	0.441846	0.320922	0.37918	0.401545	50	1	1.59154e-280	1	2.0029e-277	0	0	1	0	1	11	-0.246353	0.46524	-0.0651183	0.849139	0	0	1	0	1	14	0.934478	9.90925e-07	0.439561	0.115798	4	0.994549	0.0054507	-0.846853	0.153147	122	1	0	1	0	0	0	1	0	1	0	0	1	0	1	
6-1995	22	0.82531	2.27302e-06	0.17388	0.438998	29	0.572716	0.00116676	0.410828	0.0268398	9	0.903644	0.000831221	0.65156	0.0572711	52	1	1.42599e-277	1	3.26027e-267	2	-1	-nan	-1	-nan	194	1	0	1	0	4	0.259611	0.740389	0.846508	0.153492	22	1	6.68311e-112	1	6.1656e-101	0	0	1	0	1	17	0.277466	0.280931	-0.166546	0.522908	0	0	1	0	1	12	0.875764	0.000188528	0.420564	0.173405	4	0.990256	0.00974417	0.824177	0.175823	61	1	2.59291e-288	1	5.88137e-252	0	0	1	0	1	0	0	1	0	1	
7-1995	16	0.965227	1.50353e-09	-0.339194	0.198713	32	0.672949	2.44399e-05	0.546956	0.00119807	11	0.961868	2.28724e-06	0.68391	0.020302	50	1	1.05831e-282	1	8.03543e-262	2	1	-nan	1	-nan	256	1	0	1	0	0	0	1	0	1	14	1	5.2312e-74	-3.09946e-11	1	0	0	1	0	1	21	0.229375	0.317223	-0.411173	0.0640644	0	0	1	0	1	14	0.571307	0.032833	0.397266	0.159565	4	0.998819	0.00118148	0.950897	0.0491032	83	1	0	1	0	0	0	1	0	1	0	0	1	0	1	
8-1995	12	0.965948	3.40541e-07	-0.276688	0.383975	33	0.706172	4.39783e-06	0.37856	0.0298268	9	0.974321	8.71278e-06	0.807285	0.00852002	60	1	0	1	3.15795e-318	2	1	-nan	1	-nan	205	1	0	1	0	4	-0.665647	0.334353	-0.933996	0.0660037	7	1	3.68409e-30	-3.29281e-11	1	0	0	1	0	1	21	0.398008	0.073956	-0.405534	0.0681708	0	0	1	0	1	11	0.747739	0.00814799	0.176485	0.603692	4	0.972616	0.0273837	-0.321213	0.678787	104	1	0	1	0	0	0	1	0	1	0	0	1	0	1	
9-1995	7	0.983349	6.81017e-05	0.444879	0.317214	35	0.908404	4.79233e-14	0.663454	1.3992e-05	12	0.932467	9.86986e-06	0.642726	0.0241867	65	1	0	1	0	6	0.758072	0.0807141	-0.721585	0.105482	155	1	0	1	0	0	0	1	0	1	19	1	2.58736e-101	1	1.68144e-92	0	0	1	0	1	22	0.343506	0.117535	-0.228513	0.306368	0	0	1	0	1	11	0.868997	0.000514834	0.388844	0.23724	3	0.998912	0.0296928	-0.922803	0.251785	100	1	0	1	0	0	0	1	0	1	0	0	1	0	1	
10-1995	5	0.934248	0.0200384	-0.0629694	0.919878	39	0.893473	1.98764e-14	0.604223	4.63763e-05	14	0.979381	1.06126e-09	0.471117	0.0890517	65	1	0	1	0	3	0.999489	0.0203502	0.358021	0.766904	218	1	0	1	0	3	-0.560682	0.621078	-0.87383	0.323258	14	1	3.09755e-73	-nan	-nan	0	0	1	0	1	19	0.906523	8.93662e-08	0.251503	0.29896	0	0	1	0	1	11	0.899396	0.000164219	0.88075	0.000343261	2	1	-nan	1	-nan	104	1	0	1	0	0	0	1	0	1	0	0	1	0	1	
11-1995	0	0	1	0	1	34	0.845987	2.98015e-10	0.569708	0.000436619	13	0.960927	1.77748e-07	0.185244	0.544588	47	1	3.15569e-267	1	4.2695e-253	4	0.788966	0.211034	-0.225573	0.774427	169	1	0	1	0	4	0.997616	0.00238358	-0.672488	0.327512	20	1	4.79122e-138	1	1.54567e-126	0	0	1	0	1	16	0.695219	0.0027917	0.265582	0.320146	0	0	1	0	1	12	0.570074	0.052959	0.608226	0.0358702	2	1	-nan	-1	-nan	100	1	0	1	0	0	0	1	0	1	0	0	1	0	1	
12-1995	4	0.895212	0.104788	0.594705	0.405295	26	0.856828	2.31266e-08	0.531415	0.00521103	17	0.965055	3.94401e-10	0.354525	0.162639	70	1	0	1	0	2	1	-nan	1	-nan	141	1	0	1	0	4	0.989449	0.0105508	-0.199572	0.800428	96	1	0	1	0	0	0	1	0	1	13	0.230295	0.449087	0.602313	0.0293755	0	0	1	0	1	6	0.524025	0.285912	0.334824	0.516532	2	-1	-nan	-1	-nan	53	1	2.46633e-266	1	2.13965e-253	0	0	1	0	1	0	0	1	0	1	
1-1996	4	0.480911	0.519089	-0.176774	0.823226	30	0.901741	1.04099e-11	0.64736	0.000110347	20	0.931508	2.4529e-09	0.141704	0.551219	53	1	0	1	0	0	0	1	0	1	192	1	0	1	0	7	0.609841	0.145942	-0.0809941	0.862951	191	1	0	1	0	0	0	1	0	1	8	0.396852	0.330338	-0.00536895	0.989933	0	0	1	0	1	6	0.695886	0.124665	0.151435	0.774585	4	0.97293	0.0270702	0.125037	0.874963	66	1	0	1	0	0	0	1	0	1	0	0	1	0	1	
2-1996	7	0.71357	0.0717608	0.0760854	0.871207	25	0.33938	0.0969735	0.579041	0.00242249	19	0.925833	1.33695e-08	-0.0510632	0.835539	52	1	3.10669e-294	1	5.93596e-285	3	0.9999	0.00900574	0.379405	0.752257	163	1	0	1	0	7	0.899202	0.00586438	-0.307538	0.502242	138	1	0	1	0	0	0	1	0	1	6	0.833982	0.0390552	0.33916	0.510766	0	0	1	0	1	5	0.962524	0.00865988	0.756544	0.138813	4	0.998029	0.0019709	-0.778516	0.221484	63	1	0	1	8.66906e-315	2	1	-nan	1	-nan	0	0	1	0	1	
3-1996	10	0.853847	0.00166699	-0.391159	0.263679	24	0.273531	0.1959	0.75168	2.29015e-05	20	0.861222	1.08379e-06	-0.327373	0.158845	71	1	0	1	0	2	1	-nan	1	-nan	166	1	0	1	0	7	0.749241	0.0525551	-0.157895	0.735279	163	1	0	1	0	0	0	1	0	1	6	0.137315	0.795322	0.244174	0.641018	1	-nan	-nan	-nan	-nan	6	0.870787	0.0239653	0.354968	0.489912	3	0.999621	0.0175325	-0.998422	0.0357744	93	1	0	1	0	2	1	-nan	-1	-nan	0	0	1	0	1	
4-1996	16	0.920383	4.3967e-07	-0.21885	0.415455	21	0.0217708	0.925373	0.832105	2.90922e-06	24	0.946668	2.67048e-12	-0.723106	6.54935e-05	73	1	0	1	0	4	0.670884	0.329116	-0.669296	0.330704	201	1	0	1	0	7	0.109088	0.815907	0.230708	0.618677	57	1	2.15732e-312	1	1.00147e-303	0	0	1	0	1	7	0.398322	0.37613	0.00244566	0.995848	2	-1	-nan	-1	-nan	8	0.983457	1.11778e-05	0.6455	0.0838627	3	0.948856	0.204484	-0.987381	0.101242	75	1	0	1	0	1	-nan	-nan	-nan	-nan	0	0	1	0	1	
5-1996	13	0.620803	0.0235603	-0.311586	0.300047	19	0.147548	0.546642	0.695208	0.000952192	21	0.838755	2.03682e-06	-0.32263	0.153747	70	1	0	1	0	4	0.999068	0.000931929	-0.753394	0.246606	211	1	0	1	0	7	-0.245688	0.595381	0.666088	0.102347	36	1	1.13334e-232	1	8.13758e-228	0	0	1	0	1	11	0.128101	0.707394	0.0413167	0.903997	1	0.999729	-nan	0.682353	-nan	9	0.862049	0.002798	0.099978	0.798015	6	0.994845	3.9797e-05	0.0842283	0.873956	53	1	4.97754e-274	1	3.95701e-252	2	1	-nan	-1	-nan	0	0	1	0	1	
6-1996	14	0.719228	0.0037406	-0.093852	0.74963	31	0.664175	4.61781e-05	0.789555	1.29368e-07	19	0.96741	1.42073e-11	0.157905	0.518515	61	1	0	1	5.32626e-312	3	0.984591	0.111904	0.302072	0.804643	232	1	0	1	0	4	-0.283719	0.716281	0.915552	0.0844482	8	1	3.02681e-42	-nan	-nan	0	0	1	0	1	18	0.673283	0.00219368	-0.168849	0.503004	1	-nan	-nan	-nan	-nan	6	0.903033	0.0136481	0.82923	0.0412536	5	0.959269	0.0098072	-0.35083	0.562649	53	1	6.51045e-266	1	2.17005e-243	0	0	1	0	1	0	0	1	0	1	
7-1996	17	0.56625	0.0178047	0.240943	0.351548	34	0.475568	0.00447501	0.672683	1.312e-05	14	0.930374	1.41388e-06	-0.0995655	0.734874	61	1	0	1	1.58965e-312	3	0.896254	0.292556	-0.629077	0.566866	211	1	0	1	0	0	0	1	0	1	0	0	1	0	1	0	0	1	0	1	19	0.325047	0.174503	-0.228442	0.34687	1	-nan	-nan	-nan	-nan	12	0.411606	0.183711	0.31968	0.311095	4	0.972928	0.0270719	-0.488422	0.511578	63	1	4.30689e-307	1	1.79485e-283	0	0	1	0	1	0	0	1	0	1	
8-1996	16	0.900099	2.03745e-06	0.289945	0.276014	31	0.379895	0.0350308	0.509538	0.00341319	14	0.976015	2.61043e-09	0.385239	0.173752	55	1	3.38908e-305	1	8.7079e-295	2	1	-nan	-1	-nan	237	1	0	1	0	0	0	1	0	1	0	0	1	0	1	0	0	1	0	1	20	0.212944	0.367378	-0.467298	0.037761	1	-nan	-nan	-nan	-nan	13	0.823646	0.00053848	0.67119	0.0120151	4	0.97356	0.0264404	0.144047	0.855953	79	1	0	1	0	1	-nan	-nan	-nan	-nan	0	0	1	0	1	
9-1996	8	0.993738	6.10922e-07	0.16518	0.695875	32	0.55604	0.000952017	0.607273	0.000228156	16	0.988667	6.24766e-13	0.0380041	0.88887	57	1	0	1	0	4	0.982688	0.0173117	0.48909	0.51091	191	1	0	1	0	0	0	1	0	1	0	0	1	0	1	0	0	1	0	1	22	0.0505918	0.823078	-0.307828	0.163415	1	-nan	-nan	-nan	-nan	5	0.847282	0.0699777	-0.0475565	0.939472	7	0.964295	0.000453861	0.224719	0.628064	84	1	0	1	0	2	1	-nan	1	-nan	0	0	1	0	1	
10-1996	2	0.999737	-nan	0.952013	-nan	33	0.582893	0.000371333	0.811185	1.03278e-08	15	0.967757	3.66928e-09	-0.285816	0.301757	41	1	2.27335e-246	1	7.53783e-232	4	0.989228	0.0107717	-0.556149	0.443851	113	1	0	1	0	2	1	-nan	-1	-nan	12	1	-nan	6.33531e-10	1	0	0	1	0	1	17	0.655199	0.00430514	0.18069	0.48768	1	-nan	-nan	-nan	-nan	2	0.849241	-nan	0.167209	-nan	4	0.761916	0.238084	-0.536148	0.463852	79	1	0	1	0	3	0.351188	0.771556	0.323617	0.790202	0	0	1	0	1	
11-1996	0	0	1	0	1	20	0.703434	0.000539527	0.696633	0.000643448	16	0.710454	0.00204012	-0.724187	0.00151204	63	1	0	1	0	4	0.389514	0.610486	-0.138073	0.861927	140	1	0	1	0	3	0.999888	0.00951538	0.981914	0.121262	49	1	2.01423e-312	1	1.7147e-310	0	0	1	0	1	14	0.648569	0.0121058	0.466268	0.0928491	1	-nan	-nan	-nan	-nan	3	0.999998	0.00117978	-0.838098	0.367336	6	0.971963	0.00116806	-0.147735	0.78001	63	1	2.57352e-290	1	3.73454e-266	2	-1	-nan	1	-nan	0	0	1	0	1	
12-1996	0	0	1	0	1	20	0.605299	0.00468439	0.85459	1.60833e-06	17	0.625591	0.00723277	-0.175601	0.500222	58	1	0	1	0	2	-1	-nan	1	-nan	131	1	0	1	0	3	1	0.000198279	-0.982552	0.119097	101	1	0	1	0	0	0	1	0	1	10	0.612307	0.0598726	0.178868	0.621007	1	-nan	-nan	-nan	-nan	2	1	-nan	1	-nan	6	0.999266	8.07436e-07	-0.605135	0.203094	44	1	3.59889e-204	1	2.60615e-180	1	-nan	-nan	-nan	-nan	0	0	1	0	1	
1-1997	2	1	-nan	-1	-nan	19	0.556244	0.0133898	0.828192	1.19479e-05	13	0.961732	1.58777e-07	0.387465	0.190847	56	1	0	1	0	2	1	-nan	1	-nan	114	1	0	1	0	4	0.738304	0.261696	-0.956795	0.0432051	159	1	0	1	0	0	0	1	0	1	8	0.336675	0.414814	0.735059	0.0377439	1	-nan	-nan	-nan	-nan	5	0.723321	0.167262	0.96397	0.00816524	5	0.987533	0.00166779	-0.679605	0.20692	57	1	1.51941e-282	1	8.68884e-245	5	0.376599	0.532088	0.114567	0.854448	5	0.83761	0.0766129	0.3513	0.562089	
2-1997	4	0.381686	0.618314	-0.262748	0.737252	27	0.589883	0.001202	0.875663	2.23086e-09	12	0.928335	1.31889e-05	0.115257	0.721325	52	1	0	1	6.90104e-310	3	0.230387	0.852001	0.999344	0.0230613	148	1	0	1	0	5	0.966548	0.0073075	-0.785079	0.115672	180	1	0	1	0	0	0	1	0	1	8	0.710896	0.0480681	-0.0027852	0.994778	1	-nan	-nan	-nan	-nan	5	0.645409	0.239529	0.884111	0.0465263	6	0.928783	0.00742715	-0.649575	0.162681	65	1	1.74035e-319	1	3.92192e-297	6	0.210023	0.689598	0.403424	0.427693	5	0.281332	0.64658	0.538526	0.349086	
3-1997	10	0.693296	0.0262059	-0.582611	0.0771529	25	0.689802	0.000136174	0.737236	2.6214e-05	19	0.888943	3.63567e-07	0.0147177	0.952315	64	1	0	1	0	2	1	-nan	-1	-nan	167	1	0	1	0	6	0.643394	0.168078	0.339056	0.510905	183	1	0	1	0	0	0	1	0	1	10	0.381252	0.277028	0.0869526	0.811223	1	-nan	-nan	-nan	-nan	4	0.174445	0.825555	0.266128	0.733872	8	0.992649	9.87495e-07	-0.681913	0.0624858	56	1	2.17591e-279	1	9.16922e-263	6	0.918551	0.00968085	0.806772	0.0523982	7	0.400481	0.373305	0.369112	0.415176	
4-1997	12	0.949383	2.40284e-06	-0.263243	0.408421	24	0.402071	0.0514529	0.689492	0.000193723	15	0.759779	0.00101409	-0.0665942	0.813585	75	1	0	1	0	4	0.8935	0.1065	-0.389835	0.610165	176	1	0	1	0	7	-0.0523174	0.911305	0.454324	0.305787	98	1	0	1	0	0	0	1	0	1	10	0.312574	0.379224	0.295409	0.407294	2	1	-nan	-1	-nan	0	0	1	0	1	6	0.999428	4.91247e-07	-0.555234	0.252734	54	1	4.53808e-256	1	9.52686e-240	5	0.84617	0.0707313	0.340585	0.57489	4	0.634097	0.365903	0.519181	0.480819	
5-1997	9	0.504078	0.166451	-0.336822	0.375436	16	0.319176	0.228213	0.669359	0.00456827	20	0.842235	3.19539e-06	-0.710224	0.000450352	88	1	0	1	0	0	0	1	0	1	226	1	0	1	0	6	0.0224954	0.966263	0.656662	0.156585	36	1	5.2615e-234	1	9.87806e-223	0	0	1	0	1	12	0.13601	0.673406	-0.346466	0.269913	1	-nan	-nan	-nan	-nan	0	0	1	0	1	6	0.979162	0.000646825	-0.0239364	0.964102	57	1	1.48807e-278	1	2.29331e-248	5	0.388449	0.518147	-0.86119	0.0607726	5	-0.012032	0.984681	0.465147	0.429866	
6-1997	16	0.727627	0.00139898	-0.39915	0.125628	23	0.710483	0.00014536	0.521493	0.0107109	17	0.93022	6.37072e-08	-0.280943	0.274694	77	1	0	1	0	1	-nan	-nan	-nan	-nan	193	1	0	1	0	5	-0.0141876	0.981936	0.804596	0.100595	0	0	1	0	1	0	0	1	0	1	17	0.488091	0.0468413	-0.0220587	0.933031	1	-nan	-nan	-nan	-nan	4	0.949595	0.0504053	0.122253	0.877747	6	0.923045	0.00865514	-0.472009	0.344567	69	1	0	1	3.21186e-305	4	0.551353	0.448647	0.458317	0.541683	2	0.810723	-nan	0.740059	-nan	
7-1997	14	0.293028	0.30928	-0.481941	0.0809683	23	0.705019	0.000172173	0.448558	0.0318084	11	0.809162	0.00255459	-0.264453	0.431964	69	1	0	1	0	5	0.912849	0.0304775	-0.107024	0.863994	232	1	0	1	0	2	-1	-nan	1	-nan	0	0	1	0	1	0	0	1	0	1	18	0.596416	0.00898655	-0.153237	0.543813	1	-nan	-nan	-nan	-nan	6	0.95533	0.00294855	0.468457	0.348717	7	0.949402	0.00107625	-0.286581	0.533214	67	1	3.83246e-306	1	4.99844e-256	7	0.652048	0.112486	-0.496256	0.257314	4	-0.0826131	0.917387	0.457534	0.542466	
8-1997	9	0.789636	0.0113659	-0.138315	0.72268	28	0.521059	0.00446726	0.00823117	0.966841	15	0.941741	1.61124e-07	-0.0106967	0.969819	69	1	0	1	0	3	0.988615	0.0961553	0.00444115	0.997173	106	1	0	1	0	0	0	1	0	1	12	1	1.36035e-76	-1.09198e-09	1	0	0	1	0	1	14	0.665196	0.00943011	-0.111804	0.703556	1	-nan	-nan	-nan	-nan	9	0.786904	0.0118569	0.779945	0.0131715	6	0.956344	0.00281715	-0.465902	0.351712	80	1	0	1	0	7	0.933787	0.00209039	0.613056	0.143238	3	0.381562	0.750772	0.779865	0.430575	
9-1997	9	0.971833	1.20135e-05	-0.433021	0.244331	30	0.759336	1.14449e-06	0.205023	0.277108	20	0.851735	1.89508e-06	-0.138717	0.559725	59	1	0	1	0	2	1	-nan	1	-nan	149	1	0	1	0	2	1	-nan	1	-nan	16	1	1.56023e-69	-1.87175e-12	1	0	0	1	0	1	17	0.421561	0.0919191	-0.591905	0.0123104	1	-nan	-nan	-nan	-nan	11	0.596167	0.0528982	0.850199	0.000914906	5	0.696996	0.190858	-0.54068	0.346777	59	1	6.85037e-264	1	6.37999e-253	5	0.931155	0.0214587	-0.45661	0.439513	3	0.432994	0.714914	0.784076	0.426274	
10-1997	0	0	1	0	1	29	0.809944	1.02236e-07	0.338551	0.072426	24	0.851957	1.27935e-07	-0.168025	0.432562	60	1	0	1	0	4	0.619942	0.380058	-0.934291	0.0657092	178	1	0	1	0	2	-1	-nan	1	-nan	24	1	1.44171e-108	1	8.50392e-98	0	0	1	0	1	11	0.396426	0.227415	0.204951	0.545489	2	1	-nan	-1	-nan	8	0.482955	0.225415	0.67978	0.0636368	5	0.80667	0.0990306	-0.618907	0.265672	48	1	1.96979e-204	1	7.95145e-190	7	0.976674	0.000157612	0.175206	0.707105	2	0.506148	-nan	0.822016	-nan	
11-1997	0	0	1	0	1	20	0.831521	5.53815e-06	0.498723	0.0251994	16	0.739027	0.0010724	-0.448122	0.081722	61	1	0	1	0	3	0.868881	0.329679	-1	0.000448084	156	1	0	1	0	2	1	-nan	1	-nan	45	1	1.53215e-257	1	6.45916e-239	0	0	1	0	1	11	0.0735905	0.829744	0.516646	0.103693	3	0.995642	0.059459	0.405808	0.73398	7	0.390689	0.386183	0.834608	0.0195046	7	0.972665	0.000233807	-0.245751	0.595283	48	1	1.8994e-190	1	3.23975e-166	6	0.983367	0.000412659	-0.0333167	0.950043	2	0.555899	-nan	0.852464	-nan	
12-1997	3	-0.985737	0.107652	0.95348	0.194946	10	0.94257	4.43898e-05	0.245589	0.494021	9	0.951884	7.6748e-05	-0.521705	0.14971	56	1	0	1	0	4	0.575592	0.424408	-0.415218	0.584782	120	1	0	1	0	3	0.998046	0.0398057	0.822804	0.384817	63	1	0	1	0	0	0	1	0	1	7	0.426434	0.340049	-0.244441	0.59731	4	0.961922	0.0380777	-0.22206	0.77794	5	0.476169	0.417484	0.986552	0.00186832	6	0.942321	0.00489442	-0.124384	0.814386	54	1	7.61821e-225	1	1.76893e-203	7	0.994161	4.98856e-06	0.147551	0.752228	3	0.132752	0.915237	0.646298	0.552633	
1-1998	0	0	1	0	1	8	0.179949	0.669808	0.00319879	0.994002	11	0.805308	0.00277851	0.0665302	0.845901	56	1	0	1	0	3	0.806326	0.402906	0.688011	0.516968	103	1	0	1	0	5	0.973242	0.00523322	0.124045	0.842466	253	1	0	1	0	0	0	1	0	1	0	0	1	0	1	4	0.951366	0.048634	0.397927	0.602073	0	0	1	0	1	7	0.781954	0.037767	0.40071	0.373006	73	1	3.89322e-308	1	7.59599e-292	2	1	-nan	1	-nan	2	0.625266	-nan	0.830725	-nan	
2-1998	5	0.983365	0.00256905	0.185526	0.765143	12	0.689342	0.0131382	0.399902	0.197737	17	0.670539	0.00321975	-0.189116	0.467256	71	1	0	1	0	4	0.996182	0.00381849	0.172812	0.827188	184	1	0	1	0	4	0.688312	0.311688	-0.164552	0.835448	167	1	0	1	0	0	0	1	0	1	11	0.578113	0.0624738	0.317654	0.341144	4	0.999886	0.000114117	-0.0192698	0.98073	7	0.981016	9.44034e-05	0.894138	0.0066103	6	0.972183	0.00114994	-0.496596	0.316338	76	1	0	1	3.82401e-301	1	-nan	-nan	-nan	-nan	1	0.906398	-nan	0.916306	-nan	
3-1998	11	0.977172	2.32431e-07	-0.330958	0.320151	23	0.665163	0.000533846	0.775381	1.38707e-05	15	0.781058	0.00058675	-0.235738	0.397654	78	1	0	1	0	4	0.80439	0.19561	0.624643	0.375357	186	1	0	1	0	5	0.987039	0.00176777	0.979426	0.00353151	105	1	0	1	0	0	0	1	0	1	13	-0.123501	0.687709	0.162044	0.59687	2	1	-nan	1	-nan	6	0.523598	0.286376	0.907179	0.0125237	9	0.955663	5.78546e-05	0.783484	0.0124915	56	1	1.23519e-224	1	1.81434e-197	5	0.964447	0.00800427	0.351312	0.562075	2	0.768917	-nan	0.812104	-nan	
4-1998	11	0.763803	0.00621496	-0.811584	0.00242091	25	0.933957	9.23955e-12	0.859891	3.62625e-08	21	0.875312	2.05643e-07	-0.408863	0.065723	95	1	0	1	0	5	0.881881	0.0478593	-0.231086	0.708413	170	1	0	1	0	5	0.725573	0.165285	0.604451	0.280233	64	1	0	1	3.45846e-323	0	0	1	0	1	11	0.711206	0.0141298	0.0555783	0.871067	8	0.997029	6.53831e-08	-0.542209	0.16504	4	0.950222	0.0497781	0.722571	0.277429	8	0.923975	0.00103683	-0.293344	0.480718	48	1	8.03414e-186	1	2.96811e-170	6	0.974986	0.00093074	0.170721	0.746406	2	0.685296	-nan	0.837567	-nan	
5-1998	8	0.945497	0.000388393	-0.529032	0.177604	31	0.646302	8.57648e-05	0.490028	0.00513702	17	0.884665	2.40978e-06	0.397357	0.114245	88	1	0	1	0	4	0.995878	0.00412189	0.37578	0.62422	114	1	0	1	0	7	0.0579263	0.901826	0.729189	0.0629533	37	1	3.6571e-204	1	9.3835e-196	0	0	1	0	1	14	0.278635	0.334722	0.0287362	0.922317	4	0.961251	0.0387487	0.179918	0.820082	1	0.988243	-nan	0.648017	-nan	8	0.98029	1.88617e-05	-0.117285	0.782099	48	1	1.36502e-183	1	9.69575e-167	6	0.989669	0.000159544	-0.101728	0.847935	2	0.673704	-nan	0.794729	-nan	
6-1998	15	0.775153	0.000686872	-0.0918928	0.744641	41	0.90219	8.01402e-16	0.330106	0.0350455	10	0.880261	0.000776445	-0.361262	0.305051	79	1	0	1	0	9	0.766137	0.0160621	0.0113628	0.976854	150	1	0	1	0	5	-0.15478	0.803718	0.285355	0.641667	12	1	1.75434e-51	7.27365e-12	1	0	0	1	0	1	21	0.0307743	0.894651	-0.349017	0.120975	3	0.967177	0.163561	0.760384	0.450022	8	0.952516	0.000258213	0.933423	0.000701401	7	0.996789	1.12026e-06	0.817758	0.0246208	48	1	1.24502e-175	1	7.12129e-163	6	0.921425	0.00901844	-0.250623	0.631936	3	0.259936	0.832597	0.700171	0.506214	
7-1998	14	0.9393	6.33044e-07	-0.211836	0.467205	44	0.67748	4.39907e-07	0.566806	6.04048e-05	10	0.958844	1.19427e-05	0.335357	0.343491	73	1	0	1	0	6	0.86657	0.0255174	-0.118131	0.823628	164	1	0	1	0	6	0.990423	0.000137153	0.209922	0.689743	12	1	2.04507e-49	-2.91983e-12	1	0	0	1	0	1	24	0.19619	0.358204	-0.251212	0.236378	4	0.971896	0.0281044	0.228327	0.771673	7	0.469493	0.287821	0.709936	0.0738986	9	0.998345	6.06376e-10	0.705489	0.0337313	54	1	1.27767e-218	1	1.27786e-210	4	0.99939	0.000610288	0.65394	0.34606	2	0.410387	-nan	0.73073	-nan	
8-1998	13	0.929668	4.24077e-06	-0.205819	0.499932	41	0.916013	4.66225e-17	0.388245	0.0121291	8	0.975201	3.74224e-05	-0.502386	0.204522	75	1	0	1	0	4	0.794708	0.205292	0.357159	0.642841	166	1	0	1	0	5	0.95464	0.0115176	-0.670185	0.21577	28	1	4.01078e-172	1	7.66918e-169	0	0	1	0	1	28	0.410919	0.0298386	-0.289586	0.134987	7	0.885105	0.00807116	-0.59144	0.161907	17	0.819946	5.58577e-05	0.716686	0.00120719	7	0.968668	0.000328173	0.71848	0.0689252	42	1	1.07893e-166	1	1.05284e-165	2	1	-nan	-1	-nan	4	0.977108	0.0228924	-0.00167439	0.998326	
9-1998	5	0.994152	0.000536391	-0.902176	0.0361844	38	0.600801	6.65499e-05	0.344624	0.0341048	3	0.98542	0.108845	0.997932	0.0409475	69	1	0	1	0	6	0.708728	0.114904	-0.411967	0.417009	203	1	0	1	0	2	1	-nan	-1	-nan	0	0	1	0	1	0	0	1	0	1	23	0.600303	0.00245804	-0.129227	0.556758	5	0.951357	0.0127841	-0.0815542	0.896277	18	0.86555	3.49129e-06	0.902069	3.11642e-07	7	0.955211	0.000795956	0.631664	0.12809	48	1	4.72692e-188	1	9.23941e-177	4	0.986909	0.0130906	0.52174	0.47826	2	0.49065	-nan	0.474342	-nan	
10-1998	3	0.22382	0.856294	0.84843	0.355097	28	0.829811	4.76327e-08	0.393563	0.0382601	0	0	1	0	1	95	1	0	1	0	7	0.60598	0.149223	-0.401933	0.371411	186	1	0	1	0	3	0.959453	0.181908	0.63656	0.560714	24	1	8.59066e-104	1	1.04409e-100	0	0	1	0	1	17	0.809645	8.21182e-05	-0.0587903	0.822658	3	0.978237	0.133059	0.885457	0.307691	12	0.897894	7.34722e-05	0.879651	0.000161923	9	0.969234	1.63192e-05	-0.693192	0.0384062	50	1	7.46512e-222	1	1.42135e-193	4	0.753961	0.246039	-0.443577	0.556423	7	0.545814	0.205012	-0.00727203	0.987655	
11-1998	2	1	-nan	1	-nan	23	0.921249	4.53217e-10	0.0876501	0.690866	4	0.989237	0.0107626	-0.331045	0.668955	75	1	0	1	0	5	0.704135	0.184371	-0.192911	0.75591	224	1	0	1	0	4	0.996542	0.00345753	0.609705	0.390295	12	1	2.78224e-50	-0.0491956	0.879323	0	0	1	0	1	15	0.570357	0.0264088	0.550241	0.0335615	5	0.998955	4.05329e-05	0.226345	0.714288	8	0.672924	0.0674207	0.855615	0.00673365	8	0.974629	4.00541e-05	-0.430157	0.287425	66	1	1.27776e-308	1	1.20155e-272	2	1	-nan	-1	-nan	4	0.996579	0.00342112	-0.101031	0.898969	
12-1998	4	0.803658	0.196342	0.887999	0.112001	19	0.729553	0.000392715	0.323126	0.177212	9	0.927853	0.000309335	0.765401	0.016227	68	1	0	1	0	6	0.767327	0.0749069	-0.918156	0.00977351	113	1	0	1	0	5	0.937961	0.0183759	-0.442433	0.455636	102	1	0	1	0	0	0	1	0	1	12	0.675192	0.015982	0.72738	0.00734206	5	0.999778	3.96173e-06	0.156684	0.801323	0	0	1	0	1	8	0.985052	8.25729e-06	0.0960648	0.820984	60	1	1.13466e-292	1	5.48596e-265	3	0.737812	0.471718	-0.949995	0.202175	3	0.999685	0.0159719	-0.939171	0.223191	
1-1999	2	1	-nan	1	-nan	21	0.843971	1.52271e-06	0.752868	8.20151e-05	15	0.877851	1.69243e-05	-0.0110253	0.968893	71	1	0	1	0	4	0.997496	0.00250357	0.0412658	0.958734	76	1	0	1	0	7	0.993762	5.88299e-06	-0.726955	0.0641751	128	1	0	1	0	0	0	1	0	1	12	0.754763	0.004549	0.82756	0.000891988	7	0.988238	2.86342e-05	0.868089	0.0112915	0	0	1	0	1	9	0.950966	8.19204e-05	0.156265	0.688066	51	1	5.93865e-251	1	1.30777e-240	1	-nan	-nan	-nan	-nan	1	0.847507	-nan	0.905687	-nan	
2-1999	3	0.556311	0.624433	-0.0121599	0.992259	25	0.372178	0.0669405	0.0904176	0.667323	19	0.794376	4.86575e-05	0.202022	0.40687	84	1	0	1	0	5	0.96733	0.00705378	-0.538718	0.348879	58	1	0	1	0	4	0.997449	0.0025506	0.0517541	0.948246	136	1	0	1	0	0	0	1	0	1	9	0.720415	0.0285754	0.595912	0.0903781	5	0.999476	1.44159e-05	0.0357215	0.954528	0	0	1	0	1	9	0.946231	0.000112586	-0.749845	0.019982	78	1	0	1	0	3	0.70678	0.500294	0.985129	0.109925	3	0.220344	0.858564	0.553398	0.626662	
3-1999	10	0.980163	6.61453e-07	-0.163324	0.652108	29	0.726464	8.12428e-06	0.443764	0.0158926	19	0.891165	3.08573e-07	0.0664129	0.787059	98	1	0	1	0	5	0.972025	0.00559331	-0.488448	0.403788	109	1	0	1	0	6	0.993517	6.29132e-05	0.623335	0.186095	147	1	0	1	0	0	0	1	0	1	7	0.874288	0.0100462	0.35134	0.439668	5	0.999999	1.41475e-09	0.155431	0.802899	2	0.853609	-nan	0.120091	-nan	7	0.937184	0.00183594	-0.368436	0.416097	48	1	6.25626e-240	1	9.23667e-219	4	0.984691	0.015309	0.726915	0.273085	5	-0.146174	0.814551	0.202054	0.744498	
4-1999	14	0.79991	0.000592879	-0.208917	0.473506	23	0.292831	0.175101	0.506702	0.0136089	22	0.911011	3.87711e-09	0.372022	0.088213	92	1	0	1	0	6	0.875886	0.0221504	-0.170445	0.746809	117	1	0	1	0	6	0.926649	0.00787328	0.475126	0.34094	72	1	0	1	0	0	0	1	0	1	8	0.69549	0.0554507	0.273141	0.512763	3	0.99698	0.0494911	0.538019	0.638346	3	0.0670509	0.957282	0.402048	0.736597	8	0.966177	9.42921e-05	-0.505404	0.201373	51	1	2.18735e-248	1	7.43343e-236	4	0.979225	0.0207753	0.13616	0.86384	4	0.199157	0.800843	0.483397	0.516603	
5-1999	13	0.981002	3.50098e-09	-0.625837	0.0221365	33	0.627025	9.43322e-05	0.725385	1.7905e-06	26	0.904592	2.29006e-10	0.00233014	0.990986	110	1	0	1	0	6	0.911986	0.0112787	0.00280083	0.995799	139	1	0	1	0	9	0.681666	0.0431505	0.0936524	0.810602	12	1	1.32892e-79	4.8559e-10	1	0	0	1	0	1	11	0.510951	0.108229	0.313306	0.348158	4	0.99997	3.00174e-05	-0.113307	0.886693	0	0	1	0	1	8	0.987564	4.76346e-06	-0.217805	0.604347	60	1	3.89356e-297	1	3.18576e-260	4	0.996306	0.00369363	0.946774	0.0532256	4	0.506659	0.493341	0.34977	0.65023	
6-1999	10	0.926948	0.000114003	0.0428559	0.906425	36	0.485712	0.00267316	0.468636	0.00394146	21	0.764716	5.40983e-05	0.0224975	0.922889	97	1	0	1	0	3	-0.240349	0.845476	-0.846633	0.357252	162	1	0	1	0	7	0.674548	0.0964779	0.490289	0.263981	0	0	1	0	1	0	0	1	0	1	25	0.681619	0.000175525	-0.205949	0.323316	3	0.999808	0.0124897	0.337594	0.780774	9	0.888689	0.00135664	-0.0210406	0.957152	9	0.988892	4.70539e-07	-0.0782382	0.841425	68	1	2.61855e-322	1	1.55646e-302	4	0.948075	0.0519247	-0.296592	0.703408	5	0.884775	0.0461321	0.21452	0.728974	
7-1999	14	0.872383	4.71108e-05	-0.215086	0.460236	33	0.0760344	0.674082	0.444019	0.00963892	16	0.870327	1.16538e-05	0.342247	0.194442	91	1	0	1	0	4	0.947012	0.0529879	-0.291264	0.708736	173	1	0	1	0	7	0.980428	0.000101849	0.602656	0.152077	0	0	1	0	1	0	0	1	0	1	20	0.53418	0.0152584	-0.184139	0.43707	3	0.99842	0.0357933	0.265703	0.828792	8	0.995513	2.25045e-07	0.595416	0.11939	9	0.914099	0.000561935	-0.350613	0.354919	56	1	1.80051e-252	1	4.15258e-227	5	0.812708	0.094519	-0.3997	0.504981	10	0.525399	0.118857	-0.451236	0.190541	
8-1999	14	0.881744	3.04619e-05	-0.109328	0.709858	31	0.22917	0.214934	0.0336227	0.857497	17	0.831592	3.50661e-05	0.631039	0.00659963	87	1	0	1	0	5	0.686036	0.200938	0.774101	0.124427	70	1	0	1	0	0	0	1	0	1	0	0	1	0	1	0	0	1	0	1	17	0.554031	0.0210192	-0.368012	0.146124	3	0.999973	0.00464584	0.524088	0.648813	10	0.788371	0.00673763	0.466625	0.173983	8	0.963583	0.000117471	-0.0126714	0.976244	74	1	0	1	3.9564e-291	3	0.990972	0.08561	0.870578	0.32749	7	0.926921	0.00266512	0.133149	0.775957	
9-1999	6	0.656981	0.156313	-0.773916	0.0708929	26	0.461503	0.0176346	0.255576	0.207616	17	0.792615	0.000148073	0.230393	0.373662	87	1	0	1	0	5	0.79762	0.105911	0.658759	0.226642	99	1	0	1	0	3	0.986937	0.103012	0.967358	0.163107	0	0	1	0	1	0	0	1	0	1	12	0.921444	2.06257e-05	-0.0841296	0.794904	2	1	-nan	-1	-nan	6	0.746031	0.08856	0.0454375	0.931891	9	0.97058	1.39726e-05	0.122287	0.753964	63	1	7.64911e-283	1	3.71723e-258	4	0.98482	0.0151804	0.931866	0.0681343	7	0.933942	0.0020784	0.0502164	0.914857	
10-1999	0	0	1	0	1	26	0.260371	0.19892	0.2043	0.316775	16	0.835274	5.64153e-05	0.457157	0.075026	93	1	0	1	0	6	0.883608	0.0195322	0.0658371	0.901387	96	1	0	1	0	6	0.994897	3.89936e-05	0.840649	0.0360657	12	1	7.875e-100	-1.47329e-09	1	0	0	1	0	1	15	0.59305	0.0197961	0.426491	0.112895	3	0.999234	0.0249182	-0.546042	0.632268	1	-nan	-nan	-nan	-nan	8	0.966857	8.87712e-05	-0.368052	0.369691	95	1	0	1	0	5	0.908669	0.0326754	-0.137689	0.825244	6	0.884851	0.0191256	0.878079	0.021391	
11-1999	0	0	1	0	1	22	0.666598	0.00070474	0.217021	0.331983	11	0.70389	0.015629	0.304651	0.362341	87	1	0	1	0	5	0.761286	0.134882	-0.0394042	0.949842	145	1	0	1	0	5	0.980395	0.00328561	-0.0625883	0.920362	21	1	1.72711e-138	1	6.11234e-130	0	0	1	0	1	13	0.440571	0.131868	0.676825	0.0110599	3	0.999991	0.00262813	0.329254	0.786406	3	0.844824	0.35941	0.983635	0.11533	9	0.986996	8.15363e-07	-0.0575469	0.88309	106	1	0	1	0	4	0.992391	0.00760911	-0.373725	0.626275	10	0.249729	0.486531	0.48085	0.159465	
12-1999	1	-nan	-nan	-nan	-nan	25	0.361403	0.0758887	0.468333	0.0182169	11	0.914665	8.00877e-05	0.366564	0.267506	77	1	0	1	0	5	0.997022	0.000195033	-0.650137	0.234942	133	1	0	1	0	7	0.946426	0.00123955	-0.873839	0.0101335	39	1	3.58685e-223	1	5.06098e-214	0	0	1	0	1	14	0.692015	0.00610143	0.623742	0.0171401	1	-nan	-nan	-nan	-nan	1	-nan	-nan	-nan	-nan	7	0.978764	0.000124792	0.123584	0.791796	72	1	0	1	2.28676e-311	5	0.995219	0.000396566	-0.203788	0.742337	6	0.550954	0.25719	0.506515	0.305202	
1-2000	0	0	1	0	1	21	0.468707	0.0320967	0.149322	0.518269	15	0.959396	1.60946e-08	0.667079	0.00659563	96	1	0	1	0	4	0.97277	0.0272299	0.756733	0.243267	173	1	0	1	0	7	0.951384	0.000974958	-0.521716	0.229749	155	1	0	1	0	0	0	1	0	1	10	0.587666	0.0740084	0.489911	0.150612	1	-nan	-nan	-nan	-nan	1	-nan	-nan	-nan	-nan	9	0.972776	1.06742e-05	-0.29528	0.44047	76	1	0	1	0	7	0.816531	0.0250197	0.533071	0.217928	6	0.650114	0.162214	0.309467	0.550618	
2-2000	6	0.231528	0.658914	0.0126298	0.981056	17	0.340717	0.180809	0.00826672	0.97488	29	0.815621	7.03779e-08	0.420862	0.0229975	93	1	0	1	0	7	0.98493	5.31115e-05	0.192105	0.679856	170	1	0	1	0	6	0.797602	0.0573018	-0.753293	0.0837885	134	1	0	1	0	0	0	1	0	1	9	0.682168	0.0429367	0.534098	0.138553	2	1	-nan	-1	-nan	2	0.362496	-nan	0.437875	-nan	8	0.992341	1.11694e-06	0.143375	0.734833	112	1	0	1	0	6	0.983414	0.00041035	0.555794	0.252153	13	0.27083	0.370791	0.466364	0.108182	
3-2000	9	0.854121	0.00337483	-0.17954	0.643928	19	0.663842	0.00193982	0.253613	0.294787	34	0.850253	1.96375e-10	0.421106	0.0131325	101	1	0	1	0	6	0.895207	0.015897	0.895398	0.0158401	184	1	0	1	0	9	0.813747	0.00761241	0.029738	0.939463	147	1	0	1	0	0	0	1	0	1	10	0.939905	5.30466e-05	0.870963	0.00103502	1	-nan	-nan	-nan	-nan	5	-0.0948364	0.879432	0.96397	0.00816517	8	0.938386	0.000558083	-0.245828	0.557305	104	1	0	1	0	5	0.985483	0.00209508	0.471534	0.422681	17	0.858082	1.0535e-05	0.503276	0.0394561	
4-2000	14	0.708692	0.00454901	-0.396645	0.160279	21	0.253453	0.267616	0.319317	0.158259	29	0.89956	3.25302e-11	0.433349	0.0188569	89	1	0	1	0	7	0.984677	5.53637e-05	0.0254501	0.956809	105	1	0	1	0	7	0.481127	0.27437	0.353855	0.436169	46	1	1.3628e-236	1	3.48859e-237	0	0	1	0	1	6	0.791197	0.0608463	0.992538	8.33044e-05	1	-nan	-nan	-nan	-nan	4	-0.062457	0.937543	0.999691	0.000309137	9	0.975899	6.98973e-06	0.404579	0.280106	66	1	4.11217e-311	1	7.3337e-272	4	0.369694	0.630306	-0.633618	0.366382	16	0.579412	0.0186625	0.574427	0.0199517	
5-2000	12	0.936966	7.04593e-06	-0.272533	0.391448	22	0.625572	0.00184764	0.580732	0.00459809	26	0.804876	7.14509e-07	0.508246	0.00802545	101	1	0	1	0	4	0.92531	0.07469	0.198376	0.801624	194	1	0	1	0	9	0.850115	0.00369527	0.426191	0.252685	21	1	2.15857e-124	1	8.85717e-115	0	0	1	0	1	10	0.931654	8.78527e-05	0.0623799	0.864074	1	-nan	-nan	-nan	-nan	3	0.654274	0.545949	-0.929609	0.240289	8	0.981137	1.65417e-05	-0.438432	0.27721	65	1	1.92214e-265	1	2.41385e-235	5	0.8554	0.0645556	0.069692	0.911337	9	0.413591	0.268491	0.188133	0.627864	
6-2000	14	0.849044	0.000122405	-0.507635	0.0638739	24	0.785648	5.39635e-06	0.341708	0.102201	26	0.848106	4.48494e-08	0.658036	0.000258331	87	1	0	1	0	6	0.985114	0.000330727	0.224477	0.668941	253	1	0	1	0	8	0.498547	0.208567	0.235783	0.574018	16	1	6.60298e-71	-nan	-nan	0	0	1	0	1	14	0.571905	0.032609	0.12749	0.664049	1	-nan	-nan	-nan	-nan	6	0.901459	0.0140872	-0.315704	0.542178	6	0.989588	0.000162057	-0.366199	0.475256	69	1	0	1	1.37503e-283	6	0.983405	0.000410797	-0.423184	0.403117	10	0.648573	0.0425027	0.277967	0.436791	
7-2000	15	0.980667	1.36187e-10	-0.0161967	0.954314	25	0.524905	0.00705844	0.131822	0.529928	22	0.918417	1.67799e-09	0.712152	0.000200875	79	1	0	1	0	5	0.940696	0.0171813	0.379086	0.529157	229	1	0	1	0	6	0.860422	0.0278633	0.502942	0.309196	0	0	1	0	1	0	0	1	0	1	15	0.774518	0.00069843	-0.190764	0.495855	1	-nan	-nan	-nan	-nan	11	0.534423	0.0903386	0.737163	0.00963928	7	0.909996	0.00444465	-0.427997	0.338088	55	1	6.73798e-240	1	8.46977e-213	4	0.824199	0.175801	-0.627049	0.372951	12	0.983581	9.14328e-09	0.311476	0.324366	
8-2000	5	0.621476	0.263106	-0.556714	0.329709	25	0.255631	0.217451	0.0337635	0.872708	27	0.681047	9.2203e-05	0.382446	0.0489772	81	1	0	1	0	5	0.832615	0.0801114	0.679112	0.20738	184	1	0	1	0	4	0.934677	0.0653228	-0.570266	0.429734	0	0	1	0	1	0	0	1	0	1	15	0.554923	0.0317802	-0.331495	0.227435	2	-1	-nan	1	-nan	9	0.493827	0.17666	0.240877	0.532401	11	0.926301	4.21222e-05	-0.0454747	0.89438	78	1	0	1	8.14716e-316	6	0.990909	0.000123604	0.376611	0.461792	8	0.975558	3.58393e-05	0.41564	0.305778	
9-2000	6	0.9544	0.00307165	0.0990105	0.85197	28	0.432256	0.0216081	0.0406677	0.837208	25	0.957747	6.11148e-14	0.810106	9.2382e-07	70	1	0	1	0	9	0.823512	0.00636903	0.519145	0.152077	188	1	0	1	0	4	0.800101	0.199899	-0.722142	0.277858	0	0	1	0	1	0	0	1	0	1	16	0.621095	0.0102334	-0.0892057	0.742508	1	-nan	-nan	-nan	-nan	8	0.0486119	0.908996	0.233135	0.578452	9	0.996078	1.23931e-08	0.42912	0.249085	98	1	0	1	0	5	0.989057	0.00137183	0.592055	0.29288	16	0.917787	5.46547e-07	0.21139	0.431918	
10-2000	4	0.956551	0.043449	0.108613	0.891387	29	0.865237	1.39419e-09	0.215807	0.260864	19	0.902025	1.31168e-07	0.574331	0.0101179	80	1	0	1	0	5	0.848484	0.0691666	0.114627	0.854373	226	1	0	1	0	5	0.978683	0.00372406	0.335466	0.581023	0	0	1	0	1	0	0	1	0	1	16	0.199113	0.459725	0.421234	0.10418	1	-nan	-nan	-nan	-nan	6	-0.476445	0.33941	0.436734	0.38655	11	0.930353	3.28535e-05	-0.570018	0.0671251	65	1	3.06422e-289	1	1.5313e-245	4	0.810456	0.189544	-0.0851961	0.914804	10	0.813644	0.0041858	0.599644	0.0668923	
11-2000	2	1	-nan	1	-nan	25	0.780901	4.10165e-06	0.197711	0.343465	15	0.773318	0.000720673	0.000427089	0.998795	62	1	0	1	0	5	0.903163	0.0356437	0.304127	0.618828	133	1	0	1	0	6	0.978515	0.000687429	0.264566	0.612411	0	0	1	0	1	0	0	1	0	1	13	0.42743	0.145159	0.506671	0.0772294	2	1	-nan	-1	-nan	1	-nan	-nan	-nan	-nan	12	0.957919	9.68257e-07	0.498544	0.0989925	74	1	0	1	7.34428e-317	4	0.995625	0.00437547	0.614726	0.385274	10	0.926824	0.00011476	0.532564	0.113002	
12-2000	0	0	1	0	1	25	0.723279	4.40484e-05	0.0316716	0.880538	20	0.978383	9.05253e-14	0.764825	8.57458e-05	74	1	0	1	0	4	0.649398	0.350602	0.152442	0.847558	166	1	0	1	0	8	0.9863	6.36312e-06	-0.089702	0.832709	105	1	0	1	0	0	0	1	0	1	12	0.74379	0.00554876	0.662228	0.0189631	2	1	-nan	-1	-nan	4	0.246543	0.753457	-0.0490848	0.950915	11	0.978527	1.76833e-07	0.385172	0.242085	71	1	0	1	1.32538e-315	4	0.943674	0.0563256	-0.560932	0.439068	8	0.943729	0.000426865	0.598053	0.117341	
1-2001	0	0	1	0	1	32	0.658682	4.15567e-05	0.601658	0.000270011	14	0.88545	2.53743e-05	0.610267	0.020465	77	1	0	1	0	6	0.96857	0.00146626	0.0583903	0.912514	270	1	0	1	0	6	0.995116	3.57232e-05	-0.326711	0.52737	240	1	0	1	0	0	0	1	0	1	9	0.627559	0.0704008	0.356569	0.346231	2	1	-nan	1	-nan	3	-0.880577	0.31431	-0.772605	0.437907	8	0.945277	0.000393057	-0.160603	0.704007	48	1	7.13404e-221	1	3.1113e-207	8	0.97807	2.59351e-05	-0.0487919	0.90866	8	0.990912	1.86356e-06	0.692246	0.0570861	
2-2001	0	0	1	0	1	22	0.678786	0.00051446	0.509401	0.0154556	18	0.940446	6.59456e-09	0.727646	0.000620032	93	1	0	1	0	6	0.882608	0.0198623	-0.0596873	0.910575	225	1	0	1	0	6	0.970237	0.00131558	-0.449092	0.371649	180	1	0	1	0	0	0	1	0	1	14	0.82827	0.000253015	0.88393	2.737e-05	2	1	-nan	-1	-nan	1	-nan	-nan	-nan	-nan	9	0.964916	2.5733e-05	-0.203534	0.599413	57	1	2.24306e-252	1	4.41953e-228	8	0.816847	0.013327	0.181976	0.666254	10	0.79694	0.00577469	-0.132609	0.714966	
3-2001	6	0.730564	0.0991136	-0.706719	0.116407	18	0.73792	0.000472474	0.866708	3.27019e-06	15	0.887919	9.92228e-06	0.4286	0.110934	96	1	0	1	0	7	0.989336	2.24292e-05	-0.0756389	0.871958	189	1	0	1	0	6	0.984786	0.000345421	0.459686	0.359039	136	1	0	1	0	0	0	1	0	1	8	0.331013	0.423197	0.473639	0.235805	2	1	-nan	1	-nan	0	0	1	0	1	11	0.707929	0.0147878	0.146983	0.66628	65	1	7.96743e-304	1	8.42328e-272	7	0.860812	0.0128613	-0.269435	0.559014	10	0.893062	0.000501943	-0.0612202	0.866582	
4-2001	10	0.929929	9.68598e-05	0.110219	0.761803	19	0.482914	0.0362289	0.188508	0.439597	13	0.845483	0.000272083	0.647386	0.0167524	81	1	0	1	0	6	0.846427	0.033566	0.499607	0.312943	221	1	0	1	0	5	0.919426	0.0271212	0.561129	0.325049	120	1	0	1	0	0	0	1	0	1	14	0.331834	0.246429	0.281397	0.329751	3	0.99649	0.0533563	0.79631	0.413565	0	0	1	0	1	12	0.97345	9.93686e-08	-0.355233	0.257156	48	1	2.08564e-224	1	4.15876e-192	11	0.976865	2.46688e-07	0.00624089	0.985471	7	0.981588	8.74759e-05	0.144381	0.757438	
5-2001	11	0.99947	1.06048e-14	-0.255515	0.448253	24	0.708939	0.000105327	0.241994	0.254591	21	0.903011	2.11426e-08	0.605226	0.00364846	95	1	0	1	0	6	0.784857	0.0644508	0.415513	0.4126	267	1	0	1	0	10	0.95101	2.37492e-05	0.579404	0.0791921	67	1	0	1	0	0	0	1	0	1	13	0.243996	0.421771	0.152169	0.619698	2	1	-nan	-1	-nan	1	0.956898	-nan	0.869377	-nan	13	0.838877	0.00033798	-0.0946979	0.75829	60	1	8.37089e-258	1	1.10249e-226	8	0.895097	0.00266375	-0.0434874	0.918564	9	0.704128	0.0342295	-0.249224	0.517836	
6-2001	10	0.940265	5.18092e-05	-0.26983	0.450878	32	0.70622	6.29402e-06	0.781813	1.26985e-07	21	0.933311	6.79541e-10	0.588733	0.00498866	101	1	0	1	0	5	0.984392	0.00233524	0.904748	0.0347807	319	1	0	1	0	6	0.845691	0.0338798	0.442092	0.380064	34	1	9.23784e-227	1	6.05399e-222	0	0	1	0	1	13	0.57687	0.0390147	-0.138989	0.65066	3	0.999995	0.00192919	-0.100589	0.935854	9	0.613634	0.0788105	0.840746	0.00452502	6	0.835406	0.0384072	0.0319584	0.952079	48	1	2.07076e-209	1	8.49558e-168	10	0.968521	4.13585e-06	0.669341	0.0342719	6	0.891788	0.0169311	-0.88165	0.0201814	
7-2001	14	0.934781	9.64409e-07	0.402334	0.153822	28	0.653367	0.000163432	0.314389	0.103236	15	0.711064	0.00295845	0.389202	0.151608	99	1	0	1	0	5	0.986974	0.00178114	0.683441	0.203345	347	1	0	1	0	5	0.780118	0.119605	0.0646613	0.917728	24	1	1.35347e-101	1	2.76362e-91	0	0	1	0	1	20	0.788698	3.59698e-05	-0.216067	0.360225	2	1	-nan	-1	-nan	8	0.112781	0.790322	0.533794	0.173006	7	0.986257	4.2212e-05	0.67133	0.0986887	60	1	8.79898e-259	1	2.48209e-218	10	0.971029	2.97618e-06	0.338507	0.338691	8	0.931788	0.000753414	0.43144	0.28583	
8-2001	12	0.899972	6.65358e-05	-0.751755	0.00480823	28	0.818369	1.03588e-07	0.631664	0.000312022	15	0.958453	1.86417e-08	0.729014	0.00204585	97	1	0	1	0	5	0.953357	0.0120075	0.888595	0.0438831	275	1	0	1	0	4	0.774552	0.225448	-0.177695	0.822305	16	1	4.3219e-68	5.92305e-12	1	0	0	1	0	1	22	0.662125	0.000788277	-0.224055	0.316157	2	1	-nan	-1	-nan	8	0.402148	0.323324	0.0266239	0.950104	8	0.96086	0.000145534	0.433684	0.283049	56	1	2.68709e-241	1	2.31417e-205	11	0.860429	0.000675882	0.254478	0.450161	7	0.986307	4.18281e-05	0.527956	0.223216	
9-2001	9	0.925992	0.000337556	-0.46414	0.208183	24	0.565843	0.00395187	0.428906	0.0364979	12	0.961674	6.10629e-07	0.739727	0.00595804	85	1	0	1	0	5	0.791266	0.110824	-0.70442	0.184114	245	1	0	1	0	6	0.966837	0.00163149	0.474494	0.341674	0	0	1	0	1	0	0	1	0	1	20	0.768125	7.65046e-05	-0.138367	0.560728	2	1	-nan	-1	-nan	11	0.381126	0.247489	0.223448	0.508956	13	0.984916	9.91844e-10	0.256176	0.398211	57	1	1.42263e-232	1	2.23942e-202	9	0.95448	6.33658e-05	0.627525	0.0704206	6	0.976921	0.000792831	0.526867	0.282826	
10-2001	5	0.929092	0.0224234	0.525836	0.362765	18	0.840287	1.27324e-05	0.474255	0.0467618	13	0.934821	2.81879e-06	0.657156	0.0146643	81	1	0	1	0	6	0.682726	0.135026	0.0283732	0.957452	363	1	0	1	0	4	0.998464	0.0015364	0.306197	0.693803	24	1	8.97658e-99	1	2.70464e-85	0	0	1	0	1	22	0.62834	0.0017386	0.667131	0.000695323	2	1	-nan	-1	-nan	9	0.905882	0.000767293	0.817368	0.0071337	11	0.969625	8.31273e-07	-0.0268234	0.937602	66	1	2.88312e-280	1	1.94255e-255	10	0.918566	0.000174224	0.310163	0.383107	5	0.987433	0.00168792	0.125249	0.840946	
11-2001	8	0.971021	5.95252e-05	-0.220776	0.599299	16	0.931096	1.64589e-07	0.210123	0.434746	13	0.957349	2.85844e-07	0.561599	0.0457983	87	1	0	1	0	7	0.951096	0.000989318	-0.550304	0.200551	344	1	0	1	0	7	0.998365	2.07564e-07	-0.0732631	0.875958	16	1	1.64967e-67	-6.21131e-12	1	0	0	1	0	1	21	0.57858	0.00600026	0.459892	0.0359391	4	0.999558	0.000441624	-0.111461	0.888539	12	0.52661	0.078578	0.594445	0.0415047	12	0.982058	1.42101e-08	0.425448	0.167943	63	1	2.33569e-279	1	2.96872e-242	10	0.850152	0.00183345	-0.216753	0.547509	11	0.973345	4.64259e-07	0.299009	0.371744	
12-2001	6	0.54487	0.263576	-0.793901	0.059338	15	0.827017	0.000142847	0.607037	0.0164052	11	0.840625	0.00119162	0.620556	0.0416294	81	1	0	1	0	6	0.990942	0.000122694	-0.105746	0.841973	274	1	0	1	0	4	0.82515	0.17485	-0.845842	0.154158	115	1	0	1	0	0	0	1	0	1	12	0.640022	0.0249857	0.581663	0.047267	4	0.916508	0.083492	-0.655937	0.344063	10	0.55812	0.0936099	0.637683	0.0473063	7	0.991423	1.30258e-05	0.79611	0.0321945	78	1	0	1	2.22265e-297	10	0.97694	1.20318e-06	0.0582029	0.873112	5	0.990396	0.00112812	0.656566	0.228745	
1-2002	2	0.992929	-nan	0.708097	-nan	22	0.543808	0.00889479	0.117277	0.603227	28	0.531352	0.00361866	0.383214	0.0441235	96	1	0	1	0	7	0.946989	0.0012076	-0.627275	0.131585	424	1	0	1	0	9	0.985013	1.33733e-06	-0.0320772	0.934709	149	1	0	1	0	0	0	1	0	1	11	0.573868	0.0648846	0.775982	0.00499172	3	0.778866	0.43159	-0.51708	0.654038	10	0.501881	0.139384	0.748038	0.012841	13	0.857007	0.00018183	0.485716	0.0924286	48	1	7.77252e-220	1	6.65965e-201	9	0.911264	0.000627795	-0.384003	0.307579	8	0.900814	0.00226161	0.563126	0.14612	
2-2002	4	0.950156	0.049844	0.919486	0.0805136	23	0.519044	0.0111521	0.711757	0.000139655	28	0.81257	1.50483e-07	0.438947	0.0194491	112	1	0	1	0	4	0.987304	0.0126956	0.18907	0.81093	338	1	0	1	0	10	0.802121	0.00524256	-0.840396	0.00233054	117	1	0	1	0	0	0	1	0	1	11	0.552058	0.0782635	0.642575	0.0329908	5	0.897218	0.0389403	-0.525441	0.363193	8	0.929805	0.00081981	0.388436	0.341626	12	0.895965	8.0411e-05	0.0646399	0.841808	81	1	0	1	0	9	0.17395	0.654446	0.370256	0.326663	7	0.348241	0.443994	0.400084	0.373824	
3-2002	9	0.987178	7.76184e-07	-0.077917	0.84207	25	0.326451	0.111233	0.588449	0.00197371	26	0.782337	2.33973e-06	0.49688	0.00981521	108	1	0	1	0	6	0.847929	0.0329298	0.0463694	0.930496	385	1	0	1	0	12	0.590831	0.0430804	-0.111124	0.730985	174	1	0	1	0	0	0	1	0	1	13	0.795398	0.00115044	0.644737	0.0173551	5	0.98361	0.00251254	-0.713133	0.176288	7	0.983	7.17153e-05	0.708222	0.0749193	12	0.928201	1.33095e-05	-0.0615336	0.849331	78	1	0	1	4.4345e-313	6	0.965008	0.00181523	0.153344	0.771787	6	0.65837	0.155131	0.0184703	0.972298	
4-2002	10	0.925834	0.00012095	-0.227525	0.527265	24	0.939817	9.77094e-12	0.618132	0.00128588	42	0.547126	0.000177238	0.584079	4.8903e-05	96	1	0	1	0	6	0.994526	4.48633e-05	0.338262	0.511959	510	1	0	1	0	9	0.886033	0.00146941	0.249956	0.516566	93	1	0	1	0	0	0	1	0	1	15	0.678867	0.00538856	0.323375	0.239715	5	0.985297	0.00213552	-0.266769	0.664412	9	0.593148	0.0922703	-0.273489	0.476422	12	0.841829	0.000594049	-0.188668	0.557043	60	1	1.24547e-260	1	1.79919e-245	8	0.996756	8.51223e-08	-0.0458209	0.914206	5	0.579023	0.306331	-0.589586	0.295416	
5-2002	9	0.996507	8.26491e-09	-0.274554	0.474636	30	0.755072	1.42174e-06	0.377503	0.039724	53	0.459973	0.000529802	0.490465	0.000192812	105	1	0	1	0	6	0.854452	0.0302348	0.674503	0.141679	643	1	0	1	0	10	0.833947	0.0027083	0.545562	0.102851	67	1	0	1	0	0	0	1	0	1	13	0.234905	0.439801	0.27407	0.364867	4	0.987256	0.0127444	0.657992	0.342008	9	0.835538	0.00503741	0.156378	0.68785	10	0.971278	2.87591e-06	-0.279736	0.433756	60	1	7.62209e-249	1	4.71486e-227	11	0.994818	3.01649e-10	-0.186696	0.582551	5	0.989278	0.00133053	0.851821	0.0669295	
6-2002	11	0.967317	1.15195e-06	-0.174471	0.607895	34	0.670592	1.42789e-05	0.567766	0.00046137	45	0.3969	0.00694575	0.511112	0.000333413	95	1	0	1	0	6	0.819899	0.0457339	0.217256	0.679243	462	1	0	1	0	7	0.431941	0.333161	0.819881	0.023939	0	0	1	0	1	0	0	1	0	1	16	0.329209	0.2131	-0.271065	0.309875	3	0.99828	0.0373482	0.372483	0.757013	11	-0.00703188	0.983629	-0.301944	0.366837	11	0.995017	2.53057e-10	0.588293	0.0569417	51	1	3.48074e-195	1	1.90161e-170	10	0.949285	2.72173e-05	-0.373664	0.287495	8	0.996943	7.12566e-08	0.0930966	0.82645	
7-2002	17	0.912014	3.4347e-07	-0.149125	0.567841	37	0.757535	5.70467e-08	0.566357	0.00025821	45	0.869325	9.54557e-15	0.292906	0.0508617	95	1	0	1	0	6	0.960604	0.0022975	-0.0470465	0.929482	474	1	0	1	0	6	0.907402	0.0124645	-0.0430819	0.935417	0	0	1	0	1	0	0	1	0	1	19	0.59239	0.00752801	-0.325366	0.174057	4	0.985388	0.014612	-0.202737	0.797263	13	0.0274086	0.929177	0.349141	0.242298	13	0.923767	6.52917e-06	0.217205	0.475959	63	1	3.72602e-288	1	1.81662e-239	12	0.953662	1.55626e-06	0.207504	0.517549	15	0.865238	3.10566e-05	-0.0682917	0.808913	
8-2002	11	0.977911	2.00627e-07	-0.0612368	0.85805	33	0.685486	1.073e-05	0.58704	0.000329207	34	0.868739	2.7413e-11	0.566838	0.000473638	81	1	0	1	0	7	0.914189	0.0039541	-0.284527	0.536283	412	1	0	1	0	0	0	1	0	1	0	0	1	0	1	0	0	1	0	1	21	0.847855	1.21773e-06	-0.2072	0.36748	3	0.948626	0.204947	-0.231133	0.851513	11	0.396423	0.22742	0.130203	0.702779	13	0.973691	2.0692e-08	-0.0255408	0.933993	68	1	1.49124e-287	1	1.1612e-249	14	0.976672	2.21285e-09	0.241135	0.406265	13	0.639229	0.0186598	0.429776	0.142725	
9-2002	6	0.995553	2.96213e-05	0.226869	0.665535	32	0.489485	0.00446462	0.687634	1.3724e-05	39	0.457166	0.00343473	0.0501843	0.761589	93	1	0	1	0	6	0.735895	0.0954164	-0.699584	0.121818	455	1	0	1	0	6	0.918816	0.0096188	0.189437	0.719244	0	0	1	0	1	0	0	1	0	1	16	0.940036	6.37356e-08	0.0180363	0.947141	3	0.99996	0.00568624	0.921894	0.253282	9	0.767116	0.0158443	0.552869	0.122616	14	0.915656	4.32504e-06	0.246816	0.394949	69	1	2.12778e-282	1	2.1802e-257	9	0.970062	1.48457e-05	0.250386	0.51582	11	0.868393	0.000525124	0.605813	0.0482189	
10-2002	3	0.828276	0.378644	-0.541605	0.635633	34	0.803385	1.07042e-08	0.601044	0.000170608	33	0.661383	2.78267e-05	0.115843	0.52089	87	1	0	1	0	6	0.74713	0.0878301	-0.561238	0.246534	477	1	0	1	0	9	0.93564	0.000209024	0.365233	0.333778	0	0	1	0	1	0	0	1	0	1	20	0.832423	5.29549e-06	0.262638	0.263266	3	0.976989	0.136835	-0.611832	0.580866	12	0.374432	0.230472	0.111033	0.731196	10	0.926156	0.000118912	-0.250225	0.485636	57	1	9.10649e-242	1	3.53529e-217	14	0.748211	0.00208501	0.351407	0.217939	10	0.820258	0.00365338	-0.157628	0.663629	
11-2002	0	0	1	0	1	28	0.424756	0.0242578	0.623001	0.000398562	33	0.848089	4.6577e-10	0.210549	0.239549	96	1	0	1	0	5	0.956953	0.0106516	-0.561952	0.324182	394	1	0	1	0	6	0.994312	4.84462e-05	0.139348	0.792331	12	1	7.875e-100	0.166583	0.604845	0	0	1	0	1	17	0.743047	0.000631646	0.642595	0.00540366	4	0.923575	0.0764254	-0.0884274	0.911573	15	0.737423	0.00170452	-0.194915	0.486344	11	0.982503	7.07633e-08	-0.127146	0.709493	53	1	3.2516e-211	1	1.32888e-187	16	0.470096	0.0661416	0.0458628	0.866066	13	0.935509	2.66246e-06	0.41924	0.153872	
12-2002	1	-nan	-nan	-nan	-nan	32	0.589589	0.000383804	0.48216	0.00519755	20	0.208936	0.376674	0.183378	0.439	107	1	0	1	0	6	0.922456	0.00878637	-0.0407253	0.938946	452	1	0	1	0	6	0.829716	0.0410263	-0.0270711	0.959403	77	1	0	1	0	0	0	1	0	1	11	0.709396	0.0144906	0.762203	0.00639058	6	0.975506	0.000892619	-0.350468	0.495822	13	0.893685	3.8333e-05	0.0616625	0.841392	12	0.980365	2.22417e-08	0.465544	0.127202	78	1	0	1	0	11	0.942092	1.45662e-05	0.513993	0.10579	13	0.983349	1.70289e-09	0.409588	0.164566	
1-2003	0	0	1	0	1	37	0.731806	2.65671e-07	0.411553	0.0113829	52	0.879751	9.07867e-18	0.557231	1.78058e-05	122	1	0	1	0	6	0.74149	0.0916034	-0.582773	0.224802	517	1	0	1	0	6	0.923661	0.00851907	-0.00450164	0.993248	192	1	0	1	0	0	0	1	0	1	9	0.488338	0.182269	0.490793	0.179747	4	0.979406	0.020594	-0.557291	0.442709	14	0.643949	0.0129435	-0.333747	0.24355	13	0.870607	0.000107851	0.308343	0.305372	57	1	6.28332e-248	1	9.12633e-215	11	0.533269	0.0911691	-0.643524	0.0326495	20	0.970656	1.37745e-12	0.434364	0.0556583	
2-2003	3	0.997869	0.0415636	-0.845682	0.358388	36	0.815334	1.40154e-09	0.472303	0.00363208	51	0.926126	2.18436e-22	0.23045	0.103753	102	1	0	1	0	5	0.992788	0.000734404	0.247212	0.688476	543	1	0	1	0	9	0.785642	0.0120885	-0.0184048	0.962517	137	1	0	1	0	0	0	1	0	1	13	0.730189	0.00459623	0.727587	0.00481872	4	0.994158	0.00584205	0.506494	0.493506	11	0.994417	4.214e-10	0.707678	0.0148391	13	0.985114	9.22669e-10	-0.0966509	0.753443	66	1	9.37432e-289	1	9.30254e-255	12	0.496019	0.100988	-0.0562086	0.862255	12	0.992467	1.88597e-10	0.198365	0.536557	
3-2003	6	0.926221	0.00796411	0.199478	0.704752	27	0.449669	0.0186097	0.620029	0.000561333	54	0.756459	3.7043e-11	0.21997	0.109984	102	1	0	1	0	5	0.750108	0.144202	0.221207	0.720665	587	1	0	1	0	8	0.923849	0.00104192	0.0291777	0.945323	102	1	0	1	0	0	0	1	0	1	10	0.496965	0.143932	0.530053	0.115033	6	0.974079	0.000999174	-0.661136	0.152788	14	0.968536	1.3088e-08	0.0684741	0.816079	12	0.996801	2.62346e-12	-0.647715	0.0227616	90	1	0	1	0	11	0.745391	0.00846332	-0.0285534	0.933585	15	0.948142	7.6807e-08	-0.304568	0.269706	
4-2003	14	0.898404	1.27134e-05	-0.392031	0.165643	41	0.578875	7.34211e-05	0.471853	0.00184267	65	0.557018	1.44311e-06	0.344216	0.00499021	96	1	0	1	0	6	0.72265	0.104717	-0.0434127	0.934922	538	1	0	1	0	7	0.819671	0.0240058	0.198723	0.669259	69	1	0	1	2.56063e-314	0	0	1	0	1	10	0.685082	0.0288064	0.634659	0.0487015	5	0.996487	0.000249799	-0.604098	0.280591	12	0.79922	0.00181431	0.466085	0.126702	14	0.957993	7.24397e-08	-0.533439	0.0494774	90	1	0	1	0	8	0.802562	0.0165046	0.488415	0.219438	13	0.871103	0.000105701	-0.296303	0.325607	
5-2003	5	0.952377	0.012386	-0.599599	0.285165	43	0.880592	7.0389e-15	0.468281	0.00154093	60	0.607102	2.70906e-07	0.255782	0.0485468	90	1	0	1	0	6	0.742622	0.0908406	-0.568043	0.239581	585	1	0	1	0	0	0	1	0	1	43	1	3.68631e-236	1	2.06e-224	0	0	1	0	1	16	0.418963	0.106257	0.202218	0.45261	4	0.97844	0.0215599	-0.914938	0.0850624	6	0.965842	0.00173022	0.443046	0.378913	12	0.934432	8.54381e-06	-0.0426283	0.895348	57	1	1.3916e-252	1	8.44843e-222	13	0.615421	0.0251561	0.133076	0.664722	15	0.883637	1.2526e-05	-0.353095	0.196717	
6-2003	8	0.66931	0.0694675	0.379405	0.353935	49	0.920293	8.75736e-21	0.396989	0.00473895	61	0.590463	5.47819e-07	0.219075	0.0898279	87	1	0	1	0	7	0.941425	0.00154515	0.326915	0.474188	572	1	0	1	0	6	-0.157069	0.766335	0.246597	0.637602	8	1	3.32406e-33	-nan	-nan	0	0	1	0	1	25	0.538151	0.00552107	-0.332802	0.104047	5	0.982934	0.0026695	-0.390047	0.516274	11	0.995043	2.47038e-10	0.458778	0.155799	14	0.860089	7.95601e-05	-0.558225	0.0380228	65	1	5.02931e-267	1	7.78244e-231	22	0.935892	1.6215e-10	-0.0796961	0.724426	12	0.684358	0.0140932	0.570093	0.0529494	
7-2003	14	0.991664	4.75834e-12	-0.34348	0.229218	42	0.66067	1.92233e-06	0.294715	0.0581385	57	0.714965	4.17069e-10	0.224623	0.0929893	95	1	0	1	0	6	0.748951	0.086627	-0.516972	0.293625	605	1	0	1	0	5	0.969824	0.00626387	0.183438	0.767755	7	1	1.57574e-27	-nan	-nan	0	0	1	0	1	27	0.167771	0.402892	-0.590824	0.0011751	6	0.97319	0.00106856	0.447761	0.373244	14	0.682302	0.00717897	0.420712	0.134146	14	0.946038	3.17161e-07	0.300108	0.297185	88	1	0	1	0	14	0.947025	2.84504e-07	0.380469	0.179597	11	0.940833	1.60171e-05	0.396702	0.227063	
8-2003	12	0.787819	0.00234258	-0.697853	0.011619	39	0.601697	5.08563e-05	0.451206	0.00393909	57	0.777306	1.16081e-12	0.407045	0.00167615	95	1	0	1	0	6	0.911837	0.0113164	-0.859166	0.0283548	558	1	0	1	0	5	0.978815	0.00368969	-0.237259	0.700771	7	1	6.33827e-30	-3.11097e-11	1	0	0	1	0	1	27	0.570774	0.00187664	-0.503318	0.00744549	8	0.997282	5.00732e-08	0.929477	0.000831149	11	0.87665	0.000397213	0.307832	0.357095	14	0.979251	1.10163e-09	0.832091	0.000223009	87	1	0	1	0	12	0.956978	1.07975e-06	0.454364	0.137835	14	0.965225	2.36855e-08	0.0910018	0.757022	
9-2003	10	0.959512	1.11952e-05	-0.185494	0.607908	41	0.510358	0.000651933	0.532623	0.000337338	50	0.825181	1.70598e-13	0.608056	2.81808e-06	97	1	0	1	0	8	0.778213	0.0229384	0.263225	0.528778	553	1	0	1	0	6	0.989553	0.000163125	0.17512	0.740005	0	0	1	0	1	0	0	1	0	1	25	0.843017	1.22911e-07	-0.0703021	0.738434	5	0.994296	0.000516638	-0.0493127	0.937239	13	0.676872	0.0110523	0.785757	0.00145271	17	0.948767	6.63005e-09	0.567637	0.0174658	78	1	1.16105e-320	1	1.38786e-287	13	0.547282	0.0528925	0.437522	0.134877	12	0.98927	1.10003e-09	0.188968	0.556404	
10-2003	10	0.933941	7.68887e-05	-0.597122	0.0683519	30	0.570242	0.00100191	0.291298	0.118335	34	0.60493	0.000150798	0.455155	0.00683578	88	1	0	1	0	8	0.975222	3.73292e-05	0.189018	0.653943	447	1	0	1	0	7	0.991223	1.37948e-05	0.24953	0.589449	0	0	1	0	1	0	0	1	0	1	18	0.502585	0.0335284	0.0196538	0.938302	4	0.990526	0.00947398	0.241426	0.758574	12	0.448637	0.143497	0.377616	0.226214	16	0.978397	5.56188e-11	0.106031	0.695928	64	1	2.0987e-268	1	7.30879e-230	8	0.645107	0.0841137	0.391322	0.337735	11	0.978173	1.90239e-07	0.547603	0.0812062	
11-2003	5	0.907668	0.0332091	-0.419611	0.481856	32	0.51874	0.00235153	0.341576	0.055701	28	0.663891	0.000117246	0.695772	3.94362e-05	96	1	0	1	0	7	0.895295	0.00643525	0.204845	0.659494	303	1	0	1	0	6	0.995644	2.84269e-05	0.246874	0.637212	21	1	1.72711e-138	1	4.11276e-129	0	0	1	0	1	16	0.787226	0.000295306	0.558198	0.0246311	4	0.883469	0.116531	0.0716099	0.92839	13	0.820867	0.000583519	0.563605	0.0448621	11	0.98376	5.06889e-08	0.519516	0.101455	146	1	0	1	0	8	0.38942	0.340298	-0.0637203	0.880847	9	0.964833	2.59446e-05	-0.080371	0.837148	
12-2003	6	0.938643	0.0055315	0.357463	0.486644	28	0.531208	0.00362954	0.501701	0.00652675	24	0.594377	0.00219226	0.485895	0.0160742	89	1	0	1	0	5	0.874625	0.0522768	0.382002	0.525723	350	1	0	1	0	5	0.957329	0.0105132	-0.899129	0.0378702	85	1	0	1	0	0	0	1	0	1	9	0.491536	0.178989	0.138524	0.722275	4	0.57626	0.42374	-0.938915	0.0610847	8	0.351526	0.393173	-0.240755	0.565725	11	0.990543	4.49125e-09	0.26193	0.436533	108	1	0	1	0	9	0.270441	0.481546	-0.0874403	0.822999	13	0.980095	4.5164e-09	-0.365652	0.219204	
1-2004	2	1	-nan	-1	-nan	22	0.859381	3.01424e-07	0.769432	2.84058e-05	44	0.851503	2.38762e-13	0.482979	0.000897978	83	1	0	1	0	6	0.826541	0.0425226	0.0119322	0.982103	548	1	0	1	0	8	0.705477	0.0505926	-0.234567	0.576053	155	1	0	1	0	0	0	1	0	1	14	0.673495	0.00827871	0.114439	0.696868	4	0.989726	0.0102743	-0.47364	0.52636	9	0.427997	0.250462	-0.728225	0.0260967	12	0.974636	7.92295e-08	0.0310203	0.923759	88	1	0	1	0	8	0.767001	0.0263542	0.278154	0.504737	10	0.990434	3.62151e-08	-0.174433	0.629828	
2-2004	7	0.98273	7.45812e-05	-0.234054	0.61345	22	0.153122	0.496306	0.493153	0.0196942	42	0.743679	1.67425e-08	0.612233	1.64209e-05	85	1	0	1	0	7	0.853691	0.0145116	-0.366113	0.41927	577	1	0	1	0	6	0.225108	0.668042	-0.719146	0.107241	115	1	0	1	0	0	0	1	0	1	13	0.232198	0.445243	0.303692	0.313102	3	0.997225	0.0474353	-0.412616	0.72923	9	0.972167	1.15258e-05	0.0904106	0.817067	14	0.9394	6.26996e-07	0.608816	0.0208501	122	1	0	1	0	9	0.0240126	0.951106	-0.312612	0.412763	12	0.992399	1.97331e-10	0.0337793	0.916998	
3-2004	7	0.986501	4.03734e-05	-0.119564	0.79847	14	0.642252	0.013262	0.312532	0.276636	50	0.572045	1.4255e-05	0.251066	0.0786299	109	1	0	1	0	7	0.86428	0.0120986	-0.236716	0.609303	499	1	0	1	0	7	0.541526	0.209316	0.0621444	0.894704	135	1	0	1	0	0	0	1	0	1	9	0.633998	0.0667109	0.582475	0.099805	4	0.991709	0.00829079	-0.597117	0.402883	5	0.617161	0.26742	0.519659	0.36947	14	0.887934	2.23715e-05	0.553855	0.039884	118	1	0	1	0	7	0.430713	0.334692	0.201417	0.664958	12	0.966687	3.05516e-07	0.188952	0.556437	
4-2004	9	0.939146	0.00017241	-0.672722	0.0470809	26	0.713995	4.20076e-05	0.665725	0.00020581	51	0.802942	1.36286e-12	0.316376	0.0237091	107	1	0	1	0	8	0.902097	0.00217711	-0.77879	0.0227706	696	1	0	1	0	9	0.558161	0.11833	0.00850849	0.982668	65	1	0	1	1.37449e-320	0	0	1	0	1	9	0.786243	0.0119778	0.47136	0.200249	4	0.98911	0.0108901	-0.560506	0.439494	7	0.990873	1.52123e-05	0.701832	0.0787879	14	0.915943	4.24027e-06	-0.243791	0.400953	98	1	0	1	0	3	0.940755	0.220236	-0.993976	0.0699101	11	0.925733	4.35684e-05	-0.0565749	0.868773	
5-2004	4	0.973223	0.0267772	0.763273	0.236727	15	0.6984	0.00377865	0.343266	0.210344	62	0.921627	2.40107e-26	0.674576	1.83916e-09	105	1	0	1	0	8	0.825075	0.0116872	-0.288799	0.487857	763	1	0	1	0	11	0.885039	0.000292973	0.462248	0.152291	29	1	1.29937e-172	1	1.30273e-164	0	0	1	0	1	16	0.873714	9.77435e-06	0.0724114	0.789855	4	0.94175	0.0582502	-0.195138	0.804862	4	0.215822	0.784178	0.750854	0.249146	11	0.948981	8.32071e-06	0.495488	0.121185	74	1	0	1	1.00056e-299	9	0.93929	0.000171011	0.126104	0.746483	17	0.992112	6.05148e-15	0.328211	0.198389	
6-2004	9	0.996695	6.81299e-09	0.0955374	0.806847	29	0.686606	3.9079e-05	0.474547	0.00929519	60	0.919881	2.99592e-25	0.496318	5.50689e-05	89	1	0	1	0	7	0.978083	0.000134985	0.899808	0.00577856	639	1	0	1	0	0	0	1	0	1	0	0	1	0	1	0	0	1	0	1	16	0.505988	0.0455289	-0.370475	0.157788	4	0.997405	0.00259541	-0.323387	0.676613	5	0.137862	0.825026	0.732633	0.159133	10	0.950699	2.43495e-05	-0.421677	0.224841	86	1	0	1	0	11	0.832714	0.00146415	-0.30346	0.364316	17	0.990099	3.30767e-14	0.107957	0.680028	
7-2004	10	0.994245	4.76616e-09	-0.517485	0.125539	31	0.809011	3.62606e-08	0.598635	0.000374249	59	0.820908	1.71871e-15	0.482727	0.000107906	95	1	0	1	0	6	0.907688	0.0123889	0.716935	0.108848	606	1	0	1	0	5	0.939561	0.0176737	0.716431	0.173352	0	0	1	0	1	0	0	1	0	1	13	0.932098	3.51163e-06	-0.315787	0.293229	5	0.936497	0.0190258	-0.430706	0.46907	11	-0.00912871	0.978749	0.220877	0.513969	13	0.981972	2.62931e-09	0.833737	0.000397524	103	1	0	1	0	9	0.63791	0.0645292	-0.295768	0.439679	17	0.986992	2.53943e-13	0.499903	0.0410145	
8-2004	11	0.369051	0.264025	-0.823276	0.00184744	30	0.780582	3.62154e-07	0.69628	1.92759e-05	55	0.828548	5.84108e-15	0.565552	6.82137e-06	89	1	0	1	0	6	0.714842	0.110379	0.356754	0.487572	627	1	0	1	0	3	0.991774	0.0817128	0.530512	0.643999	0	0	1	0	1	0	0	1	0	1	11	0.919793	6.10551e-05	-0.568993	0.0677299	6	0.931609	0.00685606	-0.755243	0.0825276	16	0.818266	0.000106979	0.635181	0.00819694	14	0.971628	7.08455e-09	0.762712	0.00151165	123	1	0	1	0	13	0.821512	0.000572814	0.574816	0.039882	17	0.686503	0.00233801	0.473117	0.0550987	
9-2004	10	0.990255	3.90009e-08	-0.890029	0.000559233	28	0.79299	4.8604e-07	0.346537	0.0708335	51	0.924323	3.86221e-22	0.671426	6.93324e-08	90	1	0	1	0	9	0.877111	0.00189569	-0.291851	0.446046	540	1	0	1	0	3	0.998772	0.0315553	0.439776	0.710116	22	1	2.17571e-111	1	1.32499e-103	0	0	1	0	1	18	0.929771	2.38341e-08	-0.169431	0.501511	6	0.988885	0.000184641	-0.0828584	0.875997	12	0.552958	0.0622192	0.613843	0.0337387	16	0.952922	1.2131e-08	0.302352	0.255038	116	1	0	1	0	9	0.925689	0.000342313	0.251713	0.513523	16	0.950447	1.72479e-08	0.685816	0.00335765	
10-2004	5	0.978372	0.00380573	-0.135332	0.828217	33	0.731994	1.29179e-06	0.73554	1.07995e-06	49	0.655745	3.15355e-07	0.47944	0.000491218	93	1	0	1	0	10	0.912748	0.000227966	-0.445165	0.197318	529	1	0	1	0	3	0.999901	0.00894291	0.377223	0.753758	12	1	7.875e-100	-0.109488	0.734818	0	0	1	0	1	13	0.951107	5.98538e-07	0.387388	0.190943	4	0.986212	0.0137879	-0.526197	0.473803	10	0.451947	0.189757	0.810136	0.00448962	14	0.950861	1.82757e-07	0.606848	0.0213809	86	1	0	1	0	8	0.808428	0.0151481	0.0744606	0.860902	14	0.967693	1.53128e-08	0.547386	0.0427611	
11-2004	0	0	1	0	1	26	0.890884	1.06631e-09	0.782053	2.37285e-06	53	0.913835	1.32757e-21	0.711213	2.40069e-09	107	1	0	1	0	6	0.782264	0.0659521	-0.531106	0.278246	522	1	0	1	0	3	-0.298442	0.807066	0.702882	0.503793	29	1	1.72786e-178	1	4.52781e-166	0	0	1	0	1	13	0.704629	0.00716003	0.20143	0.509316	6	0.941654	0.00500709	-0.433211	0.390834	8	0.820735	0.0125352	0.82471	0.011757	16	0.963292	2.18541e-09	0.736376	0.00114213	106	1	0	1	0	9	0.096379	0.805172	0.45285	0.220932	15	0.98646	1.36366e-11	0.855006	4.87018e-05	
12-2004	0	0	1	0	1	31	0.897809	7.61495e-12	0.533928	0.00197753	55	0.942475	6.92119e-27	0.695322	3.84112e-09	95	1	0	1	0	9	0.982281	2.39639e-06	-0.290621	0.448054	466	1	0	1	0	3	0.489444	0.6744	-0.986131	0.106149	66	1	5.69164e-321	1	2.00941e-309	0	0	1	0	1	12	0.892028	9.61611e-05	-0.314324	0.319725	4	0.890681	0.109319	-0.848068	0.151932	14	0.891262	1.88093e-05	0.658901	0.010383	17	0.986976	2.56264e-13	0.742392	0.000642485	82	1	0	1	0	8	0.708704	0.0490802	-0.115351	0.785628	12	0.989986	7.79709e-10	0.908598	4.30223e-05	
1-2005	0	0	1	0	1	29	0.694764	2.89135e-05	0.558263	0.00164877	48	0.793466	1.75079e-11	0.698657	3.35533e-08	97	1	0	1	0	6	0.074972	0.887753	-0.627798	0.18202	529	1	0	1	0	6	0.232124	0.658068	-0.136121	0.79708	140	1	0	1	0	0	0	1	0	1	17	0.747077	0.000568294	0.0608719	0.816477	4	0.545006	0.454994	-0.322045	0.677955	12	0.645322	0.0234374	0.572751	0.0516035	17	0.974973	3.32018e-11	0.595095	0.0117338	88	1	0	1	0	8	0.412328	0.310042	0.00834884	0.984347	13	0.992496	2.16228e-11	0.387121	0.191275	
2-2005	1	-nan	-nan	-nan	-nan	21	0.892099	5.57169e-08	0.588852	0.0049777	46	0.850969	6.90502e-14	0.52106	0.000204999	93	1	0	1	0	5	0.295758	0.628994	0.194031	0.754511	494	1	0	1	0	4	0.225829	0.774171	-0.255114	0.744886	82	1	0	1	0	0	0	1	0	1	7	0.0643817	0.890929	0.69483	0.0831472	4	0.921331	0.0786694	-0.93535	0.0646499	9	0.989795	3.49999e-07	0.605515	0.083989	12	0.95973	7.79467e-07	0.534369	0.0734863	129	1	0	1	0	8	0.818117	0.013065	-0.472854	0.236691	15	0.993549	1.11979e-13	0.614343	0.0148219	
3-2005	8	0.969063	7.23183e-05	-0.560558	0.148375	28	0.264492	0.173793	0.40875	0.0308008	48	0.784215	4.30553e-11	0.325195	0.0241133	105	1	0	1	0	8	0.971558	5.63008e-05	0.0731918	0.863255	517	1	0	1	0	5	0.233373	0.70558	-0.890435	0.0428126	89	1	0	1	0	0	0	1	0	1	9	0.396575	0.290636	0.812585	0.00777059	4	0.998352	0.0016485	-0.964019	0.035981	10	0.971406	2.82562e-06	-0.0162949	0.964364	12	0.827625	0.000890433	0.441534	0.150725	124	1	0	1	0	10	0.859714	0.00142554	0.365589	0.298863	16	0.953588	1.09987e-08	0.24628	0.357842	
4-2005	10	0.955483	1.6281e-05	-0.88964	0.000566914	24	0.630076	0.000967403	0.771724	1.00501e-05	49	0.868057	6.74443e-16	0.48996	0.000352431	89	1	0	1	0	6	0.988879	0.000184838	-0.209841	0.689858	627	1	0	1	0	5	0.453988	0.442485	-0.323702	0.595165	36	1	1.40116e-167	1	1.99995e-158	0	0	1	0	1	11	0.256219	0.446959	0.359604	0.277386	3	0.999167	0.0259815	0.451386	0.701859	4	0.947657	0.0523434	-0.116709	0.883291	14	0.872868	4.60962e-05	0.190266	0.514704	141	1	0	1	0	7	0.993341	6.92609e-06	0.814724	0.0256141	15	0.847505	6.6324e-05	0.249939	0.368967	
5-2005	4	0.850098	0.149902	0.96565	0.0343498	29	0.79787	2.17456e-07	0.607065	0.000479679	67	0.961696	2.99488e-38	0.687493	1.31184e-10	83	1	0	1	0	7	0.980513	0.000100758	-0.347274	0.445347	665	1	0	1	0	6	0.527607	0.282025	0.213188	0.685062	44	1	2.5993e-258	1	5.66324e-246	0	0	1	0	1	13	0.392909	0.18415	0.339585	0.256305	4	0.995854	0.00414623	0.557871	0.442129	9	0.866043	0.0025349	0.465947	0.206181	10	0.92163	0.000150016	-0.901511	0.000364975	137	1	0	1	0	12	0.876972	0.000179921	0.391878	0.207723	15	0.9801	1.64116e-10	-0.619163	0.0138441	
6-2005	7	0.986553	3.99866e-05	0.310355	0.498129	38	0.777671	9.24771e-09	0.407914	0.0110155	64	0.91487	4.1699e-26	0.702114	1.01637e-10	99	1	0	1	0	6	0.997651	8.27283e-06	0.711467	0.112866	718	1	0	1	0	5	0.582522	0.302703	0.648952	0.23609	0	0	1	0	1	0	0	1	0	1	16	0.562934	0.0231867	-0.395021	0.129953	6	0.987687	0.00022648	-0.976098	0.000850125	11	0.978024	1.9609e-07	0.227409	0.501273	14	0.780003	0.000999878	-0.487633	0.0769317	135	1	0	1	0	11	0.853563	0.000830247	-0.154961	0.649146	15	0.893917	7.04441e-06	-0.534897	0.0399273	
7-2005	11	0.957778	3.5963e-06	-0.373825	0.257414	42	0.674504	9.68738e-07	0.219495	0.162516	61	0.91239	1.46206e-24	0.571643	1.49497e-06	87	1	0	1	0	6	0.967046	0.00161104	0.191916	0.71566	639	1	0	1	0	3	0.989622	0.0917954	0.556833	0.624032	0	0	1	0	1	0	0	1	0	1	17	0.845194	1.94396e-05	-0.461128	0.0624568	5	0.923606	0.0250543	-0.839969	0.0749774	13	0.544738	0.0542305	0.148514	0.628229	15	0.863315	3.38887e-05	0.545207	0.0355594	133	1	0	1	0	9	0.961823	3.44835e-05	0.254097	0.509406	16	0.858734	2.05502e-05	0.057271	0.833142	
8-2005	9	0.84737	0.00392651	-0.793279	0.0107329	32	0.743742	1.07241e-06	0.275054	0.127609	53	0.913626	1.40855e-21	0.545137	2.435e-05	87	1	0	1	0	6	0.904035	0.0133722	0.694069	0.126074	621	1	0	1	0	0	0	1	0	1	0	0	1	0	1	0	0	1	0	1	21	0.859965	5.81938e-07	-0.228502	0.319118	7	0.984625	5.58351e-05	-0.0330857	0.943863	12	0.637214	0.0258356	0.688823	0.0132353	16	0.983003	1.05064e-11	0.42402	0.101671	153	1	0	1	0	10	0.945607	3.58527e-05	0.380052	0.278669	18	0.928441	2.7576e-08	0.357403	0.14537	
9-2005	6	0.740487	0.0922819	-0.906272	0.0127658	31	0.569473	0.000826719	0.568494	0.00084795	53	0.875059	1.07006e-17	0.487059	0.000216888	71	1	0	1	0	7	0.978488	0.000128864	0.118499	0.800239	541	1	0	1	0	3	0.999177	0.0258321	0.465459	0.691778	0	0	1	0	1	0	0	1	0	1	18	0.965743	8.56418e-11	-0.212324	0.397635	4	0.980174	0.0198262	0.180684	0.819316	10	0.724039	0.0178987	0.591064	0.0719419	13	0.922789	6.99002e-06	0.546599	0.0532495	102	1	0	1	0	9	0.494816	0.17566	-0.407463	0.276361	16	0.919489	4.74256e-07	0.17631	0.513641	
10-2005	6	0.97341	0.0010511	0.371164	0.468821	34	0.665194	1.77119e-05	0.660353	2.14087e-05	43	0.687543	3.5228e-07	0.570301	6.53649e-05	105	1	0	1	0	5	0.252834	0.681546	-0.179444	0.772757	434	1	0	1	0	2	0.999991	-nan	0.656097	-nan	23	1	7.64178e-161	1	3.80151e-124	0	0	1	0	1	22	0.868116	1.64863e-07	0.253288	0.255393	5	0.967354	0.00704598	-0.721557	0.168815	5	0.954463	0.011585	0.869868	0.055239	11	0.963327	1.92309e-06	0.116337	0.733376	84	1	0	1	0	9	-0.185406	0.632947	-0.290991	0.447451	12	0.933607	9.08216e-06	0.00487142	0.988012	
11-2005	0	0	1	0	1	25	0.819817	5.31544e-07	0.73817	2.52898e-05	40	0.767738	7.43389e-09	0.515025	0.000672602	84	1	0	1	0	5	0.950196	0.0132422	0.116377	0.852159	421	1	0	1	0	5	0.98528	0.0021391	-0.614688	0.2699	33	1	1.53631e-225	1	1.0585e-211	0	0	1	0	1	16	0.852591	2.72136e-05	0.691802	0.00298767	5	0.938253	0.0182471	-0.835497	0.078087	6	0.877496	0.0215915	0.569401	0.238203	13	0.997248	8.77529e-14	0.455274	0.117982	132	1	0	1	0	12	0.466416	0.126397	0.137481	0.67005	16	0.975585	1.2999e-10	-0.328198	0.214593	
12-2005	0	0	1	0	1	17	0.486089	0.0478881	0.790386	0.000159322	42	0.792231	4.10122e-10	0.507693	0.000599189	83	1	0	1	0	5	0.913204	0.0302935	-0.793775	0.108876	398	1	0	1	0	3	-0.454033	0.69997	-0.946014	0.21014	78	1	0	1	0	0	0	1	0	1	12	0.774589	0.00309458	0.265929	0.403476	6	0.98883	0.000186442	-0.00270237	0.995946	7	-0.0640286	0.891524	0.701198	0.079178	13	0.985889	6.88513e-10	0.452333	0.120677	106	1	0	1	0	9	0.576472	0.104202	0.416793	0.264426	13	0.988759	1.98213e-10	0.724252	0.0051158	
1-2006	0	0	1	0	1	21	0.850734	1.0277e-06	0.369128	0.0996133	44	0.809594	2.86346e-11	0.7083	7.51119e-08	80	1	0	1	0	5	0.927022	0.0234052	0.569866	0.315874	438	1	0	1	0	4	0.9598	0.0401997	0.187955	0.812045	131	1	0	1	0	0	0	1	0	1	10	0.59217	0.0712776	-0.0273838	0.940143	5	0.981506	0.00301061	-0.23251	0.706649	5	0.280086	0.648103	-0.0110663	0.98591	14	0.951502	1.69156e-07	0.613197	0.0197038	123	1	0	1	0	10	0.856993	0.00153415	0.114089	0.753653	14	0.946819	2.91091e-07	0.594911	0.0248234	
2-2006	0	0	1	0	1	20	0.562395	0.00984603	0.59611	0.00553929	29	0.552116	0.00190109	0.221876	0.247367	97	1	0	1	0	6	0.996675	1.65605e-05	-0.572617	0.234952	463	1	0	1	0	4	0.875935	0.124065	0.547888	0.452112	69	1	1.00796e-295	1	3.13603e-296	0	0	1	0	1	9	-0.141367	0.716763	0.405779	0.278544	2	1	-nan	-1	-nan	4	0.2052	0.7948	0.438837	0.561163	13	0.905829	2.01508e-05	0.47436	0.101468	119	1	0	1	0	6	-0.117484	0.824584	-0.803349	0.054205	15	0.976255	5.12707e-10	0.781229	0.000584025	
3-2006	7	0.900602	0.00566717	-0.152314	0.744413	14	-0.0954524	0.745489	0.74984	0.00201316	39	0.635891	1.36021e-05	0.629448	1.76515e-05	97	1	0	1	0	7	0.978325	0.000131304	-0.0484133	0.917907	491	1	0	1	0	7	0.990788	1.55682e-05	-0.220262	0.635075	102	1	0	1	0	0	0	1	0	1	13	0.336164	0.261434	0.427657	0.144923	3	0.999421	0.0216669	0.994961	0.0639382	7	0.962794	0.000502644	0.708775	0.0745888	12	0.826561	0.000916491	0.217662	0.496773	106	1	0	1	0	5	0.886275	0.0452447	-0.985174	0.00216227	17	0.899525	8.95535e-07	0.365688	0.148883	
4-2006	12	0.974845	7.60425e-08	0.0827954	0.798096	23	0.50321	0.0143788	0.427037	0.042123	42	0.8578	3.97299e-13	0.684029	5.91518e-07	87	1	0	1	0	6	0.720983	0.105915	-0.143768	0.785834	482	1	0	1	0	4	0.989138	0.0108619	-0.847838	0.152162	64	1	7.70275e-309	1	1.52589e-305	0	0	1	0	1	17	0.283442	0.270266	0.248281	0.336614	5	0.980475	0.00326535	-0.122886	0.843931	6	0.99835	4.08021e-06	0.552291	0.255795	10	0.907434	0.00028688	-0.223988	0.533877	112	1	0	1	0	7	0.786072	0.0360947	-0.342016	0.45273	15	0.929792	5.26176e-07	-0.375466	0.167861	
5-2006	4	0.743221	0.256779	0.203118	0.796882	31	0.758038	7.847e-07	0.623559	0.0001785	52	0.854308	8.05498e-16	0.605006	2.02649e-06	87	1	0	1	0	5	0.953552	0.0119324	0.874313	0.0524694	614	1	0	1	0	5	0.822722	0.08718	0.0814326	0.896431	21	1	9.67202e-118	1	3.95909e-110	0	0	1	0	1	15	0.492674	0.0620628	0.288741	0.296618	6	0.979207	0.000643998	0.157244	0.766078	7	0.911948	0.00421214	0.434203	0.330349	12	0.993174	1.15401e-10	0.139509	0.665431	111	1	0	1	0	9	0.956716	5.32443e-05	-0.0751572	0.84761	13	0.978037	7.72937e-09	0.598733	0.030613	
6-2006	7	0.944432	0.00135663	-0.0908002	0.846487	41	0.913685	7.77841e-17	0.431739	0.0048236	58	0.887491	1.71315e-20	0.531367	1.773e-05	91	1	0	1	0	5	0.972718	0.00538706	0.363384	0.547719	708	1	0	1	0	0	0	1	0	1	8	1	5.47723e-31	-nan	-nan	0	0	1	0	1	22	0.666893	0.00069951	-0.354825	0.105156	4	0.964138	0.0358623	-0.3921	0.6079	14	0.917161	3.8951e-06	0.185245	0.526063	13	0.958489	2.46798e-07	-0.383802	0.195438	95	1	0	1	0	6	0.958887	0.00250063	0.426599	0.398919	13	0.980101	4.50871e-09	0.461212	0.112663	
7-2006	12	0.93826	6.36597e-06	0.411048	0.184366	33	0.761785	2.61299e-07	0.671215	1.90623e-05	53	0.863455	8.9061e-17	0.49639	0.000156665	87	1	0	1	0	4	0.816208	0.183792	-0.596624	0.403376	625	1	0	1	0	0	0	1	0	1	0	0	1	0	1	0	0	1	0	1	24	0.774819	8.78572e-06	-0.5409	0.00634866	5	0.964959	0.00783248	0.130525	0.834283	15	0.994217	5.50937e-14	0.110671	0.694577	13	0.99161	3.98903e-11	0.646846	0.0168741	78	1	0	1	1.82246e-319	8	0.914503	0.00146395	0.61027	0.108104	18	0.957951	4.3057e-10	0.570825	0.0133576	
8-2006	10	0.966241	5.45531e-06	-0.503357	0.138036	30	0.475467	0.00792032	0.837137	8.11349e-09	53	0.9056	1.23012e-20	0.435937	0.00110288	83	1	0	1	0	6	0.895237	0.0158879	-0.83146	0.040215	608	1	0	1	0	6	0.999756	8.91964e-08	0.384626	0.451512	0	0	1	0	1	0	0	1	0	1	24	0.547342	0.00563634	-0.763728	1.40926e-05	6	0.988105	0.000211378	0.260697	0.617814	8	0.964627	0.00010774	0.435363	0.280979	11	0.955318	4.62374e-06	0.670047	0.0240792	69	1	2.57431e-304	1	3.21809e-257	9	0.985095	1.312e-06	0.696242	0.0372101	16	0.8763	8.51712e-06	0.561666	0.0235667	
9-2006	7	0.978522	0.000128354	0.182149	0.695879	30	0.536977	0.00221679	0.618764	0.00026748	48	0.898672	4.45276e-18	0.580127	1.54864e-05	83	1	0	1	0	5	0.943157	0.0161293	-0.424337	0.4764	544	1	0	1	0	5	0.970931	0.0059236	-0.502677	0.388053	0	0	1	0	1	0	0	1	0	1	15	0.770578	0.000773652	-0.155659	0.579606	5	0.989599	0.0012713	0.844797	0.0716649	11	0.527161	0.0956483	0.57412	0.0647396	14	0.840975	0.000164249	-0.0188558	0.948987	99	1	0	1	0	7	0.765265	0.0449762	-0.0677574	0.885235	17	0.916829	2.28465e-07	0.388484	0.123312	
10-2006	6	0.998009	5.94501e-06	0.267524	0.608287	28	0.843592	1.72616e-08	0.419701	0.0261886	51	0.628327	7.95863e-07	0.545588	3.46613e-05	69	1	0	1	0	6	0.90806	0.0122908	0.548259	0.260011	553	1	0	1	0	4	0.995272	0.00472758	-0.955979	0.0440206	0	0	1	0	1	0	0	1	0	1	18	0.940146	6.85829e-09	0.258615	0.300108	5	0.995223	0.000396013	0.112457	0.857118	11	0.706935	0.0149917	0.475979	0.138897	13	0.861249	0.000155399	-0.236447	0.436718	81	1	0	1	1.77864e-322	7	0.416497	0.35263	-0.13014	0.780934	13	0.891801	4.2063e-05	0.395031	0.181579	
11-2006	4	0.959705	0.0402953	0.405563	0.594437	26	0.445492	0.022561	0.217447	0.28594	40	0.798834	6.50358e-10	0.733306	7.3769e-08	87	1	0	1	0	6	0.764255	0.076813	-0.220237	0.674986	423	1	0	1	0	3	0.999616	0.0176396	-0.455504	0.698918	14	1	2.33697e-77	-nan	-nan	0	0	1	0	1	16	0.107164	0.692823	0.782811	0.000336663	3	0.910331	0.271654	-0.864326	0.33549	10	0.600856	0.0661981	-0.372069	0.289721	10	0.857025	0.00153283	0.49916	0.141889	93	1	0	1	0	8	0.97994	1.98796e-05	0.29143	0.483719	15	0.995794	6.98808e-15	0.773831	0.000711085	
12-2006	1	-nan	-nan	-nan	-nan	13	0.800844	0.00100301	0.515556	0.0713446	25	0.850959	7.04921e-08	0.725181	4.11159e-05	87	1	0	1	0	6	0.681458	0.136042	-0.290896	0.575964	424	1	0	1	0	2	1	-nan	-1	-nan	21	1	2.13322e-111	1	3.41187e-102	0	0	1	0	1	6	0.439093	0.38369	0.510485	0.300787	2	1	-nan	1	-nan	11	0.305955	0.360184	0.574584	0.0644735	14	0.970743	8.50119e-09	0.539974	0.0462412	111	1	0	1	0	4	0.994308	0.00569212	-0.757381	0.242619	14	0.984836	1.6992e-10	0.657123	0.0106651	
1-2007	2	-nan	-nan	-1	-nan	18	0.962086	1.90595e-10	0.21718	0.386673	28	0.818775	1.00861e-07	0.816054	1.20424e-07	93	1	0	1	0	5	0.904903	0.0346971	0.457808	0.438155	401	1	0	1	0	8	0.932542	0.000729144	-0.210056	0.617577	50	1	4.75102e-248	1	4.91727e-235	0	0	1	0	1	12	0.389686	0.210503	0.176185	0.583871	4	0.975423	0.024577	-0.337177	0.662823	12	-0.130125	0.686891	0.501138	0.0969712	14	0.936168	8.50307e-07	0.218481	0.453013	109	1	0	1	0	4	0.961591	0.0384086	-0.854639	0.145361	15	0.992776	2.33385e-13	0.672578	0.0060086	
2-2007	3	0.760494	0.449914	0.978602	0.131933	18	0.629013	0.00516551	0.448278	0.0620735	30	0.4986	0.00504082	0.523307	0.00300296	87	1	0	1	0	4	0.548042	0.451958	0.929366	0.070634	356	1	0	1	0	8	0.720816	0.0436465	-0.701154	0.0526628	55	1	1.19105e-235	1	2.06268e-234	0	0	1	0	1	9	0.44905	0.225316	-0.215939	0.576831	5	0.997781	0.000125401	0.255429	0.678349	12	0.52357	0.0806363	0.485343	0.109718	13	0.928694	4.56536e-06	-0.307406	0.306921	81	1	0	1	0	6	0.889618	0.0176038	-0.26086	0.617585	17	0.954407	2.81063e-09	0.645151	0.00516435	
3-2007	5	0.185337	0.765379	0.177206	0.775561	28	0.620934	0.00042208	0.0829542	0.674731	31	0.502659	0.0039531	0.424185	0.0173955	99	1	0	1	0	6	0.931678	0.0068423	-0.177892	0.735977	508	1	0	1	0	7	0.754287	0.0500983	-0.0725122	0.877223	51	1	4.69767e-249	1	4.12343e-241	0	0	1	0	1	6	0.143839	0.78573	0.697276	0.123591	4	0.982802	0.0171978	-0.988624	0.0113759	12	0.642023	0.0243927	0.290483	0.359701	13	0.956451	3.19966e-07	0.244805	0.420186	96	1	0	1	0	9	0.979367	4.07167e-06	-0.335282	0.377762	14	0.960284	5.20024e-08	0.656902	0.0107007	
4-2007	15	0.427276	0.112162	0.0796343	0.777857	27	0.836508	5.47145e-08	0.479237	0.0114311	24	0.620626	0.00121284	0.679134	0.000263126	93	1	0	1	0	7	0.970011	0.000294337	-0.815935	0.0252149	505	1	0	1	0	8	0.597947	0.117422	-0.0826704	0.845698	42	1	1.3002e-208	1	3.72475e-197	0	0	1	0	1	4	0.783299	0.216701	0.665925	0.334075	5	0.968161	0.00678701	-0.156427	0.801647	10	0.929716	9.80168e-05	0.663364	0.0365188	12	0.961422	6.30665e-07	-0.180871	0.573741	102	1	0	1	0	8	0.94343	0.000433588	-0.0384021	0.928067	13	0.929889	4.16961e-06	-0.424909	0.147806	
5-2007	9	0.9861	1.02858e-06	-0.568298	0.110375	28	0.915929	8.25684e-12	0.351025	0.0670197	36	0.766853	4.92386e-08	0.761007	7.14046e-08	81	1	0	1	0	6	0.932986	0.0065858	0.483917	0.330785	486	1	0	1	0	6	0.118918	0.822464	-0.873193	0.0231006	50	1	5.97656e-287	1	1.59309e-273	0	0	1	0	1	13	0.284641	0.345896	0.196009	0.521013	3	0.983169	0.116966	-0.999889	0.00947069	10	0.97927	7.88044e-07	0.0876782	0.809672	10	0.987829	9.46176e-08	-0.6328	0.0495731	87	1	0	1	0	6	0.99205	9.45522e-05	-0.296767	0.567918	12	0.949989	2.26475e-06	0.435112	0.157457	
6-2007	12	0.954209	1.46796e-06	-0.370235	0.236159	28	0.889464	2.48371e-10	0.392	0.0391037	38	0.824662	1.95126e-10	0.663798	5.54433e-06	87	1	0	1	0	5	0.951528	0.0127172	-0.210027	0.734565	482	1	0	1	0	7	0.536924	0.213983	0.346348	0.446644	13	1	8.56211e-86	-8.40655e-11	1	0	0	1	0	1	17	0.549784	0.0222365	-0.241681	0.350029	6	0.943026	0.00477657	0.16876	0.749264	7	0.957753	0.000688726	0.793132	0.0333256	12	0.981936	1.46972e-08	-0.328236	0.297582	60	1	1.30761e-259	1	1.56858e-224	7	0.973638	0.000213659	-0.10997	0.814435	13	0.993246	1.21395e-11	0.241908	0.42588	
7-2007	10	0.695417	0.0255614	-0.347113	0.325754	29	0.571428	0.00120406	0.381319	0.0412523	37	0.737555	1.91311e-07	0.611658	5.76698e-05	71	1	1.81634e-313	1	4.2389e-293	6	0.901142	0.0141764	0.50794	0.303615	493	1	0	1	0	0	0	1	0	1	0	0	1	0	1	0	0	1	0	1	21	0.933272	6.83162e-10	-0.297318	0.190572	4	0.98107	0.0189303	-0.26929	0.73071	9	0.982498	2.29598e-06	0.304784	0.425177	14	0.921054	2.94332e-06	-0.148076	0.613423	87	1	0	1	0	12	0.962634	5.38743e-07	-0.046255	0.886493	15	0.912001	2.18629e-06	0.266499	0.336994	
8-2007	11	0.955017	4.76353e-06	-0.722138	0.0120868	20	0.659851	0.00154734	0.291034	0.213168	40	0.870928	2.75872e-13	0.628333	1.41808e-05	72	1	7.66943e-304	1	5.39785e-294	8	0.958245	0.000176343	-0.330235	0.424354	466	1	0	1	0	5	0.557186	0.32921	-0.928233	0.022829	0	0	1	0	1	0	0	1	0	1	14	0.951899	1.61144e-07	-0.563748	0.0357632	3	0.976573	0.138071	-0.898348	0.289536	10	0.819621	0.0037024	0.304278	0.39267	14	0.964488	2.68205e-08	0.253136	0.382558	85	1	0	1	0	9	0.670527	0.0480791	-0.450288	0.223883	15	0.962666	9.39805e-09	0.546513	0.0350327	
9-2007	7	0.577118	0.174902	-0.918052	0.00353158	25	0.881697	5.79353e-09	0.507655	0.00958305	32	0.718325	3.66671e-06	0.611261	0.000202038	64	1	0	1	0	8	0.948865	0.000321574	0.17147	0.68474	499	1	0	1	0	5	0.547846	0.339123	-0.975308	0.00464026	0	0	1	0	1	0	0	1	0	1	10	0.966412	5.34708e-06	0.291354	0.414064	4	0.996192	0.00380794	-0.35026	0.64974	8	0.741582	0.0352133	0.213749	0.611261	12	0.867596	0.000255518	0.00911723	0.977566	78	1	0	1	4.56524e-290	7	0.984601	5.60498e-05	0.725807	0.0648079	15	0.919453	1.25288e-06	0.266476	0.337036	
10-2007	6	0.999887	1.91493e-08	-0.256114	0.624228	20	0.512382	0.0208963	0.110307	0.643392	31	0.357215	0.0485192	0.639056	0.000109019	81	1	0	1	0	8	0.789365	0.0198278	-0.217383	0.605065	498	1	0	1	0	3	0.376978	0.753926	-0.368717	0.759594	0	0	1	0	1	0	0	1	0	1	17	0.821318	5.29686e-05	0.483056	0.0495066	5	0.998476	7.14257e-05	0.28993	0.636088	9	0.66863	0.0489525	0.663666	0.051286	12	0.841308	0.000603343	-0.121515	0.70677	69	1	2.04476e-299	1	7.67948e-260	4	0.944419	0.0555814	0.91662	0.08338	12	0.871357	0.000222703	0.170755	0.595697	
11-2007	1	-nan	-nan	-nan	-nan	18	0.742265	0.000419616	0.623593	0.00568705	28	0.79481	4.38176e-07	0.698178	3.61213e-05	69	1	0	1	0	6	0.835696	0.0382757	0.175975	0.738762	429	1	0	1	0	2	1	-nan	-1	-nan	21	1	-nan	1	5.3613e-132	0	0	1	0	1	15	0.397432	0.142392	0.899953	4.88635e-06	5	0.998094	9.98876e-05	0.318928	0.600922	7	0.314834	0.491612	0.651734	0.112718	2	1	-nan	1	-nan	94	1	0	1	0	4	0.99981	0.000189865	-0.0625435	0.937456	12	0.667634	0.0176745	0.48235	0.112252	
12-2007	0	0	1	0	1	16	0.605603	0.0129131	0.558545	0.0245229	22	0.87157	1.28344e-07	0.723062	0.000143578	75	1	0	1	0	6	0.841724	0.0355945	0.747151	0.087816	377	1	0	1	0	2	1	-nan	1	-nan	21	1	3.65566e-107	1	1.94381e-99	0	0	1	0	1	9	0.618376	0.0758807	0.359034	0.342665	5	0.985132	0.00217142	-0.628083	0.256537	4	0.196035	0.803965	0.489112	0.510888	10	0.987823	9.4806e-08	0.48909	0.151402	92	1	0	1	0	4	0.40423	0.59577	-0.997728	0.00227176	16	0.979353	4.06113e-11	0.209954	0.435125	
1-2008	0	0	1	0	1	18	0.993348	1.88668e-16	0.625197	0.00552842	25	0.798783	1.69408e-06	0.711775	6.60607e-05	85	1	0	1	0	6	0.831706	0.0401011	0.525632	0.284165	380	1	0	1	0	3	0.964519	0.170094	-0.992616	0.0774105	36	1	2.02252e-162	1	7.47615e-154	0	0	1	0	1	5	0.480116	0.41307	0.962472	0.00867777	6	0.989503	0.000164709	0.450743	0.369674	5	-0.325953	0.592454	0.0298458	0.962005	14	0.980254	8.20306e-10	0.472401	0.0880645	103	1	0	1	0	4	-0.862763	0.137237	-0.555691	0.444309	14	0.976305	2.42824e-09	0.139472	0.634403	
2-2008	0	0	1	0	1	21	0.380573	0.0887659	0.698619	0.000427043	34	0.262858	0.133113	0.687589	7.03472e-06	89	1	0	1	0	5	0.807889	0.0981145	0.215219	0.728105	455	1	0	1	0	3	0.188938	0.878991	-0.843639	0.360817	45	1	1.40721e-177	1	2.57479e-178	0	0	1	0	1	8	0.0483206	0.90954	0.425646	0.293069	4	0.927358	0.0726419	-0.842548	0.157452	7	0.713485	0.0718106	-0.238237	0.606936	14	0.970936	8.17325e-09	-0.0979456	0.739049	88	1	0	1	0	4	0.760891	0.239109	-0.950018	0.0499822	16	0.857846	2.14185e-05	-0.130555	0.629856	
3-2008	5	0.553762	0.332835	-0.0952849	0.878863	25	0.847879	8.77761e-08	0.542194	0.00511229	33	0.455179	0.00777597	0.409263	0.0180291	78	1	0	1	0	6	0.914465	0.0106615	0.556254	0.251677	527	1	0	1	0	4	0.878739	0.121261	-0.215954	0.784046	52	1	1.1827e-211	1	1.18542e-210	0	0	1	0	1	4	-0.00245856	0.997541	0.439863	0.560137	4	0.991988	0.00801163	0.528441	0.471559	9	0.682237	0.0429071	0.219772	0.569915	15	0.790753	0.000448282	0.258388	0.352453	76	1	0	1	0	4	0.99904	0.000959521	0.751987	0.248013	15	0.97114	1.79965e-09	0.224874	0.420373	
4-2008	6	0.937864	0.00567132	-0.94751	0.00406045	13	0.976599	1.09234e-08	0.475963	0.100157	20	0.338794	0.143961	0.355285	0.124236	52	1	1.27418e-282	1	2.03371e-262	6	0.982502	0.000456579	0.330346	0.522505	481	1	0	1	0	2	0.938344	-nan	0.785599	-nan	60	1	3.11465e-288	1	7.49999e-289	0	0	1	0	1	5	-0.0586471	0.925371	0.318509	0.601426	4	0.976578	0.0234222	0.207129	0.792871	8	0.954807	0.000223	0.309044	0.456381	14	0.905018	8.61528e-06	-0.2536	0.381658	90	1	0	1	0	4	0.956319	0.0436809	0.00626449	0.993736	14	0.996215	4.21188e-14	0.385749	0.173134	
5-2008	5	0.82752	0.0837283	0.216098	0.727013	18	0.967618	5.49149e-11	0.680859	0.00186819	35	0.447765	0.00699144	0.412079	0.0139031	63	1	0	1	5.37705e-308	6	0.989101	0.000177523	-0.181199	0.731177	478	1	0	1	0	5	0.914146	0.0298061	-0.444801	0.452934	29	1	1.05983e-189	1	9.5982e-177	0	0	1	0	1	13	0.499195	0.0824361	0.117182	0.703018	6	0.995898	2.52093e-05	0.413617	0.414956	9	0.980898	3.11308e-06	-0.012051	0.975453	13	0.92761	4.94981e-06	-0.295763	0.32653	102	1	0	1	0	4	0.063654	0.936346	-0.730533	0.269467	16	0.920461	4.36748e-07	-0.789993	0.000271593	
6-2008	5	0.971956	0.00561393	-0.611196	0.273413	23	0.664277	0.000546424	0.0324861	0.883015	33	0.40722	0.0186692	0.565636	0.000602583	59	1	3.83971e-270	1	1.3658e-260	6	0.998798	2.16599e-06	-0.58333	0.224251	574	1	0	1	0	5	0.796784	0.106554	-0.0183921	0.976584	0	0	1	0	1	0	0	1	0	1	15	0.840544	8.70982e-05	0.284425	0.304219	4	0.926163	0.0738375	-0.515129	0.484871	8	0.78625	0.0206683	-0.790735	0.019465	14	0.986363	9.01681e-11	-0.302625	0.292953	94	1	0	1	0	4	0.775651	0.224349	-0.323505	0.676495	16	0.984907	4.59699e-12	-0.731253	0.00128733	
7-2008	8	0.974139	4.2404e-05	-0.375276	0.359629	26	0.66237	0.000227444	0.123628	0.547379	37	0.609225	6.28713e-05	0.310142	0.0617441	63	1	2.67597e-290	1	4.6509e-291	7	0.996466	1.42318e-06	0.464855	0.293263	483	1	0	1	0	3	0.989886	0.0906185	0.843573	0.360896	0	0	1	0	1	0	0	1	0	1	16	0.757985	0.000668487	-0.151431	0.575592	8	0.973847	4.38462e-05	-0.0919902	0.828489	8	0.88903	0.00313831	-0.191225	0.650097	17	0.985534	5.60927e-13	0.447034	0.0720079	82	1	0	1	1.47022e-308	4	0.798188	0.201812	-0.186076	0.813924	16	0.80218	0.000185054	-0.0691399	0.799164	
8-2008	8	0.693276	0.0565638	-0.424988	0.293897	25	0.60689	0.00129684	0.0938812	0.655336	25	0.764836	8.49274e-06	0.40444	0.0449332	56	1	9.80627e-250	1	1.30178e-243	7	0.998971	6.51564e-08	0.230945	0.618306	542	1	0	1	0	0	0	1	0	1	0	0	1	0	1	0	0	1	0	1	13	0.635272	0.0196413	0.0854938	0.781242	7	0.978027	0.000135853	0.329636	0.470293	7	0.730815	0.0620721	0.14704	0.753067	17	0.996098	3.12154e-17	0.730955	0.000857879	85	1	0	1	0	4	0.907319	0.0926809	-0.907107	0.0928931	16	0.738577	0.00108399	0.330318	0.21147	
9-2008	6	0.906649	0.0126648	0.350425	0.495879	21	0.334502	0.138313	0.416157	0.0605939	33	0.590467	0.000297662	0.393561	0.0234523	52	1	3.43494e-274	1	5.35213e-256	8	0.888116	0.0032142	-0.159231	0.70645	520	1	0	1	0	0	0	1	0	1	0	0	1	0	1	0	0	1	0	1	12	0.958754	8.77094e-07	0.0409297	0.899499	4	0.992517	0.007483	0.0230017	0.976998	5	0.96858	0.00665402	0.352772	0.560335	14	0.972434	5.97004e-09	-0.168417	0.564924	96	1	0	1	0	3	0.508336	0.660522	-0.386313	0.747497	15	0.809784	0.000253369	-0.117735	0.67603	
10-2008	7	0.997366	6.82689e-07	0.702987	0.0780809	27	0.662122	0.000168559	0.508486	0.00676392	28	0.282129	0.145791	0.280877	0.147664	65	1	0	1	0	6	0.873206	0.023096	-0.4779	0.337724	451	1	0	1	0	2	-1	-nan	1	-nan	0	0	1	0	1	0	0	1	0	1	21	0.832895	2.79079e-06	0.336761	0.135505	5	0.99986	1.98069e-06	0.693179	0.194351	7	0.486853	0.267857	0.632245	0.127631	18	0.960705	2.52652e-10	-0.0794613	0.753962	76	1	0	1	5.70596e-317	3	0.999994	0.002142	0.800241	0.40941	14	0.941091	5.3104e-07	0.42871	0.126138	
11-2008	1	-nan	-nan	-nan	-nan	22	0.68897	0.000391075	0.452799	0.0343366	23	0.440074	0.0356035	0.729803	7.73994e-05	81	1	0	1	0	6	0.509096	0.30233	-0.459743	0.358973	345	1	0	1	0	2	1	-nan	-1	-nan	0	0	1	0	1	0	0	1	0	1	15	0.813314	0.00022637	0.0983794	0.727229	5	0.994504	0.000488671	-0.588766	0.296259	7	0.254998	0.581037	0.347806	0.444602	13	0.976911	1.01535e-08	-0.165955	0.587922	73	1	1.10382e-311	1	2.87974e-290	3	0.93035	0.239006	0.0285997	0.98179	15	0.853729	5.13904e-05	0.0596934	0.832636	
12-2008	0	0	1	0	1	15	0.742079	0.00153627	0.71867	0.00253875	26	0.432959	0.0271527	0.599193	0.00121802	69	1	0	1	0	6	0.945093	0.00443943	-0.110831	0.834435	380	1	0	1	0	2	1	-nan	-1	-nan	40	1	5.81835e-191	1	1.45412e-179	0	0	1	0	1	8	-0.0525106	0.901724	0.453766	0.258765	5	0.974125	0.00497685	-0.666831	0.218946	5	0.626807	0.257803	0.301161	0.622428	12	0.898249	7.2251e-05	0.129851	0.68752	64	1	5.42357e-279	1	2.15159e-256	3	0.805712	0.403566	-0.288391	0.81376	14	0.969988	9.88983e-09	0.538514	0.0469505	
1-2009	0	0	1	0	1	11	0.910362	9.92989e-05	0.305106	0.361588	18	0.389816	0.109791	0.510188	0.0305256	87	1	0	1	0	6	0.863145	0.0268125	-0.0664318	0.900499	372	1	0	1	0	4	0.553797	0.446203	-0.144241	0.855759	66	1	4.17462e-306	1	1.07288e-290	0	0	1	0	1	7	0.849647	0.0154998	0.896575	0.00624488	6	0.990305	0.000140546	-0.552408	0.255673	5	0.851394	0.0672141	0.2494	0.685777	18	0.958063	4.21662e-10	0.0528307	0.835077	82	1	0	1	0	2	1	-nan	-1	-nan	15	0.879184	1.58116e-05	0.415145	0.123857	
2-2009	5	0.430443	0.469372	-0.3752	0.533739	18	0.808695	4.85308e-05	0.57533	0.0124855	26	0.190425	0.351444	0.306744	0.127463	91	1	0	1	0	6	0.617457	0.191518	-0.282024	0.58818	409	1	0	1	0	4	0.904554	0.0954458	-0.982804	0.0171962	56	1	2.45816e-258	1	3.60668e-255	0	0	1	0	1	5	-0.130463	0.834362	0.980778	0.0031899	6	0.99827	4.48422e-06	0.930131	0.00715203	9	0.773568	0.0144589	0.427774	0.250736	15	0.876801	1.78456e-05	0.224922	0.420271	78	1	0	1	0	4	0.965145	0.034855	-0.0139785	0.986021	18	0.963602	1.38155e-10	0.338733	0.169129	
3-2009	5	0.9993	2.2215e-05	-0.646402	0.238563	12	0.0370323	0.909032	0.239302	0.453804	17	0.231695	0.370894	0.186679	0.473119	93	1	0	1	0	5	0.952967	0.0121577	0.586577	0.298514	459	1	0	1	0	4	0.985774	0.0142263	0.103674	0.896326	60	1	2.5294e-297	1	9.75345e-297	0	0	1	0	1	6	-0.143239	0.786612	0.93652	0.00591673	2	1	-nan	1	-nan	8	0.502777	0.204113	0.348531	0.397497	13	0.938502	2.06223e-06	0.356124	0.232359	90	1	0	1	0	4	0.932665	0.067335	-0.389462	0.610538	19	0.963994	3.27641e-11	0.320493	0.180972	
4-2009	7	0.98769	3.20784e-05	0.528918	0.222217	16	0.881504	6.39533e-06	0.427645	0.0984706	21	0.72574	0.000196256	0.119053	0.607253	69	1	0	1	0	6	0.913777	0.0108311	0.128129	0.808858	444	1	0	1	0	4	0.999056	0.000943544	-0.978368	0.0216321	36	1	3.90282e-199	1	6.00976e-190	0	0	1	0	1	9	-0.0679945	0.862015	0.20069	0.604633	3	0.760517	0.449891	-0.835567	0.370278	3	0.955321	0.19102	-0.352668	0.770549	11	0.890463	0.000237625	0.576037	0.0636451	95	1	0	1	0	4	0.0581518	0.941848	-0.404033	0.595967	18	0.910698	1.53211e-07	0.568721	0.0137814	
5-2009	9	0.967734	1.92495e-05	0.0293696	0.940212	17	0.885979	2.22011e-06	0.553112	0.0212781	31	0.952802	1.48942e-16	0.597084	0.000391117	71	1	0	1	0	5	0.966634	0.00727967	-0.363595	0.547469	566	1	0	1	0	5	0.98672	0.00183344	0.0963799	0.877476	13	1	2.97407e-78	-nan	-nan	0	0	1	0	1	15	0.50034	0.0575021	0.246237	0.376334	4	0.984696	0.0153038	0.120077	0.879923	7	0.97206	0.00024688	0.0970848	0.835959	12	0.993757	7.38795e-11	-0.227081	0.477849	65	1	1.90974e-303	1	3.15604e-265	4	0.83841	0.16159	-0.255064	0.744936	20	0.909231	2.8465e-08	0.308657	0.185475	
6-2009	12	0.981494	1.65737e-08	-0.0762411	0.813822	27	0.653591	0.000218283	0.175998	0.379877	39	0.925357	3.63531e-17	0.395633	0.0126672	69	1	5.0466e-307	1	4.21335e-293	7	0.974844	0.000190195	0.672131	0.098136	578	1	0	1	0	3	0.586763	0.600804	0.542785	0.63474	0	0	1	0	1	0	0	1	0	1	12	0.719333	0.00836543	0.271653	0.393041	2	-1	-nan	-1	-nan	6	0.983905	0.000386488	0.424754	0.401185	17	0.781027	0.000214684	0.0393314	0.880865	64	1	1.8559e-285	1	3.31864e-250	3	0.997949	0.0407851	0.739546	0.470081	27	0.744477	8.47838e-06	-0.088303	0.661399	
7-2009	12	0.623079	0.0304334	-0.109493	0.734805	20	0.648179	0.00199622	0.0603382	0.800503	42	0.794502	3.36729e-10	0.414938	0.00628869	83	1	0	1	0	5	0.924391	0.0246719	-0.992927	0.000713342	559	1	0	1	0	0	0	1	0	1	0	0	1	0	1	0	0	1	0	1	13	0.755851	0.00280029	0.0767839	0.803113	7	0.960182	0.000594745	-0.774148	0.0410525	10	0.764842	0.00996091	0.0521731	0.886182	23	0.943377	1.56643e-11	0.712536	0.000136267	56	1	1.06214e-247	1	1.26987e-216	3	0.987018	0.102693	-0.1652	0.894346	37	0.787511	7.35139e-09	-0.100868	0.552501	
8-2009	9	0.972006	1.17594e-05	-0.0885094	0.820863	23	0.838763	5.7579e-07	0.57911	0.00378512	40	0.786221	1.83342e-09	0.264479	0.0991099	63	1	5.95305e-309	1	3.73006e-283	7	0.979088	0.000120107	0.567751	0.183669	595	1	0	1	0	3	0.998918	0.0296184	0.999768	0.0137235	0	0	1	0	1	0	0	1	0	1	15	0.492634	0.0620872	-0.246149	0.376511	6	0.967137	0.00160224	0.67887	0.138128	13	0.640107	0.018447	0.467746	0.107001	22	0.937563	1.25402e-10	0.742128	7.68116e-05	56	1	2.5074e-224	1	2.89367e-195	3	0.147148	0.905981	-0.587073	0.60056	29	0.868191	1.05273e-09	-0.186561	0.332539	
9-2009	6	0.991739	0.000102088	-0.796906	0.0576821	22	0.919384	1.49553e-09	0.687198	0.000410504	37	0.682107	3.33192e-06	0.611392	5.82186e-05	87	1	0	1	0	6	0.831782	0.0400659	-0.247228	0.636714	496	1	0	1	0	4	0.999818	0.000181785	-0.719257	0.280743	0	0	1	0	1	0	0	1	0	1	15	0.582942	0.022563	-0.309732	0.261256	3	0.978615	0.131894	-0.234903	0.849046	10	0.312692	0.379034	0.0473103	0.89674	18	0.95433	8.2435e-10	0.501052	0.0341606	56	1	1.12414e-243	1	7.29859e-221	3	0.980077	0.127291	-0.823878	0.383612	24	0.906365	1.07831e-09	-0.173447	0.417639	
10-2009	5	0.999275	2.34312e-05	0.816046	0.0920522	21	0.741435	0.000119993	0.740097	0.000125298	28	0.787856	6.47604e-07	0.561378	0.00188244	95	1	0	1	0	7	0.729513	0.0627772	-0.544261	0.206566	514	1	0	1	0	2	1	-nan	1	-nan	12	1	1.36021e-71	-3.98293e-10	1	0	0	1	0	1	13	0.792687	0.00122991	0.00220391	0.994299	3	0.999995	0.00206271	-0.874459	0.322434	11	0.819775	0.00200714	0.534061	0.0905985	16	0.916483	6.08025e-07	0.533631	0.033264	90	1	0	1	0	3	0.753156	0.457061	0.705664	0.501297	23	0.91551	9.24432e-10	0.184126	0.400337	
11-2009	0	0	1	0	1	19	0.904078	1.10348e-07	0.641036	0.00310027	31	0.716982	5.68178e-06	0.840134	3.40232e-09	91	1	0	1	0	6	0.712289	0.112258	0.0380889	0.942894	406	1	0	1	0	2	1	-nan	1	-nan	21	1	3.53513e-150	1	8.72032e-143	0	0	1	0	1	9	-0.283652	0.459504	0.792388	0.0108854	4	0.999751	0.000249492	-0.20624	0.79376	9	0.91885	0.000462677	0.619673	0.0750907	18	0.970933	2.33912e-11	0.315961	0.201497	85	1	0	1	0	4	0.979302	0.0206983	-0.608013	0.391987	16	0.9351	1.09411e-07	0.422175	0.103327	
12-2009	0	0	1	0	1	15	0.797636	0.000367181	0.0837635	0.766625	32	0.889358	1.0249e-11	0.857036	3.82547e-10	87	1	0	1	0	5	0.772749	0.125517	-0.94043	0.0172965	404	1	0	1	0	3	0.922469	0.252337	0.939684	0.222239	21	1	3.02922e-103	1	3.87862e-95	0	0	1	0	1	7	0.713075	0.0720501	0.973815	0.000210125	6	0.978384	0.000695825	0.247325	0.636577	10	0.416377	0.231336	0.716459	0.0197468	17	0.937664	2.79441e-08	0.536588	0.0263711	73	1	0	1	4.13546e-303	3	0.973554	0.146736	-0.469469	0.688891	19	0.939207	2.58282e-09	0.33049	0.16698	
1-2010	2	1	-nan	-1	-nan	18	0.861575	4.35034e-06	0.522206	0.0262086	35	0.956349	3.36045e-19	0.854318	6.67586e-11	87	1	0	1	0	4	0.522802	0.477198	-0.455354	0.544646	408	1	0	1	0	6	0.787918	0.0626986	-0.687183	0.131477	28	1	1.06377e-119	1	2.53374e-111	0	0	1	0	1	7	0.955942	0.000764174	0.914304	0.00394109	6	0.923376	0.0085819	-0.0420798	0.936918	15	0.672064	0.00606169	0.649355	0.00880086	18	0.918322	7.69022e-08	0.132216	0.600987	72	1	0	1	1.90033e-295	3	0.534197	0.641228	0.121434	0.922501	33	0.897269	1.54542e-12	0.360459	0.0393328	
2-2010	3	0.9998	0.0127445	0.995356	0.0613798	15	0.534281	0.0402	0.190188	0.497182	31	0.659083	5.53129e-05	0.59192	0.000452202	99	1	0	1	0	7	0.830251	0.020763	-0.333862	0.464271	407	1	0	1	0	3	0.809348	0.399641	-0.0241406	0.98463	36	1	1.00654e-169	1	1.15215e-168	0	0	1	0	1	5	0.971215	0.00583698	0.687796	0.199309	6	0.998271	4.48096e-06	-0.552287	0.255799	12	0.627815	0.0288321	0.493887	0.102692	14	0.776082	0.00110152	0.370231	0.192568	68	1	3.59731e-308	1	5.3524e-288	4	0.932764	0.0672357	0.382219	0.617781	30	0.898422	1.62294e-11	0.0497432	0.794062	
3-2010	8	0.972802	4.92769e-05	-0.604831	0.112163	12	0.522762	0.0811899	0.234668	0.462854	27	0.793891	7.73616e-07	0.527807	0.0046618	95	1	0	1	0	6	0.977375	0.000762022	0.838722	0.0369184	437	1	0	1	0	5	0.775384	0.123393	-0.939701	0.0176129	56	1	0	1	0	0	0	1	0	1	4	0.663237	0.336763	-0.120776	0.879224	4	0.995765	0.00423465	0.0754172	0.924583	11	0.849625	0.00093	0.576596	0.0633282	16	0.771137	0.000469644	0.472566	0.0645371	78	1	0	1	0	4	0.322957	0.677043	-0.987736	0.0122638	30	0.947466	2.16314e-15	0.0929538	0.625157	
4-2010	6	0.949081	0.00382317	-0.301143	0.56194	17	0.971622	8.4363e-11	0.475535	0.0536969	28	0.604888	0.000650045	0.607119	0.000613007	84	1	0	1	0	5	0.97066	0.00600613	0.652761	0.232408	445	1	0	1	0	5	0.925823	0.0239799	-0.424404	0.476323	36	1	1.02254e-185	1	7.00528e-186	0	0	1	0	1	5	-0.0126862	0.983848	0.50804	0.38216	7	0.806986	0.0282474	-0.870502	0.0107969	8	0.963042	0.000122733	0.689113	0.0586925	17	0.946924	8.59578e-09	0.306495	0.231493	69	1	3.91177e-314	1	5.77798e-287	4	0.876807	0.123193	-0.241045	0.758955	27	0.921673	8.9358e-12	0.0807742	0.688781	
5-2010	8	0.988217	4.05344e-06	0.221594	0.597913	29	0.910289	7.55516e-12	0.163802	0.395851	40	0.863102	7.86194e-13	0.690827	8.06009e-07	83	1	0	1	0	6	0.98347	0.000407583	-0.144621	0.784581	436	1	0	1	0	0	0	1	0	1	8	1	3.81842e-36	-2.37955e-10	1	0	0	1	0	1	12	0.675433	0.01593	0.431795	0.161008	5	0.977075	0.00415237	0.376802	0.531848	8	0.967459	8.40564e-05	0.340104	0.409774	17	0.930067	6.47389e-08	0.304924	0.234016	68	1	1.44268e-301	1	3.00434e-281	2	1	-nan	-1	-nan	31	0.847795	1.75829e-09	0.213671	0.248431	
6-2010	9	0.942478	0.000142041	-0.170358	0.661233	31	0.72992	3.16352e-06	0.174228	0.348556	42	0.811327	7.20928e-11	0.716874	9.28571e-08	85	1	0	1	0	5	0.980745	0.00319821	0.403006	0.501126	496	1	0	1	0	0	0	1	0	1	0	0	1	0	1	0	0	1	0	1	14	0.742736	0.00234157	-0.0678688	0.81768	4	0.951578	0.0484221	0.330703	0.669297	15	0.980454	1.46185e-10	0.610731	0.0155893	19	0.941594	1.85278e-09	0.347657	0.144709	72	1	0	1	1.28503e-293	3	0.840531	0.364487	0.0564049	0.964072	30	0.911846	2.42876e-12	0.203911	0.279779	
7-2010	7	0.530513	0.220565	-0.728768	0.0631829	31	0.717168	5.63555e-06	0.0784795	0.674743	42	0.696583	3.00014e-07	0.555854	0.000132552	99	1	0	1	0	5	0.998996	3.81566e-05	-0.0311514	0.960343	494	1	0	1	0	0	0	1	0	1	0	0	1	0	1	0	0	1	0	1	20	0.825511	7.41755e-06	-0.161619	0.496036	6	0.994664	4.26257e-05	-0.657049	0.156255	15	0.770717	0.000770889	0.385612	0.15575	18	0.957676	4.53245e-10	0.585262	0.0107226	94	1	0	1	0	3	0.866299	0.332984	0.882242	0.312067	29	0.919413	1.87668e-12	0.466892	0.010669	
8-2010	6	0.879617	0.0208657	-0.214002	0.683897	25	0.64572	0.000489936	0.280446	0.174503	53	0.77273	1.21573e-11	0.526993	5.03433e-05	93	1	0	1	0	8	0.970365	6.363e-05	-0.476116	0.233019	476	1	0	1	0	0	0	1	0	1	0	0	1	0	1	0	0	1	0	1	22	0.930873	3.37408e-10	-0.0741042	0.743107	4	0.993176	0.00682361	0.795022	0.204978	13	0.674917	0.0113767	0.45779	0.115708	17	0.924997	1.07796e-07	0.822982	4.96324e-05	94	1	0	1	0	4	0.590945	0.409055	-0.595111	0.404889	29	0.86064	2.13117e-09	0.143357	0.458156	
9-2010	2	1	-nan	1	-nan	35	0.897997	2.61318e-13	0.33812	0.046962	49	0.748083	6.49622e-10	0.677622	8.90439e-08	81	1	0	1	0	7	0.891345	0.007044	0.503764	0.249035	487	1	0	1	0	2	1	-nan	1	-nan	0	0	1	0	1	0	0	1	0	1	15	0.468481	0.0781785	-0.0620924	0.826003	3	0.992849	0.076182	0.772009	0.438504	12	0.407791	0.188213	0.561611	0.0574081	23	0.920699	4.86383e-10	0.190312	0.384413	90	1	0	1	0	4	0.878063	0.121937	-0.275636	0.724364	35	0.964559	1.1479e-20	-0.000324529	0.998524	
10-2010	1	-nan	-nan	-nan	-nan	29	0.627298	0.000270527	0.180754	0.348073	41	0.748659	1.81663e-08	0.735171	4.40176e-08	81	1	0	1	0	6	0.844457	0.0344087	-0.652017	0.160569	445	1	0	1	0	2	1	-nan	-1	-nan	13	1	6.38231e-78	-4.70049e-10	1	0	0	1	0	1	16	0.651069	0.00630026	0.121426	0.654175	4	0.98962	0.0103796	-0.473826	0.526174	15	0.718088	0.00256907	0.446055	0.0956038	22	0.962221	9.1445e-13	-0.0335214	0.88227	83	1	0	1	4.60032e-293	2	1	-nan	1	-nan	29	0.960739	1.46038e-16	0.277658	0.144754	
11-2010	0	0	1	0	1	26	0.736266	1.80502e-05	0.5408	0.00433694	32	0.844669	1.21739e-09	0.771713	2.32613e-07	93	1	0	1	0	5	0.871803	0.0540277	-0.851688	0.067018	346	1	0	1	0	3	0.998226	0.0379268	-0.224062	0.856137	21	1	5.648e-126	1	8.1314e-118	0	0	1	0	1	15	0.796366	0.000381171	0.795407	0.000392013	5	0.966646	0.00727574	-0.611405	0.273203	12	-0.193909	0.54593	0.529006	0.0769807	15	0.980561	1.41096e-10	0.403125	0.136242	72	1	9.76541e-284	1	1.22676e-276	4	0.999738	0.000261756	0.495278	0.504722	32	0.929202	1.66142e-14	0.407294	0.0206857	
12-2010	0	0	1	0	1	26	0.854182	2.84011e-08	0.434553	0.0265299	31	0.59404	0.000426171	0.662076	4.97644e-05	81	1	0	1	0	6	0.943264	0.00473719	-0.50746	0.304149	357	1	0	1	0	4	0.859479	0.140521	-0.108655	0.891345	27	1	5.08336e-130	1	8.09466e-123	0	0	1	0	1	8	0.371312	0.365135	0.528415	0.178205	6	0.95231	0.00335726	0.073416	0.890074	12	0.376636	0.22752	0.685791	0.0138135	18	0.919757	6.70454e-08	0.637182	0.00445342	60	1	3.18213e-280	1	8.4418e-262	4	0.999395	0.00060528	0.931092	0.0689078	31	0.967161	8.49076e-19	0.316914	0.0823719	
