date	tstep	P in 10N-45N	P in 10S-10N	P in 35S-10S	P total	F_epi	F_meso	F_mmeso	F_bathy	F_mbathy	F_hmbathy	B Larvae alb	B Juv alb	B Rec alb	B Young alb	B Adult alb	B Totalalb	effort L1	obs C_alb_L1	pred C_alb_L1	obs CPUE_alb_L1	pred CPUE_alb_L1	effort L2	obs C_alb_L2	pred C_alb_L2	obs CPUE_alb_L2	pred CPUE_alb_L2	effort L3	obs C_alb_L3	pred C_alb_L3	obs CPUE_alb_L3	pred CPUE_alb_L3	effort L4	obs C_alb_L4	pred C_alb_L4	obs CPUE_alb_L4	pred CPUE_alb_L4	effort L5	obs C_alb_L5	pred C_alb_L5	obs CPUE_alb_L5	pred CPUE_alb_L5	effort L6	obs C_alb_L6	pred C_alb_L6	obs CPUE_alb_L6	pred CPUE_alb_L6	effort L7	obs C_alb_L7	pred C_alb_L7	obs CPUE_alb_L7	pred CPUE_alb_L7	effort T8	obs C_alb_T8	pred C_alb_T8	obs CPUE_alb_T8	pred CPUE_alb_T8	effort G9	obs C_alb_G9	pred C_alb_G9	obs CPUE_alb_G9	pred CPUE_alb_G9	effort L10	obs C_alb_L10	pred C_alb_L10	obs CPUE_alb_L10	pred CPUE_alb_L10	effort L11	obs C_alb_L11	pred C_alb_L11	obs CPUE_alb_L11	pred CPUE_alb_L11	effort L12	obs C_alb_L12	pred C_alb_L12	obs CPUE_alb_L12	pred CPUE_alb_L12	effort L13	obs C_alb_L13	pred C_alb_L13	obs CPUE_alb_L13	pred CPUE_alb_L13	effort L14	obs C_alb_L14	pred C_alb_L14	obs CPUE_alb_L14	pred CPUE_alb_L14	effort L15	obs C_alb_L15	pred C_alb_L15	obs CPUE_alb_L15	pred CPUE_alb_L15	effort L16	obs C_alb_L16	pred C_alb_L16	obs CPUE_alb_L16	pred CPUE_alb_L16	
1979-1-15	1	0	1.15849e+15	8.02935e+14	2.81137e+15	4.15335e+07	4.16275e+07	6.70038e+07	1.17744e+08	6.61867e+07	7.37271e+07	953.657	2819.96	4502.67	540733	567552	1.10829e+06	1961.84	3.257	22.586	0.00532002	0.0114506	48571.7	426.87	753.329	0.0104658	0.0188869	20163.4	825.666	1023.45	0.0368334	0.0422138	0	0	0	0	0	0	0	0	0	0	40078.5	20.764	20.7428	0.000590751	0.000590151	0	0	0	0	0	0	0	0	0	0	0	0	0	0	0	23909.2	94.719	60.509	0.0042469	0.00271849	0	0	0	0	0	7681.49	1.865	40.816	0.000334293	0.00529653	0	0	0	0	0	0	0	0	0	0	0	0	0	0	0	0	0	0	0	0	
1979-2-15	2	0	1.1787e+15	7.72989e+14	2.73619e+15	4.15368e+07	4.17086e+07	6.73227e+07	1.17744e+08	6.65211e+07	7.46154e+07	933.791	2966.94	4742.13	540895	569344	1.11024e+06	2519.84	1.199	15.3216	0.003471	0.0100858	48742.8	257.457	743.266	0.00764998	0.0180905	19035.8	579.989	697.771	0.0286402	0.0353504	0	0	0	0	0	0	0	0	0	0	48242	26.518	26.4908	0.00052666	0.000526125	0	0	0	0	0	0	0	0	0	0	0	0	0	0	0	9189.82	65.844	24.5635	0.00446711	0.00246621	0	0	0	0	0	2791.8	4.106	13.8188	0.00344316	0.00589394	0	0	0	0	0	0	0	0	0	0	0	0	0	0	0	0	0	0	0	0	
1979-3-15	3	0	1.165e+15	7.06567e+14	2.55319e+15	4.10299e+07	4.1724e+07	6.73005e+07	1.17902e+08	6.68165e+07	7.50587e+07	908.558	3024.9	4883.17	540984	571474	1.11246e+06	2603.96	1.321	17.4756	0.000691508	0.00636594	47564.9	351.73	731.439	0.00949751	0.0191774	22404	529.295	775.053	0.0220697	0.0336906	0	0	0	0	0	0	0	0	0	0	58923.9	42.864	42.8201	0.0014739	0.0014724	0	0	0	0	0	0	0	0	0	0	0	0	0	0	0	12884.3	60.672	42.9031	0.00433711	0.00299028	0	0	0	0	0	4311.11	0.036	18.8258	1.23387e-05	0.00391801	0	0	0	0	0	0	0	0	0	0	0	0	0	0	0	0	0	0	0	0	
1979-4-15	4	0	1.12278e+15	6.42075e+14	2.35535e+15	4.03554e+07	4.18296e+07	6.72875e+07	1.18637e+08	6.7362e+07	7.52538e+07	886.137	2950.96	4904.91	540651	575039	1.11569e+06	4428.89	35.891	38.3662	0.0217978	0.00998291	49492.5	1249.55	892.407	0.022432	0.020152	20904.9	780.793	787.753	0.0288425	0.0404168	0	0	0	0	0	0	0	0	0	0	35928.4	12.123	12.1107	0.000599549	0.000598941	0	0	0	0	0	0	0	0	0	0	0	0	0	0	0	12007	4.601	44.236	0.00189125	0.00274577	0	0	0	0	0	7324.41	12.554	36.3337	0.00348706	0.00435319	0	0	0	0	0	0	0	0	0	0	0	0	0	0	0	0	0	0	0	0	
1979-5-15	5	0	1.08239e+15	6.12167e+14	2.19892e+15	3.94594e+07	4.20121e+07	6.68639e+07	1.19696e+08	6.78915e+07	7.51334e+07	853.795	2866.04	4785.48	540320	579192	1.11951e+06	6612.23	113.06	66.6111	0.028786	0.0119178	57296.3	1457.2	979.617	0.0276559	0.0184858	25937.2	1200.26	1347.18	0.0382794	0.050196	0	0	0	0	0	0	0	0	0	0	11893.4	1.302	1.30068	0.000466436	0.000465963	0	0	0	0	0	0	0	0	0	0	0	0	0	0	0	14223.2	4.635	50.9047	0.000864188	0.0030357	0	0	0	0	0	7367.53	11.623	32.1661	0.00311054	0.00419787	0	0	0	0	0	0	0	0	0	0	0	0	0	0	0	0	0	0	0	0	
1979-6-15	6	0	1.07106e+15	6.73211e+14	2.20007e+15	3.8717e+07	4.21219e+07	6.62084e+07	1.20776e+08	6.81962e+07	7.46351e+07	825.925	2775.43	4639.62	539939	584283	1.12422e+06	6543.23	209.936	80.5025	0.0373582	0.0126876	48669.4	984.161	765.075	0.0231071	0.020152	36752.5	1997.83	2097.22	0.0486867	0.0459662	0	0	0	0	0	0	0	0	0	0	12813.5	15.983	15.9668	0.0032234	0.00322013	0	0	0	0	0	0	0	0	0	0	0	0	0	0	0	14786.6	35.838	56.8917	0.00243602	0.0029578	0	0	0	0	0	8223.68	11.635	31.937	0.00374402	0.00356088	0	0	0	0	0	0	0	0	0	0	0	0	0	0	0	0	0	0	0	0	
1979-7-15	7	0	1.07946e+15	8.18353e+14	2.44388e+15	3.83287e+07	4.21853e+07	6.56723e+07	1.21558e+08	6.82874e+07	7.40019e+07	776.418	2683.59	4504.4	539416	590842	1.13026e+06	3871.55	182.404	47.6512	0.0277089	0.0125429	40768.7	1105.56	632.201	0.0231099	0.0182131	38924.5	2045.27	2105.14	0.045769	0.0431748	0	0	0	0	0	0	0	0	0	0	11992.8	15.444	15.4283	0.00205578	0.00205369	0	0	0	0	0	0	0	0	0	0	0	0	0	0	0	23756	57.101	78.71	0.0030482	0.00247453	0	0	0	0	0	8762.43	18.866	32.0622	0.00481134	0.00390564	0	0	0	0	0	0	0	0	0	0	0	0	0	0	0	0	0	0	0	0	
1979-8-15	8	0	1.11885e+15	9.91817e+14	2.81129e+15	3.83798e+07	4.21867e+07	6.55217e+07	1.22042e+08	6.8226e+07	7.34887e+07	719.208	2579.12	4341.23	539225	587615	1.12684e+06	5755.86	122.905	68.4662	0.0240646	0.0137587	49298.7	890.807	654.927	0.0189473	0.0154565	35884	1595.54	1540.01	0.0394863	0.0365807	0	0	0	0	0	0	0	0	0	0	8057.73	16.592	16.575	0.00287586	0.00287293	0	0	0	0	0	0	0	0	0	0	0	0	0	0	0	28033.7	64.198	81.319	0.00479841	0.00226746	0	0	0	0	0	7352.12	2.777	25.4941	0.00128561	0.0035902	0	0	0	0	0	0	0	0	0	0	0	0	0	0	0	0	0	0	0	0	
1979-9-15	9	0	1.13167e+15	1.05935e+15	3.11455e+15	3.9093e+07	4.20684e+07	6.57575e+07	1.22278e+08	6.80193e+07	7.33038e+07	748.344	2425.49	4145.6	539130	583414	1.12254e+06	4566.96	69.947	59.4353	0.0156727	0.0140122	63126.1	465.56	610.401	0.0128334	0.0146907	35162.8	1292.04	1238.3	0.0349128	0.0355814	0	0	0	0	0	0	0	0	0	0	28009.5	17.96	17.9417	0.0022256	0.00222335	0	0	0	0	0	0	0	0	0	0	0	0	0	0	0	40182.4	80.777	89.2002	0.00468581	0.00234521	0	0	0	0	0	13112.2	5.17	47.7785	0.00053555	0.00353153	0	0	0	0	0	0	0	0	0	0	0	0	0	0	0	0	0	0	0	0	
1979-10-15	10	0	1.12703e+15	1.03946e+15	3.16243e+15	4.0192e+07	4.20121e+07	6.62873e+07	1.2231e+08	6.77392e+07	7.35232e+07	814.888	2374.82	4008.15	538905	575395	1.1143e+06	3521.82	42.451	44.1414	0.0155894	0.0135809	69959.7	307.441	574.647	0.00738858	0.0143879	38116.2	1254.24	1415.63	0.0306926	0.0336001	0	0	0	0	0	0	0	0	0	0	24946.7	37.277	37.2388	0.00143848	0.00143702	0	0	0	0	0	0	0	0	0	0	0	0	0	0	0	47467.7	260.615	106.567	0.00688299	0.00305353	0	0	0	0	0	19042.5	1.994	82.4264	0.000206069	0.0042271	0	0	0	0	0	0	0	0	0	0	0	0	0	0	0	0	0	0	0	0	
1979-11-15	11	0	1.1166e+15	9.52995e+14	3.01839e+15	4.10765e+07	4.19012e+07	6.68253e+07	1.21898e+08	6.73459e+07	7.35687e+07	854.89	2523.59	4044.64	538409	567876	1.10629e+06	3603.98	12.819	37.652	0.00717036	0.0121722	41937.1	330.143	467.335	0.0123736	0.0144528	42807.9	1371.34	1763.66	0.033057	0.0358301	0	0	0	0	0	0	0	0	0	0	41693.4	62.014	61.9499	0.00163683	0.00163515	0	0	0	0	0	0	0	0	0	0	0	0	0	0	0	36115.1	123.393	78.1184	0.00283782	0.00264377	0	0	0	0	0	14517.5	6.652	62.5037	0.000652104	0.00454582	0	0	0	0	0	0	0	0	0	0	0	0	0	0	0	0	0	0	0	0	
1979-12-15	12	0	1.08349e+15	8.97491e+14	2.84826e+15	4.15073e+07	4.1879e+07	6.70969e+07	1.21424e+08	6.69531e+07	7.37998e+07	884.541	2698.22	4276.96	537873	563952	1.10183e+06	2418.36	12.34	26.1542	0.0315669	0.0134641	47162.9	584.494	689.521	0.014057	0.0178856	45015.9	1514.87	1978.91	0.0351135	0.0393123	0	0	0	0	0	0	0	0	0	0	26297.2	37.042	37.0041	0.00119451	0.00119329	0	0	0	0	0	0	0	0	0	0	0	0	0	0	0	29685.4	136.3	75.0567	0.00501248	0.00329425	0	0	0	0	0	4982.11	12.716	30.867	0.004346	0.00634993	0	0	0	0	0	0	0	0	0	0	0	0	0	0	0	0	0	0	0	0	
1980-1-15	13	0	1.10981e+15	8.34885e+14	2.77848e+15	4.14909e+07	4.18757e+07	6.72029e+07	1.2118e+08	6.70618e+07	7.42856e+07	924.358	2808.39	4517.33	538105	561514	1.09962e+06	2563.4	6.684	26.9801	0.00611555	0.0131157	63348.2	644.172	844.957	0.0143283	0.0174834	22282.9	486.829	746.113	0.0247143	0.0369149	0	0	0	0	0	0	0	0	0	0	48581	15.868	15.8519	0.000734497	0.000733752	0	0	0	0	0	0	0	0	0	0	0	0	0	0	0	17523.6	76.605	47.0799	0.00380341	0.0026893	0	0	0	0	0	11389.6	8.508	60.655	0.00147735	0.0052212	0	0	0	0	0	0	0	0	0	0	0	0	0	0	0	0	0	0	0	0	
1980-2-15	14	0	1.11136e+15	7.67603e+14	2.6586e+15	4.10411e+07	4.19499e+07	6.72406e+07	1.21179e+08	6.74129e+07	7.48819e+07	916.775	2909.87	4695.6	539134	563936	1.10307e+06	2685.54	0.929	17.5734	0.00157339	0.0107819	69066.6	343.441	706.724	0.00975714	0.0143146	16615.7	374.521	454.509	0.0207095	0.0319381	0	0	0	0	0	0	0	0	0	0	47689.5	11.605	11.5932	0.000515662	0.000515139	0	0	0	0	0	0	0	0	0	0	0	0	0	0	0	4498.04	13.144	13.2185	0.00315689	0.00333164	0	0	0	0	0	7930.61	4.622	41.3872	0.00187902	0.00435347	0	0	0	0	0	0	0	0	0	0	0	0	0	0	0	0	0	0	0	0	
1980-3-15	15	0	1.08728e+15	7.14595e+14	2.49116e+15	4.03196e+07	4.19589e+07	6.71198e+07	1.21657e+08	6.7836e+07	7.51594e+07	880.681	2958.48	4795.59	539581	566927	1.10651e+06	3571.38	1.06	28.5087	0.00128498	0.00998281	49904.7	349.583	546.675	0.0108993	0.0160856	17087.7	360.509	506.84	0.0190858	0.0371893	0	0	0	0	0	0	0	0	0	0	43460.6	10.27	10.2596	0.00143652	0.00143507	0	0	0	0	0	0	0	0	0	0	0	0	0	0	0	5043.92	32.931	17.5972	0.00496733	0.00373293	0	0	0	0	0	6653.27	2.765	30.8141	0.00231412	0.00500078	0	0	0	0	0	0	0	0	0	0	0	0	0	0	0	0	0	0	0	0	
1980-4-15	16	0	1.05522e+15	6.51642e+14	2.31855e+15	3.95275e+07	4.20116e+07	6.68406e+07	1.22196e+08	6.82058e+07	7.51143e+07	860.179	2883.4	4790.75	539530	571228	1.11076e+06	5547.13	8.186	50.2644	0.00936369	0.0107959	58867.1	749.908	695.202	0.0198797	0.0172435	16288.8	567.518	615.852	0.0297461	0.0424689	0	0	0	0	0	0	0	0	0	0	17930.8	4.149	4.14479	0.000566629	0.000566054	0	0	0	0	0	0	0	0	0	0	0	0	0	0	0	2561.81	0.237	10.7436	0.00523377	0.00445108	0	0	0	0	0	9241.36	7.006	44.1966	0.00126628	0.00433518	0	0	0	0	0	0	0	0	0	0	0	0	0	0	0	0	0	0	0	0	
1980-5-15	17	0	1.02428e+15	6.13524e+14	2.17976e+15	3.86091e+07	4.20292e+07	6.62295e+07	1.22729e+08	6.84461e+07	7.47451e+07	847.994	2779.39	4665.68	539287	576193	1.11548e+06	7998.18	43.013	84.0833	0.0155362	0.0131052	63031.2	1222.07	809.245	0.0271314	0.0180199	22551	1216.09	1206.69	0.0439515	0.0475408	0	0	0	0	0	0	0	0	0	0	23235.2	2.398	2.39557	0.00068751	0.000686812	0	0	0	0	0	0	0	0	0	0	0	0	0	0	0	4899.48	1.56	18.7303	0.0012223	0.00382615	0	0	0	0	0	16288.8	9.366	76.0854	0.00141944	0.00478788	0	0	0	0	0	0	0	0	0	0	0	0	0	0	0	0	0	0	0	0	
1980-6-15	18	0	1.00718e+15	6.79849e+14	2.15287e+15	3.78561e+07	4.20566e+07	6.54433e+07	1.23491e+08	6.86228e+07	7.41386e+07	840.925	2720.11	4529.11	538840	581521	1.12036e+06	6437.44	130.688	88.6403	0.0182862	0.0135462	85574.3	1133.3	989.205	0.0191894	0.0175085	30063	1495.89	1708.59	0.046957	0.0482145	0	0	0	0	0	0	0	0	0	0	29249	5.172	5.16675	0.000830843	0.000830001	0	0	0	0	0	0	0	0	0	0	0	0	0	0	0	15065.4	20.453	53.5467	0.00192608	0.00292536	0	0	0	0	0	25112.2	20.053	99.0692	0.0016988	0.00407557	0	0	0	0	0	0	0	0	0	0	0	0	0	0	0	0	0	0	0	0	
1980-7-15	19	0	1.06122e+15	8.37637e+14	2.4205e+15	3.72757e+07	4.20955e+07	6.46365e+07	1.24194e+08	6.87517e+07	7.32149e+07	808.334	2692.63	4456.8	537531	582481	1.12001e+06	2978.61	187.872	39.3754	0.0279691	0.0133931	117212	1992.85	1282.19	0.0207254	0.0153432	171647	8657.76	7784.2	0.0431821	0.0399642	0	0	0	0	0	0	0	0	0	0	46282.1	51.128	51.0754	0.00135803	0.00135664	0	0	0	0	0	0	0	0	0	0	0	0	0	0	0	28155	82.434	87.9432	0.00394707	0.00240186	0	0	0	0	0	24678	21.368	89.2961	0.00220799	0.00343142	0	0	0	0	0	0	0	0	0	0	0	0	0	0	0	0	0	0	0	0	
1980-8-15	20	0	1.12483e+15	1.03418e+15	2.88694e+15	3.7502e+07	4.21397e+07	6.44906e+07	1.24653e+08	6.86787e+07	7.25964e+07	742.286	2645.19	4389.59	537528	580167	1.1177e+06	4983.38	101.985	70.4029	0.0129829	0.0157653	40232.4	979.184	380.1	0.0448603	0.0158009	28297.9	1240.57	1123.52	0.0417811	0.0339113	0	0	0	0	0	0	0	0	0	0	30116.4	69.718	69.6452	0.00161031	0.00160865	0	0	0	0	0	0	0	0	0	0	0	0	0	0	0	39818.7	140.346	88.4884	0.00374097	0.0022885	0	0	0	0	0	34625.4	92.755	131.003	0.00491257	0.0040145	0	0	0	0	0	0	0	0	0	0	0	0	0	0	0	0	0	0	0	0	
1980-9-15	21	0	1.15948e+15	1.10731e+15	3.21526e+15	3.83779e+07	4.21058e+07	6.48008e+07	1.24851e+08	6.84543e+07	7.24277e+07	766.856	2512.57	4257.5	537871	576622	1.11449e+06	4026.25	58.245	58.4029	0.0175484	0.0155003	37210.8	577.174	343.41	0.0289766	0.0155066	24105.2	747.563	748.872	0.0294076	0.0347765	0	0	0	0	0	0	0	0	0	0	20808.3	25.113	25.0874	0.00176986	0.00176806	0	0	0	0	0	0	0	0	0	0	0	0	0	0	0	46668.7	80.981	88.8199	0.00304035	0.00255244	0	0	0	0	0	28834.7	58.326	117.649	0.00420527	0.00411135	0	0	0	0	0	0	0	0	0	0	0	0	0	0	0	0	0	0	0	0	
1980-10-15	22	0	1.16295e+15	1.01859e+15	3.24089e+15	3.96849e+07	4.20369e+07	6.56112e+07	1.24704e+08	6.80734e+07	7.26684e+07	842.072	2442.42	4137.01	537822	569096	1.10692e+06	2369.07	22.043	32.9342	0.0151928	0.0144784	30378	668.179	363.86	0.028257	0.0155008	27244.1	893.66	1027.61	0.0313101	0.034781	0	0	0	0	0	0	0	0	0	0	26989.1	19.839	19.8188	0.00102017	0.00101913	0	0	0	0	0	0	0	0	0	0	0	0	0	0	0	56057.5	129.679	121.789	0.00263122	0.00260438	0	0	0	0	0	41918.6	180.823	202.497	0.00349979	0.0047842	0	0	0	0	0	0	0	0	0	0	0	0	0	0	0	0	0	0	0	0	
1980-11-15	23	0	1.12532e+15	9.66305e+14	3.06051e+15	4.05585e+07	4.1969e+07	6.62551e+07	1.24046e+08	6.76451e+07	7.28766e+07	880.614	2595.08	4163.32	537028	561609	1.09864e+06	3969.68	10.604	43.6837	0.00596044	0.0134744	63938.9	855.222	1216.46	0.0161487	0.0167861	29154.9	1036.06	1282.01	0.0324913	0.037999	0	0	0	0	0	0	0	0	0	0	27516.5	12.819	12.806	0.000922574	0.000921638	0	0	0	0	0	0	0	0	0	0	0	0	0	0	0	43375.3	90.936	93.4926	0.00430497	0.002974	0	0	0	0	0	31920.9	131.102	145.373	0.00501739	0.00501475	0	0	0	0	0	0	0	0	0	0	0	0	0	0	0	0	0	0	0	0	
1980-12-15	24	0	1.12855e+15	8.88417e+14	2.87095e+15	4.10377e+07	4.19552e+07	6.66121e+07	1.2348e+08	6.72771e+07	7.3244e+07	901.611	2783.05	4399.31	535737	558723	1.09446e+06	4917.14	13.703	51.3393	0.00275911	0.0126625	51603.9	926.388	1073.56	0.016495	0.0185361	26564.7	921.117	1199.54	0.0338165	0.0424559	0	0	0	0	0	0	0	0	0	0	30959.4	4.623	4.61831	0.000276543	0.000276263	0	0	0	0	0	0	0	0	0	0	0	0	0	0	0	36502	63.268	85.8421	0.00293954	0.0030069	0	0	0	0	0	23832	134.001	118.47	0.00667073	0.0050826	0	0	0	0	0	0	0	0	0	0	0	0	0	0	0	0	0	0	0	0	
1981-1-15	25	0	1.16213e+15	8.18619e+14	2.81404e+15	4.1039e+07	4.20272e+07	6.68594e+07	1.23109e+08	6.73711e+07	7.37821e+07	933.448	2875.01	4638.2	534941	556271	1.09121e+06	6817.84	8.996	60.6352	0.00298763	0.0130565	81000.9	857.707	1282.2	0.0114602	0.0198038	40339.6	1163.64	1548.61	0.0257358	0.0414953	0	0	0	0	0	0	0	0	0	0	38906.6	8.99	8.98086	0.000606051	0.000605436	0	0	0	0	0	0	0	0	0	0	0	0	0	0	0	21946.7	30.994	51.7241	0.00254995	0.00283921	0	0	0	0	0	22522	68.569	112.317	0.00309579	0.00542006	0	0	0	0	0	0	0	0	0	0	0	0	0	0	0	0	0	0	0	0	
1981-2-15	26	0	1.18133e+15	7.64859e+14	2.72777e+15	4.07023e+07	4.21373e+07	6.70091e+07	1.2312e+08	6.77794e+07	7.44352e+07	920.001	2947.7	4782.13	535391	558950	1.09434e+06	7977.29	19.066	77.8891	0.00357402	0.012322	58378.3	444.094	933.813	0.00906453	0.0188376	34374.1	700.991	1069.26	0.018054	0.0323837	0	0	0	0	0	0	0	0	0	0	30060.3	2.154	2.15182	0.000410718	0.000410302	0	0	0	0	0	0	0	0	0	0	0	0	0	0	0	5535	5.066	14.6261	0.000612474	0.00266911	0	0	0	0	0	23263.7	94.13	133.201	0.00459872	0.00579017	0	0	0	0	0	0	0	0	0	0	0	0	0	0	0	0	0	0	0	0	
1981-3-15	27	0	1.16329e+15	7.24472e+14	2.57262e+15	4.01758e+07	4.22163e+07	6.70767e+07	1.23423e+08	6.8279e+07	7.49456e+07	892.905	2976.45	4843.87	535610	562483	1.09809e+06	9076.18	11.384	84.2175	0.00481223	0.0135554	35618.6	478.51	537.404	0.0143414	0.0185046	27793.1	635.055	930.194	0.019222	0.0374836	0	0	0	0	0	0	0	0	0	0	28712.4	2.337	2.33463	0.00216216	0.00215997	0	0	0	0	0	0	0	0	0	0	0	0	0	0	0	1280	2.148	3.29124	0.00167269	0.00271823	0	0	0	0	0	21048	185.214	122.459	0.00690607	0.00503725	0	0	0	0	0	0	0	0	0	0	0	0	0	0	0	0	0	0	0	0	
1981-4-15	28	0	1.14145e+15	6.54633e+14	2.3784e+15	3.93695e+07	4.21662e+07	6.66996e+07	1.23564e+08	6.84489e+07	7.48596e+07	883.111	2907.72	4829.52	535053	566994	1.10205e+06	9444.92	19.382	99.4359	0.00390232	0.0128015	39275.8	1021.62	655.083	0.0229393	0.0186471	29061.3	1039.75	1247.01	0.0236541	0.0425983	0	0	0	0	0	0	0	0	0	0	50953	10.564	10.5532	0.000366039	0.000365668	0	0	0	0	0	0	0	0	0	0	0	0	0	0	0	2247	0.294	9.81156	0.00401385	0.00346306	0	0	0	0	0	20483	74.083	102.137	0.0075365	0.00512199	0	0	0	0	0	0	0	0	0	0	0	0	0	0	0	0	0	0	0	0	
1981-5-15	29	0	1.13406e+15	6.12443e+14	2.25615e+15	3.84412e+07	4.23062e+07	6.61756e+07	1.24311e+08	6.88253e+07	7.4648e+07	865.259	2837.82	4731.11	534227	570864	1.10509e+06	14402.5	162.498	169.272	0.0218972	0.0144233	89432	1966.73	1400.11	0.0194773	0.0181592	43075.3	1633.8	2262.23	0.0303219	0.0466352	0	0	0	0	0	0	0	0	0	0	39086.6	14.896	14.8808	0.00075718	0.000756411	0	0	0	0	0	0	0	0	0	0	0	0	0	0	0	27321.8	28.201	103.738	0.00173074	0.00317813	0	0	0	0	0	22557	135.402	109.293	0.0116542	0.00496986	0	0	0	0	0	0	0	0	0	0	0	0	0	0	0	0	0	0	0	0	
1981-6-15	30	0	1.09406e+15	6.80733e+14	2.21495e+15	3.772e+07	4.23651e+07	6.54971e+07	1.25122e+08	6.90667e+07	7.4198e+07	840.013	2788.07	4625.02	533550	575664	1.10921e+06	14374.8	227.908	196.878	0.0205229	0.0143738	92066.4	1483.71	1132.2	0.0183203	0.0162578	49536.1	1896.02	2666.12	0.0317891	0.0431039	0	0	0	0	0	0	0	0	0	0	30151	26.509	26.4819	0.0014914	0.00148989	0	0	0	0	0	0	0	0	0	0	0	0	0	0	0	26640	60.678	95.7371	0.00365622	0.00276538	0	0	0	0	0	27605.7	176.047	137.546	0.00606118	0.00489802	0	0	0	0	0	0	0	0	0	0	0	0	0	0	0	0	0	0	0	0	
1981-7-15	31	0	1.14817e+15	8.11083e+14	2.49308e+15	3.72389e+07	4.2444e+07	6.49012e+07	1.25837e+08	6.91891e+07	7.34724e+07	784.712	2720.9	4534.67	532976	582056	1.11503e+06	8931.63	252.598	117.19	0.022059	0.0146451	94552.4	1370.67	1159.96	0.0157779	0.0154746	47812.5	1950.58	2287.09	0.0345003	0.0413028	0	0	0	0	0	0	0	0	0	0	6937.48	14.163	14.1486	0.00211187	0.00210973	0	0	0	0	0	0	0	0	0	0	0	0	0	0	0	29670.9	102.77	106.997	0.00386388	0.00291923	0	0	0	0	0	25003.7	205.242	137.701	0.00731562	0.00490607	0	0	0	0	0	0	0	0	0	0	0	0	0	0	0	0	0	0	0	0	
1981-8-15	32	0	1.17874e+15	9.76209e+14	2.87236e+15	3.73124e+07	4.24635e+07	6.47463e+07	1.26329e+08	6.91475e+07	7.29781e+07	721.306	2611.38	4393.72	532979	578566	1.11155e+06	14732.8	370.102	227.306	0.0215408	0.0166979	72892.7	1077.3	1017.44	0.014028	0.0140065	38809.1	1259.65	1824.09	0.0293201	0.0371312	0	0	0	0	0	0	0	0	0	0	11620.2	0.478	0.477515	0.000400635	0.000400229	0	0	0	0	0	0	0	0	0	0	0	0	0	0	0	40110.4	116.395	111.622	0.00375649	0.00234611	0	0	0	0	0	19223	208.386	116.401	0.00734427	0.00471623	0	0	0	0	0	0	0	0	0	0	0	0	0	0	0	0	0	0	0	0	
1981-9-15	33	0	1.24527e+15	1.09894e+15	3.29651e+15	3.79575e+07	4.23998e+07	6.49417e+07	1.26562e+08	6.89986e+07	7.27777e+07	749.654	2441.45	4188.56	533336	574334	1.10767e+06	13999.8	212.48	207.986	0.0150775	0.0162402	74550.2	1033.77	975.649	0.0144355	0.0159848	24439.2	704.017	967.514	0.0261557	0.0367505	0	0	0	0	0	0	0	0	0	0	31420.1	9.906	9.89593	0.000971259	0.000970274	0	0	0	0	0	0	0	0	0	0	0	0	0	0	0	58818.9	182.997	146.586	0.00441796	0.00254551	0	0	0	0	0	29031.4	178.279	164.639	0.00525376	0.00587056	0	0	0	0	0	0	0	0	0	0	0	0	0	0	0	0	0	0	0	0	
1981-10-15	34	0	1.19721e+15	1.07006e+15	3.37053e+15	3.91437e+07	4.23531e+07	6.57011e+07	1.26441e+08	6.87331e+07	7.30995e+07	810.728	2381.07	4032.4	532925	566992	1.09992e+06	8878.5	46.47	126.89	0.0141896	0.015076	66031.8	689.29	810.74	0.0106291	0.0156174	29968.4	787.412	990.297	0.0251291	0.0328616	0	0	0	0	0	0	0	0	0	0	36030.4	20.005	19.9845	0.00135257	0.0013512	0	0	0	0	0	0	0	0	0	0	0	0	0	0	0	60471	172.726	147.876	0.00374099	0.0027386	0	0	0	0	0	38157	210.851	217.42	0.00603764	0.00557665	0	0	0	0	0	0	0	0	0	0	0	0	0	0	0	0	0	0	0	0	
1981-11-15	35	0	1.20025e+15	9.97205e+14	3.22272e+15	4.0148e+07	4.23112e+07	6.63727e+07	1.25911e+08	6.83216e+07	7.32776e+07	847.769	2520.53	4049.96	531899	560099	1.092e+06	5344.34	15.175	49.0239	0.0161733	0.0141146	61466.9	852.198	904.221	0.0121031	0.0160767	36898.5	1324.04	1390.29	0.026777	0.0362629	0	0	0	0	0	0	0	0	0	0	19950	26.355	26.3281	0.000881076	0.000880178	0	0	0	0	0	0	0	0	0	0	0	0	0	0	0	40618	226.212	91.0753	0.00483824	0.00280126	0	0	0	0	0	38127	109.205	218.599	0.00331014	0.00577905	0	0	0	0	0	0	0	0	0	0	0	0	0	0	0	0	0	0	0	0	
1981-12-15	36	0	1.1685e+15	9.21765e+14	2.97345e+15	4.08643e+07	4.2353e+07	6.68627e+07	1.25303e+08	6.79146e+07	7.37477e+07	868.034	2677.62	4262.61	530679	556873	1.08755e+06	8507.09	42.732	94.051	0.00970402	0.0139581	65810.7	1052.93	1388.65	0.0137742	0.0192965	36032	1295.27	1471.33	0.0267926	0.0374894	0	0	0	0	0	0	0	0	0	0	27976.2	13.47	13.4563	0.00101076	0.00100974	0	0	0	0	0	0	0	0	0	0	0	0	0	0	0	31583.7	181.018	77.6707	0.00456391	0.00315668	0	0	0	0	0	30312.7	78.971	159.069	0.00263383	0.0055575	0	0	0	0	0	0	0	0	0	0	0	0	0	0	0	0	0	0	0	0	
1982-1-15	37	0	1.16849e+15	8.46221e+14	2.85307e+15	4.10665e+07	4.23792e+07	6.7256e+07	1.24771e+08	6.79343e+07	7.44269e+07	895.629	2765.16	4465.6	530541	554766	1.08531e+06	12938.2	86.674	168.002	0.00825382	0.0131703	51274.3	533.685	1118.43	0.00960169	0.0203892	27027.6	757.401	1128.07	0.0217885	0.0381194	0	0	0	0	0	0	0	0	0	0	36667.4	12.544	12.5313	0.00101743	0.0010164	0	0	0	0	0	0	0	0	0	0	0	0	0	0	0	19047.7	53.718	47.7343	0.00299487	0.00269793	0	0	0	0	0	32896.7	183.817	185.891	0.00906983	0.00627108	0	0	0	0	0	0	0	0	0	0	0	0	0	0	0	0	0	0	0	0	
1982-2-15	38	0	1.17128e+15	8.00064e+14	2.75199e+15	4.08397e+07	4.24126e+07	6.74267e+07	1.24721e+08	6.8341e+07	7.52473e+07	891.206	2831.44	4597.62	531598	558217	1.08981e+06	14705.8	93.097	173.858	0.0099568	0.0138743	34232.3	404.504	631.624	0.0100504	0.0186176	18751	443.491	629.386	0.0218564	0.0357722	0	0	0	0	0	0	0	0	0	0	36322.5	16.333	16.3164	0.00512304	0.00511784	0	0	0	0	0	0	0	0	0	0	0	0	0	0	0	3709.06	12.301	10.2845	0.00577109	0.00292428	0	0	0	0	0	26355	233.667	159.301	0.00694239	0.00575984	0	0	0	0	0	0	0	0	0	0	639.74	3.885	24.6827	0.00606464	0.0374796	0	0	0	0	0	
1982-3-15	39	0	1.1551e+15	7.35906e+14	2.5717e+15	4.03023e+07	4.24652e+07	6.75078e+07	1.24898e+08	6.88265e+07	7.57915e+07	845.537	2863.24	4660.02	531975	562117	1.09409e+06	15038.4	76.975	177.376	0.00737081	0.0138688	46197.5	996.939	673.61	0.0182848	0.0178307	19186	577.604	655.649	0.0272023	0.0383767	0	0	0	0	0	0	0	0	0	0	25158.3	13.71	13.6961	0.00360398	0.00360032	0	0	0	0	0	0	0	0	0	0	0	0	0	0	0	2694	7.457	7.75252	0.00241589	0.0028604	0	0	0	0	0	25137.7	79.753	125.943	0.00669066	0.0053827	0	0	0	0	0	0	0	0	0	0	1188.43	6.654	35.7384	0.00571035	0.0302843	0	0	0	0	0	
1982-4-15	40	0	1.13547e+15	6.6614e+14	2.38329e+15	3.96336e+07	4.25258e+07	6.73413e+07	1.25487e+08	6.92832e+07	7.60649e+07	813.161	2781.02	4623.26	531950	566601	1.09855e+06	17944.3	101.529	204.281	0.0124635	0.0130705	54124.3	1945.79	808.512	0.0242556	0.0174128	24488.8	1007.43	1021.46	0.0330944	0.0365559	0	0	0	0	0	0	0	0	0	0	19465.8	11.265	11.2535	0.00331752	0.00331415	0	0	0	0	0	0	0	0	0	0	0	0	0	0	0	777.084	0.164	2.85621	0.00205165	0.00323052	0	0	0	0	0	36297	177.162	172.634	0.0126929	0.00561817	0	0	0	0	0	0	0	0	0	0	1202.88	16.4	30.4904	0.0152784	0.0248643	0	0	0	0	0	
1982-5-15	41	0	1.09946e+15	6.43333e+14	2.26523e+15	3.87057e+07	4.25948e+07	6.67619e+07	1.26265e+08	6.96857e+07	7.58011e+07	788.92	2647.02	4475.62	532010	571616	1.10363e+06	29828.5	437.182	395.931	0.0181314	0.0146047	47438.4	1256	761.006	0.0204473	0.0171836	28451.7	1356.61	1293.58	0.0385899	0.0415166	0	0	0	0	0	0	0	0	0	0	10509.9	1.831	1.82914	0.00176399	0.0017622	0	0	0	0	0	0	0	0	0	0	0	0	0	0	0	8063.95	1.662	26.7214	0.00167281	0.0030706	0	0	0	0	0	34744.7	428.203	188.127	0.0133376	0.00532199	0	0	0	0	0	0	0	0	0	0	965.29	10.933	27.6468	0.0159299	0.027799	0	0	0	0	0	
1982-6-15	42	0	1.06209e+15	7.52662e+14	2.27847e+15	3.79292e+07	4.26105e+07	6.59402e+07	1.27296e+08	6.99054e+07	7.52308e+07	777.211	2553.35	4289.17	532301	577216	1.10952e+06	21022.1	460.023	305.707	0.0196688	0.0150804	47227.5	737.023	633.079	0.0181247	0.0159399	32161.1	1506.83	1583.45	0.0425128	0.0448087	0	0	0	0	0	0	0	0	0	0	8009	9.368	9.35848	0.00163699	0.00163533	0	0	0	0	0	0	0	0	0	0	0	0	0	0	0	27684.7	12.013	113.197	0.000547948	0.003514	0	0	0	0	0	23333	251.073	108.485	0.0113145	0.00432593	0	0	0	0	0	0	0	0	0	0	836.18	20.896	23.5204	0.0249898	0.0281284	0	0	0	0	0	
1982-7-15	43	0	1.09213e+15	9.14711e+14	2.54391e+15	3.75536e+07	4.26458e+07	6.54328e+07	1.27885e+08	6.99253e+07	7.45213e+07	739.672	2499.29	4169.65	532677	583611	1.11629e+06	16778.8	343.494	239.746	0.014989	0.0149819	66273.2	925.865	847.233	0.016123	0.0143696	36777.6	1662.2	1702.94	0.0430835	0.042928	0	0	0	0	0	0	0	0	0	0	20632	47.532	47.4831	0.00229818	0.00229583	0	0	0	0	0	0	0	0	0	0	0	0	0	0	0	22516.7	17.947	83.726	0.0026331	0.00327017	0	0	0	0	0	31545.7	191.866	115.463	0.0137952	0.00426051	0	0	0	0	0	0	0	0	0	0	347.42	11.976	9.51829	0.0344712	0.0273971	0	0	0	0	0	
1982-8-15	44	0	1.15559e+15	1.20877e+15	3.08602e+15	3.78069e+07	4.26125e+07	6.52801e+07	1.28309e+08	6.98351e+07	7.39476e+07	680.111	2437.98	4069.11	533004	580057	1.11306e+06	24108.8	324.121	380.521	0.0172887	0.01661	48218.6	553.872	602.181	0.0120446	0.0134442	29812.1	1157.35	1257.72	0.0328521	0.037825	0	0	0	0	0	0	0	0	0	0	36507.6	37.332	37.2937	0.00231822	0.00231586	0	0	0	0	0	0	0	0	0	0	0	0	0	0	0	32892	53.142	76.4535	0.0023888	0.0024389	0	0	0	0	0	29582.7	138.632	119.862	0.00631443	0.00428395	0	0	0	0	0	0	0	0	0	0	1099.12	34.454	26.4533	0.0327733	0.0238052	0	0	0	0	0	
1982-9-15	45	0	1.12681e+15	1.23609e+15	3.2857e+15	3.893e+07	4.25271e+07	6.57382e+07	1.2828e+08	6.95412e+07	7.39881e+07	708.29	2304.89	3931.09	533594	575296	1.10889e+06	18388.3	293.584	302.203	0.0205864	0.017318	54258.7	518.803	621.02	0.0112498	0.012641	22370	696.698	887.39	0.0302302	0.0357288	0	0	0	0	0	0	0	0	0	0	13437	29.197	29.1672	0.00261408	0.00261142	0	0	0	0	0	0	0	0	0	0	0	0	0	0	0	44404.2	59.63	113.621	0.0027621	0.00251137	0	0	0	0	0	23274	69.813	89.592	0.00748176	0.00485558	0	0	0	0	0	0	0	0	0	0	0	0	0	0	0	0	0	0	0	0	
1982-10-15	46	0	1.06235e+15	1.1491e+15	3.34695e+15	4.01758e+07	4.23526e+07	6.63556e+07	1.27928e+08	6.89824e+07	7.4285e+07	787.598	2251.5	3815.47	534106	566849	1.10095e+06	13188.5	98.679	203.649	0.00804015	0.0161512	37557.4	283.499	394.426	0.0111703	0.0128892	27226.2	968.622	958.814	0.0309739	0.0343761	0	0	0	0	0	0	0	0	0	0	14780.9	8.61	8.60124	0.00123253	0.00123128	0	0	0	0	0	0	0	0	0	0	0	0	0	0	0	34731.5	47.582	76.6603	0.00499263	0.00271314	0	0	0	0	0	29057	32.115	120	0.00381457	0.00533958	0	0	0	0	0	0	0	0	0	0	0	0	0	0	0	0	0	0	0	0	
1982-11-15	47	0	1.00345e+15	1.00038e+15	3.04745e+15	4.09375e+07	4.22593e+07	6.68322e+07	1.27211e+08	6.85025e+07	7.42774e+07	839.839	2416.81	3865.33	534085	559190	1.09327e+06	5854.5	19.033	82.5222	0.00587215	0.015286	31331	280.769	389.134	0.0099219	0.0150322	31123.6	1280.49	1213.33	0.0393955	0.0369758	0	0	0	0	0	0	0	0	0	0	25091.5	17.129	17.1116	0.00231984	0.00231749	0	0	0	0	0	0	0	0	0	0	0	0	0	0	0	34897.4	155.522	75.9011	0.00514392	0.00281901	0	0	0	0	0	8305	35.512	48.27	0.00754139	0.00619622	0	0	0	0	0	0	0	0	0	0	0	0	0	0	0	0	0	0	0	0	
1982-12-15	48	0	9.83812e+14	9.25203e+14	2.80663e+15	4.11387e+07	4.21916e+07	6.68493e+07	1.26578e+08	6.80919e+07	7.42635e+07	888.504	2634.61	4138.39	533229	555759	1.08899e+06	9089.73	37.461	111.574	0.00982852	0.014793	29368.4	264.062	409.235	0.0111572	0.0155113	27427	1203.01	1289.38	0.0353924	0.0403973	0	0	0	0	0	0	0	0	0	0	19440.2	3.441	3.43751	0.000460143	0.000459676	0	0	0	0	0	0	0	0	0	0	0	0	0	0	0	35433.9	109.975	89.8571	0.00310754	0.00298484	0	0	0	0	0	3375	2.789	19.5536	0.0038895	0.00691977	0	0	0	0	0	0	0	0	0	0	0	0	0	0	0	0	0	0	0	0	
1983-1-15	49	0	9.9546e+14	8.33709e+14	2.67734e+15	4.0895e+07	4.21523e+07	6.66395e+07	1.26398e+08	6.84002e+07	7.44075e+07	944.922	2794.95	4457.35	532791	553240	1.08603e+06	8977.33	57.869	115.881	0.00628768	0.0147068	16519.6	273.102	318.934	0.0156635	0.0194836	25111.6	891.306	1175.61	0.0287656	0.039773	0	0	0	0	0	0	0	0	0	0	18205	2.961	2.958	0.00043549	0.000435048	0	0	0	0	0	3	4.117	4.11282	1.3174	1.31606	0	0	0	0	0	33666	125.521	90.1946	0.0072505	0.00318053	0	0	0	0	0	14647.7	72.15	69.5844	0.00742621	0.00623533	0	0	0	0	0	0	0	0	0	0	0	0	0	0	0	0	0	0	0	0	
1983-2-15	50	0	9.94644e+14	7.683e+14	2.54083e+15	4.03421e+07	4.228e+07	6.63986e+07	1.26535e+08	6.89171e+07	7.4657e+07	973.414	2959.1	4724.38	533396	555541	1.08894e+06	13947.2	90.128	188.539	0.00887091	0.0153135	30614.2	192.942	298.459	0.00802681	0.0136641	15496.2	423.529	623.362	0.0256971	0.0363784	0	0	0	0	0	0	0	0	0	0	22276	5.251	5.24566	0.00136949	0.0013681	0	0	0	0	0	2	19.642	19.622	7.87976	7.87173	0	0	0	0	0	24896.9	27.492	62.9306	0.00292257	0.00290478	0	0	0	0	0	10289	26.732	52.8458	0.00342028	0.00569288	0	0	0	0	0	0	0	0	0	0	0	0	0	0	0	0	0	0	0	0	
1983-3-15	51	0	9.5682e+14	7.05353e+14	2.36732e+15	3.96908e+07	4.23869e+07	6.61968e+07	1.26871e+08	6.9395e+07	7.48665e+07	1001.76	3095.73	4956.45	533916	558173	1.09209e+06	17555.9	83.415	213.724	0.00781813	0.0153877	23000.4	242.441	252.329	0.0108061	0.0153674	18014.9	643.239	726.988	0.028675	0.0403422	0	0	0	0	0	0	0	0	0	0	9905.26	2.291	2.28868	0.00260315	0.00260051	0	0	0	0	0	3	12.36	12.3475	4.84246	4.83754	0	0	0	0	0	1384.47	1.813	7.06172	0.00282375	0.00431784	0	0	0	0	0	13095.4	46.637	60.9754	0.00667277	0.00536247	0	0	0	0	0	0	0	0	0	0	0	0	0	0	0	0	0	0	0	0	
1983-4-15	52	0	8.96076e+14	6.26387e+14	2.11908e+15	3.87467e+07	4.24141e+07	6.57481e+07	1.2759e+08	6.97813e+07	7.46784e+07	1029.57	3185.23	5156.9	533819	561691	1.09551e+06	22967.7	81.78	249.537	0.00920173	0.0147226	33340.2	963.862	530.516	0.0166288	0.015005	20818.6	898.999	913.75	0.0395453	0.0385932	0	0	0	0	0	0	0	0	0	0	540.84	0.854	0.853134	0.00121585	0.00121462	0	0	0	0	0	2	0.973	0.972013	0.572285	0.571705	0	0	0	0	0	2429	0.115	5.63845	8.89826e-05	0.00237182	0	0	0	0	0	16184.7	196.795	77.7499	0.0201134	0.00507361	0	0	0	0	0	0	0	0	0	0	1191.35	15.466	32.7797	0.0128733	0.0276411	0	0	0	0	0	
1983-5-15	53	0	8.44264e+14	5.89879e+14	1.96517e+15	3.77504e+07	4.24752e+07	6.49781e+07	1.28684e+08	7.00985e+07	7.42205e+07	1052.03	3272.74	5306.36	533751	565836	1.09959e+06	29332.7	467.893	398.499	0.0189548	0.0162077	39709.7	1262.09	626.113	0.0213727	0.0158785	22827.9	1097.43	1169.06	0.0476457	0.0511608	0	0	0	0	0	0	0	0	0	0	3015.94	0.115	0.114883	7.45475e-05	7.44719e-05	0	0	0	0	0	1	0.413	0.412581	0.413	0.412581	0	0	0	0	0	6612.11	3.708	16.2161	0.000823527	0.00273275	0	0	0	0	0	9976.68	288.177	69.7786	0.0202311	0.00712031	0	0	0	0	0	0	0	0	0	0	878.25	22.831	27.5139	0.025996	0.0313281	0	0	0	0	0	
1983-6-15	54	0	8.61532e+14	6.64242e+14	1.99122e+15	3.69113e+07	4.24062e+07	6.40729e+07	1.29426e+08	7.02179e+07	7.33561e+07	1067.65	3353.89	5450.68	533714	570978	1.10469e+06	19480.3	767.554	306.468	0.0212675	0.0172431	40753	858.588	536.198	0.0202069	0.0144383	25861.8	1494.63	1436.83	0.0589364	0.0525168	0	0	0	0	0	0	0	0	0	0	3449	0.478	0.477515	0.000246839	0.000246589	0	0	0	0	0	1	0.01	0.00998986	0.01	0.00998986	0	0	0	0	0	13757.6	32.802	54.2285	0.00159315	0.00368038	0	0	0	0	0	10500	148.856	63.982	0.0191649	0.00629597	0	0	0	0	0	0	0	0	0	0	554.76	17.197	17.0227	0.030999	0.0306848	0	0	0	0	0	
1983-7-15	55	0	9.73597e+14	8.27052e+14	2.31358e+15	3.66478e+07	4.22589e+07	6.33488e+07	1.29899e+08	7.00834e+07	7.23783e+07	1028.5	3423.03	5580.25	533563	577259	1.11082e+06	15239.3	418.27	263.77	0.0217242	0.0176211	51193.5	1196.09	660.61	0.0208275	0.0144267	22868	1482.72	1256.34	0.0669557	0.0503162	0	0	0	0	0	0	0	0	0	0	15695.7	0.872	0.871115	0.000654061	0.000653398	0	0	0	0	0	0	0	0	0	0	0	0	0	0	0	49237.6	125.704	218.121	0.0033092	0.00319924	0	0	0	0	0	11370.9	41.377	72.974	0.00309032	0.00537877	0	0	0	0	0	0	0	0	0	0	1204.7	37.006	33.4489	0.0311257	0.0274108	0	0	0	0	0	
1983-8-15	56	0	1.11058e+15	1.09055e+15	2.88082e+15	3.70283e+07	4.21015e+07	6.30641e+07	1.30237e+08	6.98736e+07	7.16475e+07	974.315	3415.14	5629.58	533980	573706	1.10769e+06	30750	496.771	501.383	0.0151668	0.0176617	48295.8	683.355	472.727	0.0175295	0.0125907	19804.8	1131.56	1152.03	0.0527037	0.0472691	0	0	0	0	0	0	0	0	0	0	21561.6	25.311	25.2851	0.00145535	0.00145386	0	0	0	0	0	0	0	0	0	0	0	0	0	0	0	67045.7	205.105	228.613	0.00384374	0.00275056	0	0	0	0	0	8496.31	66.645	56.1394	0.0164746	0.00600254	0	0	0	0	0	0	0	0	0	0	1146.99	28.931	32.3042	0.0192894	0.0254125	0	0	0	0	0	
1983-9-15	57	0	1.17654e+15	1.18075e+15	3.26785e+15	3.83705e+07	4.20445e+07	6.36313e+07	1.30201e+08	6.95241e+07	7.1452e+07	978.004	3288.29	5559.76	534960	569452	1.10441e+06	20947.7	228.331	357.305	0.00923887	0.0180202	39179	558.449	271.56	0.014983	0.00808078	17901	758.435	880.171	0.0368362	0.0405626	0	0	0	0	0	0	0	0	0	0	29573.1	76.149	76.0704	0.00293916	0.00293616	0	0	0	0	0	0	0	0	0	0	0	0	0	0	0	78950.2	307.633	208.206	0.00427819	0.00270098	0	0	0	0	0	22164.7	156.511	125.381	0.00566359	0.00552682	0	0	0	0	0	0	0	0	0	0	1062.03	24.99	31.9699	0.0207834	0.0326638	0	0	0	0	0	
1983-10-15	58	0	1.16522e+15	1.05151e+15	3.25092e+15	3.99514e+07	4.19888e+07	6.49107e+07	1.29659e+08	6.90693e+07	7.18187e+07	997.914	3203.72	5414.13	536206	561981	1.09819e+06	8086.08	50.959	138.557	0.0054545	0.0168781	43855.8	640.395	340.771	0.011806	0.00786957	26239.9	1091.45	929.315	0.0373762	0.035002	0	0	0	0	0	0	0	0	0	0	30129.3	32.946	32.9123	0.00145746	0.00145597	0	0	0	0	0	0	0	0	0	0	0	0	0	0	0	72638.2	324.941	148.504	0.00602522	0.00289164	0	0	0	0	0	29107.7	190.78	154.935	0.00850215	0.0059329	0	0	0	0	0	0	0	0	0	0	0	0	0	0	0	0	0	0	0	0	
1983-11-15	59	0	1.12357e+15	9.70894e+14	3.11768e+15	4.1162e+07	4.20267e+07	6.6209e+07	1.28719e+08	6.86032e+07	7.22701e+07	997.666	3233.36	5335.2	537356	555128	1.09248e+06	10052.9	50.548	101.471	0.00908991	0.0154355	41722.3	492.988	372.877	0.00999346	0.0100325	27515.2	1103.9	1095.76	0.0382384	0.0372469	0	0	0	0	0	459.936	6.207	14.0013	0.00975648	0.0288196	20575.4	40.881	40.8385	0.00186808	0.00186617	0	0	0	0	0	0	0	0	0	0	1	4.96	4.95497	4.96	4.95497	45478.7	192.304	99.649	0.00464225	0.0030464	0	0	0	0	0	26711	99.976	156.077	0.00460699	0.00640284	0	0	0	0	0	0	0	0	0	0	0	0	0	0	0	0	0	0	0	0	
1983-12-15	60	0	1.1325e+15	8.93964e+14	2.9516e+15	4.16944e+07	4.21865e+07	6.69044e+07	1.27779e+08	6.81574e+07	7.29429e+07	996.895	3257.75	5354.91	538661	551825	1.09049e+06	8510.02	13.242	73.6035	0.00657077	0.015035	43620.8	162.831	349.477	0.00717885	0.0126876	26318.2	1052.22	1330.2	0.0404873	0.0475071	0	0	0	0	0	473.84	6.381	14.2686	0.0123053	0.0295207	19410	8.63	8.62122	0.000428735	0.0004283	0	0	0	0	0	1	5.473	5.46745	5.473	5.46745	4	27.04	27.0125	7.66098	7.65319	36494	159.782	94.7721	0.00953011	0.0040037	0	0	0	0	0	20254	154.15	125.31	0.0108557	0.0065662	0	0	0	0	0	0	0	0	0	0	0	0	0	0	0	0	0	0	0	0	
1984-1-15	61	0	1.13314e+15	8.26261e+14	2.80084e+15	4.17461e+07	4.22842e+07	6.72949e+07	1.27011e+08	6.82008e+07	7.37388e+07	1001.33	3245.54	5364.82	540601	549729	1.09033e+06	8770	25.092	101.738	0.00489557	0.0158847	29338.9	108.255	278.192	0.00807043	0.0159117	22515.9	744.205	1055.1	0.029126	0.0434708	0	0	0	0	0	0	0	0	0	0	15378.8	1.329	1.32765	0.000301373	0.000301067	0	0	0	0	0	4	112.941	112.824	25.9179	25.8912	7	212.693	212.473	29.067	29.037	27960.7	47.69	79.2682	0.00450609	0.00349796	0	0	0	0	0	9321	86.146	70.0773	0.0113324	0.00739447	0	0	0	0	0	0	0	0	0	0	922.92	31.461	42.1053	0.0340885	0.0456218	0	0	0	0	0	
1984-2-15	62	0	1.13961e+15	7.55078e+14	2.67267e+15	4.15282e+07	4.23762e+07	6.76031e+07	1.26692e+08	6.84796e+07	7.4574e+07	970.411	3236.74	5339.27	542864	552768	1.09563e+06	8975	28.605	114.61	0.00384049	0.015119	14275	75.207	174.375	0.00675854	0.0153699	21787.2	496.488	801.031	0.0229152	0.038751	0	0	0	0	0	0	0	0	0	0	29031.4	1.247	1.24574	0.000140256	0.000140114	0	0	0	0	0	5	80.396	80.3126	13.8713	13.8569	9	661.495	660.78	72.4848	72.4072	10709	9.78	31.7828	0.00135031	0.00347381	0	0	0	0	0	6116	28.126	38.3664	0.0078094	0.0069696	0	0	0	0	0	0	0	0	0	0	1076.75	34.889	41.657	0.0324021	0.0386877	0	0	0	0	0	
1984-3-15	63	0	1.11314e+15	6.98688e+14	2.50127e+15	4.10216e+07	4.24422e+07	6.76939e+07	1.26728e+08	6.89532e+07	7.51292e+07	915.223	3185.59	5271.15	544575	556280	1.10086e+06	8636.68	5.935	73.1965	0.0106078	0.0132159	27080.5	323.113	318.471	0.0123217	0.015481	21548.6	567.994	786.825	0.023046	0.0393684	0	0	0	0	0	0	0	0	0	0	43416.3	4.937	4.93199	0.00114752	0.00114636	0	0	0	0	0	4	431.525	431.017	88.3303	88.2277	9	499.301	498.769	49.5536	49.5008	9838	13.845	32.4979	0.00131635	0.00309425	0	0	0	0	0	8825	50.781	73.315	0.010113	0.00698305	0	0	0	0	0	0	0	0	0	0	435.3	8.58	13.8471	0.0197105	0.0318104	0	0	0	0	0	
1984-4-15	64	0	1.10758e+15	6.49664e+14	2.36395e+15	4.03428e+07	4.24739e+07	6.75085e+07	1.27018e+08	6.93394e+07	7.52597e+07	873.605	3040.5	5119.18	546451	560765	1.10722e+06	12328.7	6.096	120.743	0.00329955	0.014613	30867.3	640.081	451.471	0.0117382	0.0171259	25392.5	892.193	1130.29	0.0234324	0.0413959	0	0	0	0	0	0	0	0	0	0	46838.2	10.012	10.0018	0.000442009	0.00044156	0	0	0	0	0	4	31.543	31.5108	6.41126	6.40471	4	80.484	80.4013	23.065	23.0414	14969.5	12.05	35.731	0.0023776	0.00304572	0	0	0	0	0	14905	132.572	122.959	0.0125236	0.0068069	0	0	0	0	0	0	0	0	0	0	995.13	16.419	27.8127	0.0155692	0.0285248	0	0	0	0	0	
1984-5-15	65	0	1.10752e+15	6.66409e+14	2.30315e+15	3.96246e+07	4.26549e+07	6.71657e+07	1.27905e+08	6.97521e+07	7.50825e+07	847.393	2870.43	4879.78	548173	565555	1.11373e+06	29897.4	459.942	381.18	0.0155803	0.0155775	39210.7	604.004	561.09	0.01498	0.0155854	34406.6	1337.11	1718.14	0.0329965	0.0511835	0	0	0	0	0	419.18	13.577	9.85784	0.0324021	0.0238123	38826.8	3.6	3.59635	0.000501643	0.000501134	0	0	0	0	0	1	0.325	0.324671	0.325	0.324671	2	90.092	89.9997	46.6783	46.6307	24145.2	40.339	78.5666	0.00162014	0.0035443	0	0	0	0	0	17261	332.988	146.303	0.0130694	0.00701905	0	0	0	0	0	0	0	0	0	0	883.51	21.892	25.5947	0.0247784	0.0289693	0	0	0	0	0	
1984-6-15	66	0	1.11786e+15	7.63053e+14	2.35742e+15	3.91586e+07	4.27477e+07	6.66558e+07	1.28655e+08	6.99459e+07	7.46836e+07	813.069	2751.17	4642.42	550003	570936	1.12094e+06	23802.7	283.256	325.039	0.0123383	0.0159755	47262.7	815.445	743.683	0.0151011	0.0149029	35553.6	1418.73	1861.79	0.0373237	0.0511653	0	0	0	0	0	114.66	7.267	2.79343	0.0633787	0.0243628	30586.4	7.736	7.72814	0.000689859	0.000689158	0	0	0	0	0	0	0	0	0	0	0	0	0	0	0	59644.5	211.38	304.976	0.00253405	0.0037641	0	0	0	0	0	13491	52.203	80.9496	0.00557513	0.00622187	0	0	0	0	0	0	0	0	0	0	916.47	22.428	23.1413	0.0227788	0.0267073	0	0	0	0	0	
1984-7-15	67	0	1.13449e+15	8.64764e+14	2.50661e+15	3.9014e+07	4.27682e+07	6.63743e+07	1.29023e+08	6.98908e+07	7.42432e+07	770.063	2660.61	4464.4	551412	577695	1.12911e+06	18394	277.331	256.466	0.0160602	0.0154809	49892.6	664.367	685.128	0.0154807	0.0148299	34622.8	1298.39	1753.49	0.037254	0.0486725	0	0	0	0	0	896.61	33.159	22.8018	0.0342811	0.025008	26610.8	14.318	14.3034	0.00214652	0.00214434	0	0	0	0	0	0	0	0	0	0	0	0	0	0	0	47371.7	193.704	180.237	0.00345358	0.00310186	0	0	0	0	0	17806.7	35.266	69.7824	0.0041391	0.00552843	0	0	0	0	0	0	0	0	0	0	0	0	0	0	0	0	0	0	0	0	
1984-8-15	68	0	1.16607e+15	1.06652e+15	2.92399e+15	3.92845e+07	4.27704e+07	6.62836e+07	1.29169e+08	6.97584e+07	7.39124e+07	739.695	2557.04	4313.56	552715	574779	1.12749e+06	29092	341.463	438.11	0.0102166	0.016713	36900	397.176	420.454	0.011091	0.0127964	32322.5	1068.93	1334.81	0.0325015	0.0393116	0	0	0	0	0	814.93	47.99	17.3985	0.0468257	0.0199349	7332.08	5.803	5.7971	0.000980122	0.000979126	0	0	0	0	0	0	0	0	0	0	0	0	0	0	0	57431.2	307.271	182.13	0.00419714	0.00273714	0	0	0	0	0	14712	20.014	67.4518	0.0043342	0.00653017	0	0	0	0	0	0	0	0	0	0	0	0	0	0	0	0	0	0	0	0	
1984-9-15	69	0	1.16375e+15	1.11016e+15	3.15793e+15	4.01582e+07	4.28165e+07	6.69064e+07	1.29178e+08	6.96221e+07	7.41057e+07	779.424	2456.32	4159.41	554099	570988	1.12509e+06	21905.1	228.719	358.46	0.00821212	0.0181442	31579.7	203.653	249.815	0.00985634	0.0119609	24609.6	713.067	926.591	0.0340232	0.0363352	0	0	0	0	0	824.222	12.314	19.2742	0.0105394	0.02316	6416.47	18.463	18.4442	0.00340772	0.00340426	0	0	0	0	0	0	0	0	0	0	0	0	0	0	0	39011	95.313	127.02	0.00318631	0.00306288	0	0	0	0	0	10221	73.55	59.0757	0.0103657	0.00612702	0	0	0	0	0	0	0	0	0	0	0	0	0	0	0	0	0	0	0	0	
1984-10-15	70	0	1.17248e+15	1.05411e+15	3.3417e+15	4.11298e+07	4.27871e+07	6.75661e+07	1.29008e+08	6.927e+07	7.44205e+07	844.387	2468.1	4097.77	555253	563809	1.11906e+06	10443	36.449	145.483	0.00663486	0.0160642	28984.7	169.49	225.936	0.00905547	0.0115163	26318.6	777.248	1017.58	0.0275361	0.0361635	0	0	0	0	0	0	0	0	0	0	20225.4	18.026	18.0076	0.0013188	0.00131746	0	0	0	0	0	1	0.034	0.0339655	0.034	0.0339655	0	0	0	0	0	35293.4	64.695	65.9787	0.00267732	0.00288821	0	0	0	0	0	17524.2	81.271	100.432	0.00390669	0.00606446	0	0	0	0	0	0	0	0	0	0	0	0	0	0	0	0	0	0	0	0	
1984-11-15	71	0	1.16108e+15	9.39796e+14	3.1365e+15	4.21939e+07	4.27995e+07	6.84395e+07	1.28359e+08	6.89856e+07	7.46165e+07	892.504	2633.46	4205.06	555653	557708	1.11336e+06	3028	4.624	25.8835	0.00738689	0.0149911	33319.3	265.381	376.917	0.00802115	0.0120641	24176.9	917.108	1063.63	0.032476	0.0396184	0	0	0	0	0	163.4	0.515	4.22409	0.00471828	0.0273416	29434.4	12.829	12.816	0.000986269	0.000985268	0	0	0	0	0	0	0	0	0	0	0	0	0	0	0	36751.7	65.628	84.6341	0.00154957	0.00276032	0	0	0	0	0	15229	28.343	93.2287	0.00338483	0.00659578	0	0	0	0	0	0	0	0	0	0	0	0	0	0	0	0	0	0	0	0	
1984-12-15	72	0	1.15573e+15	8.78925e+14	2.92794e+15	4.25945e+07	4.28744e+07	6.87849e+07	1.27715e+08	6.86581e+07	7.50207e+07	932.169	2812.66	4465.48	555348	555212	1.11056e+06	2225	2.38	34.5296	0.000718762	0.0157922	33729.8	265.202	444.17	0.0105982	0.0149474	28520.2	1023.3	1458.56	0.0323731	0.0452277	0	0	0	0	0	0	0	0	0	0	31822.7	22.452	22.4291	0.00102548	0.00102444	0	0	0	0	0	3	17.132	17.1146	6.89873	6.89173	2	36.935	36.8974	18.0566	18.0383	27148.4	73.579	77.2244	0.00232301	0.00290119	0	0	0	0	0	12481	23.93	80.5243	0.00310222	0.00654831	0	0	0	0	0	0	0	0	0	0	0	0	0	0	0	0	0	0	0	0	
1985-1-15	73	0	1.174e+15	8.39077e+14	2.85266e+15	4.26789e+07	4.29594e+07	6.91022e+07	1.27418e+08	6.88949e+07	7.57825e+07	948.273	2950.96	4727.47	554590	554126	1.10872e+06	3908	7.991	60.9191	0.00244234	0.0163266	55368.9	215.828	561.669	0.0073005	0.0154715	18647	599.621	881.296	0.0305601	0.0437355	0	0	0	0	0	0	0	0	0	0	45557	12.197	12.1846	0.00078688	0.000786082	0	0	0	0	0	4	423.714	423.223	93.7676	93.6594	4	660.233	659.503	164.297	164.115	17373	35.831	51.5735	0.00135945	0.0030524	0	0	0	0	0	4448	7.63	29.3637	0.0104427	0.00667917	0	0	0	0	0	0	0	0	0	0	0	0	0	0	0	0	0	0	0	0	
1985-2-15	74	0	1.23562e+15	7.72364e+14	2.79824e+15	4.23369e+07	4.30314e+07	6.92087e+07	1.27244e+08	6.92356e+07	7.63776e+07	940.716	3038.47	4906.04	555023	557915	1.11294e+06	3874.55	13.529	50.8333	0.00411446	0.0150515	45121.4	69.925	379.185	0.00420601	0.0141835	13027	280.193	512.204	0.0213627	0.0423772	0	0	0	0	0	0	0	0	0	0	47004.5	13.48	13.4663	0.000269236	0.000268963	0	0	0	0	0	3	365.344	364.919	103.288	103.168	3	410.286	409.837	135.587	135.438	3563	5.236	10.9801	0.00179884	0.00324944	0	0	0	0	0	10718.3	51.237	68.2767	0.0100715	0.00694903	0	0	0	0	0	0	0	0	0	0	0	0	0	0	0	0	0	0	0	0	
1985-3-15	75	0	1.17669e+15	7.09014e+14	2.57515e+15	4.1803e+07	4.30932e+07	6.9316e+07	1.27433e+08	6.97297e+07	7.68249e+07	903.086	3043.77	4985.81	555683	562179	1.11786e+06	10936.6	37.143	116.413	0.00586593	0.0146646	43470.2	309.122	441.344	0.00932302	0.0130828	10633	268.981	453.515	0.0239163	0.0420154	0	0	0	0	0	636.02	8.679	17.1603	0.0133477	0.0262477	41754.9	20.96	20.9386	0.00113871	0.00113756	0	0	0	0	0	5	362.536	362.122	59.9899	59.922	6	119.426	119.304	18.1523	18.1338	1451	5.655	4.19689	0.00459102	0.00298353	0	0	0	0	0	8784	6.665	57.7954	0.00218377	0.00728163	0	0	0	0	0	0	0	0	0	0	0	0	0	0	0	0	0	0	0	0	
1985-4-15	76	0	1.17862e+15	6.63645e+14	2.43608e+15	4.12222e+07	4.31348e+07	6.91829e+07	1.27823e+08	7.00597e+07	7.70962e+07	864.482	2964.01	4928.34	555841	567338	1.12318e+06	13996.3	32.743	141.478	0.0117117	0.0143515	63073.2	1434.21	737.965	0.0204706	0.0140496	17334.2	782.985	771.099	0.0318321	0.041317	0	0	0	0	0	245.48	7.619	6.3213	0.0173546	0.0253599	32301.9	3.987	3.98295	0.000205171	0.000204963	0	0	0	0	0	5	131.377	131.239	20.5774	20.5559	1	0.942	0.941045	0.942	0.941045	5484	4.309	13.9629	0.00174162	0.00277939	0	0	0	0	0	6542	39.12	47.8662	0.0061191	0.00722195	0	0	0	0	0	0	0	0	0	0	0	0	0	0	0	0	0	0	0	0	
1985-5-15	77	0	1.16994e+15	6.6005e+14	2.3533e+15	4.03883e+07	4.324e+07	6.86294e+07	1.28572e+08	7.03793e+07	7.68352e+07	823.345	2830.37	4772.05	555893	572914	1.12881e+06	22567.7	273.924	291.555	0.0192437	0.0154907	69909.1	1396.76	1041.81	0.0168904	0.0155745	18427.2	1097.46	937.878	0.0477957	0.0515966	0	0	0	0	0	389.282	5.508	9.91159	0.0200411	0.0254156	18692.9	1.935	1.93304	0.000800202	0.00079939	0	0	0	0	0	0	0	0	0	0	0	0	0	0	0	6908.37	1.141	19.0381	0.000407547	0.00323111	0	0	0	0	0	18149.6	84.817	124.049	0.00648949	0.00654213	0	0	0	0	0	0	0	0	0	0	0	0	0	0	0	0	0	0	0	0	
1985-6-15	78	0	1.13409e+15	7.45278e+14	2.33561e+15	3.96499e+07	4.32596e+07	6.78592e+07	1.29237e+08	7.04476e+07	7.6257e+07	792.845	2696.67	4555.79	556099	578585	1.13468e+06	30901.9	659.133	421.643	0.0203665	0.0175048	76898.8	1353.71	1042.31	0.0187306	0.0145928	25619.4	1369.5	1427.03	0.0510619	0.0542294	0	0	0	0	0	829.15	10.995	21.2972	0.0144939	0.0263808	10170	6.056	6.04985	0.000715847	0.000715121	0	0	0	0	0	0	0	0	0	0	0	0	0	0	0	22989.1	13.285	73.4145	0.000507761	0.00287888	0	0	0	0	0	19381	105.025	138.073	0.00600001	0.00631516	0	0	0	0	0	0	0	0	0	0	0	0	0	0	0	0	0	0	0	0	
1985-7-15	79	0	1.1563e+15	8.76116e+14	2.55187e+15	3.94025e+07	4.32964e+07	6.74494e+07	1.29634e+08	7.0522e+07	7.56995e+07	743.579	2582.58	4360.22	556296	585422	1.14172e+06	20908.4	458.949	308.751	0.0172697	0.0167962	72534.5	1056.56	960.938	0.0165691	0.0139579	27864.7	1482.68	1465.79	0.0486705	0.0479624	0	0	0	0	0	457.483	14.802	12.2374	0.038577	0.0268256	9091.85	10.753	10.742	0.000749332	0.00074857	0	0	0	0	0	0	0	0	0	0	0	0	0	0	0	36270.2	80.517	118.102	0.00343056	0.00293092	0	0	0	0	0	18077	58.481	118.717	0.00642188	0.0061025	0	0	0	0	0	0	0	0	0	0	0	0	0	0	0	0	0	0	0	0	
1985-8-15	80	0	1.21301e+15	1.05173e+15	2.98997e+15	3.9536e+07	4.3292e+07	6.72768e+07	1.29776e+08	7.03752e+07	7.5222e+07	688.979	2470.56	4167.78	556670	582644	1.13931e+06	26121.4	366.024	402.556	0.0139762	0.0185636	53275.4	745.101	716.697	0.0131622	0.0137094	19653.2	894.568	966.064	0.0403326	0.0410767	0	0	0	0	0	644.72	15.19	15.3481	0.0328142	0.0250773	10379	9.628	9.6182	0.000956064	0.000955093	0	0	0	0	0	0	0	0	0	0	0	0	0	0	0	40857.8	130.417	126.316	0.00534553	0.00271238	0	0	0	0	0	19553.5	86.65	90.4508	0.00664933	0.00591759	0	0	0	0	0	0	0	0	0	0	0	0	0	0	0	0	0	0	0	0	
1985-9-15	81	0	1.2499e+15	1.10655e+15	3.29759e+15	4.03517e+07	4.33088e+07	6.75799e+07	1.29888e+08	7.02725e+07	7.51442e+07	725.65	2323.16	3972.81	557239	578689	1.13593e+06	15749.7	156.088	279.452	0.00847827	0.0184847	56760.5	345.368	548.385	0.00897602	0.0124801	17822.7	493.65	746.715	0.0272804	0.0368574	0	0	0	0	0	910.275	21.151	25.3363	0.02139	0.0271108	13734.1	8.03	8.02185	0.00122995	0.0012287	0	0	0	0	0	0	0	0	0	0	0	0	0	0	0	34463.4	50.076	89.588	0.00194641	0.00283194	0	0	0	0	0	26834	96.744	123.791	0.00527715	0.00556079	0	0	0	0	0	0	0	0	0	0	2589.07	69.974	87.276	0.0275551	0.0311368	0	0	0	0	0	
1985-10-15	82	0	1.1917e+15	1.02807e+15	3.32196e+15	4.15592e+07	4.32765e+07	6.8424e+07	1.29702e+08	7.00571e+07	7.55893e+07	785.775	2291.2	3855.75	557151	571930	1.12908e+06	4237	18.118	69.7956	0.00557267	0.0172985	60602.6	352.071	530.371	0.00829014	0.0119689	18268	659.104	675.89	0.034091	0.0366093	40.5	0	0	0	0	880.75	18.686	24.9404	0.0182839	0.0288825	18924	13.141	13.1276	0.00111349	0.00111236	0	0	0	0	0	0	0	0	0	0	0	0	0	0	0	30460.8	38.624	74.027	0.00388588	0.0027781	0	0	0	0	0	28627.9	114.201	140.716	0.00513785	0.00632749	0	0	0	0	0	0	0	0	0	0	951.41	18.984	36.1148	0.0193677	0.0376297	0	0	0	0	0	
1985-11-15	83	0	1.18718e+15	9.80901e+14	3.26941e+15	4.24314e+07	4.32691e+07	6.9092e+07	1.29064e+08	6.97046e+07	7.58001e+07	831.479	2445.97	3907.18	556466	565870	1.12234e+06	7252.68	2.322	59.5863	0.0025873	0.0121731	52737.7	444.963	604.313	0.00983568	0.0127544	15644	799.536	624.08	0.0422971	0.0411732	120.4	0.097	0.0969017	0.000805647	0.00080483	1341.11	29.809	41.7566	0.0196726	0.0300524	21792.9	28.91	28.8805	0.00212247	0.00212031	0	0	0	0	0	1	0.027	0.0269726	0.027	0.0269726	0	0	0	0	0	30829.9	245.455	86.1103	0.00569108	0.00374448	0	0	0	0	0	29179.1	89.33	152.74	0.00427742	0.00627902	0	0	0	0	0	0	0	0	0	0	1667.05	58.26	65.7667	0.034948	0.039451	0	0	0	0	0	
1985-12-15	84	0	1.19472e+15	9.23272e+14	3.04752e+15	4.29996e+07	4.33334e+07	6.93958e+07	1.28553e+08	6.93111e+07	7.60291e+07	864.693	2616.63	4153.02	554884	563449	1.11833e+06	5153	14.785	69.5898	0.00451071	0.0154108	49302.4	528.305	622.712	0.0138685	0.0155326	20091	872.711	996.867	0.0389798	0.0475892	0	0	0	0	0	142.96	6.842	4.7105	0.0514974	0.0332682	15855.5	7.648	7.64023	0.000577184	0.000576598	0	0	0	0	0	4	11.558	11.5463	2.89842	2.89548	4	737.113	736.261	186.041	185.831	27919.7	206.208	85.7133	0.00640119	0.0042891	0	0	0	0	0	19948	65.994	116.427	0.00591659	0.0069439	0	0	0	0	0	0	0	0	0	0	884.11	24.905	38.8475	0.0265597	0.0431616	0	0	0	0	0	
1986-1-15	85	0	1.2366e+15	8.52568e+14	2.93047e+15	4.30873e+07	4.33826e+07	6.95796e+07	1.28272e+08	6.94497e+07	7.64384e+07	886.418	2741.1	4393.84	553509	561829	1.11534e+06	3864.57	18.129	60.9691	0.00439105	0.016607	54662	430.356	683.305	0.0100482	0.0158821	17614	742.937	902.462	0.0424509	0.048144	0	0	0	0	0	645.226	4.696	18.4757	0.00581958	0.0287629	38318.2	16.423	16.4063	0.000536483	0.000535938	0	0	0	0	0	5	374.229	373.819	65.7462	65.6747	4	1297.9	1296.39	312.245	311.887	24338.6	47.718	70.6039	0.00241324	0.00317368	0	0	0	0	0	20780	149.537	148.612	0.0076788	0.00708529	0	0	0	0	0	0	0	0	0	0	478.7	18.26	20.2477	0.0374444	0.0419667	0	0	0	0	0	
1986-2-15	86	0	1.23805e+15	8.05349e+14	2.82918e+15	4.28861e+07	4.34757e+07	6.99343e+07	1.28251e+08	6.99175e+07	7.72978e+07	883.849	2824.84	4566	554108	566026	1.12013e+06	7177.15	35.174	115.428	0.00345488	0.0160401	0	0	0	0	0	14040	415.544	608	0.0264204	0.0464358	0	0	0	0	0	370.17	5.454	10.9413	0.0147338	0.0295576	38117.8	17.804	17.7859	0.000397513	0.000397109	0	0	0	0	0	4	112.144	112.027	23.9344	23.9095	4	451.634	451.133	109.507	109.386	10830	10.041	34.818	0.00117553	0.00382012	0	0	0	0	0	19232	55.518	153.958	0.00289364	0.00645011	0	0	0	0	0	0	0	0	0	0	622.46	18.79	24.4772	0.0266568	0.0393446	0	0	0	0	0	
1986-3-15	87	0	1.22294e+15	7.41683e+14	2.64637e+15	4.23151e+07	4.35088e+07	6.9869e+07	1.28353e+08	7.03429e+07	7.77181e+07	850.691	2850.57	4652	554124	569818	1.12394e+06	16535.7	13.889	180.643	0.00219478	0.0145991	63926	256.837	707.228	0.0050832	0.0123594	14478	520.645	515.144	0.0324995	0.0383094	0	0	0	0	0	260.076	1.254	6.47568	0.00482166	0.0248992	70485.7	47.283	47.2346	0.00189762	0.00189569	0	0	0	0	0	4	339.386	339.016	69.8356	69.76	4	79.868	79.786	19.6877	19.6674	27785	55.244	97.8956	0.00185499	0.00380731	0	0	0	0	0	13014	97.405	108.156	0.00704886	0.00729096	0	0	0	0	0	0	0	0	0	0	198.7	4.545	6.45052	0.0228737	0.0324636	0	0	0	0	0	
1986-4-15	88	0	1.16897e+15	6.67551e+14	2.42066e+15	4.15882e+07	4.35643e+07	6.95932e+07	1.28903e+08	7.07766e+07	7.77862e+07	832.449	2786.06	4622.3	554129	574789	1.12892e+06	16343.5	31.86	195.928	0.00303395	0.0158252	55218.1	1791.45	673.429	0.0181781	0.0123973	15724.6	956.908	632.988	0.0402919	0.0400086	0	0	0	0	0	0	0	0	0	0	50442.3	14.3	14.2854	0.000542844	0.000542293	0	0	0	0	0	3	39.667	39.6264	11.2301	11.2186	0	0	0	0	0	23624.5	39.763	76.3419	0.00138579	0.00311981	0	0	0	0	0	14133.3	96.421	105.442	0.0144021	0.00757495	0	0	0	0	0	0	0	0	0	0	0	0	0	0	0	0	0	0	0	0	
1986-5-15	89	0	1.16347e+15	6.27731e+14	2.28088e+15	4.07602e+07	4.37331e+07	6.90721e+07	1.29633e+08	7.1206e+07	7.76325e+07	815.613	2690.93	4515.85	554181	580160	1.13434e+06	27533.4	286.108	409.29	0.0148706	0.0168696	47616.3	1902.38	755.252	0.0257962	0.0150921	18295.3	1647.99	899.564	0.0682617	0.0491636	0	0	0	0	0	0	0	0	0	0	11637.2	1.423	1.42156	0.000141445	0.000141301	0	0	0	0	0	1	0.072	0.071927	0.072	0.071927	0	0	0	0	0	33851.7	15.118	129.55	0.00125506	0.00334143	0	0	0	0	0	15275	87.942	113.348	0.00872029	0.00737258	0	0	0	0	0	0	0	0	0	0	0	0	0	0	0	0	0	0	0	0	
1986-6-15	90	0	1.14894e+15	6.88263e+14	2.30644e+15	3.98858e+07	4.37694e+07	6.82112e+07	1.30353e+08	7.13985e+07	7.70026e+07	791.99	2631.11	4382.98	554193	585740	1.13993e+06	27998.1	712.73	492.052	0.0205974	0.0182686	71119.9	1387.98	876.028	0.0236337	0.0146282	20891.5	1256.24	1184.91	0.0624511	0.0574536	0	0	0	0	0	502.38	12.053	13.446	0.0239918	0.0267646	17029.7	3.262	3.25869	0.000605537	0.000604923	0	0	0	0	0	0	0	0	0	0	0	0	0	0	0	39806.7	59.061	144.518	0.00111803	0.00338231	0	0	0	0	0	13770	81.026	90.3413	0.00719057	0.00583622	0	0	0	0	0	0	0	0	0	0	0	0	0	0	0	0	0	0	0	0	
1986-7-15	91	0	1.14555e+15	8.5033e+14	2.49647e+15	3.94214e+07	4.36625e+07	6.74407e+07	1.30913e+08	7.13548e+07	7.62075e+07	755.268	2572.53	4287.15	554151	592680	1.14683e+06	23161	473.211	381.488	0.0156351	0.0190939	87746.1	1098.78	819.417	0.0198912	0.0135428	20804	1480.33	1180.85	0.0685283	0.0552434	0	0	0	0	0	475.93	7.855	13.5698	0.0138677	0.0288738	15574.2	1.601	1.59938	0.000186136	0.000185947	0	0	0	0	0	0	0	0	0	0	0	0	0	0	0	45269	90.368	159.061	0.00234161	0.00318259	0	0	0	0	0	7564	75.179	40.679	0.00729891	0.00459707	0	0	0	0	0	0	0	0	0	0	335.794	28.429	13.673	0.0840662	0.037959	0	0	0	0	0	
1986-8-15	92	0	1.17372e+15	9.98518e+14	2.85329e+15	3.95383e+07	4.36547e+07	6.7335e+07	1.31281e+08	7.12783e+07	7.57769e+07	700.309	2489.19	4175.54	553952	589510	1.14346e+06	28051.7	622.517	514.276	0.0176476	0.0196133	69584.3	984.089	619.576	0.0195609	0.0123295	22205.1	1519.57	1178.47	0.0585891	0.047238	0	0	0	0	0	1234.02	68.915	35.0372	0.0477653	0.0289646	35681	7.291	7.2836	0.000648898	0.000648239	0	0	0	0	0	0	0	0	0	0	0	0	0	0	0	61145.1	143.554	192.074	0.00224715	0.00284275	0	0	0	0	0	12677	31.244	55.3847	0.00240447	0.00530791	0	0	0	0	0	0	0	0	0	0	730.89	72.653	29.6566	0.0994035	0.040576	0	0	0	0	0	
1986-9-15	93	0	1.18294e+15	1.09734e+15	3.19378e+15	4.01488e+07	4.35937e+07	6.75261e+07	1.31343e+08	7.10013e+07	7.56541e+07	727.658	2362.37	4012.81	554258	585316	1.13957e+06	18330.8	256.319	355.516	0.00962548	0.0200804	69916.8	390.891	545.271	0.00771719	0.00934649	13782.2	620.47	592.015	0.0388605	0.0383849	0	0	0	0	0	987.032	25.166	29.9	0.0253885	0.0313134	21905.4	5.957	5.95095	0.000879474	0.000878582	0	0	0	0	0	0	0	0	0	0	0	0	0	0	0	79213	300.589	217.77	0.00376335	0.00272831	0	0	0	0	0	10308.7	28.306	50.9745	0.00654246	0.00611425	0	0	0	0	0	0	0	0	0	0	227.225	11.161	8.79532	0.0491188	0.0387076	0	0	0	0	0	
1986-10-15	94	0	1.14184e+15	1.01004e+15	3.24353e+15	4.12924e+07	4.34489e+07	6.8172e+07	1.30952e+08	7.05951e+07	7.59246e+07	795.771	2316.15	3907.12	554444	577886	1.13233e+06	7569.34	19.779	152.855	0.00597167	0.0210274	40920.2	288.573	338.061	0.00956252	0.00933875	14197	664.705	418.131	0.040919	0.0339076	1.82	0	0	0	0	1048.11	19.61	33.4696	0.0151187	0.0336801	25019.9	6.078	6.07183	0.000802902	0.000802087	0	0	0	0	0	0	0	0	0	0	0	0	0	0	0	55300.3	333.135	137.143	0.00676546	0.00322992	0	0	0	0	0	5867	18.375	41.755	0.00524422	0.00715055	0	0	0	0	0	0	0	0	0	0	0	0	0	0	0	0	0	0	0	0	
1986-11-15	95	0	1.09733e+15	9.72061e+14	3.06507e+15	4.20369e+07	4.33567e+07	6.85924e+07	1.30341e+08	7.01425e+07	7.59151e+07	839.858	2463.8	3950.53	553992	571022	1.12501e+06	1995.54	12.659	38.1912	0.0109288	0.0199645	37228.3	367.604	439.226	0.00953747	0.0119243	19857.2	1114.05	642.709	0.0466283	0.0403765	179.163	0.514	0.513479	0.00443902	0.00443452	1321.24	31.348	42.7696	0.0184926	0.0326114	49743	4.701	4.69623	9.16146e-05	9.15216e-05	0	0	0	0	0	0	0	0	0	0	0	0	0	0	0	35114.4	161.39	90.1071	0.00589203	0.00320983	0	0	0	0	0	9517	31.875	72.7232	0.0157166	0.00863722	0	0	0	0	0	0	0	0	0	0	626.33	28.958	26.1755	0.0327204	0.0382537	0	0	0	0	0	
1986-12-15	96	0	1.10421e+15	9.05451e+14	2.91647e+15	4.23567e+07	4.33281e+07	6.86897e+07	1.29833e+08	6.98495e+07	7.6075e+07	867.694	2642.71	4183.31	552705	568417	1.12112e+06	3387.55	3.705	57.7805	0.00367993	0.0199395	62144.7	329.307	595.834	0.00850874	0.0118888	21260.2	973.564	808.333	0.04757	0.0412259	89.6	0	0	0	0	811.21	12.546	28.0294	0.0173247	0.0351491	32559.8	4.239	4.2347	0.000172095	0.000171921	0	0	0	0	0	4	15.399	15.3834	3.88025	3.87631	5	106.595	106.486	18.7855	18.7663	28964.7	72.217	85.4036	0.002857	0.00338969	0	0	0	0	0	6620	5.989	48.688	0.0320806	0.00684979	0	0	0	0	0	0	0	0	0	0	395.46	22.748	17.8296	0.0600013	0.0448092	0	0	0	0	0	
1987-1-15	97	0	1.1131e+15	8.59941e+14	2.82528e+15	4.24065e+07	4.32701e+07	6.86383e+07	1.29514e+08	6.99285e+07	7.6186e+07	901.735	2756.31	4427.73	551297	566810	1.11811e+06	4792.5	19.472	84.8893	0.00305608	0.0181437	43709.4	261.559	361.121	0.0121173	0.0133502	23787.1	918.635	893.654	0.0347628	0.0384296	563.05	0.624	0.623366	0.00116894	0.00116775	2015.62	10.034	75.2696	0.00580048	0.0352077	43938.8	3.487	3.48346	0.00027944	0.000279157	0	0	0	0	0	12	496.336	495.802	32.4439	32.4091	4	287.123	286.823	69.7544	69.6817	21240.4	19.808	59.8832	0.00155032	0.00345786	0	0	0	0	0	3365.91	8.752	29.6709	0.00668518	0.00960228	0	0	0	0	0	0	0	0	0	0	276.96	10.093	11.5031	0.0329546	0.0419566	0	0	0	0	0	
1987-2-15	98	0	1.09624e+15	7.8903e+14	2.66589e+15	4.20439e+07	4.31345e+07	6.8573e+07	1.29291e+08	7.00115e+07	7.6582e+07	911.336	2846.76	4601.42	550833	569886	1.12072e+06	11715.4	29.326	155.804	0.00444433	0.0156986	23898.1	169.855	207.854	0.00790273	0.0116938	20579.5	598.773	621.679	0.0260122	0.0350698	668.78	0.34	0.339655	0.00057456	0.000573978	1576.33	16.194	52.6683	0.0105371	0.0329745	34501.7	11.121	11.1097	0.0045523	0.00454768	0	0	0	0	0	8	309.066	308.74	34.0063	33.9704	1	364.182	363.774	364.182	363.784	19093.2	11.086	54.858	0.001246	0.00338344	0	0	0	0	0	1725.42	25.17	14.9424	0.00976033	0.00858908	0	0	0	0	0	0	0	0	0	0	523.4	18.068	21.4392	0.0339351	0.040738	0	0	0	0	0	
1987-3-15	99	0	1.07553e+15	7.39021e+14	2.50347e+15	4.1473e+07	4.32203e+07	6.85475e+07	1.29596e+08	7.03995e+07	7.69153e+07	889.578	2915.34	4720.68	550242	573290	1.12353e+06	17429.2	23.446	221.678	0.00640133	0.018771	20905.1	131.796	180.534	0.00586685	0.0108658	15696.5	428.802	565.911	0.0257273	0.0350379	1213.69	8.033	8.02485	0.0062807	0.00627433	1567.25	28.022	48.3761	0.0214434	0.0298047	54268.7	15.204	15.1885	0.0015843	0.00158269	0	0	0	0	0	7	243.673	243.42	31.5382	31.5055	2	12.584	12.5712	6.22417	6.21782	14576.2	28.676	42.9578	0.00482806	0.00378644	0	0	0	0	0	787	24.735	6.60897	0.024685	0.00919232	0	0	0	0	0	0	0	0	0	0	152.34	4.351	5.41277	0.0209002	0.0349166	0	0	0	0	0	
1987-4-15	100	0	1.00998e+15	6.67896e+14	2.2769e+15	4.06377e+07	4.31335e+07	6.82108e+07	1.29832e+08	7.06895e+07	7.68266e+07	884.32	2894.98	4762.2	548886	577734	1.12662e+06	16584	36.471	219.582	0.00565857	0.0186584	23470.6	388.607	229.631	0.0132323	0.0105531	27280.6	1546.14	1121.54	0.0516202	0.0377258	2807.66	32.442	32.409	0.0098388	0.0098288	800.35	2.99	22.289	0.00545243	0.0278788	33854.4	20.532	20.5111	0.0096936	0.00968376	0	0	0	0	0	7	171.124	170.946	22.8718	22.8481	0	0	0	0	0	21156.1	33.608	59.158	0.00167469	0.00300438	0	0	0	0	0	0	0	0	0	0	0	0	0	0	0	0	0	0	0	0	193.64	4.932	7.66502	0.0258225	0.0409233	0	0	0	0	0	
1987-5-15	101	0	9.57206e+14	6.70392e+14	2.15965e+15	3.96998e+07	4.31896e+07	6.76433e+07	1.30669e+08	7.10471e+07	7.65282e+07	904.925	2840.47	4726.45	547400	582719	1.13012e+06	30740	404.733	475.522	0.0178482	0.0184187	35490.1	366.608	296.665	0.0176656	0.0112264	31746	1374.37	1501.44	0.0415671	0.046511	1890.9	27.05	27.0225	0.0105466	0.0105359	1646.7	37.373	46.1939	0.0259563	0.028585	28756.4	1.776	1.7742	0.000234434	0.000234197	0	0	0	0	0	1	0.084	0.0839148	0.084	0.0839148	0	0	0	0	0	20551.4	12.266	102.279	0.00100646	0.00360557	0	0	0	0	0	0	0	0	0	0	0	0	0	0	0	0	0	0	0	0	647.85	30.132	26.7795	0.0459948	0.0382454	0	0	0	0	0	
1987-6-15	102	0	9.54545e+14	7.50301e+14	2.16859e+15	3.88935e+07	4.32005e+07	6.67215e+07	1.3124e+08	7.11841e+07	7.57254e+07	915.233	2858.93	4698.91	545822	588849	1.13467e+06	28894.7	530.483	525.498	0.015964	0.0195862	40232.9	475.625	282.653	0.0194092	0.00809273	31915.9	1421.59	1522.84	0.0453464	0.0479877	2329.32	14.949	14.9338	0.00752736	0.00751972	1459.49	34.939	42.5693	0.0295713	0.0290923	39513.7	2.592	2.58937	0.000109311	0.0001092	0	0	0	0	0	0	0	0	0	0	0	0	0	0	0	41150.7	108.377	171.636	0.00223941	0.0034326	0	0	0	0	0	19	1.29	0.113411	0.0678947	0.00596902	0	0	0	0	0	0	0	0	0	0	347.41	21.435	14.5882	0.0476526	0.0364317	0	0	0	0	0	
1987-7-15	103	0	9.76875e+14	8.76756e+14	2.39287e+15	3.86072e+07	4.3189e+07	6.60015e+07	1.31654e+08	7.11344e+07	7.48693e+07	896.336	2918.92	4748.5	544002	596263	1.14027e+06	23004.7	475.403	415.69	0.0172321	0.0205777	51118.7	499.855	332.021	0.0125992	0.00807488	31140	1671.2	1521.56	0.0490204	0.0396516	8746.96	14.533	14.5182	0.002933	0.00293002	1153.49	47.484	34.6022	0.0392019	0.0295454	39172.3	15.647	15.6311	0.000877722	0.000876831	0	0	0	0	0	0	0	0	0	0	0	0	0	0	0	50200	212.245	196.393	0.00243867	0.0035806	0	0	0	0	0	8119	4.231	32.4717	0.00138669	0.00399451	0	0	0	0	0	0	0	0	0	0	734.779	39.642	32.4612	0.0539509	0.0441782	0	0	0	0	0	
1987-8-15	104	0	1.03726e+15	1.01931e+15	2.75787e+15	3.88719e+07	4.31252e+07	6.57528e+07	1.31858e+08	7.10443e+07	7.41814e+07	846.785	2924.81	4808.89	542210	594081	1.13629e+06	25950.1	589.097	484.741	0.0143817	0.022229	61199.8	313.225	407.538	0.00663294	0.00746155	22759.4	1379.89	1086.19	0.0505989	0.0408284	3924.83	22.144	22.1215	0.00802843	0.00802028	1341.62	51.411	38.4522	0.0411697	0.0282467	43772	22.87	22.8467	0.00100421	0.00100319	0	0	0	0	0	0	0	0	0	0	0	0	0	0	0	69235.4	225.879	240.089	0.00386853	0.00341935	0	0	0	0	0	2309	3.753	14.0104	0.00162763	0.00552118	0	0	0	0	0	0	0	0	0	0	399.56	29.864	16.1422	0.0680345	0.0350545	0	0	0	0	0	
1987-9-15	105	0	1.06328e+15	1.14005e+15	3.14621e+15	3.96496e+07	4.29588e+07	6.5885e+07	1.32073e+08	7.07264e+07	7.39524e+07	872.701	2843.07	4766.07	540315	590962	1.13128e+06	20028.3	268.972	434.84	0.00833344	0.0226082	60605.8	323.918	437.629	0.00744106	0.00797686	22828	1006.43	987.284	0.0361558	0.0370838	2675.83	26.163	26.1363	0.00637638	0.0063699	808.82	31.196	24.534	0.0333747	0.0307007	40345.2	44.935	44.8891	0.00200992	0.00200788	0	0	0	0	0	0	0	0	0	0	0	0	0	0	0	69173.6	298.415	191.558	0.00519447	0.00344096	0	0	0	0	0	4539	8.666	25.1451	0.00422671	0.00437857	0	0	0	0	0	0	0	0	0	0	450.39	14.718	18.4698	0.033576	0.0407137	0	0	0	0	0	
1987-10-15	106	0	1.04553e+15	1.05913e+15	3.21618e+15	4.0733e+07	4.28368e+07	6.65049e+07	1.31762e+08	7.02586e+07	7.41031e+07	925.491	2803.62	4706.67	537795	584678	1.12247e+06	4144	57.367	71.7794	0.0125892	0.0181743	69765.2	371.635	562.564	0.00721796	0.00908036	27999.4	947.69	1047.73	0.0345095	0.0376606	2388	15.309	15.2935	0.0081943	0.00818599	1974.7	125.466	71.6692	0.0514589	0.0326961	38096.8	23.863	23.8387	0.00152371	0.00152216	0	0	0	0	0	0	0	0	0	0	0	0	0	0	0	59618.7	186.236	167.004	0.0045225	0.00378935	0	0	0	0	0	5145	17.041	27.3942	0.00620882	0.00595092	0	0	0	0	0	0	0	0	0	0	607.35	21.856	20.7498	0.0333141	0.0354589	0	0	0	0	0	
1987-11-15	107	0	1.04769e+15	9.64231e+14	3.05239e+15	4.16844e+07	4.27387e+07	6.70684e+07	1.31027e+08	6.97262e+07	7.40428e+07	944.14	2925.51	4735.64	534522	579461	1.11398e+06	1279.25	14.171	22.0357	0.00948856	0.0179911	66000.1	544.955	716.031	0.0123463	0.0119795	29517	1595.15	1148.8	0.0430777	0.0364646	2484.92	23.588	23.564	0.0126576	0.0126448	1610.65	67.116	60.7605	0.0402256	0.0343321	31010	16.054	16.0376	0.000587678	0.000587081	0	0	0	0	0	1	2.871	2.86809	2.871	2.86809	1	0.689	0.688301	0.689	0.688301	40699.4	121.71	112.625	0.00786391	0.00423953	0	0	0	0	0	6977.24	18.053	43.462	0.00582481	0.00693238	0	0	0	0	0	0	0	0	0	0	402.17	31.948	19.2575	0.0794018	0.0478827	0	0	0	0	0	
1987-12-15	108	0	1.01721e+15	8.90295e+14	2.82491e+15	4.21019e+07	4.27117e+07	6.73245e+07	1.30215e+08	6.91822e+07	7.4223e+07	952.015	3038.24	4896.34	530678	578106	1.10878e+06	4300.61	45.384	57.32	0.00939877	0.0139507	62164.5	535.687	694.571	0.0108716	0.0126959	35242.9	2102.78	1565.32	0.0518786	0.0435244	1056.17	6.484	6.47742	0.00782495	0.00781701	3012.29	112.261	107.534	0.0346722	0.0347098	36882.4	24.604	24.5788	0.00109627	0.00109516	0	0	0	0	0	6	28.231	28.2023	5.17286	5.1676	3	254.422	254.158	92.3622	92.2671	41972.1	124.853	128.924	0.00410362	0.00377054	0	0	0	0	0	8359.68	51.629	66.2385	0.0117863	0.00899835	0	0	0	0	0	0	0	0	0	0	327.29	24.675	16.5026	0.0622496	0.0464326	0	0	0	0	0	
1988-1-15	109	0	1.06365e+15	8.29726e+14	2.7527e+15	4.20489e+07	4.27794e+07	6.74652e+07	1.29593e+08	6.92532e+07	7.46531e+07	969.611	3075.3	5030.34	525429	578104	1.10353e+06	6890.21	36.752	123.504	0.0076425	0.0192804	49435.3	292.861	455.318	0.0112657	0.0148588	25742.5	1290.23	1279.94	0.0411526	0.0464139	676.555	2.005	2.00295	0.00330422	0.00330082	489.369	13.534	16.6426	0.027656	0.0340084	47906	8.961	8.95189	0.00038903	0.000388635	0	0	0	0	0	12	1622.57	1620.3	116.646	116.485	5	1159.7	1158.39	219.383	219.139	26871	42.539	79.5671	0.00294544	0.00336533	0	0	0	0	0	16022	105.368	144.663	0.0237287	0.00956692	0	0	0	0	0	0	0	0	0	0	395.02	22.377	15.5461	0.0566478	0.0393551	0	0	0	0	0	
1988-2-15	110	0	1.09849e+15	7.53341e+14	2.63641e+15	4.1634e+07	4.27505e+07	6.74573e+07	1.29165e+08	6.95491e+07	7.52031e+07	967.01	3103.11	5085	522610	583015	1.10562e+06	7848.69	50.561	127.43	0.00662277	0.019956	38226.5	369.621	410.42	0.00744566	0.011909	28160.5	893.471	1280.46	0.0306365	0.0434847	816.811	3.854	3.85009	0.00393692	0.00393292	2077.15	37.803	65.1986	0.0227779	0.031946	56592	19.538	19.5181	0.000406297	0.000405884	0	0	0	0	0	8	853.654	852.716	93.5299	93.4276	4	300.283	299.969	75.5274	75.4488	22562.7	66.892	81.2128	0.0038116	0.00401314	0	0	0	0	0	18845.4	282.693	162.268	0.0173839	0.00941942	0	0	0	0	0	0	0	0	0	0	548.99	21.079	21.9263	0.0361136	0.0400389	0	0	0	0	0	
1988-3-15	111	0	1.12916e+15	7.05571e+14	2.55149e+15	4.09597e+07	4.28133e+07	6.74458e+07	1.29255e+08	6.99754e+07	7.53873e+07	931.267	3119.97	5105.33	520242	588162	1.1084e+06	14974.6	41.092	193.705	0.00532417	0.0189176	54480.9	275.148	460.497	0.00919108	0.0115025	31078.7	1489.98	1140.84	0.0360062	0.0409874	1001.8	3.828	3.82412	0.00541127	0.00540579	1510.03	37.962	41.1756	0.0199721	0.026901	56018.3	34.589	34.5537	0.00176128	0.00175949	0	0	0	0	0	9	762.126	761.183	76.9287	76.8348	3	45.864	45.8172	14.8156	14.8005	26987	89.817	95.8053	0.00557208	0.00370448	0	0	0	0	0	13851.7	30.291	102.412	0.0159835	0.00856426	0	0	0	0	0	0	0	0	0	0	175.09	5.999	5.57574	0.0342624	0.031845	0	0	0	0	0	
1988-4-15	112	0	1.12599e+15	6.41786e+14	2.37819e+15	4.03634e+07	4.28461e+07	6.73825e+07	1.29679e+08	7.02968e+07	7.54109e+07	906.915	3050.33	5058.29	518686	593956	1.11264e+06	17809.9	65.941	228.209	0.0105216	0.0176096	38486.7	473.746	367.612	0.0109971	0.0115585	31959.2	1443.11	1362	0.043643	0.04368	1428.29	11.473	11.4614	0.00633635	0.00632992	4109.59	42.176	104.53	0.0102628	0.0254357	36560.2	11.801	11.789	0.000655795	0.000655129	0	0	0	0	0	4	134.05	133.91	35.9406	35.9032	0	0	0	0	0	18820.7	48.006	60.9183	0.00239298	0.00339516	0	0	0	0	0	12203.2	17.508	101.58	0.00136131	0.00754765	0	0	0	0	0	0	0	0	0	0	0	0	0	0	0	0	0	0	0	0	
1988-5-15	113	0	1.12863e+15	6.24298e+14	2.2758e+15	3.97039e+07	4.2952e+07	6.7118e+07	1.30234e+08	7.05843e+07	7.52383e+07	871.117	2941.47	4935.98	517851	599562	1.11741e+06	43126.2	419.398	750.522	0.0125422	0.0211745	68723.7	901.63	625.63	0.0151551	0.0124093	34159	1457.93	1687.1	0.0415864	0.0495886	2081.6	19.404	19.3843	0.0101781	0.0101678	0	0	0	0	0	35750.2	23.4	23.376	0.000855843	0.000854973	0	0	0	0	0	1	2.518	2.51545	2.518	2.51545	0	0	0	0	0	30076.4	28.991	117.504	0.00241596	0.00339712	0	0	0	0	0	4620	7.591	40.8689	0.00213968	0.00915761	0	0	0	0	0	0	0	0	0	0	428.85	32.382	12.9547	0.0753317	0.0305925	0	0	0	0	0	
1988-6-15	114	0	1.13913e+15	6.84548e+14	2.29567e+15	3.91692e+07	4.30649e+07	6.66539e+07	1.30784e+08	7.07133e+07	7.48963e+07	837.254	2842.82	4759.88	517562	605793	1.12336e+06	33406.3	573.044	677.1	0.0168653	0.0220223	77224.1	946.659	693.374	0.0153708	0.0116219	30558	1509.36	1635.26	0.0490493	0.0518776	1681.42	13.6	13.5862	0.00776416	0.00775628	162.12	11.671	4.81236	0.0719899	0.029684	50747.3	67.055	66.9858	0.00159994	0.0015983	0	0	0	0	0	0	0	0	0	0	0	0	0	0	0	44200.8	48.909	167.743	0.00169759	0.00345667	0	0	0	0	0	11961.4	13.446	87.894	0.00859797	0.00692446	0	0	0	0	0	0	0	0	0	0	398.88	31.873	11.2436	0.0864193	0.0300071	0	0	0	0	0	
1988-7-15	115	0	1.19603e+15	8.25783e+14	2.54051e+15	3.88925e+07	4.30753e+07	6.61768e+07	1.31071e+08	7.06542e+07	7.43033e+07	796.983	2732.27	4600.15	517499	612696	1.1302e+06	33503.9	484.428	663.599	0.0133219	0.0212509	80060.7	803.536	715.012	0.0145632	0.0108085	25261.7	1533.75	1351.95	0.0556045	0.0476202	3399.17	15.796	15.78	0.00462789	0.00462319	659.15	34.958	21.0757	0.053035	0.031974	41289	60.575	60.5128	0.00137328	0.00137187	0	0	0	0	0	0	0	0	0	0	0	0	0	0	0	60405.5	321.498	221.954	0.00616264	0.00341641	0	0	0	0	0	17307.8	18.002	116.845	0.00156962	0.00539567	0	0	0	0	0	0	0	0	0	0	377.85	32.402	10.1335	0.0857536	0.026819	0	0	0	0	0	
1988-8-15	116	0	1.27254e+15	1.00205e+15	3.00271e+15	3.92704e+07	4.31245e+07	6.61803e+07	1.31254e+08	7.05647e+07	7.39156e+07	752.724	2625.17	4425.39	518002	608536	1.12654e+06	40351	740.765	754.121	0.0122316	0.0213422	73557.1	586.573	576.264	0.00984315	0.00902489	26319.4	1504.32	1289	0.0462212	0.0413496	3721.27	19.871	19.8508	0.00596326	0.0059572	1400.99	65.169	44.4989	0.0584826	0.032203	31764.8	50.498	50.446	0.00103913	0.00103807	0	0	0	0	0	0	0	0	0	0	0	0	0	0	0	78929.7	617.225	268.532	0.0083707	0.00318118	0	0	0	0	0	18312	65.975	124.849	0.00637606	0.00604728	0	0	0	0	0	0	0	0	0	0	358.29	16.259	12.4356	0.0425618	0.0362764	0	0	0	0	0	
1988-9-15	117	0	1.33509e+15	1.04553e+15	3.28831e+15	4.02166e+07	4.31239e+07	6.6662e+07	1.31177e+08	7.03552e+07	7.39653e+07	789.249	2507.19	4248.02	519484	602332	1.12182e+06	20496.7	369.941	386.05	0.0119659	0.0214238	59546.4	205.16	424.68	0.00521134	0.00815759	32931	1232.16	1642.23	0.0352742	0.0456235	3496.45	12.934	12.9209	0.00499629	0.00499122	196.752	6.987	6.75137	0.0355118	0.0343142	23777.2	10.794	10.783	0.00070685	0.000706133	0	0	0	0	0	0	0	0	0	0	0	0	0	0	0	68062.8	271.793	250.912	0.00596178	0.00360845	0	0	0	0	0	18635.7	136.817	159.305	0.0129421	0.00782437	0	0	0	0	0	0	0	0	0	0	231.96	9.196	8.4491	0.0450461	0.0380808	0	0	0	0	0	
1988-10-15	118	0	1.35605e+15	9.64249e+14	3.45501e+15	4.13152e+07	4.31223e+07	6.75304e+07	1.30865e+08	7.00123e+07	7.42812e+07	861.498	2496.58	4168.61	521134	593396	1.11453e+06	2077	11.807	40.0082	0.00740741	0.0206902	73875.7	269.024	581.704	0.00703942	0.00932645	27203.4	941.969	1045.4	0.0294341	0.0351043	2253.71	20.96	20.9387	0.00948668	0.00947705	1234.03	102.868	44.997	0.0873232	0.0356432	27466.1	22.207	22.1843	0.000788335	0.000787533	0	0	0	0	0	0	0	0	0	0	10	49.971	49.9202	4.99585	4.99077	39951.6	395.721	108.208	0.00758289	0.00354068	0	0	0	0	0	16101	112.79	130.63	0.0146208	0.00859109	0	0	0	0	0	0	0	0	0	0	614.98	22.977	25.5486	0.0349754	0.0408816	0	0	0	0	0	
1988-11-15	119	0	1.31292e+15	8.89462e+14	3.25646e+15	4.22748e+07	4.32315e+07	6.84254e+07	1.30075e+08	6.97136e+07	7.4727e+07	919.694	2672.06	4264.53	521486	584737	1.10622e+06	7468.75	23.208	73.0143	0.00875029	0.0163575	78731.2	375.186	654.921	0.00886872	0.0101801	42364	1646.58	1644.81	0.031231	0.0322483	1891.09	5.422	5.4165	0.00269245	0.00268972	2048.72	125.665	70.0862	0.040358	0.0334021	25309.8	53.7	53.6438	0.00110607	0.00110493	0	0	0	0	0	0	0	0	0	0	16	964.98	963.956	58.5498	58.4882	28877.4	366.865	83.148	0.0105106	0.00370342	0	0	0	0	0	12551.4	103.631	110.417	0.0108357	0.00914232	0	0	0	0	0	0	0	0	0	0	467.99	24.454	21.439	0.0527301	0.0449369	0	0	0	0	0	
1988-12-15	120	0	1.25869e+15	8.43493e+14	3.01395e+15	4.27532e+07	4.3314e+07	6.90224e+07	1.2929e+08	6.94233e+07	7.52706e+07	960.014	2884.36	4553.57	517505	579758	1.09726e+06	3123	29.609	44.0469	0.0124803	0.0195078	63377.2	284.552	557.006	0.0110838	0.0130582	35130.7	2176.59	1579.87	0.0544192	0.045275	986.878	7.054	7.03117	0.00729778	0.0072598	2087.04	78.278	73.8313	0.0506316	0.0360801	55095.3	100.278	100.172	0.00114672	0.00114552	0	0	0	0	0	7	431.045	430.552	63.6962	63.6255	21	5413.21	5233.16	263.135	256.342	25009.1	250.197	83.9955	0.00825261	0.00375979	0	0	0	0	0	5290.57	124.121	45.6644	0.0186731	0.00868091	0	0	0	0	0	0	0	0	0	0	396.57	23.146	20.0171	0.0558182	0.0487439	0	0	0	0	0	
1989-1-15	121	0	1.27726e+15	8.17985e+14	2.93612e+15	4.28871e+07	4.34864e+07	6.94479e+07	1.28698e+08	6.95604e+07	7.60236e+07	987.382	3043.65	4857.51	509045	575772	1.08482e+06	3039	44.139	55.4031	0.0155103	0.0183451	36424.5	143.556	347.307	0.0109279	0.0150825	32722.6	999.766	1338.76	0.0243645	0.0384097	319.328	0.577	0.575989	0.00163557	0.00163203	932.51	34.751	33.0136	0.0483644	0.0332015	45339.8	35.298	35.2617	0.000607659	0.00060704	0	0	0	0	0	10	1714.82	1706	139.985	139.394	24	9969.93	9744.03	332.35	326.284	33786.7	148.961	114.709	0.0048434	0.00352947	0	0	0	0	0	13081.8	183.824	102.822	0.023538	0.00852343	0	0	0	0	0	0	0	0	0	0	498.6	31.174	21.4976	0.0612111	0.0469532	0	0	0	0	0	
1989-2-15	122	0	1.23961e+15	7.66501e+14	2.79467e+15	4.26464e+07	4.35365e+07	6.9738e+07	1.28386e+08	6.9846e+07	7.6936e+07	981.164	3147.26	5077.16	503675	577496	1.08117e+06	7297.22	72.421	141.391	0.00663387	0.0190356	29187.7	84.37	348.567	0.00703486	0.0147596	16995.2	788.676	488.908	0.0287045	0.0305057	267.18	0.204	0.203793	0.000676813	0.000676124	1181.15	22.309	39.1487	0.0191363	0.0331536	97822.7	24.222	24.1973	0.000313112	0.000312793	0	0	0	0	0	8	1502.07	1500.14	170.103	169.893	34	7028.09	6972.29	175.439	173.76	28138.4	58.405	107.55	0.00220383	0.00458489	0	0	0	0	0	10063	86.007	80.1699	0.0134456	0.00822022	0	0	0	0	0	0	0	0	0	0	498.42	16.49	20.6139	0.0310017	0.0411665	0	0	0	0	0	
1989-3-15	123	0	1.23401e+15	7.25105e+14	2.66714e+15	4.2185e+07	4.35662e+07	6.98313e+07	1.2837e+08	7.02583e+07	7.75806e+07	937.735	3176.75	5181.94	502782	579569	1.08235e+06	10917	27.154	162.603	0.00422887	0.0204227	19159.9	40.069	218.726	0.00472153	0.0149199	31228.1	1248.53	1110.05	0.0240416	0.0345063	820.076	2.669	2.66629	0.00273183	0.00272905	1419.12	26.388	39.3872	0.0155628	0.0289245	45737.7	8.808	8.79905	0.00171993	0.00171819	0	0	0	0	0	13	941.714	940.648	72.0676	71.9878	35	2007.83	2005.44	46.538	46.4839	22830.7	37.562	81.5381	0.00215152	0.00400874	0	0	0	0	0	5035	6.051	36.9229	0.00239997	0.00846925	0	0	0	0	0	0	0	0	0	0	154.53	3.416	5.24938	0.0246588	0.0336924	0	0	0	0	0	
1989-4-15	124	0	1.18205e+15	6.70811e+14	2.47234e+15	4.13112e+07	4.35475e+07	6.9425e+07	1.28808e+08	7.06033e+07	7.75712e+07	904.753	3091.64	5143.46	503752	583112	1.08686e+06	17640.7	26.8	244.579	0.00671284	0.0181765	24123.6	141.999	299.534	0.00730955	0.0142665	22354.4	478.868	879.884	0.0177293	0.038882	560.57	4.817	4.81211	0.00746397	0.0074564	1284.86	21.6	35.0292	0.0175917	0.0276339	17877.5	4.772	4.76716	0.000340862	0.000340516	0	0	0	0	0	7	183.956	183.766	25.4906	25.4645	3	9.042	9.03275	3.10225	3.09909	14799.7	16.012	46.732	0.00188561	0.00437855	0	0	0	0	0	3205	25.674	25.305	0.0104008	0.00767371	0	0	0	0	0	0	0	0	0	0	0	0	0	0	0	0	0	0	0	0	
1989-5-15	125	0	1.17943e+15	6.44888e+14	2.3276e+15	4.05431e+07	4.36766e+07	6.90539e+07	1.29586e+08	7.10401e+07	7.74553e+07	882.4	2955.5	4988.57	504228	585636	1.08986e+06	51080.4	585.975	829.92	0.0129962	0.0191743	43703.1	190.656	538.236	0.0098158	0.0158891	39249.2	987.837	1967.92	0.0208799	0.0500144	2024.51	22.275	22.2523	0.00770897	0.00770114	932.502	10.453	24.8956	0.026755	0.0276043	29008.2	9.352	9.34249	0.000257745	0.000257483	0	0	0	0	0	0	0	0	0	0	0	0	0	0	0	20370.7	25.045	58.9437	0.00167564	0.00381529	0	0	0	0	0	5711	67.496	49.4098	0.0174648	0.00898855	0	0	0	0	0	0	0	0	0	0	608.13	20.148	18.1294	0.0295665	0.0354809	0	0	0	0	0	
1989-6-15	126	0	1.15768e+15	7.09485e+14	2.32195e+15	3.98309e+07	4.37029e+07	6.83779e+07	1.30338e+08	7.11977e+07	7.70391e+07	845.303	2858.68	4797.48	504452	588559	1.09301e+06	39118.1	750.425	753.246	0.0126951	0.0194375	57536.5	250.424	657.921	0.0107128	0.0134688	47320.4	1530.25	2482.23	0.0318647	0.0511519	4886.07	120.547	120.423	0.0121774	0.012165	960.32	32.863	27.6097	0.0247721	0.0281782	33150.7	9.15	9.14071	0.000246531	0.00024628	0	0	0	0	0	0	0	0	0	0	0	0	0	0	0	24709.9	51.8	99.919	0.00286028	0.00358722	0	0	0	0	0	16781	110.446	137.153	0.0151578	0.00834844	0	0	0	0	0	0	0	0	0	0	529.47	20.396	14.727	0.0360615	0.0274276	0	0	0	0	0	
1989-7-15	127	0	1.21573e+15	8.46504e+14	2.61059e+15	3.94391e+07	4.36888e+07	6.78237e+07	1.31022e+08	7.12349e+07	7.63099e+07	791.828	2769.96	4639.47	504723	592099	1.09682e+06	32276	738.244	568.449	0.0170892	0.0210999	65018	382.052	684.145	0.0121271	0.0131301	58944.7	2293.98	2726.86	0.0318015	0.0482291	8779.48	288.305	288	0.0167744	0.0167571	338.41	33.318	9.98852	0.0953435	0.0295779	10099.3	1.868	1.86611	0.000432161	0.000431723	0	0	0	0	0	1	0.062	0.0619371	0.062	0.0619371	0	0	0	0	0	37312.1	119.378	150.288	0.00222058	0.00391422	0	0	0	0	0	20792.7	31.015	131.621	0.00738894	0.00593648	0	0	0	0	0	0	0	0	0	0	397.89	12.928	10.6123	0.0320327	0.0264635	0	0	0	0	0	
1989-8-15	128	0	1.27151e+15	1.02029e+15	3.00898e+15	3.95893e+07	4.37171e+07	6.7657e+07	1.31374e+08	7.11933e+07	7.5781e+07	736.583	2638.83	4469.58	505439	586230	1.09167e+06	36106.9	833.515	605.793	0.0220005	0.0190436	66335.5	270.56	587.212	0.0113437	0.0122571	68613.8	1699.73	2334.13	0.0188798	0.0315513	7134.61	87.532	87.4426	0.00901666	0.0090075	704.049	65.773	20.6485	0.109632	0.0281981	11787.3	1.319	1.31766	0.000409028	0.000408613	0	0	0	0	0	0	0	0	0	0	0	0	0	0	0	39429.6	126.339	145.05	0.00382131	0.00370416	0	0	0	0	0	14483	20.532	87.3008	0.00589496	0.00613676	74	1	0.922297	0.0135135	0.0124635	0	0	0	0	0	636.93	28.434	17.0434	0.0412439	0.0284131	0	0	0	0	0	
1989-9-15	129	0	1.24571e+15	1.0829e+15	3.23033e+15	4.0399e+07	4.37133e+07	6.80874e+07	1.31435e+08	7.10411e+07	7.58176e+07	747.661	2480.11	4247.58	506949	580072	1.08702e+06	29390.1	650.339	546.924	0.0181899	0.0195558	38304.9	76.988	303.78	0.00417712	0.00947682	51114.9	637.464	1507.09	0.0121221	0.0291766	764.761	2.181	2.17879	0.00327836	0.00327504	1430.94	55.396	44.0231	0.0543703	0.0301606	28243.2	17.041	17.0237	0.00318131	0.00317808	0	0	0	0	0	0	0	0	0	0	0	0	0	0	0	49272.9	175.725	159.36	0.00649645	0.00408671	0	0	0	0	0	19914	74.134	145.641	0.00542027	0.00817951	201.8	2.263	2.73148	0.0112141	0.0135356	0	0	0	0	0	331.02	11.31	9.8743	0.0310081	0.0313061	0	0	0	0	0	
1989-10-15	130	0	1.25754e+15	1.03621e+15	3.36277e+15	4.13116e+07	4.36929e+07	6.86948e+07	1.31273e+08	7.07683e+07	7.60667e+07	800.101	2407.19	4077.19	508757	571776	1.08053e+06	6459.21	52.027	132.367	0.00788242	0.0206189	42209.1	102.965	364.735	0.00689813	0.0103861	18402.7	116.1	448.298	0.010258	0.0238712	854.319	5.53	5.52439	0.00732702	0.00731959	2056.16	86.176	69.3713	0.0370592	0.0331302	28598.6	9.081	9.07175	0.000238796	0.000238554	0	0	0	0	0	0	0	0	0	0	0	0	0	0	0	33534.3	36.647	102.805	0.00476888	0.00438183	0	0	0	0	0	15238	37.315	105.633	0.00400102	0.00732973	394.4	4.305	7.02763	0.0109153	0.0178185	0	0	0	0	0	562.05	17.199	21.1883	0.0270856	0.0377653	0	0	0	0	0	
1989-11-15	131	0	1.21985e+15	9.31475e+14	3.20664e+15	4.21779e+07	4.36724e+07	6.9342e+07	1.30688e+08	7.04508e+07	7.62579e+07	831.97	2500.24	4061.15	510192	564107	1.0743e+06	3925	27.342	82.1215	0.00702919	0.0208247	56323.6	71.012	436.295	0.00636366	0.010387	17842.8	593.215	491.995	0.023038	0.0299682	579.997	7.038	7.03084	0.0122658	0.0122533	2358.75	71.174	78.3116	0.0358614	0.0339641	17465.7	12.095	12.0827	0.000712328	0.000711605	0	0	0	0	0	10	44.288	44.2429	2.99182	2.98877	3	172.961	172.78	50.6996	50.6471	15491.7	107.215	52.5637	0.0101675	0.00542516	0	0	0	0	0	4499	0	31.5648	0	0	424	3.725	8.19793	0.00878538	0.0193347	0	0	0	0	0	639.24	23.028	26.1301	0.0356284	0.0419169	0	0	0	0	0	
1989-12-15	132	0	1.21523e+15	8.86152e+14	3.02643e+15	4.26956e+07	4.37378e+07	6.97012e+07	1.3012e+08	7.01877e+07	7.6694e+07	856.864	2638.32	4215.58	508310	559373	1.06768e+06	7588.3	119.029	148.381	0.011164	0.0203096	36823.3	107.989	305.412	0.00657838	0.0108798	34725.1	893.013	1296.49	0.027719	0.0398588	459.41	3.448	3.44401	0.00789456	0.00788441	2633.14	93.114	92.2654	0.0476692	0.0363479	25524	8.146	8.13769	0.000189763	0.000189569	0	0	0	0	0	19	1181.88	1180.49	67.9688	67.8901	3	2582.83	2563.19	823.888	819.425	21999.7	66.787	75.7393	0.00198041	0.00340914	0	0	0	0	0	5029	29.827	39.9993	0.0270055	0.0114764	398	3.59	8.17097	0.00915436	0.0207085	0	0	0	0	0	229.23	9.676	10.7653	0.0342015	0.0447808	0	0	0	0	0	
1990-1-15	133	0	1.22055e+15	8.2324e+14	2.89004e+15	4.27893e+07	4.36137e+07	6.98879e+07	1.29658e+08	7.0043e+07	7.71444e+07	892.549	2728.84	4406.41	506122	555053	1.06118e+06	5971.05	60.037	120.496	0.00900493	0.020713	28434	43.579	226.625	0.00503923	0.0131054	42879.8	952.359	1437.7	0.0258766	0.0349471	425.111	3.349	3.34549	0.00653984	0.00653263	1584.5	72.916	59.3263	0.0433272	0.035938	32849.8	4.995	4.98992	0.000506249	0.000505736	0	0	0	0	0	5	1211.76	1210.33	209.129	208.89	6	3271.36	3260.29	453.296	452.001	52235.9	51.442	166.703	0.00279673	0.00413229	0	0	0	0	0	8319	85.764	76.147	0.0137874	0.0098634	404.7	4.935	8.57568	0.0139051	0.0206046	0	0	0	0	0	139.2	2.527	5.75313	0.0168405	0.0421291	0	0	0	0	0	
1990-2-15	134	0	1.21525e+15	7.76977e+14	2.78684e+15	4.25405e+07	4.36982e+07	7.0062e+07	1.29593e+08	7.05118e+07	7.78603e+07	898.017	2816.54	4556.39	506622	555764	1.06239e+06	2332.06	13.755	46.0687	0.00574427	0.0201852	28607.7	21.667	188.649	0.00406633	0.0109281	32799.2	551.54	1007.62	0.016362	0.0335035	260.34	0.704	0.703282	0.00343842	0.00343492	1350.3	47.454	50.057	0.0331014	0.0358491	19348.5	2.905	2.90205	0.00028976	0.000289466	0	0	0	0	0	8	929.597	928.508	95.3668	95.2575	12	1406.96	1405.34	118.477	118.345	27734.1	4.053	83.5265	0.00181466	0.0037277	0	0	0	0	0	11511	122.026	111.85	0.0180659	0.00963302	333.6	2.994	6.70478	0.0102207	0.0199192	0	0	0	0	0	100.273	2.016	3.92345	0.017496	0.0395331	0	0	0	0	0	
1990-3-15	135	0	1.19129e+15	7.13403e+14	2.58895e+15	4.19534e+07	4.35847e+07	6.9885e+07	1.29852e+08	7.08233e+07	7.822e+07	871.857	2877.72	4661.16	506719	556931	1.06365e+06	7314.88	12.4	101.625	0.00390852	0.0179793	16580.2	14.29	137.367	0.00328851	0.012216	18996.2	347.622	462.891	0.0161766	0.031232	451.123	1.05	1.04894	0.00189909	0.00189717	2993.52	65.233	88.336	0.0161264	0.0308188	37086.4	9.004	8.99485	0.00234849	0.00234611	0	0	0	0	0	7	1330.75	1328.2	171.104	170.808	5	884.59	883.346	155.083	154.87	26413.9	10.983	77.2173	0.00108128	0.00367192	0	0	0	0	0	5554	47.196	51.4418	0.00716502	0.0084373	284.8	3.305	5.16845	0.0116046	0.0181477	0	0	0	0	0	524.21	11.055	16.8047	0.0180486	0.0324461	0	0	0	0	0	
1990-4-15	136	0	1.15393e+15	6.584e+14	2.38523e+15	4.09893e+07	4.35972e+07	6.94116e+07	1.30402e+08	7.11534e+07	7.81328e+07	861.567	2841.2	4686.37	508283	558908	1.06719e+06	14823	32.621	190.599	0.00795841	0.0157464	19900.7	49.534	166.22	0.00295473	0.00969812	24212.7	946.606	761.25	0.0388383	0.0313017	674.62	2.704	2.70126	0.00444016	0.00443565	3169.53	51.116	86.0906	0.0186864	0.0272518	40267.1	6.714	6.70718	0.000234958	0.000234719	295.379	4.702	6.33929	0.0159185	0.0214615	2	53.275	53.2204	31.5522	31.52	0	0	0	0	0	18187	5.16	64.2003	0.000550317	0.00374555	0	0	0	0	0	9841.69	10.894	82.9309	0.0086688	0.00711756	226.5	2.005	3.88794	0.0088521	0.0171653	0	0	0	0	0	440.18	11.179	13.6266	0.0253305	0.0308175	0	0	0	0	0	
1990-5-15	137	0	1.10266e+15	6.20692e+14	2.23339e+15	3.99386e+07	4.36496e+07	6.86835e+07	1.31009e+08	7.14972e+07	7.7716e+07	858.628	2770.04	4622.08	509703	561383	1.07109e+06	20699.9	186.007	302.988	0.0138224	0.017835	38879.6	95.159	269.043	0.00354016	0.00887055	25286.7	659.992	1066.56	0.0289718	0.0446843	1594.23	13.884	13.8699	0.00734248	0.00733503	3945.57	153.855	105.748	0.0355581	0.0271146	13282.2	2.051	2.04892	0.000180136	0.000179954	237.621	9.87	5.24826	0.0415368	0.0220867	1	0.657	0.656334	0.657	0.656334	0	0	0	0	0	32593.8	15.042	150.429	0.000489507	0.00370141	0	0	0	0	0	7083	7.991	59.9871	0.0282607	0.00947479	367	4.13	6.1016	0.0106443	0.0164672	0	0	0	0	0	216.56	4.998	6.44142	0.0230791	0.0297443	0	0	0	0	0	
1990-6-15	138	0	1.07948e+15	7.03325e+14	2.24906e+15	3.91064e+07	4.36943e+07	6.78006e+07	1.31984e+08	7.17851e+07	7.70505e+07	842.341	2740.31	4533.69	511149	564232	1.07538e+06	42325.8	732.05	709.551	0.0149067	0.0181693	79167.8	263.817	598.976	0.00347888	0.00808818	17251.1	1064.55	772.152	0.0500153	0.0440335	4930.73	49.923	49.872	0.00668389	0.00667709	2609.92	132.339	69.9323	0.0504131	0.0268713	36384.8	8.941	8.93192	0.000391832	0.000391435	0	0	0	0	0	0	0	0	0	0	0	0	0	0	0	45794.9	41.847	230.981	0.00107808	0.00361177	0	0	0	0	0	7889	25.133	71.5172	0.0223462	0.00887435	263.5	5.473	4.29822	0.0205245	0.0161492	0	0	0	0	0	43.78	1.236	1.30899	0.0280712	0.0298244	0	0	0	0	0	
1990-7-15	139	0	1.09388e+15	8.58311e+14	2.50243e+15	3.85789e+07	4.36551e+07	6.7065e+07	1.32486e+08	7.17866e+07	7.61646e+07	795.307	2713.13	4480.61	512801	567858	1.08066e+06	40314	697.297	837.938	0.0209192	0.0223739	79521.9	245.661	564.049	0.00388977	0.00807382	19181.1	730.952	755.305	0.035867	0.0389875	5327.35	128.665	128.532	0.0155112	0.0154954	2325.97	104.912	61.8315	0.0383146	0.025108	43808.7	4.431	4.42651	9.17326e-05	9.16396e-05	0	0	0	0	0	0	0	0	0	0	0	0	0	0	0	96201	154.654	417.578	0.00171107	0.00397412	0	0	0	0	0	7621.47	42.233	59.7529	0.00746883	0.0084457	344.3	5.93	5.43822	0.0162597	0.0155043	0	0	0	0	0	608.4	38.838	25.7713	0.0638363	0.0423592	0	0	0	0	0	
1990-8-15	140	0	1.16051e+15	9.65596e+14	2.82217e+15	3.8701e+07	4.35959e+07	6.6698e+07	1.32758e+08	7.1589e+07	7.54267e+07	727.559	2628.98	4393.97	514735	562150	1.07688e+06	40029.8	787.272	815.605	0.018916	0.0218557	69037.6	110.334	505.009	0.00394422	0.00901879	24418	1243.92	1014.4	0.0444415	0.0407778	1539.43	10.964	10.9529	0.00859132	0.0085826	2397	145.793	63.5581	0.0549155	0.0259297	37297.9	8.348	8.33953	0.00037841	0.000378026	0	0	0	0	0	0	0	0	0	0	0	0	0	0	0	100987	488.407	360.865	0.00471952	0.00339886	0	0	0	0	0	12475.7	23.683	58.3498	0.0171762	0.00662719	275	5.93	4.19594	0.0193311	0.0144827	0	0	0	0	0	571.04	42.725	19.9031	0.070046	0.030977	0	0	0	0	0	
1990-9-15	141	0	1.17759e+15	1.06146e+15	3.22156e+15	3.94838e+07	4.3561e+07	6.69424e+07	1.32878e+08	7.14557e+07	7.52519e+07	753.669	2464.95	4208.81	517255	554758	1.07201e+06	22880.7	572.834	459.298	0.0235334	0.0219452	66865.1	125.758	501.675	0.00180916	0.00713886	41087.4	1208.06	1878.55	0.026701	0.0448631	2073.21	33.66	33.6257	0.0173791	0.0173614	2441.96	96.129	74.0951	0.0357407	0.0301426	64855	23.443	23.4191	0.000786705	0.000785906	0	0	0	0	0	0	0	0	0	0	0	0	0	0	0	85972	145.343	296.862	0.00245121	0.00316005	0	0	0	0	0	5843	135.242	44.9053	0.032549	0.0090079	408.55	7.388	7.16763	0.0174562	0.0171408	0	0	0	0	0	0	0	0	0	0	81.33	0	1.30169	0	0	
1990-10-15	142	0	1.16584e+15	1.01921e+15	3.31488e+15	4.06275e+07	4.34759e+07	6.76051e+07	1.32725e+08	7.11247e+07	7.54252e+07	805.192	2392.43	4055.19	519704	545339	1.06504e+06	9414	70.06	191.558	0.011078	0.0207043	66076.3	104.464	508.183	0.0014462	0.00747502	24951.3	587.851	1038.83	0.022134	0.0378159	1118.07	8.451	8.44243	0.00858559	0.00857688	2595.72	79.256	85.188	0.0326871	0.0335813	49745.3	3.381	3.37757	9.42519e-05	9.41563e-05	0	0	0	0	0	0	0	0	0	0	0	0	0	0	0	58452.7	100.259	199.812	0.00170265	0.00306217	0	0	0	0	0	13160.7	26.764	92.7177	0.0101526	0.00922702	709.89	8.135	14.7919	0.0119678	0.0212795	0	0	0	0	0	477.52	16.694	19.3936	0.0345243	0.0408368	0	0	0	0	0	
1990-11-15	143	0	1.16702e+15	9.47484e+14	3.16808e+15	4.16437e+07	4.33558e+07	6.81627e+07	1.32121e+08	7.05722e+07	7.55628e+07	828.785	2513.44	4045.11	521555	536154	1.05771e+06	5397	40.864	107.734	0.00696411	0.0215546	50314.5	88.941	397.274	0.00269334	0.00750047	49835.7	2526.01	1953.09	0.03288	0.0349954	1658.16	19.098	19.0786	0.00961427	0.00960452	2898.38	93.925	107.813	0.0329591	0.0378396	34564	10.126	10.1157	0.000237332	0.00023709	0	0	0	0	0	6	1.061	1.05992	0.168573	0.168402	0	0	0	0	0	47991.2	162.203	152.024	0.00415904	0.00391514	0	0	0	0	0	9228	1.244	57.5835	0.000328486	0.0050177	455.5	6.127	10.0739	0.0125061	0.022969	0	0	0	0	0	468.76	14.111	21.456	0.0259788	0.0451272	1394.23	0	23.0383	0	0	
1990-12-15	144	0	1.14437e+15	8.85094e+14	2.9624e+15	4.22302e+07	4.33427e+07	6.85957e+07	1.31355e+08	7.01807e+07	7.58115e+07	846.065	2636.06	4219.63	522666	531561	1.05423e+06	3499	26.045	67.6914	0.00668802	0.0205169	38078	40.166	231.731	0.00149978	0.00740591	39776	2209.44	1597.47	0.0514106	0.0405321	2245	18.881	18.8618	0.00730725	0.00729983	2428.36	109.506	90.8748	0.0566221	0.0384627	44165.7	6.245	6.23865	0.000111822	0.000111709	0	0	0	0	0	15	400.166	399.745	25.3839	25.3574	0	0	0	0	0	68637.6	178.172	228.666	0.00543797	0.00398667	0	0	0	0	0	3829	1.7	28.0855	0.0586207	0.0114465	569.85	6.75	12.7428	0.0121411	0.022744	0	0	0	0	0	240.42	6.746	11.2387	0.0278343	0.0468038	1394.23	0	20.4814	0	0	
1991-1-15	145	0	1.18914e+15	8.22131e+14	2.86103e+15	4.23991e+07	4.32696e+07	6.87222e+07	1.30821e+08	7.0063e+07	7.61709e+07	873.792	2699.29	4380.44	522236	527958	1.05019e+06	3079.55	50.515	60.5414	0.0132797	0.0203386	27867.4	2.392	140.126	0.000170185	0.00695111	40208.1	1228.35	1475.73	0.0217717	0.0351489	802.43	2.357	2.35461	0.00320953	0.00320627	3141.44	64.161	118.443	0.0169782	0.0348194	55223.6	4.204	4.19973	0.000322563	0.000322236	0	0	0	0	0	14	2237.82	2233.84	138.575	138.354	0	0	0	0	0	48463.7	35.823	150.822	0.00114253	0.00330671	0	0	0	0	0	4024	5.575	31.1835	0.0274631	0.0108484	504.646	3.185	11.9805	0.0052351	0.0246718	0	0	0	0	0	313.76	16.435	12.8177	0.0523808	0.0408519	0	0	0	0	0	
1991-2-15	146	0	1.17654e+15	7.57045e+14	2.73996e+15	4.20694e+07	4.32612e+07	6.87632e+07	1.30543e+08	7.02679e+07	7.66947e+07	865.691	2760.82	4483.53	523064	528285	1.05135e+06	3272.23	39.59	66.8654	0.0135944	0.0205348	27680.3	16.058	164.048	0.00111452	0.00753117	47743.7	703.953	1492.4	0.0141769	0.0341957	470.822	0.589	0.588403	0.00154297	0.00154141	2323.89	45.794	73.4221	0.023098	0.0327135	57299.3	14.982	14.9668	0.000371201	0.000370824	23.9962	1.288	0.260153	0.0536751	0.0108414	19	1626.65	1624.64	75.0698	74.9775	0	0	0	0	0	48366.7	51.832	161.356	0.00243101	0.00428002	0	0	0	0	0	8916	2.938	74.4653	0.00818503	0.00737617	840.46	7.947	17.8395	0.00847914	0.021097	0	0	0	0	0	434.56	13.941	16.5532	0.0387879	0.0382882	0	0	0	0	0	
1991-3-15	147	0	1.17449e+15	7.16235e+14	2.57767e+15	4.15108e+07	4.33075e+07	6.88728e+07	1.30741e+08	7.07301e+07	7.71733e+07	826.324	2788.1	4537.82	524170	529174	1.05334e+06	11440.4	39.799	159.376	0.00583701	0.0183939	39371.6	18.529	237.798	0.00117632	0.00814526	41039.1	637.792	1313.77	0.0134047	0.0313056	796.84	3.449	3.4455	0.00331934	0.00331597	3191.26	51.196	81.0342	0.0172945	0.0259096	50981.8	35.188	35.152	0.00287304	0.00287012	524.86	0	4.34533	0	0	16	881.935	880.981	46.3478	46.2978	0	0	0	0	0	32998	64.142	109.371	0.00206506	0.00424022	0	0	0	0	0	6228.61	7.148	54.518	0.00828948	0.00766913	845.167	4.131	15.9035	0.00519543	0.0187854	0	0	0	0	0	309.28	8.507	9.90982	0.0282421	0.0327356	82.84	0	1.58763	0	0	
1991-4-15	148	0	1.16068e+15	6.49032e+14	2.41079e+15	4.06964e+07	4.33629e+07	6.86609e+07	1.30984e+08	7.10842e+07	7.71905e+07	798.028	2707.57	4501.1	524970	531864	1.05683e+06	22150.7	71.599	332.056	0.00748994	0.0186045	21640.2	4.499	111.01	0.00188691	0.00604698	18305.4	483.916	711.7	0.0243804	0.0401223	1728.48	15.844	15.8279	0.00729551	0.00728811	2896.97	62.994	71.1042	0.0195598	0.0269304	45045.4	21.95	21.9276	0.000497616	0.000497111	0	0	0	0	0	7	429.801	429.345	64.3737	64.3061	0	0	0	0	0	20612	20.255	80.0216	0.00139006	0.00363665	0	0	0	0	0	13460	31.018	122.968	0.00631639	0.00745103	1301.69	10.297	21.2073	0.00811621	0.0164305	0	0	0	0	0	0	0	0	0	0	55.23	0	1.05897	0	0	
1991-5-15	149	0	1.09275e+15	6.2555e+14	2.24602e+15	3.9809e+07	4.33512e+07	6.80554e+07	1.31531e+08	7.12724e+07	7.68671e+07	775.454	2590.27	4362.51	525445	534765	1.06021e+06	31508.9	251.96	544.045	0.00931872	0.0190248	37801.3	41.189	226.3	0.00289071	0.00656838	33234.5	2417.38	1401.74	0.0561715	0.0431637	5233.51	49.698	49.6473	0.00678224	0.00677535	2625.91	103.33	70.2522	0.0419644	0.0266394	42623.5	24.229	24.2042	0.00113322	0.00113207	0	0	0	0	0	2	0.773	0.772216	0.4464	0.445947	0	0	0	0	0	20630.6	17.289	101.144	0.00130486	0.00383901	0	0	0	0	0	18066.4	37.63	167.644	0.00888584	0.00987014	2267.57	28.963	36.9766	0.0114142	0.0162441	0	0	0	0	0	0	0	0	0	0	386.58	0	6.5724	0	0	
1991-6-15	150	0	1.05364e+15	6.98071e+14	2.18636e+15	3.90488e+07	4.32972e+07	6.73342e+07	1.31978e+08	7.13697e+07	7.63341e+07	762.978	2506.76	4196.27	525601	538157	1.06376e+06	25425	400.245	514.419	0.00936273	0.019363	57078.6	205.811	382.465	0.00392176	0.00736951	37469.3	1585.42	1694.96	0.0366489	0.0450465	5430.85	25.752	25.7258	0.00563394	0.00562822	3066.84	144.292	91.9495	0.0434374	0.0292845	51984.5	46.768	46.7203	0.0017077	0.00170596	3018.05	11.136	48.2013	0.00736947	0.020259	0	0	0	0	0	0	0	0	0	0	71748.9	145.706	347.634	0.00363838	0.00409186	0	0	0	0	0	6483	11.505	61.6841	0.0192497	0.0100065	2264.02	37.456	35.3426	0.0179172	0.0147949	0	0	0	0	0	266.32	17.344	8.9022	0.0632815	0.0325977	1322.63	0	21.0613	0	0	
1991-7-15	151	0	1.07772e+15	8.40586e+14	2.45134e+15	3.86103e+07	4.33193e+07	6.66186e+07	1.32451e+08	7.13922e+07	7.55671e+07	734.077	2453.02	4086.54	525402	542511	1.06791e+06	28353.7	318.088	631.744	0.0144953	0.0213557	56282	265.15	364.771	0.00468607	0.00692322	41309.1	2538.48	1920.81	0.0540932	0.0486844	7543.25	31.29	31.2582	0.00429106	0.0042867	4206.57	173.258	130.747	0.0326109	0.0289459	41021.5	78.387	78.3068	0.00109893	0.00109781	614.156	5.32	13.8025	0.00760967	0.0227918	0	0	0	0	0	0	0	0	0	0	83111.5	308.146	397.918	0.00303113	0.00375877	0	0	0	0	0	4459	1.479	30.7592	0.00196219	0.00804201	369.3	5.432	5.93329	0.0147089	0.0160663	0	0	0	0	0	529.37	41.66	20.7742	0.0638242	0.0315619	1598.13	0	24.4642	0	0	
1991-8-15	152	0	1.15515e+15	1.05153e+15	2.92447e+15	3.87349e+07	4.33224e+07	6.62896e+07	1.32776e+08	7.1309e+07	7.48645e+07	686.347	2402.44	3997.69	525021	538282	1.0633e+06	28586.2	688.748	534.24	0.0187946	0.0214102	56056.5	254.37	411.097	0.00362058	0.00665334	46207.8	1823.07	2060.7	0.036276	0.0453219	3071.75	17.235	17.2175	0.00683314	0.00682621	1084.24	91.473	32.6826	0.084366	0.0301433	53061.5	41.066	41.0242	0.00134221	0.00134085	1200.49	15.351	29.3919	0.0140983	0.024237	0	0	0	0	0	0	0	0	0	0	132580	493.54	527.583	0.00321814	0.00343928	0	0	0	0	0	6431	0	42.8975	0	0	1557.57	33.275	22.1012	0.0187868	0.0146114	0	0	0	0	0	141.12	7.106	3.37356	0.0507669	0.0239048	0	0	0	0	0	
1991-9-15	153	0	1.15563e+15	1.11392e+15	3.24116e+15	3.95669e+07	4.32817e+07	6.65671e+07	1.32879e+08	7.11348e+07	7.46459e+07	699.683	2300.65	3887.16	525012	534397	1.05941e+06	20156.7	399.513	405.826	0.0138371	0.0230468	63859.9	330.548	433.688	0.00364907	0.00647967	33706.5	1014.61	1074.38	0.0245962	0.0344225	2041.85	17.784	17.7659	0.00609269	0.00608651	1879.34	121.476	53.9315	0.0549935	0.0290272	47370.4	26.992	26.9644	0.000902091	0.000901175	0	0	0	0	0	0	0	0	0	0	0	0	0	0	0	129077	352.377	416.254	0.00343484	0.00316026	0	0	0	0	0	4450	0	29.1806	0	0	332.37	7.771	5.62588	0.0233806	0.0169265	0	0	0	0	0	396.24	17.562	12.623	0.0419133	0.0317666	0	0	0	0	0	
1991-10-15	154	0	1.11239e+15	1.04105e+15	3.19682e+15	4.06726e+07	4.3105e+07	6.72351e+07	1.32457e+08	7.06033e+07	7.47993e+07	747.819	2245.8	3788.21	524484	528182	1.05267e+06	3041.4	41.003	62.0802	0.0131499	0.022711	60205.8	231.752	369.656	0.00384852	0.00599746	28929.5	568.2	728.07	0.0173624	0.0243831	3484.04	16.448	16.4313	0.00640216	0.00639567	795.1	20.802	22.6325	0.0224678	0.0275226	42456.2	32.15	32.1169	0.000520454	0.000519922	0	0	0	0	0	0	0	0	0	0	0	0	0	0	0	92423.8	223.696	262.046	0.00294559	0.0032969	0	0	0	0	0	5239	4.933	39.0451	0.0304506	0.0101393	1729.99	28.459	35.4323	0.0182427	0.0187483	0	0	0	0	0	507.71	18.999	17.3057	0.0381109	0.033733	0	0	0	0	0	
1991-11-15	155	0	1.06698e+15	9.74136e+14	3.07772e+15	4.15051e+07	4.29604e+07	6.77101e+07	1.31715e+08	7.00428e+07	7.48964e+07	790.16	2340.77	3793.97	523023	522999	1.04602e+06	2939	39.99	57.6409	0.00671398	0.0222845	40639.2	108.287	266.712	0.00231307	0.0059547	42059.1	2445.53	1099.6	0.0490033	0.0306616	2453.66	12.92	12.9069	0.00577576	0.0057699	2096.19	53.159	61.4286	0.0280148	0.0324128	39827.2	4.876	4.87105	0.000243984	0.000243736	0	0	0	0	0	0	0	0	0	0	0	0	0	0	0	71198.1	290.388	219.248	0.00626283	0.00443089	0	0	0	0	0	11601.7	11.737	92.0322	0.023715	0.0116399	1521.16	34.719	34.4649	0.0255388	0.0226004	0	0	0	0	0	485.9	20.47	20.5845	0.0405888	0.0420767	0	0	0	0	0	
1991-12-15	156	0	1.04496e+15	8.98171e+14	2.81823e+15	4.18772e+07	4.28919e+07	6.77878e+07	1.31028e+08	6.95654e+07	7.49422e+07	827.518	2484.03	3961.53	520601	521423	1.04202e+06	2390	17.838	48.6618	0.00564563	0.0211741	48090.1	122.973	314.406	0.00210698	0.00610309	60165.2	2769.37	1720.45	0.0401455	0.0316159	7510.2	11.948	11.9359	0.00410348	0.00409932	939.67	17.31	30.6458	0.0154069	0.0330609	31292.8	6.293	6.2866	0.000227852	0.00022762	136.89	1.495	2.76269	0.0107439	0.0205345	17	212.305	212.087	12.3077	12.2951	0	0	0	0	0	62127.5	138.201	202.461	0.00305025	0.00467172	0	0	0	0	0	7020	0	58.7685	0	0	1749.64	34.477	39.9572	0.0179002	0.0221874	0	0	0	0	0	267.171	9.332	11.3322	0.0311804	0.0410402	0	0	0	0	0	
1992-1-15	157	0	1.10089e+15	8.33309e+14	2.7753e+15	4.19472e+07	4.28224e+07	6.78402e+07	1.30568e+08	6.96276e+07	7.53645e+07	866.932	2609.56	4178.47	516622	521486	1.03811e+06	2713.05	33.204	53.6437	0.0122486	0.0203305	19361.1	22.778	99.9415	0.00139162	0.00588694	27049.9	758.06	828.122	0.025733	0.0332858	2081.09	15.488	15.4723	0.00577126	0.00576541	313.28	2.021	10.3673	0.0064511	0.0330929	38318.6	14.807	14.7919	0.000774084	0.000773299	79.76	0.301	1.52098	0.00483062	0.0187128	23	2230.17	2219.24	54.4711	54.268	0	0	0	0	0	54570.9	91.356	162.787	0.00211247	0.00361971	0	0	0	0	0	2035	21.68	15.9193	0.0459866	0.00981274	903.77	10.752	21.2161	0.0118349	0.0240114	354.591	1.569	1.56741	0.00746151	0.00745394	352.16	15.67	12.6642	0.0444968	0.0359616	0	0	0	0	0	
1992-2-15	158	0	1.09743e+15	7.63135e+14	2.63203e+15	4.14795e+07	4.27434e+07	6.78487e+07	1.30206e+08	6.97972e+07	7.57357e+07	895.115	2726.92	4376.95	514783	526072	1.04085e+06	2024.93	14.649	43.8352	0.00768112	0.0214567	23594.6	32.199	144.677	0.00188651	0.00642435	0	0	0	0	0	1200.1	6.727	6.72018	0.00663013	0.00662341	1939.14	9.863	60.7347	0.00457333	0.0311744	44349.5	9.908	9.89793	0.000443213	0.000442763	54.7833	0.495	1.04009	0.00700843	0.0178245	36	796.161	795.319	17.5679	17.5495	0	0	0	0	0	45630.6	46.775	140.409	0.00155697	0.00355062	0	0	0	0	0	1523.6	4.194	11.7682	0.0271371	0.0111423	2557.77	25.524	55.0402	0.0103934	0.0215752	768.717	3.768	3.76418	0.00573171	0.00572589	557.28	18.491	21.194	0.0339444	0.0381227	0	0	0	0	0	
1992-3-15	159	0	1.03605e+15	6.99544e+14	2.43416e+15	4.06207e+07	4.26945e+07	6.74887e+07	1.30229e+08	7.01116e+07	7.59014e+07	891.363	2830.23	4551.83	512969	530995	1.04396e+06	4993.88	28.203	88.1432	0.00913028	0.0201595	19878.8	16.815	125.371	0.00183657	0.00647667	0	0	0	0	0	978.813	3.334	3.33062	0.00403938	0.00403528	952.847	7.038	27.6089	0.00772418	0.0299349	45744.1	11.158	11.1467	0.00242683	0.00242437	1681	1.917	14.6179	0.00735701	0.0172841	27	567.485	566.893	15.716	15.6997	0	0	0	0	0	72042.1	78.602	248.645	0.00162047	0.00384342	0	0	0	0	0	614	4.824	6.40818	0.00922371	0.0112121	2578.86	16.148	49.823	0.00870624	0.0194678	1466.52	7.387	7.3795	0.00634555	0.00633911	254.88	7.473	7.86742	0.0274034	0.0302794	0	0	0	0	0	
1992-4-15	160	0	9.66262e+14	6.25112e+14	2.21355e+15	3.97087e+07	4.27376e+07	6.71702e+07	1.30776e+08	7.04733e+07	7.58806e+07	919.682	2868.98	4662.39	511084	537014	1.0481e+06	14642.7	92.35	245.119	0.0111583	0.019581	22835.8	87.813	146.872	0.00504164	0.00698678	0	0	0	0	0	1388.49	8.116	8.10777	0.00618896	0.00618268	1503.73	34.51	41.1984	0.0206723	0.0275012	19456.1	6.051	6.04485	0.00089544	0.000894531	3687.44	1.199	39.4083	0.00703362	0.0172421	9	41.369	41.3269	4.4396	4.43509	0	0	0	0	0	66476.2	90.373	271.846	0.00232942	0.00402541	0	0	0	0	0	401	10.579	3.31511	0.036354	0.00974041	2700.62	16.683	46.6061	0.0085776	0.0172799	1440.66	9.082	9.07278	0.00612553	0.00611932	296.08	9.508	8.56981	0.0349047	0.0280219	0	0	0	0	0	
1992-5-15	161	0	9.22432e+14	6.22795e+14	2.07062e+15	3.8716e+07	4.28726e+07	6.64625e+07	1.31641e+08	7.07945e+07	7.54295e+07	930.73	2896.36	4748.1	509274	541991	1.05127e+06	28864.7	270.978	543.2	0.00921091	0.0204783	19120.3	111.972	117.11	0.00527586	0.0061246	38248.6	1980.32	1611.57	0.0419092	0.0420219	6792.73	83.474	83.3888	0.0132321	0.0132186	1441.09	48.263	41.9008	0.0287566	0.0302621	21338.3	9.288	9.27855	0.000699863	0.000699152	0	0	0	0	0	1	0.064	0.0639351	0.064	0.0639351	0	0	0	0	0	29342	42.555	132.38	0.00212884	0.00369398	0	0	0	0	0	646	15.623	6.28946	0.0192442	0.010013	2813.31	28.713	46.0998	0.00984654	0.0168279	1285.14	35.084	35.048	0.0274396	0.0274116	573.32	36.819	21.1201	0.0455516	0.0337522	0	0	0	0	0	
1992-6-15	162	0	9.51671e+14	6.9469e+14	2.10338e+15	3.78535e+07	4.28892e+07	6.55015e+07	1.32292e+08	7.0951e+07	7.44633e+07	929.16	2959.32	4800.26	507944	547599	1.05554e+06	27076.6	570.703	590.306	0.0187894	0.0220308	41784.1	255.629	256.642	0.00536681	0.00598734	36299.2	1875.56	1355.5	0.0403987	0.0335445	6461.21	57.289	57.2306	0.0095568	0.00954709	1373.84	51.535	40.4306	0.0364604	0.0286844	30755.5	6.349	6.34254	0.000581963	0.000581372	0	0	0	0	0	0	0	0	0	0	0	0	0	0	0	44278.4	84.217	249.468	0.00409712	0.00371383	0	0	0	0	0	899	27.257	7.96199	0.0244202	0.0080196	1932.89	25.729	28.4186	0.0149585	0.0125477	1228.75	18.318	18.2993	0.0120818	0.0120695	45.84	1.238	1.09167	0.027007	0.0238147	0	0	0	0	0	
1992-7-15	163	0	1.00329e+15	8.59167e+14	2.38061e+15	3.76107e+07	4.28825e+07	6.48658e+07	1.32653e+08	7.09262e+07	7.36244e+07	888.067	2982.08	4882.56	507063	553463	1.06053e+06	30723.7	457.382	660.234	0.013067	0.0235044	72628.5	566.779	441.014	0.0075892	0.00632485	42673.7	2978.4	1560.18	0.0582981	0.036958	3135.47	20.633	20.612	0.00564179	0.00563607	2013.49	136.406	58.3874	0.0612382	0.0294307	38355.9	60.692	60.6299	0.00206494	0.00206284	1558.68	18.807	34.774	0.0071169	0.0225584	0	0	0	0	0	0	0	0	0	0	87032.4	215.266	455.856	0.00477719	0.00386906	0	0	0	0	0	690	33.78	5.80938	0.05106	0.00858008	2560.98	34.017	39.7471	0.0166035	0.0136335	2424.82	25.55	25.5239	0.0105438	0.0105331	229.23	13.092	8.37349	0.0554417	0.0315649	0	0	0	0	0	
1992-8-15	164	0	1.08183e+15	1.06343e+15	2.8218e+15	3.7883e+07	4.28489e+07	6.45374e+07	1.32777e+08	7.08405e+07	7.28581e+07	833.144	2938.4	4869.44	506788	550300	1.05709e+06	31106.8	633.306	617.237	0.0157542	0.0230541	87756.2	641.884	522.772	0.00622787	0.00583979	29469.4	1588.34	1104.2	0.0417645	0.0333956	2503.99	9.787	9.77707	0.00413324	0.00412905	521.61	23.476	15.4916	0.0494428	0.0297926	42265	77.309	77.2297	0.0026352	0.00263251	0	0	0	0	0	0	0	0	0	0	0	0	0	0	0	100283	371.412	418.655	0.0048415	0.00322448	0	0	0	0	0	8563	132.982	71.1978	0.028306	0.00794905	2702.88	29.534	42.5817	0.0110586	0.0153085	1523.29	20.5	20.4791	0.0138131	0.013799	564.84	27.931	16.4283	0.046729	0.0356573	0	0	0	0	0	
1992-9-15	165	0	1.09159e+15	1.11489e+15	3.10613e+15	3.889e+07	4.27718e+07	6.50827e+07	1.32762e+08	7.05535e+07	7.27628e+07	847.595	2805.51	4752.73	507078	545610	1.05269e+06	14449.9	282.339	308.787	0.0142872	0.0230308	65052.2	366.221	387.706	0.00616142	0.00595502	29535.2	952.815	1084.89	0.0287654	0.0345598	2943.96	15.103	15.0877	0.0077793	0.00777141	1712.29	44.191	49.4232	0.0188135	0.0297708	47795.3	74.618	74.5409	0.00235878	0.00235638	0	0	0	0	0	1	0.021	0.0209787	0.021	0.0209787	0	0	0	0	0	128587	358.122	421.84	0.00366711	0.00323624	0	0	0	0	0	18306	75.138	167.852	0.00625455	0.00848215	1974.66	18.455	38.0155	0.0108803	0.0187805	1532.23	23.756	23.7318	0.0135617	0.0135479	378.64	16.462	11.2182	0.0433365	0.0297273	0	0	0	0	0	
1992-10-15	166	0	1.0768e+15	1.05642e+15	3.2625e+15	3.98292e+07	4.2653e+07	6.57615e+07	1.32474e+08	7.00809e+07	7.29837e+07	881.282	2735.33	4612.8	507125	538050	1.04518e+06	1015.63	11.649	23.6365	0.0100645	0.022453	76468.1	289.874	429.262	0.005455	0.00586359	35052.7	1069.75	1003.48	0.025209	0.0303306	4407.94	21.764	21.7419	0.00698775	0.00698066	4037.61	146.632	136.594	0.0238515	0.0311926	45001.6	16.679	16.662	0.00129729	0.00129598	0	0	0	0	0	3	2.323	2.32064	0.898562	0.89765	0	0	0	0	0	103491	250.956	277.206	0.00419821	0.00340206	0	0	0	0	0	10291	3.163	104.826	0.00263011	0.0094418	1867.68	25.256	46.6504	0.0185955	0.0240796	855.29	13.562	13.5482	0.013756	0.0137421	433.6	14.66	16.6107	0.0241391	0.037731	0	0	0	0	0	
1992-11-15	167	0	1.04988e+15	9.39026e+14	2.9874e+15	4.0879e+07	4.25531e+07	6.6558e+07	1.31512e+08	6.94976e+07	7.32188e+07	906.325	2806.1	4575.88	506899	530996	1.0379e+06	0	0	0	0	0	72786.7	211.374	450.471	0.00540966	0.00678084	48621.1	1829.15	1452.52	0.0314141	0.0301727	8814.55	19.827	19.8068	0.00673552	0.00672867	3009.94	138.762	114.436	0.0394829	0.0359433	30294.5	24.43	24.405	0.00291614	0.00291318	0	0	0	0	0	4	21.497	21.4751	6.33086	6.32442	0	0	0	0	0	68951.3	195.899	202.064	0.00599098	0.00413244	0	0	0	0	0	13043	61.75	110.564	0.0286537	0.0122994	2310.75	53.187	61.5761	0.0218963	0.0250914	0	0	0	0	0	407.36	20.98	16.7881	0.0519816	0.0410639	0	0	0	0	0	
1992-12-15	168	0	1.0306e+15	8.68786e+14	2.81866e+15	4.12663e+07	4.24662e+07	6.67978e+07	1.30447e+08	6.89845e+07	7.33862e+07	922.363	2893.48	4686.28	506417	528615	1.03503e+06	0	0	0	0	0	51836.5	69.393	277.256	0.0024074	0.00623986	40218.7	1638.19	1059.32	0.0308673	0.0284263	9843.81	3.442	3.43851	0.00249673	0.0024942	1385.14	78.154	50.777	0.0568251	0.0360751	38055.2	14.824	14.8088	0.000352481	0.000352122	0	0	0	0	0	13	65.591	65.5242	4.73091	4.7261	0	0	0	0	0	60234.7	147.484	205.413	0.00434468	0.00467393	0	0	0	0	0	3135	153.512	34.6447	0.0736102	0.0123191	1389.11	26.919	39.1413	0.0200951	0.0282237	0	0	0	0	0	364.88	16.94	14.8686	0.0475657	0.0402061	325.48	8.58	5.33423	0.0263611	0.0163888	
1993-1-15	169	0	1.05661e+15	8.11511e+14	2.72177e+15	4.14363e+07	4.24296e+07	6.68756e+07	1.29594e+08	6.876e+07	7.38555e+07	944.306	2955.09	4804.41	505929	526669	1.0326e+06	155	0.162	3.42693	0.000988006	0.0221193	33579.4	41.614	180.021	0.00272191	0.00675527	33964	1200.84	1153.39	0.0312158	0.0380584	3628.13	0.183	0.182814	0.000465043	0.000464572	1711.73	47.017	60.2487	0.0275602	0.034939	51523.7	11.46	11.4484	0.00575604	0.00575019	30.97	0.156	0.62877	0.00503713	0.0203025	20	844.987	844.082	41.5081	41.4643	0	0	0	0	0	71274	94.175	234.37	0.00317182	0.00445797	0	0	0	0	0	8618	109.195	103.787	0.0147653	0.0120881	4316.53	62.325	125.096	0.0178847	0.0292772	0	0	0	0	0	952.95	27.156	41.6925	0.0262603	0.0442028	301.5	4.851	5.17139	0.0160896	0.0171522	
1993-2-15	170	0	1.0514e+15	7.33835e+14	2.57513e+15	4.12456e+07	4.2371e+07	6.70377e+07	1.29059e+08	6.8887e+07	7.44007e+07	962.163	3006.13	4897.59	506006	529266	1.03527e+06	3474.86	9.221	75.755	0.00316843	0.0227879	25390.2	23.513	140.175	0.0012516	0.00604405	28367.1	945.897	963.304	0.0279172	0.0367083	534.322	0.33	0.329665	0.000725571	0.000724835	2119.65	149.607	70.3321	0.0710839	0.0347192	53919.1	10.9	10.8889	0.00336549	0.00336207	58.85	0.91	1.14322	0.0159224	0.0194229	19	980.171	979.093	48.5904	48.5376	0	0	0	0	0	35851.4	8.781	115.48	0.000433076	0.00331068	0	0	0	0	0	6976	169.182	80.9487	0.0311377	0.0116413	3871.38	35.432	93.5862	0.0118502	0.0233563	0	0	0	0	0	962.98	30.916	35.0162	0.0320853	0.0363638	0	0	0	0	0	
1993-3-15	171	0	1.04803e+15	6.73512e+14	2.42203e+15	4.07086e+07	4.23619e+07	6.71357e+07	1.29069e+08	6.92454e+07	7.49707e+07	923.958	3059.99	4974.21	506433	531795	1.03823e+06	10442	72.14	213.582	0.00809528	0.0237943	23194.6	12.845	123.747	0.000636649	0.00565215	32407.5	1527.31	1117.67	0.0354703	0.0357154	1459.01	10.331	10.3205	0.00551851	0.00551291	1754.74	60.155	55.5827	0.0362102	0.031853	59653.3	31.152	31.1202	0.010486	0.0104754	955.185	2.341	10.7716	0.00720927	0.0196878	15	291.212	290.911	18.0808	18.0622	0	0	0	0	0	43896.6	8.969	183.138	0.000687136	0.00324632	0	0	0	0	0	13126.1	271.098	150.638	0.0216865	0.011076	2821.61	23.189	57.767	0.0101039	0.0201107	71	0.173	0.172825	0.00243662	0.00243415	1972.75	85.436	52.838	0.0433081	0.0267839	0	0	0	0	0	
1993-4-15	172	0	9.89422e+14	6.15572e+14	2.21716e+15	3.98588e+07	4.23123e+07	6.68966e+07	1.29243e+08	6.95555e+07	7.49785e+07	898.089	3028.76	4974.89	506686	535088	1.04177e+06	29050	356.207	542.983	0.0118179	0.0216101	20009.5	22.054	106.828	0.00264287	0.00572605	37803.9	1700.15	1385.33	0.0314601	0.0367351	2054.44	12.178	12.1656	0.0070446	0.00703745	2242.57	68.06	62.9005	0.0324584	0.0283858	40502.6	37.644	37.6056	0.00671539	0.00670853	2934.68	9.185	33.3454	0.0103067	0.0231431	10	38.791	38.7516	3.78949	3.78564	0	0	0	0	0	17905.4	19.494	77.9367	0.00289412	0.00316923	0	0	0	0	0	22386	68.327	196.787	0.00755327	0.00839027	2504.33	29.904	46.5673	0.0131492	0.0185163	288.3	2.099	2.09687	0.00885204	0.00884306	2801.2	113.844	79.6446	0.0317359	0.0267909	0	0	0	0	0	
1993-5-15	173	0	9.8676e+14	6.28428e+14	2.13872e+15	3.89592e+07	4.23453e+07	6.63497e+07	1.29954e+08	6.98218e+07	7.46825e+07	885.781	2916.64	4896.47	506740	539338	1.04608e+06	29359.9	402.456	563.331	0.013735	0.0203658	24147.5	34.444	130.867	0.00480759	0.0061639	43367.4	2090.06	1765.1	0.0366213	0.0423079	6242.47	35.136	35.1003	0.00917269	0.00916339	3006.62	107.716	87.4396	0.0361641	0.0288407	35810.1	64.28	64.2139	0.00710043	0.00709315	3111.17	8.86	38.383	0.0117721	0.018213	4	9.859	9.84899	2.61091	2.60826	0	0	0	0	0	15264.5	43.572	74.2442	0.0052547	0.00351981	58.5	0.965	2.55984	0.0164957	0.043758	23779.4	33.766	248.72	0.00336197	0.0089658	3440.97	37.522	60.1526	0.0124405	0.0172862	168.45	3.313	3.30964	0.0127579	0.012745	0	0	0	0	0	0	0	0	0	0	
1993-6-15	174	0	9.77131e+14	7.25565e+14	2.18254e+15	3.82603e+07	4.23904e+07	6.55541e+07	1.30685e+08	6.99321e+07	7.39827e+07	876.894	2850.33	4750.77	506714	544804	1.05152e+06	19790.6	420.367	428.996	0.017117	0.0224445	49524.4	170.396	266.854	0.00498213	0.00612361	45681.4	2233.63	1714.31	0.0472442	0.0384097	7889.65	35.822	35.7856	0.00602706	0.00602094	2208.08	124.703	67.2503	0.0658482	0.0322322	37674.9	71.637	71.5637	0.00797526	0.00796711	0	0	0	0	0	2	0.335	0.33466	0.166462	0.166293	0	0	0	0	0	45712.3	337.056	193.058	0.00409017	0.00329381	40	2.905	1.58188	0.072625	0.0395469	24078.7	34.091	262.725	0.0126434	0.010232	3598.71	67.785	60.2905	0.0205447	0.0166224	167.122	2.746	2.74321	0.017714	0.0176961	0	0	0	0	0	0	0	0	0	0	
1993-7-15	175	0	1.02289e+15	8.64773e+14	2.42232e+15	3.81888e+07	4.24205e+07	6.50655e+07	1.30978e+08	6.99243e+07	7.32194e+07	840.221	2823.03	4672.35	506375	551257	1.05763e+06	26813.4	758.663	509.891	0.0185152	0.0207892	60040.3	155.893	348.07	0.00247731	0.00549281	35613	1608.47	1339.51	0.0452237	0.0348541	3162.61	35.961	35.9244	0.00871971	0.00871085	1948.76	198.219	62.1341	0.0950827	0.0319895	43205.7	151.615	151.459	0.00894515	0.00893597	0	0	0	0	0	2	0.792	0.791196	0.291178	0.290882	0	0	0	0	0	82881.4	530.03	335.738	0.00665422	0.00304313	46.5	2.83	1.73489	0.0608602	0.0373094	50600.6	676.644	538.69	0.0147058	0.010247	1808.73	38.509	29.7902	0.0187898	0.0149435	100.262	1.816	1.81416	0.0181126	0.0180942	0	0	0	0	0	0	0	0	0	0	
1993-8-15	176	0	1.0562e+15	1.09561e+15	2.876e+15	3.85255e+07	4.23886e+07	6.49782e+07	1.31071e+08	6.97782e+07	7.2768e+07	794.461	2777.54	4614.24	506345	547898	1.05424e+06	22261.2	721.866	409.687	0.0225981	0.0204857	61435.8	204.08	332.338	0.00521476	0.00553019	31549.2	1256.45	1210.54	0.0415427	0.0367954	2235.53	21.946	21.9237	0.00918416	0.00917484	631.48	36.599	18.415	0.0516961	0.0290079	47842.1	116.008	115.889	0.00616426	0.00615795	0	0	0	0	0	2	0.166	0.165831	0.0719474	0.0718743	0	0	0	0	0	119708	541.593	404.431	0.00565738	0.00307973	43.9513	1.53	1.58172	0.0348113	0.035988	66555.4	743.685	561.151	0.0124393	0.00798836	2319.73	68.189	36.7924	0.0292831	0.0157992	287.286	3.815	3.81112	0.0185107	0.018492	0	0	0	0	0	0	0	0	0	0	
1993-9-15	177	0	1.05018e+15	1.1909e+15	3.17849e+15	3.95993e+07	4.23057e+07	6.55707e+07	1.30967e+08	6.94123e+07	7.28087e+07	832.902	2668.09	4510.34	506770	543424	1.05019e+06	7945	189.028	185.773	0.0187489	0.0245541	53927.5	67.656	262.188	0.00257228	0.00472115	34701.4	924.759	1420.23	0.0266789	0.0408625	1289.49	8.019	8.01087	0.00897678	0.00896767	364.686	8.281	10.4752	0.0227072	0.028724	47539.8	98.873	98.7702	0.00605105	0.00604486	225.61	3.118	5.33066	0.0137677	0.0242715	2	0.02	0.0199797	0.0116907	0.0116788	0	0	0	0	0	97314.5	203.608	334.126	0.00220108	0.00348544	66	2.75	2.46111	0.0416667	0.0372895	50552	146.132	305.153	0.00673141	0.00707545	2419.75	52.219	45.974	0.02173	0.0189844	272.5	5.278	5.27264	0.0203302	0.0203095	0	0	0	0	0	0	0	0	0	0	
1993-10-15	178	0	1.05368e+15	1.07089e+15	3.28343e+15	4.08452e+07	4.22907e+07	6.63599e+07	1.30531e+08	6.89928e+07	7.3166e+07	893.042	2652.66	4439.37	507219	535624	1.04284e+06	493	0	12.7959	0	0	50770.9	71.175	221.117	0.00336038	0.0050696	51758.3	1422.7	1732.72	0.0254526	0.0344375	2517.83	15.849	15.8329	0.00573037	0.00572456	283.2	3.098	9.52325	0.0148586	0.0344233	43389.3	91.124	91.029	0.00721448	0.00720709	674.163	9.284	15.206	0.0147493	0.0228679	3	0.537	0.536455	0.13561	0.135472	0	0	0	0	0	81539.7	216.078	228.138	0.0024608	0.00339435	50	2.125	2.54175	0.0425	0.050835	22916	70.366	136.164	0.010595	0.0082119	1937.94	42.535	50.1783	0.0241391	0.0258466	424.232	11.452	11.4404	0.0255222	0.0254962	0	0	0	0	0	0	0	0	0	0	
1993-11-15	179	0	1.05228e+15	9.80608e+14	3.11327e+15	4.19072e+07	4.22843e+07	6.712e+07	1.29627e+08	6.85087e+07	7.32522e+07	931.864	2809.32	4508.65	507366	529027	1.03639e+06	0	0	0	0	0	63694.1	209.407	319.705	0.00397375	0.00552678	40548.4	1405.66	1333.84	0.0309209	0.0358992	7769.44	19.007	18.9855	0.00771064	0.00767906	0	0	0	0	0	45290.3	60.844	60.7813	0.00789234	0.00788429	636.19	4.16	13.8662	0.00721256	0.0217815	4	20.762	20.7409	5.92925	5.92323	0	0	0	0	0	77591.2	163.517	233.435	0.0059011	0.00438929	58	1.992	3.82237	0.0343448	0.0659029	18416	90.105	106.407	0.0159357	0.009346	2143.32	79.626	59.8911	0.0245591	0.0261967	463.416	7.682	7.6742	0.0140982	0.0140839	0	0	0	0	0	0	0	0	0	0	
1993-12-15	180	0	1.05386e+15	8.79515e+14	2.85167e+15	4.24301e+07	4.22984e+07	6.75072e+07	1.28692e+08	6.80934e+07	7.35559e+07	942.338	2965.29	4742.36	507561	525791	1.03335e+06	103.936	0.502	2.42887	0.0051025	0.0234088	50959.2	139.217	278.242	0.00221726	0.00562701	46624.2	1385.32	1580.35	0.0301126	0.0356782	7409.8	17.672	17.654	0.00487923	0.00487427	854.13	63.291	33.0263	0.0519019	0.0355644	27433.5	34.18	34.145	0.00762623	0.00761847	520.163	6.009	11.0374	0.011694	0.0210745	9	55.816	55.7592	6.45346	6.4469	0	0	0	0	0	55687.1	149.284	186.11	0.00624006	0.00474006	30.5	1.315	2.36264	0.0431148	0.0774635	7816	111.425	88.6658	0.0236567	0.0121089	991.389	27.798	28.2005	0.0221481	0.0277128	171	5.423	5.41749	0.0317135	0.0316813	0	0	0	0	0	0	0	0	0	0	
1994-1-15	181	0	1.09269e+15	8.11371e+14	2.77069e+15	4.26452e+07	4.23808e+07	6.78743e+07	1.28049e+08	6.82377e+07	7.42732e+07	958.862	3037.37	4926	507819	522705	1.03052e+06	4537.49	11.581	101.43	0.00237141	0.0219805	17645.6	34.303	94.6836	0.00205631	0.00596105	44603.9	1705.44	1869.6	0.0326616	0.0360354	5621.23	6.11	6.1038	0.00171148	0.00170975	0	0	0	0	0	31265.7	19.581	19.5611	0.011399	0.0113874	175.217	2.062	3.43168	0.0170089	0.0191447	18	1315.83	1314.36	63.5145	63.4446	0	0	0	0	0	58638.9	65.059	196.988	0.00310873	0.00429983	31.1897	1.485	2.51893	0.0476119	0.0807616	5496	41.652	66.3732	0.00704155	0.0116818	2263.09	38.658	63.2521	0.0143732	0.0261843	2520.01	43.895	43.8503	0.0165938	0.0165769	425.55	24.117	15.7956	0.0501736	0.0393056	0	0	0	0	0	
1994-2-15	182	0	1.11739e+15	7.48536e+14	2.65281e+15	4.24146e+07	4.24265e+07	6.8167e+07	1.27763e+08	6.85971e+07	7.50802e+07	936.127	3065.14	5016.64	508732	524128	1.03286e+06	5225.82	30.289	112.975	0.00833981	0.0213071	12591.1	14.435	70.8034	0.00170584	0.0068219	46581.1	1523.41	1617.56	0.0311904	0.0332844	2369.82	8.554	8.54532	0.00397579	0.00397176	1019.22	15.358	32.59	0.0163447	0.0319133	33161.2	26.253	26.2262	0.00570068	0.00569486	130.28	0.641	2.51548	0.00532266	0.0193874	24	1715.19	1713.14	63.1724	63.0983	0	0	0	0	0	53490.6	28.209	221.117	0.00255175	0.0045402	59.5	2.16	3.71346	0.0363025	0.0624111	9606	99.151	106.085	0.0143958	0.0110191	3312.59	25.376	79.0452	0.0126929	0.0248008	2992.56	36.793	36.7556	0.0169355	0.0169183	739.06	30.083	26.3568	0.0278733	0.0367511	0	0	0	0	0	
1994-3-15	183	0	1.13292e+15	6.79695e+14	2.50437e+15	4.19021e+07	4.2483e+07	6.83744e+07	1.27952e+08	6.90404e+07	7.56985e+07	872.638	3048.5	5004.14	510553	526037	1.03659e+06	6686.2	53.453	146.51	0.00834994	0.0215198	34906.9	29.87	189.788	0.00190864	0.00645084	34537.4	1233.63	1236.61	0.0264336	0.0325423	3334.03	29.574	29.544	0.00971473	0.00970487	993.89	17.521	29.3177	0.0176287	0.029498	40383.5	73.813	73.7365	0.0119804	0.011968	307.37	1.587	6.60039	0.00586391	0.0208676	10	968.6	967.558	84.8955	84.8049	0	0	0	0	0	28800.6	38.763	109.745	0.00166864	0.00363794	76.2	1.17	3.79846	0.0153543	0.0498485	19742	154.365	193.378	0.0190679	0.0106251	4001.62	40.364	82.0902	0.00819467	0.0197461	3744.67	66.171	66.1033	0.0171942	0.0171766	312.8	8.034	9.54093	0.0252644	0.0298266	0	0	0	0	0	
1994-4-15	184	0	1.12253e+15	6.20425e+14	2.36081e+15	4.11443e+07	4.25178e+07	6.82333e+07	1.28258e+08	6.9335e+07	7.58026e+07	814.995	2906.55	4881.31	512718	528856	1.04157e+06	23617	247.108	494.032	0.00967211	0.0211294	31639.2	106.245	154.296	0.00558471	0.00625497	36768.3	1280.24	1361.53	0.0259248	0.0379634	2257.17	33.548	33.5138	0.0127733	0.0127603	917.44	10.929	27.5152	0.028518	0.0312883	48944.8	88.441	88.3492	0.00882291	0.00881372	1181.49	3.549	12.3098	0.0157709	0.0182485	9	228.892	228.655	22.9922	22.9686	0	0	0	0	0	34133.6	42.147	105.345	0.00152988	0.0035813	0	0	0	0	0	32530	169.714	253.84	0.0122308	0.00949958	4628.47	46.39	86.759	0.00973137	0.0206602	3149.04	50.993	50.9408	0.0146505	0.0146356	701.75	21.332	19.9777	0.0218293	0.0300432	0	0	0	0	0	
1994-5-15	185	0	1.08759e+15	6.32775e+14	2.25344e+15	4.03519e+07	4.26008e+07	6.77212e+07	1.28836e+08	6.95981e+07	7.5585e+07	791.499	2703.68	4628.01	514779	531246	1.04603e+06	46807.2	1122.82	1001.69	0.0137344	0.0210895	40127.5	43.053	177.624	0.00190106	0.00526098	58859.5	2191.94	2228.88	0.031584	0.0359836	2391.24	56.046	55.9888	0.0264148	0.026388	0	0	0	0	0	42719.7	99.076	98.9726	0.00835757	0.00834883	4792.84	23.781	59.7467	0.0149032	0.0175369	7	34.419	34.384	4.9048	4.89981	0	0	0	0	0	42586.7	28.083	173.079	0.00183335	0.0039265	0	0	0	0	0	40759.4	170	327.471	0.0037215	0.00731071	4101.95	55.443	71.3177	0.0139055	0.0169699	3675.1	63.026	62.9612	0.0129763	0.012963	276.91	9.51	7.07538	0.031483	0.0278918	0	0	0	0	0	
1994-6-15	186	0	1.05989e+15	7.11983e+14	2.23064e+15	3.95845e+07	4.26335e+07	6.69995e+07	1.29425e+08	6.97218e+07	7.50934e+07	760.796	2562.85	4355.91	516857	534492	1.05135e+06	24567.9	367.824	540.672	0.0149093	0.0218918	65525	190.539	315.633	0.00377382	0.0058426	67305.1	2633.61	2462.74	0.0369175	0.0355404	7163.47	66.186	66.1185	0.0074418	0.00743423	0	0	0	0	0	37637.8	81.616	81.5311	0.0092832	0.00927358	3089.27	9.77	47.397	0.00943325	0.0195153	1	0.036	0.0359633	0.036	0.0359634	0	0	0	0	0	109684	425.423	430.651	0.00512892	0.00357858	0	0	0	0	0	33837.4	167.974	270.11	0.00988421	0.00867675	4320.68	90.448	72.1909	0.0203642	0.0159732	2895.53	68.622	68.5514	0.0205979	0.0205768	840.43	48.342	25.5919	0.0574173	0.032098	0	0	0	0	0	
1994-7-15	187	0	1.0726e+15	8.66219e+14	2.48509e+15	3.91701e+07	4.26561e+07	6.64276e+07	1.29839e+08	6.97329e+07	7.44111e+07	719.395	2481.26	4155.68	518804	539251	1.05805e+06	21850.4	466.157	440.582	0.016415	0.0214233	52489.4	226.702	276.008	0.00737871	0.00570509	53773.1	2189.61	1978.4	0.0399577	0.0356644	4421.67	38.218	38.1792	0.0117448	0.0117328	984.98	25.318	33.301	0.0189939	0.0343653	21663.8	85.758	85.6687	0.0100647	0.0100543	0	0	0	0	0	2	0.184	0.183813	0.0750932	0.0750169	0	0	0	0	0	117863	896.144	459.793	0.00447991	0.00350681	0	0	0	0	0	73331.4	502.229	528.426	0.00907673	0.0075577	7336.91	120.161	116.621	0.0169369	0.0155442	2459.92	75.936	75.8574	0.0256491	0.0256228	692.2	40.035	18.0304	0.0619469	0.0307555	0	0	0	0	0	
1994-8-15	188	0	1.11772e+15	1.06817e+15	2.90544e+15	3.92707e+07	4.27196e+07	6.63512e+07	1.29996e+08	6.96273e+07	7.39824e+07	669.065	2384.11	4018.06	520602	534697	1.0553e+06	16237.6	339.6	300.191	0.0273786	0.0206116	70460.6	216.777	348.57	0.00509302	0.00500211	44185.8	1948.26	1548.25	0.0366107	0.0297021	4715.77	60.626	60.5644	0.0136755	0.0136616	1690.11	52.714	52.7903	0.0503486	0.027368	29500.7	103.572	103.464	0.00794017	0.00793191	480.81	1.127	11.0497	0.00276899	0.0237766	1	1.382	1.38059	1.382	1.38059	0	0	0	0	0	119319	425.35	411.817	0.00404886	0.00343484	0	0	0	0	0	74417.4	626.378	529.021	0.00821389	0.00773206	6480.19	96.615	102.21	0.0208161	0.0171225	3447.81	63.452	63.3867	0.0188976	0.0188783	503.02	22.994	12.0537	0.0538156	0.0238289	0	0	0	0	0	
1994-9-15	189	0	1.12178e+15	1.14679e+15	3.19398e+15	4.03617e+07	4.26514e+07	6.66725e+07	1.2983e+08	6.93595e+07	7.39401e+07	706.443	2260.26	3849.9	522534	529008	1.05154e+06	12276.5	423.261	296.277	0.0275054	0.0228283	65646.5	338.675	307.228	0.00587325	0.0058827	41274.2	1539.89	1562.28	0.0356305	0.0329592	2874.83	37.983	37.9444	0.0117594	0.0117474	4807.23	97.966	155.968	0.0267081	0.0325772	52289.8	142.048	141.899	0.0078567	0.00784847	167.94	0.83	3.98921	0.00369772	0.0240958	1	1.028	1.02695	1.028	1.02696	0	0	0	0	0	80102.5	434.448	243.929	0.00365593	0.00368301	0	0	0	0	0	65130	327.467	402.01	0.00853236	0.00729193	4838.57	67.094	93.4604	0.0102792	0.0216638	5049.31	94.206	94.1081	0.0138131	0.0137989	970.14	36.617	28.4059	0.0409637	0.029452	0	0	0	0	0	
1994-10-15	190	0	1.08712e+15	1.08262e+15	3.24485e+15	4.16042e+07	4.25616e+07	6.75815e+07	1.29485e+08	6.90263e+07	7.43544e+07	786.999	2235.61	3758.46	523828	521224	1.04505e+06	66	0.917	1.41245	0.0138939	0.0214008	71972.8	377.832	326.384	0.00454166	0.00545945	32187	1146.94	992.167	0.0348103	0.0315594	3778.82	18.733	18.714	0.00595295	0.00594691	6220.1	365.766	217.261	0.0481143	0.0337376	58093.9	174.936	174.75	0.00734177	0.00733415	0	0	0	0	0	2	0.494	0.493499	0.27715	0.276869	0	0	0	0	0	70907.3	293.879	177.923	0.00345487	0.00306292	0	0	0	0	0	35966	296.89	205.656	0.0184303	0.00774491	5196.79	114.769	133.526	0.0128574	0.023252	5871.76	103.912	103.804	0.0151546	0.0151391	901.31	33.435	31.2292	0.0346713	0.0353957	0	0	0	0	0	
1994-11-15	191	0	1.05882e+15	9.7006e+14	3.12797e+15	4.25308e+07	4.25131e+07	6.82013e+07	1.28696e+08	6.85591e+07	7.44997e+07	832.924	2419.12	3844.99	524125	515019	1.03914e+06	613.728	5.499	14.0144	0.0100215	0.0238628	79662.1	207.538	333.606	0.00341727	0.00469006	28566.4	1096.96	880.521	0.0333804	0.0335531	3752.53	16.357	16.3404	0.00828219	0.00827379	3257.21	90.274	116.909	0.0305498	0.0359462	56005.5	114.673	114.554	0.00777295	0.00776496	620.54	7.461	13.3032	0.00866146	0.0215402	5	13.384	13.3704	2.81287	2.81001	0	0	0	0	0	56659.1	114.522	174.552	0.00343078	0.00344097	0	0	0	0	0	23891.9	85.617	191.193	0.00460719	0.00825038	5795.77	125.892	165.508	0.016803	0.0269593	5772.49	107.4	107.289	0.013402	0.0133883	1048.68	48.973	39.7985	0.0475624	0.0357695	0	0	0	0	0	
1994-12-15	192	0	1.03126e+15	8.78805e+14	2.81767e+15	4.28944e+07	4.24791e+07	6.84041e+07	1.27907e+08	6.81125e+07	7.46808e+07	874.918	2623.77	4124.63	523828	512224	1.03605e+06	0	0	0	0	0	74271.8	83.829	259.731	0.00230448	0.00465449	30351.2	1241.32	1153.46	0.0385045	0.0381041	3269.49	19.272	19.2524	0.00533225	0.00532684	3741.36	197.904	125.837	0.0282101	0.0326543	57649.6	73.38	73.3048	0.0055578	0.00555212	464.092	6.441	9.80433	0.0191726	0.0208875	14	393.145	392.736	24.5621	24.5367	0	0	0	0	0	43534.7	67.925	153.85	0.002785	0.00409444	0	0	0	0	0	26013.7	352.511	255.852	0.0118983	0.00917467	4665.89	131.812	130.604	0.0196139	0.026966	7565.11	81.097	81.0138	0.0111158	0.0111044	598.87	41.858	26.9563	0.0706278	0.0415521	0	0	0	0	0	
1995-1-15	193	0	1.07105e+15	8.12025e+14	2.74047e+15	4.29459e+07	4.25454e+07	6.84639e+07	1.27516e+08	6.82492e+07	7.51855e+07	917.79	2759.14	4416.55	523117	510985	1.0341e+06	1108.98	3.532	26.7401	0.00318492	0.0241124	22329.5	29.023	88.8082	0.00261459	0.00496519	8322	238.357	323.306	0.0342946	0.0416628	1848.64	9.083	9.07378	0.00341871	0.00341524	2643.63	41.045	91.4892	0.0144181	0.0338263	63719	90.669	90.5755	0.00604112	0.00603493	581.337	5.361	11.8297	0.0238571	0.019503	18	1730.24	1728.17	89.9527	89.8489	0	0	0	0	0	27409.7	45.358	103.423	0.00169347	0.00377764	0	0	0	0	0	23228.2	73.161	197.053	0.00598174	0.00989788	6345.12	93.718	198.777	0.0223896	0.0269291	3456.2	39.597	39.5566	0.0115638	0.011552	0	0	0	0	0	0	0	0	0	0	
1995-2-15	194	0	1.07118e+15	7.59507e+14	2.6161e+15	4.26462e+07	4.25676e+07	6.85671e+07	1.27404e+08	6.86928e+07	7.58e+07	930.441	2887.26	4630.43	523354	513876	1.03723e+06	3922.63	4.547	94.2696	0.00187291	0.0245734	12378.6	16.106	63.4016	0.00329135	0.00587457	8681.79	323.621	221.775	0.045707	0.0256575	3892.35	21.269	21.2474	0.00828478	0.00827637	2648.62	43.004	92.0862	0.0117273	0.0338029	82366.9	112.284	112.168	0.00317201	0.00316874	1544.1	21.456	30.5534	0.0210494	0.0191518	13	1703.88	1701.97	122.615	122.481	0	0	0	0	0	39044.9	92.849	143.488	0.00308648	0.00389948	0	0	0	0	0	30036.6	310.93	311.941	0.0111832	0.0103915	5258.08	78.529	136.592	0.011122	0.0263223	3584.27	39.144	39.1041	0.0114502	0.0114384	0	0	0	0	0	0	0	0	0	0	
1995-3-15	195	0	1.08561e+15	6.94329e+14	2.4938e+15	4.1947e+07	4.26712e+07	6.85841e+07	1.2777e+08	6.92037e+07	7.62316e+07	884.943	2970.26	4789.98	524039	517247	1.04129e+06	11000.2	130.859	259.869	0.0111945	0.0232548	3070.49	1.727	14.7519	0.00151879	0.00604164	11303.5	245.94	266.034	0.0205623	0.029483	4199.83	22.583	22.5601	0.00896107	0.00895198	1970.8	9.145	60.6793	0.00583941	0.0307678	59675.4	195.069	194.857	0.00483414	0.00482893	966.298	15.388	19.2494	0.0218685	0.0192663	19	869.839	868.919	42.2305	42.1863	0	0	0	0	0	21594.7	27.472	86.994	0.0022966	0.00376046	0	0	0	0	0	42635.3	323.014	420.427	0.010031	0.0105065	4895.66	65.589	103.531	0.00783243	0.0218091	4133.77	34.602	34.5668	0.00855682	0.00854813	0	0	0	0	0	0	0	0	0	0	
1995-4-15	196	0	1.06271e+15	6.35672e+14	2.30512e+15	4.1102e+07	4.27979e+07	6.83881e+07	1.28184e+08	6.96249e+07	7.62725e+07	844.535	2915.97	4810.78	524899	521739	1.04664e+06	24139.5	403.845	566.802	0.01576	0.0233089	10093.8	38.427	61.0703	0.00500462	0.00675212	8191	131.447	194.599	0.0299511	0.0319118	3854.3	50.966	50.9142	0.0160832	0.0160669	3178.51	60.811	98.938	0.0154161	0.0309689	41779.8	179.186	178.989	0.00463314	0.00462807	2619.35	1.802	23.4185	0.00375135	0.0187802	8	196.804	196.602	20.5086	20.4875	0	0	0	0	0	4353.06	4.58	15.455	0.00211969	0.0033633	0	0	0	0	0	36166.1	233.799	340.721	0.00832024	0.00890237	7300.73	109.945	143.115	0.0115789	0.0219414	4583.96	39.648	39.6076	0.0112067	0.0111953	0	0	0	0	0	0	0	0	0	0	
1995-5-15	197	0	1.04847e+15	6.00219e+14	2.16469e+15	4.02472e+07	4.29264e+07	6.79755e+07	1.28907e+08	6.99964e+07	7.60066e+07	809.092	2765.81	4678.94	526146	526758	1.0529e+06	28939.1	802.221	689.152	0.0168669	0.0239388	26239.5	75.384	134.887	0.0065139	0.00686996	10420	232.138	361.106	0.0298753	0.0441005	4112.4	83.112	83.0271	0.0150162	0.015001	3272.16	101.884	100.038	0.0253357	0.030579	57278.8	278.367	278.055	0.00475637	0.00475111	3574.36	6.968	36.1205	0.0306532	0.0180339	5	20.991	20.9697	4.06103	4.0569	0	0	0	0	0	16058.8	12.625	58.0287	0.00342918	0.00352913	0	0	0	0	0	38144.6	298.476	331.096	0.00699302	0.00858852	7042.51	132.537	121.078	0.0132579	0.0179124	5852.95	59.062	59.0017	0.00902654	0.00901736	0	0	0	0	0	0	0	0	0	0	
1995-6-15	198	0	1.04131e+15	6.72074e+14	2.17879e+15	3.94273e+07	4.2914e+07	6.71438e+07	1.2949e+08	7.00629e+07	7.53615e+07	776.979	2639.4	4454.53	527557	531532	1.05909e+06	33616.7	1200.31	791.804	0.0226223	0.0237614	62150.1	280.573	322.583	0.00824972	0.00616349	24520.2	837.935	989.464	0.0396161	0.0411177	4780.28	79.523	79.4418	0.0134642	0.0134505	624	7.087	19.7785	0.0129278	0.0316843	41666.2	216.14	215.902	0.00548193	0.00547597	2445.12	6.612	34.0972	0.0279711	0.021074	2	0.724	0.723261	0.412182	0.411762	0	0	0	0	0	42160.9	75.452	184.088	0.00249256	0.00394893	0	0	0	0	0	37400.5	303.36	340.142	0.00978227	0.00769464	9635.16	219.967	160.854	0.0358857	0.0191932	6023.32	98.656	98.554	0.0164792	0.0164623	0	0	0	0	0	0	0	0	0	0	
1995-7-15	199	0	1.10127e+15	8.22175e+14	2.4562e+15	3.89004e+07	4.28629e+07	6.63385e+07	1.29992e+08	7.00012e+07	7.45252e+07	737.129	2535.46	4267.03	528761	536923	1.06568e+06	45514.6	1154.99	1086.39	0.0251949	0.0253609	87212.3	465.672	442.179	0.00789017	0.00590969	24650.2	1006.19	919.041	0.0402797	0.0361298	3370.77	46.697	46.6495	0.0144238	0.0144092	466.7	22.727	15.3178	0.0488391	0.0329502	32377.8	255.534	255.254	0.0104603	0.0104494	0	0	0	0	0	1	0.118	0.11788	0.118	0.11788	0	0	0	0	0	78851.3	309.237	366.775	0.00409585	0.00407668	0	0	0	0	0	40453.7	253.622	291.128	0.00910114	0.00710212	6469.13	159.659	104.163	0.0209418	0.0165679	4795.99	106.338	106.227	0.0193697	0.0193499	0	0	0	0	0	0	0	0	0	0	
1995-8-15	200	0	1.23892e+15	9.64771e+14	2.90652e+15	3.90556e+07	4.2886e+07	6.6136e+07	1.30264e+08	6.99231e+07	7.38879e+07	677.633	2429.73	4096.03	530349	533099	1.06345e+06	19435.8	500.802	357.911	0.0225128	0.0221877	81538.2	442.87	433.529	0.00554643	0.00585339	28325.2	1146.57	1190.37	0.0527955	0.0468475	4769.93	54.284	54.2287	0.0111308	0.0111195	468	8.551	15.079	0.0187876	0.0323159	35854.8	273.032	272.732	0.00767519	0.00766698	556.155	7.889	14.1989	0.0159146	0.0254592	1	0.4	0.399592	0.4	0.399592	0	0	0	0	0	99045.7	683.337	372.955	0.00712318	0.00312962	0	0	0	0	0	49862.2	105.474	404.647	0.005383	0.00714649	5895.11	148.113	92.8049	0.0193048	0.0157761	5304.41	74.266	74.1896	0.0120109	0.0119987	0	0	0	0	0	133.82	0	2.70704	0	0	
1995-9-15	201	0	1.261e+15	9.8821e+14	3.164e+15	4.00085e+07	4.28725e+07	6.66128e+07	1.30099e+08	6.97208e+07	7.38072e+07	698.166	2289.32	3899.74	532401	527912	1.06031e+06	8342.67	183.924	217.127	0.0185433	0.0232151	71529.2	347.454	372.35	0.00481025	0.00578691	29057.2	1152.11	1294.76	0.0366014	0.043174	5100.11	31.307	31.2752	0.00971538	0.00970552	2243.99	37.453	72.5045	0.0166925	0.0320822	33414.8	294.789	294.454	0.00676908	0.00676156	0	0	0	0	0	2	0.181	0.180816	0.0874737	0.0873849	0	0	0	0	0	87993.1	334.235	276.415	0.00494376	0.0035651	0	0	0	0	0	44599.9	130.47	312.066	0.00336844	0.00719972	5384.6	107.649	106.075	0.0218046	0.0174976	4545.8	64.587	64.5208	0.0127038	0.0126908	0	0	0	0	0	211.88	0	4.02598	0	0	
1995-10-15	202	0	1.23825e+15	9.62296e+14	3.27799e+15	4.11069e+07	4.28513e+07	6.73962e+07	1.29658e+08	6.93617e+07	7.4145e+07	769.622	2224.42	3766.67	534033	519903	1.05394e+06	1057.13	22.461	25.9091	0.0214083	0.0255384	82865.7	268.699	412.077	0.00442273	0.00632386	34742.8	1816.64	1362.22	0.0340961	0.0374603	4073.22	40.941	40.8994	0.0117174	0.0117055	1872	154.702	63.3567	0.0448356	0.0329982	35663.2	291.525	291.211	0.00908667	0.00907716	710.863	3.487	16.6736	0.00506761	0.0234437	1	0.024	0.0239757	0.024	0.0239756	0	0	0	0	0	80339.6	180.363	198.978	0.0032745	0.00349059	0	0	0	0	0	47353.4	374.897	365.96	0.00759296	0.00771507	1518.3	25.259	40.2981	0.0169589	0.0266321	4881.86	72.325	72.2509	0.01263	0.0126171	0	0	0	0	0	2944.07	0	59.4378	0	0	
1995-11-15	203	0	1.20962e+15	9.12696e+14	3.17652e+15	4.19557e+07	4.28093e+07	6.80871e+07	1.28819e+08	6.88858e+07	7.44053e+07	818.943	2365.78	3794.81	534819	513212	1.04803e+06	331.77	0	8.70032	0	0	59740.4	154.553	329.771	0.00260484	0.00621882	34020.5	2381.95	1335.47	0.0533779	0.0359327	3509.13	37.341	37.2929	0.0109001	0.0107796	1932.11	64.054	66.2191	0.0226983	0.0324108	28423.1	207.422	207.021	0.0116867	0.0114457	720.15	11.89	16.5679	0.0155458	0.0228045	2	1.254	1.25273	0.6974	0.696693	0	0	0	0	0	58047	96.611	174.127	0.00234617	0.00382101	0	0	0	0	0	33755.5	197.362	257.578	0.0085994	0.00854782	2047.59	70.56	58.7207	0.03121	0.0289986	5018.15	90.561	90.4681	0.0139719	0.0139576	0	0	0	0	0	1661.61	0	35.7725	0	0	
1995-12-15	204	0	1.17427e+15	8.60455e+14	2.95342e+15	4.24655e+07	4.28432e+07	6.85332e+07	1.28036e+08	6.85041e+07	7.47458e+07	856.778	2561.79	4031.78	534977	509869	1.04485e+06	1378.01	6.591	33.3741	0.00574121	0.0252316	61907.4	205.363	341.815	0.00283281	0.00612818	48287.8	3261.83	2019.97	0.0501882	0.038635	1307.9	6.78	6.75747	0.00762598	0.00758389	2303.84	17.685	65.9891	0.0116975	0.0298986	19131.3	158.969	158.804	0.0113428	0.0113312	1633.31	33.409	36.4944	0.0183351	0.0213601	11	146.686	146.536	12.945	12.9318	0	0	0	0	0	73135.9	106.144	265.256	0.00302096	0.00414402	0	0	0	0	0	6511.7	29.305	57.2397	0.00562394	0.00999897	1905.74	58.102	56.7404	0.0304065	0.0297938	3886.57	76.689	76.6103	0.0195217	0.0195018	0	0	0	0	0	0	0	0	0	0	
1996-1-15	205	0	1.18402e+15	8.11666e+14	2.82258e+15	4.26886e+07	4.28616e+07	6.88045e+07	1.27339e+08	6.85274e+07	7.53151e+07	882.166	2697.94	4308.14	534212	508235	1.04245e+06	3198.68	26.404	77.0023	0.00832211	0.0247348	52068.8	126.786	331.452	0.00292768	0.00703827	25178.2	1328.93	1034.64	0.0392816	0.0350838	1741.28	8.981	8.9579	0.0153505	0.0152566	0	0	0	0	0	30534.4	91.178	91.0849	0.0116475	0.0116356	2186.31	49.169	44.7166	0.0202192	0.0189723	21	1584.64	1582.89	63.0254	62.9567	0	0	0	0	0	44498.2	54.561	160.035	0.00203001	0.00393482	0	0	0	0	0	3727.8	42.268	40.337	0.00853418	0.0109712	3676.98	69.534	107.034	0.0173105	0.0277858	3201.54	56.742	56.6841	0.0187774	0.0187583	0	0	0	0	0	0	0	0	0	0	
1996-2-15	206	0	1.1924e+15	7.59724e+14	2.71841e+15	4.25174e+07	4.29183e+07	6.89833e+07	1.2709e+08	6.87941e+07	7.60073e+07	881.994	2792.16	4495.03	533898	511115	1.04501e+06	4694.6	14.456	131.453	0.00466425	0.0259542	45707.3	40.29	252.513	0.00270639	0.00765495	17252.7	646.081	622.744	0.0292108	0.0323955	3744.39	30.513	30.4462	0.00843565	0.00837603	1935.5	92.016	59.5313	0.0399646	0.0313691	41773.8	83.924	83.8377	0.00595056	0.00594446	1557.29	22.873	29.3118	0.0162255	0.0182659	15	1980.6	1978.34	117.192	117.061	0	0	0	0	0	33812.1	21.202	124.624	0.000904858	0.00369845	0	0	0	0	0	6397.96	20.595	64.0051	0.00388894	0.0101293	3187.31	36.368	83.4925	0.0151285	0.0236114	4052.55	70.072	70.0004	0.0182606	0.018242	43.63	0.91	1.54271	0.0202697	0.0351217	0	0	0	0	0	
1996-3-15	207	0	1.17553e+15	6.99251e+14	2.5742e+15	4.19692e+07	4.30319e+07	6.91166e+07	1.2715e+08	6.93112e+07	7.65551e+07	840.14	2827.45	4598.46	534374	514220	1.04859e+06	12475.3	53.121	319.495	0.00417778	0.0237311	61837	71.4	341.765	0.00242132	0.00716111	16046.9	677.02	466.838	0.0354796	0.0292507	3933.66	30.6	30.5396	0.00856531	0.00847725	1637.73	43.079	45.3674	0.026786	0.0277973	44732.2	224.444	224.204	0.00813604	0.0081275	1784.51	16.009	38.3667	0.00857766	0.0211683	17	1174.91	1173.65	61.8924	61.8265	0	0	0	0	0	16847.7	12.978	74.6274	0.00132497	0.00362121	25.8095	0.443	1.24882	0.0171642	0.0483861	17516.6	111.411	124.02	0.00482878	0.00832941	1942.28	13.443	45.349	0.00687333	0.0235389	4373.03	63.458	63.3932	0.0126238	0.012611	19.9	0.365	0.575723	0.0182282	0.0291237	0	0	0	0	0	
1996-4-15	208	0	1.15118e+15	6.56222e+14	2.40563e+15	4.12782e+07	4.30187e+07	6.88964e+07	1.27422e+08	6.96489e+07	7.66537e+07	813.629	2761.46	4573.55	535269	517806	1.05307e+06	27118.2	499.274	702.508	0.0117841	0.0254614	36351.4	19.673	166.606	0.00249777	0.00601491	26070.2	1001.2	953.168	0.0319013	0.0369333	3692.92	36.845	36.8076	0.0111596	0.0111483	967.74	13.5	26.3713	0.0220546	0.0267496	29167.4	215.392	215.161	0.0089327	0.00892341	3173.64	44.483	42.0449	0.0295256	0.0186207	6	73.724	73.649	11.7353	11.7234	0	0	0	0	0	23009.8	5.955	87.6694	0.000764295	0.00347315	150.037	1.596	6.94628	0.0114783	0.046078	19535.8	80.918	153.399	0.00400263	0.0080369	2029.88	70.175	35.4568	0.0261734	0.0207634	5287.83	65.318	65.2513	0.0118828	0.0118707	24.46	0.55	0.666515	0.0224857	0.0272492	0	0	0	0	0	
1996-5-15	209	0	1.12379e+15	6.34846e+14	2.27628e+15	4.06044e+07	4.31367e+07	6.85057e+07	1.28173e+08	6.9988e+07	7.65369e+07	792.244	2642.39	4453.82	536116	521912	1.05803e+06	33921.8	942.344	837.179	0.0185615	0.0248328	35773.7	115.191	200.753	0.0100511	0.00861794	32913.8	1046.14	1339.5	0.0257801	0.0388564	5032.95	82.441	82.3569	0.015493	0.0154773	2746.61	40.033	67.2752	0.0130757	0.0256186	30249.6	273.142	272.844	0.00874317	0.00873398	1825.22	9.459	23.457	0.0265134	0.0193194	4	2.435	2.43253	0.581255	0.580665	0	0	0	0	0	21655.4	26.324	106.227	0.00312614	0.00408379	95.9387	2.68	3.9547	0.0285414	0.0411587	18661.4	142.703	129.336	0.0055596	0.00749532	3225.34	113.335	61.3793	0.028561	0.01897	5047.87	79.778	79.6963	0.0166796	0.0166626	19.96	0.65	0.514639	0.0337086	0.0252486	0	0	0	0	0	
1996-6-15	210	0	1.13154e+15	7.19536e+14	2.3079e+15	3.99829e+07	4.32315e+07	6.7902e+07	1.28965e+08	7.0211e+07	7.60777e+07	763.242	2561.06	4287.17	536889	526695	1.06358e+06	32091.9	919.674	767.925	0.017511	0.0245523	58513.9	221.248	350.547	0.00523431	0.00695976	32933.3	1380.09	1362.14	0.0396984	0.0376589	4207.35	87.243	87.1539	0.014692	0.0146771	1853.43	48.763	48.571	0.023451	0.026777	36502.9	212.662	212.431	0.00799431	0.00798597	1213.38	8.027	19.4481	0.0288549	0.0228111	1	1.247	1.24574	1.247	1.24574	0	0	0	0	0	36974.7	151.017	163.302	0.00406798	0.00405546	138.005	5.56	5.3269	0.0402883	0.0385992	19098.8	125.601	125.388	0.00969912	0.0081625	6195.18	284.829	130.379	0.0509572	0.0198721	4849.04	102.142	102.037	0.0199042	0.0198838	0	0	0	0	0	0	0	0	0	0	
1996-7-15	211	0	1.17696e+15	8.35458e+14	2.5081e+15	3.96789e+07	4.32427e+07	6.73859e+07	1.29521e+08	7.02758e+07	7.54362e+07	711.676	2486.45	4158.9	537444	531977	1.06942e+06	50844.3	563.67	1172.91	0.0168096	0.0251006	64804.8	345.661	389.547	0.00736772	0.00686476	32869	1320.94	1306.41	0.0411128	0.0372524	4436.87	83.316	83.2311	0.0126106	0.0125978	1307.7	79.501	35.0078	0.0494515	0.0272197	34965.6	205.272	205.049	0.00553354	0.00552768	0	0	0	0	0	0	0	0	0	0	0	0	0	0	0	89453.8	229.536	422.156	0.0033736	0.00385046	329.947	10.834	11.9697	0.0328356	0.0362777	20617.3	140.698	127.786	0.00824424	0.00691095	10306.5	437.864	197.179	0.0457637	0.0200387	4064.14	95.671	95.5718	0.0170144	0.016997	0	0	0	0	0	0	0	0	0	0	
1996-8-15	212	0	1.23139e+15	9.88035e+14	2.92334e+15	3.97922e+07	4.32942e+07	6.73054e+07	1.29869e+08	7.02109e+07	7.49854e+07	657.15	2372.71	4009.83	538031	529715	1.06775e+06	23123.1	405.658	514.957	0.0163425	0.0245047	86978.9	291.076	494.418	0.0067512	0.00665995	16387.2	807.147	692.888	0.0464295	0.0385888	3497.05	38.896	38.8564	0.012295	0.0122825	1461.55	93.758	43.8606	0.0562792	0.0301876	32454.9	210.014	209.786	0.00695716	0.00694988	0	0	0	0	0	0	0	0	0	0	0	0	0	0	0	94500.8	344.198	378.685	0.00442928	0.00352006	119.321	7.874	4.24644	0.0659902	0.0355885	25791.8	106.805	157.245	0.0087251	0.00633773	10782.5	379.509	180.049	0.0371261	0.0194223	4547.86	122.945	122.817	0.0225609	0.0225378	14.92	0.211	0.361365	0.0141421	0.0242202	0	0	0	0	0	
1996-9-15	213	0	1.2446e+15	1.05464e+15	3.19117e+15	4.04663e+07	4.32901e+07	6.75762e+07	1.29893e+08	6.99792e+07	7.49309e+07	672.624	2217.48	3808.03	538605	526868	1.06547e+06	8885.82	236.316	234.851	0.0184609	0.0290294	64956.4	215.588	359.066	0.00528572	0.00623981	15978.6	624.739	679.979	0.0340466	0.0364814	3010.37	17.827	17.8089	0.00588992	0.00588395	1644.24	69.015	51.9952	0.0297892	0.029978	25664	248.97	248.692	0.00744427	0.00743639	0	0	0	0	0	0	0	0	0	0	0	0	0	0	0	93906.2	198.675	331.685	0.00255796	0.00395052	603.911	9.284	23.071	0.0153731	0.0382026	3722.18	33.233	19.6297	0.00719074	0.00589244	9103.88	241.705	161.747	0.0315593	0.0186354	4717.13	98.718	98.6155	0.0161187	0.0161022	36.79	0.76	1.03577	0.0185641	0.0273373	0	0	0	0	0	
1996-10-15	214	0	1.22283e+15	9.98082e+14	3.30311e+15	4.14411e+07	4.32514e+07	6.83037e+07	1.29595e+08	6.9678e+07	7.51976e+07	732.937	2153.39	3650.28	538130	521828	1.05996e+06	625	11.793	16.7974	0.0192525	0.0268053	52729.4	116.377	269.444	0.0041119	0.00652239	22498	810.857	787.681	0.0400363	0.0338493	3200.33	12.792	12.779	0.00277559	0.00277277	2000.01	70.186	58.2409	0.0296979	0.0296007	25036.7	197.07	196.856	0.00527062	0.00526492	290.419	2.384	7.16041	0.0102062	0.0242825	1	0.344	0.343651	0.344	0.343651	0	0	0	0	0	67714.1	52.137	177.002	0.00122743	0.00382808	177.084	11.828	8.60088	0.0667932	0.0485695	5282.56	4.135	19.0829	0.000688341	0.0036126	7767.68	239.484	169.131	0.0272198	0.0212954	7532.38	210.978	210.757	0.0196702	0.0196499	178.744	1.849	5.86161	0.0104606	0.0324141	0	0	0	0	0	
1996-11-15	215	0	1.20285e+15	9.62131e+14	3.22672e+15	4.22339e+07	4.3268e+07	6.88426e+07	1.29027e+08	6.94151e+07	7.54962e+07	782.314	2273.05	3666.05	536920	517711	1.05463e+06	0	0	0	0	0	39375.3	124.517	230.46	0.00489666	0.00697196	25825.6	1461.86	935.81	0.0563638	0.0340272	2631.52	3.102	3.09885	0.00621488	0.00620858	2504.75	60.074	73.4259	0.0217346	0.030284	27967.3	170.734	170.553	0.00558052	0.00557465	533.975	10.593	12.7566	0.0152321	0.0222992	5	2.643	2.64032	0.503235	0.502724	0	0	0	0	0	58739.3	123.403	184.297	0.0047128	0.00386008	240.988	14.669	14.1119	0.0608702	0.0585586	3582.4	6.672	13.2175	0.00131483	0.00396547	7456.87	285.27	186.422	0.0296003	0.0240427	5435.43	243.968	243.711	0.0355971	0.0355604	332.749	2.57	11.3951	0.00835451	0.0343234	0	0	0	0	0	
1996-12-15	216	0	1.19863e+15	8.82094e+14	2.9844e+15	4.27055e+07	4.32557e+07	6.92278e+07	1.2834e+08	6.90791e+07	7.57756e+07	809.584	2451.89	3876.73	534812	517342	1.05215e+06	0	0	0	0	0	33614.9	81.476	217.466	0.00475461	0.00886342	27646.4	1506.23	921.016	0.0433717	0.0309359	2993.88	4.955	4.94997	0.00249295	0.00249042	5437.44	16.839	163.835	0.0204954	0.0346973	21354.1	112.462	112.345	0.00583295	0.0058269	1290.94	24.898	30.2806	0.0250763	0.0229273	11	210.168	209.953	17.9435	17.9251	0	0	0	0	0	46809.1	33.478	161.863	0.000961129	0.00420558	206.2	12.043	13.4751	0.0584044	0.0653496	1144.2	1.285	4.69077	0.00111637	0.00395229	9447.24	314.714	254.456	0.0339169	0.0271404	6223.43	213.03	212.807	0.0305068	0.0304753	76.1065	0.372	2.66918	0.00488789	0.0350717	0	0	0	0	0	
1997-1-15	217	0	1.21974e+15	8.32385e+14	2.90023e+15	4.29779e+07	4.33506e+07	6.9632e+07	1.27847e+08	6.92905e+07	7.64181e+07	838.272	2575.61	4121.77	532871	517248	1.05012e+06	3024.3	10.414	75.8647	0.00341582	0.0251027	38790.1	75.374	271.144	0.00426286	0.00834173	32963	1657.85	1124.63	0.0380238	0.0313817	3539.57	8.572	8.5633	0.00309195	0.00308881	3427.57	38.725	102.233	0.0242431	0.0342244	14698.3	98.139	98.0373	0.00765182	0.00764393	1291.79	39.213	27.1343	0.0227046	0.0217352	18	875.241	874.315	44.5536	44.5067	0	0	0	0	0	40714.8	34.855	147.249	0.00286472	0.0043625	167.164	7.959	11.6628	0.0476119	0.0697684	3069.86	11.885	15.3842	0.00739404	0.00636025	6397.47	109.122	174.816	0.0159526	0.0270495	3934.03	150.557	150.402	0.0371721	0.0371341	965.556	17.203	33.4575	0.0218875	0.0350861	7189.84	9.212	176.087	0.00339486	0.0268997	
1997-2-15	218	0	1.19515e+15	7.80936e+14	2.74365e+15	4.27423e+07	4.33105e+07	6.97909e+07	1.27511e+08	6.93229e+07	7.70336e+07	845.412	2657.58	4299.45	531188	521522	1.05271e+06	3115.85	11.359	88.2467	0.00314636	0.0277232	32073.4	73.691	193.14	0.00450492	0.00844632	18724.3	949.43	698.428	0.0335229	0.0329903	3822.42	5.728	5.72219	0.00310972	0.00310656	2943.76	8.299	99.6789	0.00307752	0.0339981	16737	143.908	143.757	0.00778929	0.00778126	1369.89	32.087	28.1199	0.0197866	0.0199336	19	1111.76	1110.55	53.7468	53.6893	0	0	0	0	0	40914.4	7.13	167.367	0.000203114	0.00482554	203.8	8.332	12.0848	0.0408832	0.0592975	2292.2	15.677	12.5521	0.00695927	0.00548373	6440.3	92.04	170.131	0.0173278	0.0243361	4722.61	170.767	170.59	0.0271597	0.0271318	1022.94	16.691	31.8767	0.0179668	0.0319659	9906.59	15.877	179.983	0.00249082	0.0204774	
1997-3-15	219	0	1.19663e+15	7.23946e+14	2.60008e+15	4.23366e+07	4.33873e+07	6.98499e+07	1.27779e+08	6.98752e+07	7.75796e+07	824.173	2706.72	4397.13	529501	526270	1.05577e+06	9684.94	93.534	265.755	0.00839321	0.0266387	19894.8	86.353	137.562	0.00784808	0.0092519	13013.4	456.329	420.99	0.0328122	0.0309678	4281.43	7.533	7.52536	0.00249338	0.00249085	1524.02	5.909	42.4201	0.00327955	0.0281248	43873.8	398.478	398.009	0.00837445	0.00836532	3616.75	13.175	66.4885	0.00520319	0.0209832	19	685.904	685.184	33.6221	33.5871	0	0	0	0	0	42780.6	25.093	163.996	0.00148572	0.00482104	343.908	4.881	17.9021	0.0141927	0.0520549	1792.04	9.017	9.12184	0.00616282	0.00504551	4307.04	46.305	104.454	0.013626	0.0232751	5246.56	157.481	157.319	0.0284927	0.0284634	780.139	12.399	22.0112	0.0142523	0.0279713	10962	9.962	234.597	0.00234302	0.02237	
1997-4-15	220	0	1.16535e+15	6.69323e+14	2.41742e+15	4.16051e+07	4.33728e+07	6.97009e+07	1.28131e+08	7.02431e+07	7.78376e+07	814.169	2680.23	4416.64	527677	530332	1.05801e+06	32880.1	976.525	801.529	0.020989	0.025166	41134.2	129.135	254.466	0.00652514	0.00886894	31706	1002.96	1140.34	0.0286863	0.0376115	7169.31	24.792	24.7668	0.00415251	0.0041483	1709.95	25.065	49.884	0.0129834	0.0294684	38605.8	425.387	424.882	0.0104338	0.0104226	3394.02	10.572	42.2969	0.0129739	0.0181813	10	66.26	66.1926	6.53353	6.52689	0	0	0	0	0	47732.4	40.488	187.67	0.00276165	0.00445919	260.713	5.22	11.9387	0.0190238	0.0479817	0	0	0	0	0	5039.81	45.993	115.487	0.00752998	0.0249186	4524.44	124.699	124.57	0.0257003	0.025674	1719.23	8.445	48.3226	0.00555902	0.027101	8736.78	5.279	177.596	0.00194552	0.0196474	
1997-5-15	221	0	1.09653e+15	6.28702e+14	2.20922e+15	4.06455e+07	4.32909e+07	6.90951e+07	1.28588e+08	7.03954e+07	7.7671e+07	799.049	2619.83	4365.22	525285	533285	1.05857e+06	64061.7	1615.21	1421.79	0.0232081	0.0258347	41345.1	145.108	241.301	0.00982181	0.00952664	60765.2	1386.01	2398.85	0.0364753	0.0373353	5756.25	46.588	46.5407	0.00955235	0.00954265	0	0	0	0	0	26908.7	504.962	504.319	0.0107114	0.0106998	3597.71	18.486	52.593	0.0243209	0.0203594	4	4.119	4.11482	1.06484	1.06376	0	0	0	0	0	28688.7	17.49	108.112	0.000944393	0.003582	262.25	7.249	10.7884	0.0276416	0.0411378	0	0	0	0	0	7105.93	79.869	148.392	0.0159685	0.0207771	6654.35	210.516	210.297	0.030155	0.0301239	1906.24	24.57	51.7836	0.0133099	0.0264121	12290.8	5.097	237.157	0.00521345	0.0209498	
1997-6-15	222	0	1.03564e+15	6.95406e+14	2.19592e+15	3.96434e+07	4.32497e+07	6.82372e+07	1.29318e+08	7.04867e+07	7.70812e+07	794.988	2575.11	4274.08	523143	538070	1.06121e+06	51073.3	1273.99	1144.45	0.0237305	0.0244129	49636.3	239.695	272.178	0.00833779	0.00655568	43372.5	1752.68	1610.37	0.042568	0.0383966	5579.11	56.666	56.6083	0.00697811	0.00697103	250.31	4.136	7.40609	0.0165235	0.0295877	34752.9	456.204	455.653	0.0141873	0.0141722	2111.33	16.326	37.347	0.0204538	0.0239628	0	0	0	0	0	0	0	0	0	0	23521.9	43.722	91.8696	0.00182279	0.00392493	196.16	6.581	7.30963	0.0335491	0.0372636	779.7	2.358	5.21012	0.00264208	0.00641378	7958.51	140.344	166.094	0.0334326	0.0197672	4820.89	146.625	146.473	0.0284629	0.0284337	480.087	10.057	12.2388	0.0266244	0.0253029	7212.97	23.176	140.631	0.0171164	0.0217372	
1997-7-15	223	0	1.01641e+15	8.37336e+14	2.40191e+15	3.90533e+07	4.3165e+07	6.73463e+07	1.29686e+08	7.03988e+07	7.62148e+07	782.08	2545.51	4223.57	521179	543636	1.06481e+06	49443.5	1362.86	1012.93	0.0258129	0.022984	58290.5	161.573	297.387	0.00446203	0.0059165	27634	1484.15	1205.83	0.0520937	0.0385634	5031.27	60.022	59.9609	0.010214	0.0102036	2149.61	113.674	62.7441	0.0356443	0.0302373	39248.8	500.454	499.853	0.0124068	0.0123936	314.161	4.952	8.52191	0.0158104	0.0271293	0	0	0	0	0	0	0	0	0	0	38120.7	288.297	176.97	0.00652712	0.00413848	599.89	25.62	21.8723	0.0427078	0.0364605	10057	152.571	63.0939	0.0124265	0.00588559	7926.46	257.539	172.317	0.0321587	0.0201666	7051.63	257.323	257.05	0.0366585	0.0366206	915.32	36.125	21.6385	0.0478055	0.0246105	10461.8	8.683	194.591	0.0165907	0.0165664	
1997-8-15	224	0	1.05887e+15	1.02833e+15	2.83606e+15	3.8911e+07	4.31244e+07	6.6802e+07	1.30029e+08	7.03837e+07	7.54286e+07	754.642	2537.56	4189.18	519247	540710	1.05996e+06	25976.5	878.075	509.029	0.0277761	0.0206817	50016.6	152.42	262.959	0.00360772	0.0052048	31923.1	1267.11	1329.89	0.038399	0.0355302	6041.38	52.071	52.018	0.0104541	0.0104435	1849.21	111.101	51.2098	0.052274	0.0286003	30753.8	398.158	397.664	0.00799577	0.00798636	0	0	0	0	0	1	1.168	1.16682	1.168	1.16682	0	0	0	0	0	42289.7	277.078	198.128	0.00521047	0.00451219	375.13	15.909	13.3413	0.0424093	0.0355645	28315.1	242.185	186.383	0.0161289	0.00706506	7588.93	246.948	162.2	0.0330462	0.020206	6350.68	205.786	205.571	0.0302928	0.0302615	1391.41	53.819	31.4093	0.041516	0.0228787	12709	26.233	264.311	0.0540387	0.0216407	
1997-9-15	225	0	1.06104e+15	1.07856e+15	3.09334e+15	3.97068e+07	4.3003e+07	6.69749e+07	1.30149e+08	7.02281e+07	7.51663e+07	783.34	2494.74	4158.37	517832	536713	1.05455e+06	7148.72	162.805	218.506	0.0217373	0.0274848	68680.4	321.983	346.249	0.00439824	0.00571904	28787	865.131	994.945	0.0271383	0.0296501	4579.67	23.573	23.5491	0.00470156	0.00469679	1063.8	72.697	30.8409	0.0687342	0.0290196	33326.9	569.814	569.05	0.00713178	0.00712323	769.848	1.754	19.1841	0.00498843	0.0254172	1	0.065	0.064932	0.065	0.0649322	0	0	0	0	0	58202.3	158.452	301.547	0.00264787	0.00471869	450.86	30.189	16.6025	0.0669587	0.036824	22603.4	180.569	114.638	0.0122157	0.00634806	6116.95	171.074	119.757	0.0268879	0.0200739	4991.33	245.814	245.553	0.0400425	0.0400007	890.306	20.529	25.1476	0.0227385	0.0279328	10886.6	11.618	219.35	0.0281205	0.021619	
1997-10-15	226	0	1.02069e+15	1.04823e+15	3.18694e+15	4.06686e+07	4.27678e+07	6.73258e+07	1.299e+08	6.97917e+07	7.52043e+07	841.898	2499.96	4154.87	516414	529688	1.0461e+06	0	0	0	0	0	68624.2	197.388	316.652	0.00307267	0.00497489	28026.2	868.48	876.596	0.0306776	0.0280986	5060.2	12.755	12.7421	0.00254805	0.00254547	1941.18	36.843	65.0076	0.0163757	0.0339865	39353.9	497.661	497.061	0.00745476	0.00744657	277.255	2.706	6.80798	0.00995338	0.0245743	2	0.22	0.21977	0.118083	0.11796	0	0	0	0	0	57038.8	94.132	162.764	0.00495604	0.00321461	1010.32	44.71	44.4539	0.036495	0.0440133	14459.7	22.734	63.7761	0.00359401	0.00489444	6233.48	184.053	157.859	0.0300737	0.0256449	6583.95	266.205	265.922	0.0472616	0.0472125	3445.16	136.618	117.326	0.0361777	0.0340304	12048.6	9.619	249.403	0.0194583	0.0248362	
1997-11-15	227	0	9.71414e+14	9.67115e+14	3.02918e+15	4.13382e+07	4.25993e+07	6.75387e+07	1.29302e+08	6.92895e+07	7.49362e+07	893.806	2641.7	4249.24	514365	523255	1.03762e+06	0	0	0	0	0	42834.6	132.522	211.225	0.00285616	0.005023	33793.3	2024.22	1136.83	0.0494859	0.0358223	4404.43	6.87	6.86303	0.00450995	0.00450537	1645.32	70.346	48.716	0.0320851	0.0314766	22559.3	413.344	412.874	0.01111	0.0110982	797.503	18.311	19.3443	0.0228532	0.0237423	4	0.985	0.984001	0.233112	0.232875	0	0	0	0	0	68215.4	96.38	234.531	0.0044344	0.00398388	1225.02	70.98	70.7123	0.0533455	0.0632136	30544.9	54.45	134.817	0.00430562	0.00615277	8859.88	384.96	255.218	0.0455036	0.0284592	7947.33	373.773	373.34	0.0415444	0.0414999	4457.06	238.255	167.611	0.0465322	0.034743	13300.5	12.961	304.632	0.0345483	0.0303381	
1997-12-15	228	0	9.05236e+14	8.89301e+14	2.71131e+15	4.16018e+07	4.24476e+07	6.75131e+07	1.28709e+08	6.87025e+07	7.47523e+07	941.502	2819.89	4490.7	511812	521546	1.03336e+06	363.361	3.32	8.31688	0.0128437	0.0243948	13803.6	21.448	57.0509	0.00297694	0.00480688	20791.6	1947.65	699.835	0.071401	0.0352992	4711.13	7.255	7.24764	0.00262138	0.00261872	1558.26	42.118	52.1198	0.0299906	0.0348187	27852	268.006	267.715	0.00660749	0.00660044	462.798	14.454	10.7102	0.0188384	0.0220593	6	91.901	91.8074	13.8476	13.8335	0	0	0	0	0	52276.3	68.838	238.567	0.00249267	0.00398067	1226.72	66.652	84.9894	0.048226	0.0755351	9888.1	14.37	60.2862	0.0030199	0.00791971	7335.3	332.983	214.147	0.0411628	0.0290911	8738.97	311.015	310.679	0.0335992	0.0335642	2324.77	144.404	88.7778	0.0694532	0.0366958	10624.1	19.113	261.908	0.030724	0.0272513	
1998-1-15	229	0	9.29016e+14	8.08525e+14	2.58204e+15	4.1435e+07	4.24855e+07	6.72147e+07	1.28559e+08	6.88369e+07	7.48698e+07	992.396	2977.49	4764.45	508587	520180	1.02877e+06	0	0	0	0	0	5472.14	5.952	23.8784	0.00197287	0.00443212	59235	2917.59	1677.69	0.0501591	0.0340038	5905.29	12.851	12.838	0.00219972	0.00219748	1226.48	43.12	45.7109	0.0345882	0.0361636	16536.9	34.776	34.7406	0.00554012	0.0055345	1477.87	46.488	30.6432	0.0271624	0.0207186	27	1638.11	1636.23	54.5695	54.5085	0	0	0	0	0	0	0	0	0	0	1761.25	51.97	126.848	0.0267463	0.0808642	0	0	0	0	0	6560.01	185.625	200.391	0.0258573	0.0275714	5963.81	247.444	247.173	0.0215729	0.0215502	431.1	20.844	14.498	0.0453995	0.0333703	8407.25	8.773	171.716	0.0129103	0.0303006	
1998-2-15	230	0	9.35378e+14	7.51153e+14	2.4615e+15	4.09446e+07	4.26131e+07	6.70261e+07	1.28484e+08	6.91648e+07	7.50211e+07	1030.64	3130.63	5018.67	506403	522590	1.02899e+06	6271.53	41.504	185.381	0.00528695	0.0283187	19753.7	66.285	100.487	0.00388288	0.00570384	51642.3	2087.02	1499.11	0.0345679	0.0281271	6947.38	17.022	16.9856	0.00442285	0.00367778	999.375	31.999	30.9422	0.0305664	0.0322356	23093.8	32.637	32.6038	0.00351841	0.00351484	1455.43	36.928	30.039	0.0257382	0.0213506	19	1312.98	1311.55	62.9731	62.9054	0	0	0	0	0	93599.1	169.144	366.462	0.0048995	0.00488462	7511.24	220.475	441.989	0.029159	0.0698883	4503.92	27.875	30.9113	0.00551965	0.00719559	6379.11	136.016	170.972	0.0239331	0.0259465	6299.46	193.075	192.869	0.0243864	0.0243613	160	6.164	5.26455	0.038525	0.0329034	7716.6	13.029	192.825	0.00912578	0.0273609	
1998-3-15	231	0	9.40391e+14	6.71829e+14	2.31001e+15	4.02866e+07	4.2698e+07	6.68533e+07	1.28609e+08	6.96244e+07	7.51526e+07	1044.63	3269.94	5250.75	504270	526575	1.03084e+06	9949.99	115.305	301.215	0.0101149	0.0269547	28394.1	132.426	165.587	0.00569245	0.00613987	27036.7	912.209	735.357	0.0320593	0.026878	7371.97	17.111	17.0936	0.00322879	0.00322551	1213.7	43.674	32.2226	0.0397937	0.0282669	26132.6	42.386	42.3428	0.00554159	0.00553596	2407.78	16.841	43.2146	0.00785238	0.0195574	12	600.984	600.361	49.3264	49.2755	0	0	0	0	0	77691.8	86.775	292.283	0.00675788	0.00434722	5355	135.616	265.166	0.0264601	0.0539605	3877.86	35.225	23.8777	0.0129184	0.00695172	6032.66	96.753	127.385	0.0159741	0.0196326	7390.27	286.062	285.742	0.0355928	0.0355556	3067.35	62.027	85.8046	0.0177321	0.0285241	6150.41	11.971	163.435	0.00536236	0.0249841	
1998-4-15	232	0	9.2243e+14	6.07448e+14	2.12795e+15	3.94523e+07	4.27402e+07	6.64875e+07	1.29077e+08	7.00706e+07	7.49818e+07	1051.2	3355.29	5433.11	502097	530461	1.03256e+06	28491.2	869.993	709.603	0.0269837	0.0259405	119620	650.092	709.858	0.0119219	0.00841964	34828.3	1148.82	914.05	0.0357068	0.0290951	7713.45	50.454	50.4027	0.00775177	0.0077439	2336.15	43.491	61.5941	0.0228848	0.0292522	10164.6	94.423	94.3257	0.00896037	0.00895121	1641.65	22.776	25.259	0.0274098	0.02054	6	101.834	101.73	15.1633	15.1479	0	0	0	0	0	65269.4	59.395	221.228	0.00221685	0.00370345	13377.4	637.148	597.109	0.0214456	0.059425	1294.5	12.813	8.14277	0.00978386	0.00689617	6314.34	103.138	135.451	0.0172283	0.0215036	8200.62	305.116	304.764	0.0314714	0.0314378	3813.33	53.351	103.34	0.0173575	0.028395	6935.71	7.336	145.084	0.0122179	0.0225966	
1998-5-15	233	0	9.28844e+14	5.61102e+14	1.98477e+15	3.85149e+07	4.28065e+07	6.58448e+07	1.29918e+08	7.0436e+07	7.44609e+07	1059.14	3383.7	5541.94	500112	535057	1.03517e+06	48201.6	1529.84	1126.42	0.0297507	0.0263785	56696.6	429.226	311.412	0.011536	0.00737008	39466.5	1756.14	1379.23	0.0335594	0.0326204	9145.05	70.848	70.776	0.00846084	0.00845226	2970.32	74.598	81.3781	0.0261169	0.0294135	4798	28.406	28.377	0.00415651	0.00415228	3063.95	43.362	45.7956	0.0311889	0.0205974	3	35.542	35.5058	9.9104	9.90033	0	0	0	0	0	45115.3	62.672	195.064	0.0029129	0.00361177	8178.11	251.758	335.186	0.0273961	0.0554557	1427.1	23.262	5.62619	0.0184458	0.0038636	6766.57	209.423	164.704	0.0278592	0.0203678	7196.46	297.588	297.242	0.0341539	0.0341173	2619.08	35.438	74.7977	0.0110165	0.0299482	8352.19	11.271	133.75	0.0119807	0.0218199	
1998-6-15	234	0	9.99782e+14	5.90203e+14	2.04132e+15	3.79238e+07	4.28432e+07	6.52556e+07	1.30667e+08	7.05686e+07	7.3852e+07	1031.67	3396.36	5581.82	498892	539377	1.03827e+06	38080.6	1311.12	969.329	0.0239505	0.0269741	124510	920.171	733.491	0.00731903	0.00607387	38884.7	1919.96	1507.37	0.0482766	0.0368396	8097.39	100.364	100.262	0.0098796	0.00986956	3671.21	156.251	101.334	0.0399485	0.0275227	21220.5	49.316	49.2653	0.0047114	0.00470658	4639.27	68.308	100.299	0.0483027	0.023086	1	0.048	0.0479505	0.048	0.0479506	0	0	0	0	0	46703.2	145.13	221.199	0.00327873	0.00403868	13410.9	954.968	528.341	0.0743786	0.0566061	4199.2	84.08	25.201	0.0202862	0.00638355	6951.3	364.354	155.547	0.0484093	0.0203111	7753.7	435.486	434.963	0.0525217	0.0524634	3169.46	94.305	73.776	0.0248782	0.0231685	8493.97	18.683	204.752	0.0320805	0.0185895	
1998-7-15	235	0	1.07568e+15	7.48783e+14	2.34226e+15	3.76284e+07	4.27054e+07	6.4603e+07	1.31021e+08	7.04121e+07	7.29431e+07	965.571	3374.15	5567.34	498072	544703	1.04278e+06	39630.4	1405.51	1151.62	0.0271858	0.0287719	169963	1975.16	899.479	0.0139809	0.00584186	22757.1	1068.65	928.999	0.0409684	0.0407901	9055.02	81.19	81.1073	0.00628604	0.00627964	3325.42	143.476	91.7499	0.0451749	0.0254811	32389.4	124.587	124.457	0.00412962	0.00412535	1844.14	91.485	48.2907	0.0499677	0.0265299	1	0.008	0.00799181	0.008	0.00799175	0	0	0	0	0	78584.7	415.953	392.42	0.0063868	0.00381293	11294.1	718.165	444.135	0.0547778	0.0552898	4523.4	49.23	20.2576	0.0125506	0.00499471	8672.06	453.381	168.673	0.0500139	0.0176691	6076.56	274.923	274.621	0.0400118	0.0399688	2864.28	117.126	66.5134	0.0371227	0.0261883	8074.52	18.76	197.426	0.0236129	0.0205567	
1998-8-15	236	0	1.16084e+15	9.84182e+14	2.85446e+15	3.78497e+07	4.26027e+07	6.4575e+07	1.31141e+08	7.01331e+07	7.23919e+07	905.751	3247.39	5461.65	498008	541593	1.0396e+06	22152.7	973.456	611.162	0.0343493	0.028887	107168	1666.36	531.929	0.0120506	0.00599504	18678.5	659.885	800.899	0.0312555	0.0433115	8499.8	65.439	65.3723	0.00947625	0.00946663	2419.23	94.879	68.2447	0.0518087	0.029403	25668.1	136.953	136.81	0.00931904	0.00930945	2176.75	58.081	60.7855	0.0352233	0.026736	2	4.899	4.89403	2.10286	2.10072	0	0	0	0	0	106376	462.563	417.74	0.00593199	0.00385216	932.12	27.06	36.9846	0.0223521	0.0463326	38518.8	353.901	204.851	0.0136232	0.00646959	7880.22	340.442	150.047	0.0419211	0.0176724	6971.27	247.112	246.841	0.0374737	0.0374332	1377.38	49.991	28.6483	0.0272403	0.0220232	2398.78	25.915	34.0707	0.00623105	0.0142788	
1998-9-15	237	0	1.17981e+15	1.06423e+15	3.18747e+15	3.8813e+07	4.25142e+07	6.51556e+07	1.30902e+08	6.97559e+07	7.23462e+07	931.285	3062.59	5238.77	499175	537638	1.03681e+06	2486.46	122.965	68.0467	0.040957	0.0267568	68180.9	381.676	301.327	0.00829941	0.00570342	4052.93	98.284	122.881	0.0242107	0.0303311	8111.71	40.891	40.8495	0.00544189	0.00543637	2936.9	106.297	89.628	0.0334402	0.0305669	23726.2	210.499	210.279	0.0201935	0.0201729	4507.95	99.666	120.321	0.0232911	0.0260285	0	0	0	0	0	0	0	0	0	0	91592.4	332.108	326.571	0.00443147	0.00364216	10327.3	567.978	415.766	0.0511846	0.0326249	46358.1	495.058	288.574	0.0122101	0.0065829	6872.87	211.529	159.989	0.0296798	0.0234348	9076.66	279.336	279.022	0.0297407	0.0297085	2346.56	39.416	72.4142	0.0153007	0.0302809	5405.58	16.77	136.89	0.00470418	0.0242471	
1998-10-15	238	0	1.20649e+15	9.71875e+14	3.34828e+15	4.00448e+07	4.24217e+07	6.60806e+07	1.30238e+08	6.92413e+07	7.25953e+07	990.023	3006.23	5062.28	500819	530817	1.03164e+06	945.795	11.64	27.0296	0.0136666	0.0286192	68800.1	236.25	290.293	0.00523949	0.00568568	0	0	0	0	0	9297.12	27.666	27.6379	0.00285431	0.00285142	3555.32	101.352	119.659	0.030731	0.0328623	22850.9	113.358	113.242	0.0138437	0.0138296	2229.12	35.177	56.587	0.0125276	0.0253849	2	0.086	0.0859116	0.043	0.0429559	0	0	0	0	0	101123	500.276	257.794	0.00409709	0.00341252	12740.6	626.658	614.037	0.04591	0.0491708	23714.3	100.859	110.802	0.00527365	0.0056298	6245.74	167.701	174.432	0.026293	0.026136	6250.9	176.987	176.801	0.0280708	0.0280417	3114.51	54.131	105.196	0.0193369	0.0338457	8764.92	62.656	182.86	0.00680138	0.0245939	
1998-11-15	239	0	1.19339e+15	8.97582e+14	3.15757e+15	4.11842e+07	4.25299e+07	6.71398e+07	1.29365e+08	6.88097e+07	7.30006e+07	1030.23	3140.65	5082.11	501882	524779	1.02666e+06	871.8	9.274	24.0588	0.0065977	0.0267257	52410.7	132.77	245.072	0.00325246	0.00568261	11445.3	504.867	281.938	0.0400519	0.0283493	7163.38	16.022	16.0057	0.002469	0.0024665	3161.8	85.481	117.819	0.0439098	0.0369802	17132.3	40.542	40.5006	0.00454441	0.00453979	814.869	16.758	20.1964	0.0109521	0.0236364	1	0.228	0.22776	0.228	0.227762	0	0	0	0	0	143662	375.338	430.566	0.00434864	0.00407301	11136	648.233	620.412	0.0426879	0.0646412	5609.06	32.331	30.5375	0.0104316	0.00651571	6332.05	198.483	207.621	0.0346238	0.0302687	8102.32	252.761	252.495	0.0284614	0.028432	2363.73	61.802	89.8622	0.0401611	0.0370854	2054.92	10.291	66.997	0.00549133	0.0324847	
1998-12-15	240	0	1.19315e+15	8.48868e+14	2.98424e+15	4.17638e+07	4.26725e+07	6.77472e+07	1.28424e+08	6.85054e+07	7.35035e+07	1040.99	3297.47	5291.56	503068	521912	1.02498e+06	2416.8	27.107	65.1986	0.00656506	0.026735	48168.9	114.671	286.419	0.00210702	0.00623486	20523.9	738.566	557.856	0.0310795	0.026995	7097.78	6.68	6.67323	0.00110752	0.0011064	3030.23	100.829	111.803	0.0319656	0.0370069	12631.3	8.983	8.97388	0.00230451	0.00230217	898.518	21.675	20.4065	0.0227952	0.023202	9	36.161	36.1243	3.34134	3.33794	0	0	0	0	0	73267.4	112.541	263.677	0.00382023	0.00502185	10214.1	428.128	622.394	0.032832	0.0635357	0	0	0	0	0	6533.16	241.194	228.463	0.0399393	0.0321963	6708.06	189.943	189.746	0.0298988	0.0298681	2759.21	74.143	107.554	0.0266	0.0389659	2332.15	10.905	82.692	0.00501473	0.0345435	
1999-1-15	241	0	1.2068e+15	7.97861e+14	2.85832e+15	4.20471e+07	4.28432e+07	6.83756e+07	1.2768e+08	6.85321e+07	7.43078e+07	1047.6	3375.37	5480.42	504462	519321	1.02378e+06	1593.51	10.567	41.4776	0.00704212	0.0264378	37140.4	46.851	244.712	0.00605559	0.00765325	27718.5	847.947	902.284	0.0324433	0.0283477	8846.74	11.844	11.4717	0.00148663	0.00136129	3109.16	64.901	118.942	0.0164345	0.0368447	5073.48	7.262	7.25463	0.00160919	0.00160756	4230.02	65.453	84.9008	0.0136785	0.0214551	14	657.253	656.558	39.5058	39.4642	0	0	0	0	0	70525.6	74.278	258.505	0.00449682	0.00489285	8035.53	257.473	508.155	0.0174569	0.0504954	0	0	0	0	0	10360.8	302.663	369.548	0.0332548	0.032412	6185.91	131.805	131.669	0.0197427	0.0197225	595.16	35.676	21.5563	0.0599435	0.0362194	7679.49	0.678	198.933	0.00146224	0.0372986	
1999-2-15	242	0	1.19848e+15	7.3627e+14	2.72241e+15	4.18538e+07	4.30014e+07	6.88733e+07	1.27372e+08	6.8882e+07	7.52578e+07	1014.75	3388.05	5563.09	506897	521726	1.02862e+06	1221.9	11.339	39.5293	0.00869075	0.0330367	35176.4	13.387	208.073	0.000720037	0.0065865	29378.6	612.963	824.64	0.0153409	0.0284899	5042.28	7.503	7.41164	0.00236861	0.00217978	4566.44	55.807	154.229	0.0156109	0.0341649	5287.57	10.806	10.795	0.00290971	0.00290676	2235.54	31.854	44.7264	0.0125408	0.0206662	15	790.888	790.055	51.6411	51.5871	0	0	0	0	0	55281.6	36.795	213.681	0.000721291	0.00429975	8177.66	278.675	462.447	0.0242904	0.0634081	215.36	0	1.28773	0	0	9039.19	198.18	270.33	0.0268217	0.0282824	7183.77	155.777	155.615	0.0226542	0.0226311	1334.28	25.938	45.3579	0.0237469	0.0345994	8974.66	8.468	236.929	0.00433595	0.0253325	
1999-3-15	243	0	1.19671e+15	7.04274e+14	2.58922e+15	4.14176e+07	4.31382e+07	6.90417e+07	1.27302e+08	6.93947e+07	7.59362e+07	936.709	3339.4	5520.64	509436	524716	1.03415e+06	6972.23	86.885	190.139	0.00861438	0.0272349	48600.3	41.031	309.408	0.00263079	0.00841479	25780.2	652.551	776.671	0.0195474	0.0303267	9777.55	26.587	26.553	0.00475194	0.0047071	4217.13	54.444	116.287	0.0153046	0.0284684	19756	22.715	22.6919	0.00199928	0.00199725	2942.22	26.293	62.2734	0.0066266	0.0242346	18	355.079	354.714	20.4737	20.4527	0	0	0	0	0	46480.6	53.291	199.226	0.00126657	0.00429773	10027.7	390.701	503.196	0.0236076	0.0532036	320.54	0.269	2.363	0.000787969	0.00753646	6979.1	136.566	173.415	0.0188526	0.0245285	9425.86	157.966	157.803	0.0211873	0.0211656	3177.22	42.725	92.738	0.0119745	0.0287669	8259.27	10.516	245.717	0.00444742	0.0216158	
1999-4-15	244	0	1.18843e+15	6.50531e+14	2.44225e+15	4.08177e+07	4.32078e+07	6.89466e+07	1.27606e+08	6.98081e+07	7.61796e+07	887.062	3156.21	5337.58	511692	528450	1.04014e+06	19807.1	408.3	469.273	0.0134002	0.025239	46924.2	147.128	269.998	0.00975014	0.00895652	34932	633.761	1191.09	0.0189587	0.0352905	7579.67	28.316	28.239	0.00481246	0.00455589	3276.65	94.787	81.2365	0.0331778	0.0263932	11053	26.83	26.8027	0.00295625	0.00295324	2857.56	30.027	52.3054	0.0251436	0.0208965	8	93.482	93.3869	12.1764	12.1641	0	0	0	0	0	21100.8	11.989	86.9417	0.000637437	0.00376966	7801.99	206.591	364.405	0.0235983	0.0486345	654.65	3.39	4.43564	0.0102637	0.00723387	7898.4	119.156	183.774	0.0144109	0.0240172	8232.39	130.386	130.251	0.0132558	0.0132422	4975.48	56.813	138.512	0.0115294	0.0303679	11911.4	30.038	363.894	0.0167623	0.0216006	
1999-5-15	245	0	1.14712e+15	6.5076e+14	2.31806e+15	4.02865e+07	4.33128e+07	6.87137e+07	1.28242e+08	7.01894e+07	7.61642e+07	844.623	2929.09	5035.84	514027	532217	1.04624e+06	27558.5	834.848	636.274	0.0206448	0.0266936	44191.5	201.73	286.45	0.00686943	0.00790378	51821.9	1243.73	1849.25	0.0228803	0.0353489	9025.98	60.374	60.2988	0.010525	0.0100902	3610.41	101.901	89.5457	0.0428703	0.0259157	11126.3	33.403	33.369	0.0035114	0.00350783	2705.46	52.959	47.6135	0.031171	0.0212555	1	0.608	0.607384	0.608	0.607384	0	0	0	0	0	8340.56	11.56	38.5326	0.00199333	0.00440039	9311.64	354.639	412.173	0.025167	0.0481589	0	0	0	0	0	8520.93	159.033	189.418	0.0201012	0.021802	9454.61	197.673	197.468	0.0225807	0.0225575	4001.29	62.719	95.8126	0.0167343	0.0240389	10858	56.105	330.3	0.012511	0.0243821	
1999-6-15	246	0	1.12831e+15	7.23944e+14	2.34073e+15	3.97437e+07	4.34159e+07	6.81803e+07	1.28845e+08	7.03668e+07	7.58063e+07	798.169	2775.59	4713.59	516410	536803	1.05321e+06	25176	697.086	620.41	0.0210013	0.0260872	76202.7	381.358	420.099	0.00762402	0.00633905	44447.4	1535.2	1444.99	0.0281436	0.0337617	8609.58	57.056	56.998	0.00746533	0.00745775	3992.93	135.123	94.7209	0.0391065	0.0230189	27024.4	59.448	59.3872	0.00463672	0.00463199	3302.2	95.775	66.782	0.0309021	0.0220615	0	0	0	0	0	0	0	0	0	0	54091.7	506.471	274.776	0.0103679	0.0046982	10958.6	396.117	420.395	0.0268648	0.041759	4313.09	45.3	29.553	0.0236012	0.00784469	9041.79	265.921	196.766	0.0363503	0.0209949	10806	269.233	268.952	0.0294481	0.0294177	5768.12	115.805	130.661	0.0150331	0.0229933	8997.71	45.208	239.208	0.011703	0.0221841	
1999-7-15	247	0	1.17554e+15	8.85983e+14	2.59893e+15	3.94631e+07	4.3445e+07	6.77115e+07	1.29344e+08	7.03847e+07	7.52984e+07	754.157	2637.6	4472.15	518375	542334	1.06071e+06	27104.2	534.709	695.568	0.0160951	0.026315	69704.5	155.317	322.34	0.00563676	0.00560224	37207.9	1330.63	1152.65	0.0335706	0.0328732	9022.9	61.463	61.4004	0.00547256	0.005467	3030.93	87.897	77.6661	0.0341737	0.0264748	18215.9	16.894	16.8768	0.00238526	0.00238284	2445.15	85.719	60.978	0.0235965	0.0244262	0	0	0	0	0	0	0	0	0	0	74682.1	632.173	362.564	0.0100685	0.00422184	11514.6	425.498	410.247	0.0248329	0.039306	7811.64	136.973	47.7938	0.0144454	0.00582723	8444.45	231.916	178.485	0.0279103	0.0229083	8770.79	253.341	253.074	0.0321029	0.0320695	6384.15	164.985	189.181	0.0224355	0.0284494	13580.4	99.878	276.832	0.0114175	0.0242463	
1999-8-15	248	0	1.22209e+15	1.05981e+15	3.02027e+15	3.97676e+07	4.35082e+07	6.77551e+07	1.29715e+08	7.03665e+07	7.50827e+07	711.313	2502.89	4257.52	520436	539046	1.05948e+06	18198.7	340.057	550.867	0.016189	0.0284252	68605	145.541	325.908	0.00482693	0.00545007	36308.3	959.129	1147.5	0.0289097	0.0312186	10671.3	60.076	60.0149	0.00501707	0.00501198	3271.6	124.336	88.0872	0.0526315	0.0280686	8194.89	8.946	8.93692	0.00264567	0.00264299	0	0	0	0	0	0	0	0	0	0	0	0	0	0	0	68583.6	722.521	310.962	0.00890011	0.00417394	10345.9	289.133	348.923	0.0248514	0.0386378	15749.9	70.593	96.9557	0.00905886	0.00602527	8627.41	197.832	175.426	0.0248778	0.0208798	12738.3	325.259	324.911	0.0308899	0.0308578	2702.19	59.63	61.1872	0.0179342	0.0221676	10724.6	74.899	195.412	0.00968205	0.0187631	
1999-9-15	249	0	1.2137e+15	1.12007e+15	3.32529e+15	4.07046e+07	4.35633e+07	6.8375e+07	1.29779e+08	7.02691e+07	7.53064e+07	747.223	2379	4049.12	523201	535019	1.05822e+06	2685.99	48.294	82.9015	0.020704	0.0296942	64165	117.158	290.325	0.00605557	0.00594255	26683.6	594.943	794.409	0.0255759	0.0326133	9196.31	32.626	32.5929	0.00534625	0.00534083	2224.6	61.765	67.4215	0.0302899	0.030129	13389.5	17.459	17.4413	0.00503362	0.00502851	3093.55	43.895	77.273	0.0144402	0.0253024	0	0	0	0	0	0	0	0	0	0	55691.7	311.284	195.065	0.00298604	0.00369278	8882.27	406.235	319.887	0.0337064	0.043674	10741.1	17.098	64.4225	0.00167037	0.00670112	8219.51	187.514	179.192	0.0220621	0.0227967	9072.62	208.873	208.651	0.0221551	0.022132	1748.42	32.158	46.5163	0.0202733	0.0277355	13681.1	63.353	292.791	0.00433036	0.0208391	
1999-10-15	250	0	1.2348e+15	9.91782e+14	3.32433e+15	4.18559e+07	4.36055e+07	6.9252e+07	1.2943e+08	6.99793e+07	7.56944e+07	828.3	2365.45	3955.5	525889	527305	1.05319e+06	0	0	0	0	0	75927.4	176.299	317.699	0.0049689	0.00530159	37441.8	1133.51	1016.32	0.0321262	0.0274429	9185.96	14.879	14.8639	0.00205123	0.00204915	3403.49	95.275	121.765	0.0276075	0.0349414	15442.4	13.127	13.1137	0.00177816	0.00177636	2465.63	16.822	59.6958	0.0066047	0.0237905	1	0.021	0.0209787	0.021	0.0209787	0	0	0	0	0	34958.2	95.928	100.606	0.00297861	0.00357691	12597.8	471.849	580.789	0.0178892	0.0553225	1236.28	1.076	6.44354	0.000870353	0.00521204	6095.66	216.646	173.415	0.0423429	0.0269102	10294.5	227.828	227.591	0.0247597	0.0247343	2179.05	39.285	75.1094	0.0168837	0.0324002	13607.7	59.412	281.086	0.00583569	0.0226578	
1999-11-15	251	0	1.23656e+15	9.36224e+14	3.25763e+15	4.28457e+07	4.36422e+07	7.00555e+07	1.28966e+08	6.97138e+07	7.58824e+07	885.383	2549.9	4060.29	528380	519926	1.04831e+06	0	0	0	0	0	54755.2	38.766	248.382	0.00100268	0.00482333	46761.5	2270.75	1317.74	0.0454538	0.0275213	8755.85	13.951	13.9368	0.00195719	0.0019552	2684.92	83.067	106.165	0.0357168	0.0392222	18392.7	14.844	14.8289	0.00119832	0.00119711	1545.29	23.505	34.9572	0.0105117	0.022908	2	1.92	1.91805	0.989118	0.988116	0	0	0	0	0	46435.4	47.829	166.458	0.00153903	0.00374911	5664.97	198.962	296.149	0.0535421	0.0630068	4074.66	1.92	15.8655	0.00087694	0.00434305	8830.06	378.349	294.592	0.0497197	0.0320873	12338.3	274.273	273.988	0.0226545	0.0226312	3095.36	85.908	116.243	0.0213488	0.0380496	15821.8	103.297	341.338	0.0189906	0.0253603	
1999-12-15	252	0	1.24458e+15	8.71952e+14	3.06392e+15	4.33142e+07	4.37905e+07	7.0601e+07	1.28512e+08	6.94769e+07	7.64767e+07	911.585	2776.11	4360.87	530765	516459	1.04722e+06	882.789	3.821	22.42	0.00432833	0.0253968	56760.1	44.894	282.489	0.00133831	0.00612099	28723.2	1868.88	845.49	0.0505658	0.028596	6525.43	5.431	5.42549	0.00128821	0.00128691	3425.8	90.545	135.91	0.0369064	0.038683	7174.2	7.46	7.45243	0.00126275	0.00126147	1595.03	19.736	34.9699	0.0188312	0.0208655	4	23.624	23.6	5.80437	5.79848	0	0	0	0	0	45615.6	139.199	202.337	0.00541175	0.00561255	9872.72	519.015	579.95	0.0525706	0.0587427	2864.46	1.058	10.9332	0.000369354	0.00381683	7560.25	359.469	265.254	0.045934	0.0339135	12119.9	215.379	215.153	0.0174991	0.0174812	1571.93	59.053	64.2093	0.0315559	0.0393008	8105.87	127.882	212.582	0.0189754	0.0295347	
2000-1-15	253	0	1.2779e+15	8.35852e+14	2.95498e+15	4.34306e+07	4.38583e+07	7.09552e+07	1.28171e+08	6.97723e+07	7.72297e+07	928.995	2911.09	4658.63	532685	513970	1.04666e+06	0	0	0	0	0	81055.4	45.638	399.223	0.0016034	0.00584861	39093.4	1282.86	1122.35	0.0323856	0.0286457	8427.84	8.784	8.77259	0.00173924	0.00172998	3560.25	128.377	137.689	0.0402148	0.0403887	16036.1	37.417	37.3788	0.00494009	0.00493506	2668.44	52.236	52.6594	0.0152752	0.0209471	17	1330.39	1328.97	67.5582	67.4864	0	0	0	0	0	42429.6	35.996	175.686	0.00103777	0.00487197	2082.09	62.094	124.576	0.0298229	0.0598324	1827.02	0.79	7.45506	0.000432398	0.00408045	13484.4	520.983	488.975	0.0390008	0.0334978	6110.1	85.656	85.5683	0.0145221	0.0145073	2405.81	56.066	96.5844	0.0196985	0.0374969	5883.75	75.732	191.58	0.010703	0.0280994	
2000-2-15	254	0	1.26466e+15	7.76557e+14	2.8367e+15	4.31597e+07	4.39611e+07	7.10662e+07	1.28184e+08	7.01629e+07	7.79722e+07	900.694	2974.13	4831.66	535700	515630	1.05133e+06	1260.5	2.668	32.5922	0.00312556	0.0251125	77796	48.322	454.238	0.00123418	0.00635905	41550.3	752.366	1153.69	0.0159483	0.0287183	8677.02	6.704	6.6972	0.00121782	0.00121658	3356.17	48.958	116.132	0.0165072	0.0352219	32632.1	37.202	37.1641	0.00259422	0.00259159	3298.09	28.381	62.7833	0.00825489	0.0204295	15	1272.91	1271.55	80.7872	80.7019	0	0	0	0	0	41317.5	59.248	203.836	0.00180793	0.00591696	3694.53	99.157	207.269	0.0194244	0.0647291	1419.04	0.263	8.0953	0.000422028	0.00562352	16486.7	419.53	536.26	0.0262706	0.0306464	11461.3	170.892	170.717	0.0186098	0.0185908	3481.31	61.351	120.937	0.0111504	0.0336077	9326.67	89.001	253.179	0.0115822	0.0271561	
2000-3-15	255	0	1.22205e+15	7.25398e+14	2.64065e+15	4.2643e+07	4.39876e+07	7.10511e+07	1.28259e+08	7.06109e+07	7.85021e+07	849.106	2953.35	4856.72	538952	517612	1.05656e+06	6782.78	58.604	197.46	0.0109057	0.0279638	63030.1	65.218	368.076	0.00222248	0.00625263	49607.1	932.98	1336.2	0.018176	0.0272065	8450	16.123	16.1066	0.00390086	0.00389689	3199.41	42.375	95.75	0.0152222	0.0303242	33870.9	31.026	30.9944	0.00224216	0.00223988	3294.34	22.605	68.9834	0.00687966	0.0168228	17	583.088	582.472	35.2337	35.1967	0	0	0	0	0	29463.4	82.697	162.349	0.00288053	0.00578085	966.381	23.898	49.5747	0.0247294	0.0512993	16890.7	46.365	100.248	0.00743048	0.00706935	16652.3	327.59	436.452	0.0194456	0.0252314	12906	246.486	246.231	0.021077	0.0210554	1979.69	25.121	54.1895	0.0110103	0.0274216	11968.3	109.836	295.546	0.00944224	0.0246011	
2000-4-15	256	0	1.1989e+15	6.6701e+14	2.46611e+15	4.19557e+07	4.40172e+07	7.07371e+07	1.28745e+08	7.09766e+07	7.85489e+07	824.888	2818.05	4745.97	541899	520770	1.06267e+06	19444.2	355.034	494.724	0.0145412	0.02592	51249.4	40.661	244.085	0.00345389	0.00727235	41123.5	923.039	1259.76	0.0195408	0.0292368	7669.82	27.49	27.4621	0.00536893	0.00536348	3555.68	40.75	97.7687	0.0134693	0.0305251	12327.9	60.577	60.515	0.0046074	0.00460268	3871.72	87.571	79.8769	0.0195449	0.0210381	5	66.258	66.1902	12.8066	12.7934	0	0	0	0	0	8016.36	28.101	40.0947	0.00461468	0.00584727	1037.54	12.093	49.4444	0.0116554	0.0476552	5010.22	8.231	33.9857	0.00314724	0.00801391	16630.9	365.478	373.639	0.0224506	0.0228339	10402.4	256.832	256.558	0.0215751	0.0215527	1090.51	13.535	28.2473	0.0116086	0.0276949	9824.2	97.312	235.315	0.01102	0.0243162	
2000-5-15	257	0	1.17614e+15	6.60185e+14	2.36221e+15	4.1128e+07	4.40989e+07	7.01712e+07	1.29555e+08	7.13622e+07	7.83038e+07	804.12	2681.61	4546.24	544601	523988	1.06859e+06	34947.7	822.085	844.768	0.0184893	0.0254665	60899	167.158	314.994	0.00451079	0.00646125	49335.2	1045.63	1375.14	0.021887	0.030112	8290.22	67.278	67.2095	0.00945778	0.00944817	3460.25	68.554	92.9767	0.0231205	0.0290801	17533.9	93.14	93.0445	0.00729754	0.00729009	5369.71	198.655	105.772	0.0305317	0.0207642	2	12.935	12.9219	6.62142	6.6147	0	0	0	0	0	18555.3	31.225	70.7663	0.00187525	0.00364035	994.99	27.342	45.1799	0.0274797	0.0454073	5576.4	5.986	34.6304	0.00107507	0.00643066	16507.7	655.171	379.625	0.0368985	0.022292	13340.5	504.557	503.963	0.0270664	0.0270371	1616.48	30.29	37.7183	0.0193938	0.0233132	7357.04	67.903	159.329	0.011473	0.0225755	
2000-6-15	258	0	1.16997e+15	7.57301e+14	2.40955e+15	4.03897e+07	4.41486e+07	6.94173e+07	1.30373e+08	7.15531e+07	7.77095e+07	775.75	2603.69	4359.06	547139	527835	1.07497e+06	29703.4	463.716	736.501	0.014364	0.0273364	58912.4	189.742	276.039	0.00471553	0.00551876	61182.3	2122.25	1594.42	0.0319849	0.0277175	8315.58	70.475	70.4032	0.0082787	0.00827029	3128.69	82.785	88.0521	0.032022	0.0291098	27617.2	157.299	157.138	0.0152429	0.0152274	3223.06	44.377	66.1963	0.0178429	0.0233749	1	0.929	0.928037	0.929	0.928039	0	0	0	0	0	44149.8	71.207	263.697	0.00471484	0.00540604	978.682	44.363	42.6955	0.0453293	0.0436255	8929	22.852	49.9897	0.00143184	0.00577952	20265.3	771.603	463.65	0.041841	0.0222288	7303.96	216.377	216.15	0.0279187	0.0278899	4256.88	77.817	99.0094	0.0201274	0.022382	7874.13	241.569	162.484	0.0313922	0.0221323	
2000-7-15	259	0	1.19778e+15	8.95682e+14	2.63379e+15	4.02242e+07	4.41216e+07	6.89215e+07	1.30836e+08	7.15901e+07	7.71236e+07	725.226	2530.61	4235.45	549507	532286	1.08179e+06	13611.2	214.704	367.339	0.00947711	0.0277589	56174.1	119.407	267.597	0.00409515	0.00585437	62630.7	2067.91	1763.95	0.0311432	0.0275438	8047.47	71.001	70.9283	0.00525685	0.0052515	4040.48	117.101	117.906	0.041644	0.0299016	28088.8	268.585	268.308	0.0132955	0.0132819	4444.8	67.004	121.115	0.0176551	0.0265022	0	0	0	0	0	0	0	0	0	0	75820.9	129.759	425.604	0.00429751	0.00464766	996.78	38.967	41.7574	0.0390929	0.0418923	41870.4	276.914	229.98	0.00938442	0.00701803	14151.1	563.467	292.29	0.0334932	0.0210959	9635.52	312.688	312.349	0.0290648	0.0290344	2979.32	63.321	66.0353	0.0177378	0.0223826	9179.74	249.152	236.198	0.0263065	0.0234892	
2000-8-15	260	0	1.2184e+15	1.01616e+15	2.95272e+15	4.04558e+07	4.41294e+07	6.88759e+07	1.31066e+08	7.1471e+07	7.66754e+07	677.703	2420.82	4088.08	551775	527627	1.0794e+06	11998.1	84.81	447.079	0.0188191	0.0328696	56710.8	92.075	307.758	0.00223222	0.00571277	64693.4	1627.07	1954.67	0.0215593	0.0265458	8815	75.341	75.2642	0.0062404	0.00623406	3535.76	127.4	105.32	0.0413805	0.0294281	11469.5	73.175	73.1001	0.00629608	0.00628967	3975.76	98.303	107.204	0.0276211	0.0255592	0	0	0	0	0	0	0	0	0	0	50399.3	303.31	234.146	0.00671524	0.00418543	1740.85	78.393	75.9576	0.0459358	0.0439218	68297.3	427.628	349.096	0.00828826	0.00567912	13300.9	360.912	284.598	0.0300531	0.0206684	20316.3	439.441	438.959	0.0263289	0.0263012	4398.23	106.233	97.3069	0.0211632	0.0236733	8559.77	178.732	195.436	0.0161889	0.0234733	
2000-9-15	261	0	1.20543e+15	1.05781e+15	3.23462e+15	4.13359e+07	4.40972e+07	6.91929e+07	1.3117e+08	7.13094e+07	7.68333e+07	718.387	2277.33	3900.07	554713	522703	1.07742e+06	2064.32	49.233	66.8053	0.0226248	0.0293957	63830	67.833	324.458	0.00171156	0.00540971	39046.8	842.65	1055.68	0.0176396	0.0229155	9459.14	44.6	44.5546	0.00385388	0.00384997	4332.05	87.233	140.654	0.0187863	0.0316171	9764.29	91.832	91.7384	0.0168948	0.0168777	3415.62	36.783	84.826	0.0102241	0.0239468	0	0	0	0	0	0	0	0	0	0	53891.1	234.789	233.356	0.00483223	0.00390693	1031.07	40.439	41.5702	0.0392204	0.0403175	44467.4	85.425	234.381	0.00329409	0.00522974	15433.5	306.228	409.434	0.0188803	0.0258442	19851.4	357.39	356.975	0.0219499	0.0219272	4014.78	66.827	116.114	0.0155506	0.0284402	7845.73	148.454	198.445	0.0174523	0.0244207	
2000-10-15	262	0	1.20619e+15	9.93879e+14	3.35959e+15	4.221e+07	4.40672e+07	6.98678e+07	1.31052e+08	7.09911e+07	7.72066e+07	786.643	2259.01	3788.4	557359	515229	1.07259e+06	929.1	25.801	25.6341	0.0299933	0.0273858	42132.3	64.948	197.399	0.00176152	0.00486912	31204.7	1003.81	885.242	0.0263436	0.0242772	7979.17	14.019	14.0048	0.00110593	0.00110481	3945.8	104.568	143.657	0.0345634	0.0357959	19998	99.311	99.21	0.0246628	0.0246378	3147.03	24.735	76.6086	0.00450161	0.0245446	0	0	0	0	0	0	0	0	0	0	53063.2	65.511	151.142	0.00372828	0.00346007	893.96	41.29	41.9809	0.0461877	0.0469606	5689.96	23.063	27.9126	0.0123803	0.00602775	16431	460.701	471.255	0.0286746	0.0293829	12428.7	276.018	275.718	0.0244562	0.0244307	3754.77	61.199	132.564	0.016155	0.0346277	14530.5	187.533	394.964	0.0147429	0.0270085	
2000-11-15	263	0	1.1778e+15	9.34571e+14	3.15131e+15	4.30379e+07	4.4116e+07	7.04745e+07	1.3063e+08	7.07779e+07	7.73603e+07	831.758	2431.53	3868.45	559339	508492	1.06783e+06	140	1.843	3.6782	0.0115223	0.0261108	44733.9	55.093	223.147	0.00131107	0.00497377	33876.8	1783.68	980.622	0.0483029	0.0284799	9121.15	6.629	6.62228	0.00072865	0.000727911	3252.75	87.29	123.55	0.0292109	0.0376836	19759.4	60.155	60.0936	0.0184783	0.0184595	3465.98	32.91	81.4646	0.00808389	0.0236004	0	0	0	0	0	0	0	0	0	0	44529.4	76.649	151.806	0.00347109	0.00417563	2624.05	157.856	140.539	0.05942	0.0536741	1943.32	0.07	12.1515	3.60208e-05	0.00625296	18182	660.951	602.694	0.0365063	0.0312751	11783.1	322.845	322.504	0.0312528	0.0312205	4084.28	129.711	161.093	0.030505	0.0386868	6990.92	157.358	220.162	0.0236565	0.0303052	
2000-12-15	264	0	1.155e+15	8.77623e+14	2.9427e+15	4.3461e+07	4.40856e+07	7.06648e+07	1.30157e+08	7.04237e+07	7.76195e+07	857.948	2615.44	4133.9	561182	505384	1.06657e+06	0	0	0	0	0	43330.6	52.091	203.795	0.00266137	0.00574816	34502.3	1644.49	920.29	0.0316967	0.0249117	8731.88	2.978	2.97498	0.000633427	0.000632785	3111.1	137.676	122.154	0.0378446	0.0387224	16894.2	170.289	170.113	0.0233398	0.0233158	2184.89	27.151	50.8598	0.00911257	0.0220794	11	43.094	43.0502	3.0628	3.05969	0	0	0	0	0	59518.3	98.27	220.899	0.00316835	0.00508629	2219.84	99.977	127.372	0.0448462	0.0575447	4813.36	0.685	25.1704	0.000172249	0.0049475	16593.1	607.832	539.181	0.0324776	0.0312542	10305.4	271.615	271.332	0.0313082	0.0312761	3300.02	88.12	133.335	0.0251205	0.040188	7146.69	188.554	207.84	0.0215111	0.0284487	
2001-1-15	265	0	1.18045e+15	8.3216e+14	2.86401e+15	4.34841e+07	4.41646e+07	7.08756e+07	1.29855e+08	7.05535e+07	7.80464e+07	880.854	2730.46	4382.41	562590	501697	1.06429e+06	0	0	0	0	0	140771	138.18	640.986	0.0018965	0.00593833	47690.6	1843.63	1448.34	0.0277558	0.0285795	9395.49	7.004	6.9969	0.00092566	0.000924721	3292.64	98.836	127.211	0.0311372	0.037025	42080.9	486.568	486.063	0.0268737	0.0268461	2827.42	146.451	56.2562	0.0221184	0.0215047	30	1073.92	1072.77	33.4238	33.388	0	0	0	0	0	51302.5	130.991	197.703	0.00346564	0.00524718	1870.78	68.534	120.667	0.0351308	0.064483	2391.62	1.665	13.4543	0.00114983	0.00541754	19805.2	906.943	674.284	0.0356589	0.0334649	10195.1	207.241	207.026	0.0239712	0.0239466	3549.79	75.132	135.026	0.0217961	0.0373938	11791.3	204.143	376.185	0.0153546	0.0301581	
2001-2-15	266	0	1.16669e+15	7.68021e+14	2.72131e+15	4.30075e+07	4.41563e+07	7.07774e+07	1.29932e+08	7.08725e+07	7.85609e+07	857.978	2800.06	4538.7	564352	502735	1.06709e+06	0	0	0	0	0	106941	120.857	489.652	0.00209254	0.00656818	52120.3	1504.5	1366.61	0.0192921	0.0219779	8823.58	2.996	2.99296	0.000521327	0.000520798	3114.67	111.248	105.096	0.0300378	0.0340915	33510.4	281.707	281.416	0.0241125	0.0240878	3881.91	120.314	76.4919	0.015044	0.0210295	17	1562.28	1560.51	70.7374	70.6591	0	0	0	0	0	25056.3	106.756	124.186	0.00676772	0.00574819	3046.36	95.978	218.47	0.0341173	0.0694121	189.06	0.018	1.16338	9.52079e-05	0.00615349	16457.6	411.848	480.856	0.0263466	0.0292399	11937.1	326.984	326.634	0.0216846	0.021662	4074.37	94.605	131.57	0.0207406	0.0319848	13410	169.252	408.07	0.0109499	0.0295675	
2001-3-15	267	0	1.1737e+15	7.21583e+14	2.58219e+15	4.24577e+07	4.41403e+07	7.07329e+07	1.30336e+08	7.13857e+07	7.88934e+07	804.909	2797.9	4580.79	566251	504609	1.07086e+06	4553.06	60.362	130.553	0.0118324	0.0274936	82215.3	124.674	384.296	0.0032874	0.00659747	44538.1	978.443	1251.87	0.0205304	0.0271739	9299.51	29.647	29.2779	0.00527583	0.00512884	3922.85	28.809	118.434	0.0129038	0.0307907	30067.2	149.085	148.932	0.0125154	0.0125026	5791.64	97.577	112.816	0.0139369	0.0223511	14	855.009	854.093	54.7119	54.6539	0	0	0	0	0	11628.5	5.365	54.3761	0.00415257	0.00547437	2945.4	115.374	189.029	0.0406595	0.0655981	0	0	0	0	0	19035.6	360.373	472.725	0.0178757	0.0233396	11423.7	282.647	282.349	0.0202095	0.0201885	3565.8	45.659	92.3869	0.0131488	0.0257651	11641.9	186.048	301.681	0.0114329	0.0266306	
2001-4-15	268	0	1.13284e+15	6.53679e+14	2.39007e+15	4.15472e+07	4.41354e+07	7.029e+07	1.30755e+08	7.17365e+07	7.87086e+07	769.123	2670.28	4489.14	568059	507740	1.0758e+06	18234.3	784.225	415.639	0.0207709	0.0268228	104783	111.366	407.408	0.0028814	0.00515923	33815.9	1038.71	986.914	0.0331532	0.0296706	9831.18	47.868	47.7184	0.00525761	0.00508099	2899.18	46.222	78.2698	0.0158774	0.0278955	27469.5	219.374	219.146	0.0157359	0.0157198	5962.95	180.378	114.205	0.0294067	0.0238555	13	246.411	246.157	18.1517	18.1331	0	0	0	0	0	16207.5	19.106	74.3869	0.00134277	0.00499365	2831.38	105.876	171.97	0.0349559	0.0565697	0	0	0	0	0	18654.9	382.034	439.358	0.0205411	0.0229385	9145.08	235.524	235.277	0.0247563	0.0247306	5056.51	80.061	117.293	0.0162571	0.0245754	8292.91	87.957	202.277	0.0158681	0.0243138	
2001-5-15	269	0	1.11665e+15	6.28705e+14	2.25309e+15	4.05535e+07	4.41453e+07	6.97041e+07	1.31512e+08	7.19726e+07	7.83763e+07	750.772	2516.4	4282.88	569327	510412	1.07974e+06	44715.6	1402.07	968.604	0.025455	0.0277497	88389.8	431.947	394.008	0.00568562	0.00577584	48280.8	1221.04	1373.33	0.0248115	0.0274317	10705.7	48.611	48.5616	0.00620538	0.00619909	3575.09	67.197	93.3054	0.018891	0.027043	27552.6	498.801	498.277	0.0236518	0.0236274	5243.13	122.083	92.486	0.0182569	0.0196394	6	29.182	29.1523	3.77654	3.7727	0	0	0	0	0	45399	50.459	287.183	0.00207352	0.00481299	6811.8	458.915	355.77	0.0642984	0.0546852	1607.14	0.018	8.0096	2.07154e-05	0.00509658	20326.4	388.005	471.882	0.0193112	0.0221074	11241.5	368.131	367.726	0.0275868	0.0275579	4704.53	113.005	104.698	0.0237899	0.0233365	7541.93	85.168	176.249	0.0112918	0.0233558	
2001-6-15	270	0	1.0986e+15	7.02144e+14	2.28536e+15	3.9747e+07	4.41589e+07	6.8863e+07	1.32172e+08	7.20956e+07	7.77656e+07	731.513	2421.39	4075.92	570363	513633	1.084e+06	35411.6	1143.26	811.571	0.0207543	0.0271997	109781	705.877	534.044	0.00948063	0.00594458	51930.5	1536.26	1301.24	0.0231856	0.0229258	11239.7	87.544	87.4547	0.00663742	0.00663068	2816.48	77.859	79.7722	0.0209856	0.0272342	30390.7	323.784	323.445	0.0219587	0.0219362	5686.43	128.515	133.122	0.0224715	0.0237835	4	3.164	3.16079	0.794388	0.793583	0	0	0	0	0	80677.2	96.377	469.532	0.00343306	0.00471158	14122.6	937.789	663.737	0.0573381	0.0488784	11625.9	85.582	62.8856	0.00835684	0.00565421	15637.4	576.179	336.495	0.0372797	0.022007	9982.27	454.025	453.527	0.0440692	0.0440224	5066.86	207.408	118.753	0.0304492	0.0235588	6186.07	122.667	133.986	0.013328	0.0233941	
2001-7-15	271	0	1.11995e+15	8.36592e+14	2.51887e+15	3.92959e+07	4.4108e+07	6.81794e+07	1.32415e+08	7.20403e+07	7.69132e+07	700.973	2365.44	3945.09	571176	517826	1.089e+06	31454.3	825.991	859.26	0.0264281	0.0301859	80138	454.947	402.132	0.00533492	0.00511365	46004.6	2048.17	1196.33	0.0412285	0.0254318	9707.93	97.675	97.5753	0.00879073	0.0087818	3758.65	65.8	110.291	0.0173207	0.0290923	25070.4	285.836	285.543	0.0224649	0.022442	4936.44	239.582	141.618	0.0286277	0.0277892	2	0.14	0.139846	0.074	0.0739204	0	0	0	0	0	84979.8	367.885	449.126	0.00449595	0.00462816	10782	752.213	451.983	0.0697032	0.0427523	19443.6	69.649	90.0702	0.00751551	0.0055682	24505.7	842.045	588.083	0.0312061	0.0224271	12288.3	403.841	403.399	0.0297875	0.0297561	7179.15	277.349	162.067	0.032057	0.0241938	8326.42	222.393	195.009	0.0201257	0.0232573	
2001-8-15	272	0	1.16743e+15	9.95808e+14	2.92029e+15	3.93938e+07	4.40897e+07	6.78919e+07	1.32561e+08	7.18697e+07	7.62895e+07	656.114	2299.27	3846.37	571876	513507	1.08538e+06	17573.1	666.271	537.82	0.0334154	0.0306052	78163.7	447.05	413.457	0.00632061	0.00544055	44826.7	1994.55	1083.82	0.0399594	0.0223437	11292.6	144.601	144.453	0.0105871	0.0105763	3345.09	124.546	103.515	0.0261666	0.0293358	36495.9	270.454	270.176	0.0187712	0.018752	4532.18	137.602	130.68	0.0221783	0.0283028	1	0.017	0.016982	0.017	0.016982	0	0	0	0	0	88805	470.589	404.012	0.00664157	0.00446693	19391.9	1194.68	758.801	0.0611948	0.0403364	27455	125.751	128.152	0.00522158	0.00537598	21213.1	736.982	486.254	0.0341825	0.0239019	11895.2	389.12	388.695	0.0298049	0.0297734	9506.02	313.915	210.184	0.0258653	0.0235468	7104.63	190.54	169.424	0.022184	0.0245835	
2001-9-15	273	0	1.16523e+15	1.04636e+15	3.19582e+15	4.01957e+07	4.40565e+07	6.83104e+07	1.32555e+08	7.16457e+07	7.6224e+07	700.728	2195.56	3714.92	572530	509023	1.08155e+06	7693.18	246.037	244.774	0.0247822	0.0313922	75341.5	257.636	335.565	0.00328028	0.00490902	31294.3	513.97	880.869	0.0188285	0.0303781	14221	123.885	123.758	0.00503152	0.0050264	2440.79	82.351	72.2305	0.032839	0.0292001	40874.7	170.494	170.302	0.00923967	0.00917337	6980.94	118.98	187.576	0.00787427	0.0255513	0	0	0	0	0	0	0	0	0	0	87998.3	289.224	301.482	0.00325393	0.00407469	18933.4	1279.64	692.309	0.0674596	0.038135	29358.4	53.877	140.245	0.00326531	0.00570952	20934.2	487.442	577.294	0.0271432	0.0255134	14373.1	477.995	477.444	0.0266765	0.0266476	5902.67	149.15	154.994	0.0209345	0.0261319	7687.48	186.488	200.109	0.0222347	0.0254897	
2001-10-15	274	0	1.13336e+15	9.64694e+14	3.13896e+15	4.12407e+07	4.38947e+07	6.88656e+07	1.32105e+08	7.1138e+07	7.63621e+07	768.948	2188.96	3658.12	572344	502778	1.07512e+06	4352.14	99.708	128.206	0.0198057	0.0291118	38201.9	153.822	156.695	0.00381388	0.00439798	28843.2	661.617	491.496	0.0310939	0.0196251	13061.6	39.983	39.9424	0.00457191	0.00456728	2963.23	72.667	98.97	0.023933	0.0327093	40896	496.243	495.72	0.0169513	0.0169339	4564.23	41.039	119.209	0.00570436	0.0260147	2	0.146	0.145847	0.0745	0.0744215	0	0	0	0	0	78954.1	322.105	280.763	0.00794914	0.00422715	20971.1	1297.64	842.998	0.059819	0.0408962	17178	113.589	120.132	0.00537216	0.00669284	11552.2	242.044	319.596	0.0207119	0.0280755	12874.2	399.988	399.551	0.0264547	0.0264267	3573.98	56.595	106.325	0.0191583	0.027831	8264.45	150.684	197.449	0.0176093	0.0271109	
2001-11-15	275	0	1.12056e+15	9.17617e+14	3.06823e+15	4.20372e+07	4.38205e+07	6.93353e+07	1.3152e+08	7.07632e+07	7.64696e+07	816.985	2366.85	3750.42	571167	497203	1.06837e+06	1518.85	31.618	42.6796	0.0195885	0.0283038	43801.9	203.462	195.848	0.0017882	0.00431958	32897.1	1051.75	654.695	0.0284101	0.0199751	10488.4	19.388	19.3683	0.00340529	0.00340184	2526.48	86.59	92.3105	0.0297399	0.0349731	44814.9	565.681	565.08	0.0169842	0.0169667	4714.85	99.46	119.696	0.0106876	0.0244057	1	0.063	0.0629323	0.063	0.0629333	0	0	0	0	0	82125.4	193.693	292.206	0.00476402	0.0048452	17479	922.251	807.017	0.0513149	0.0581331	14465.4	79.466	110.934	0.00645621	0.00831914	13214.5	297.32	416.395	0.0203299	0.0308274	12064.5	428.449	427.992	0.0349013	0.0348647	4152.18	62.071	137.725	0.013883	0.0312232	7102.2	150.59	215.681	0.0173572	0.0321781	
2001-12-15	276	0	1.0869e+15	8.62621e+14	2.86868e+15	4.2438e+07	4.37611e+07	6.94878e+07	1.30956e+08	7.03357e+07	7.65937e+07	847.617	2554.82	4027.7	569135	495599	1.06473e+06	1737.35	4.382	48.2581	0.00794807	0.0274729	56997.7	136.297	250.51	0.00483097	0.00551926	29052.6	717.146	578.233	0.0196675	0.0189783	10209.7	16.7	16.6831	0.00219837	0.00219614	3196.31	87.632	116.213	0.0233263	0.0350312	54068.8	528.81	528.25	0.0172264	0.0172087	2812.87	58.605	66.9611	0.0167702	0.0242859	12	36.324	36.2871	3.12994	3.12676	0	0	0	0	0	67049	158.182	254.281	0.00442922	0.00547845	16112.1	788.392	919.011	0.0456392	0.0630355	12374.3	20.734	92.7699	0.00258915	0.00823723	16458.3	618.43	550.297	0.0328218	0.0335071	9901.6	333.069	332.717	0.0313268	0.0312944	5308.51	108.902	185.665	0.0153947	0.0344879	7863.86	273.436	270.359	0.0293573	0.0327116	
2002-1-15	277	0	1.12384e+15	8.15815e+14	2.78949e+15	4.26266e+07	4.37292e+07	6.96267e+07	1.30509e+08	7.03757e+07	7.70291e+07	876.936	2682.74	4287.88	565866	493577	1.05944e+06	482.23	1.591	13.6879	0.00319801	0.0291658	65955.6	26.294	267.159	0.000888501	0.00474785	118033	706.36	2379.7	0.0105479	0.0233428	9234.93	15.604	15.5759	0.00216086	0.002149	3736.66	165.083	137.586	0.0436547	0.0343337	126603	572.416	571.815	0.00885743	0.00884835	3327.51	213.673	71.9217	0.0180619	0.0228017	16	1147.68	1146.44	69.4926	69.4186	0	0	0	0	0	54986.7	79.636	221.247	0.00368063	0.0054368	14204.4	477.711	842.528	0.0340316	0.0610475	8440.24	16.983	59.2743	0.00305273	0.00830167	21350	337.326	722.397	0.0150416	0.0318124	8068.49	242.328	242.076	0.0324869	0.0324533	2906.72	42.29	102.142	0.0177001	0.0352092	10036.9	189.74	335.773	0.0275324	0.0336948	
2002-2-15	278	0	1.10146e+15	7.56215e+14	2.63992e+15	4.22622e+07	4.36609e+07	6.95915e+07	1.30284e+08	7.05059e+07	7.75848e+07	862.422	2772.94	4472.57	563270	497179	1.06045e+06	1937.78	21.772	60.5271	0.00861221	0.0293591	29319.8	33.96	140.137	0.00244325	0.00753802	71624.9	919.358	1543.73	0.0130411	0.0239716	10886.7	17.126	17.0712	0.00179084	0.00177169	2199.65	66.684	75.6064	0.0401852	0.0331837	203059	338.202	337.854	0.0118048	0.0117928	5401.39	74.971	113.749	0.0145465	0.0198384	12	964.064	963.005	78.4152	78.3307	0	0	0	0	0	42310.3	33.477	188.672	0.00234744	0.00602943	12524	391.153	692.707	0.0289015	0.0579376	6944.54	23.882	63.4593	0.00326987	0.00902859	18938.4	384.109	565.709	0.0170096	0.029659	15019.9	474.73	474.223	0.0266721	0.0266443	1568.76	21.578	45.7966	0.0191044	0.0289999	5934.59	113.705	173.894	0.0276737	0.0306444	
2002-3-15	279	0	1.11532e+15	7.06401e+14	2.50015e+15	4.15133e+07	4.36144e+07	6.93515e+07	1.30608e+08	7.08767e+07	7.76764e+07	821.144	2793.23	4549.48	560534	500281	1.06081e+06	8284.01	163.539	262.17	0.0160605	0.0300123	41917.4	69.928	267.965	0.00471405	0.00740704	76113.7	393.23	1540.75	0.0074228	0.0190086	11701.7	29.678	29.6284	0.00343521	0.00339419	2280.95	59.542	69.2707	0.0287119	0.0297559	103771	749.348	748.554	0.0138881	0.0138738	7601.83	147.981	161.929	0.0173651	0.0213446	17	641.539	640.85	29.6653	29.6338	0	0	0	0	0	38336.5	47.057	164.899	0.00345915	0.00600285	20339.7	740.588	1023.06	0.0299477	0.0515534	10380	39.338	92.7499	0.00234849	0.00761359	23439.6	341.067	605.913	0.0169375	0.0258169	13852	326.702	326.351	0.0178871	0.0178685	3237.32	48.505	80.5035	0.00977639	0.0239329	6910.67	69.54	178.179	0.0186636	0.0263785	
2002-4-15	280	0	1.09559e+15	6.50211e+14	2.32078e+15	4.07652e+07	4.36312e+07	6.90611e+07	1.31065e+08	7.12672e+07	7.7641e+07	792.531	2697.47	4501.94	557298	502777	1.06007e+06	20006.5	875.165	493.409	0.0188159	0.0275877	29110.9	147.129	189.236	0.00487304	0.00725841	121673	995.32	2163.81	0.0119489	0.020647	12937.6	58.431	58.3337	0.00575451	0.00557736	2815.56	44.053	79.9507	0.0179466	0.0282557	161051	1759.75	1757.86	0.0186144	0.0185951	7930.14	362.95	154.937	0.0267506	0.0221678	10	211.153	210.934	20.5854	20.5641	0	0	0	0	0	92858.1	42.095	615.018	0.00246095	0.00541855	23605.9	999.15	1020.55	0.0379384	0.0449085	12419.5	26.309	113.171	0.00340864	0.00813431	20821.5	589.392	481.807	0.0257101	0.0228596	10795.1	278.319	278.02	0.0192974	0.0192772	4483.6	83.869	95.6356	0.01622	0.022433	7824.59	228.253	182.722	0.0302514	0.02511	
2002-5-15	281	0	1.06422e+15	6.2885e+14	2.20061e+15	3.98509e+07	4.36064e+07	6.84066e+07	1.31638e+08	7.14849e+07	7.72508e+07	767.897	2575.97	4345.39	553753	503927	1.05768e+06	38924	1067.86	913.105	0.0172049	0.0273954	77258.5	460.119	429.648	0.00586767	0.00674458	177588	2072.18	4116.21	0.0154743	0.0240493	11515	82.457	82.3728	0.00950545	0.00949575	3196.63	71.903	85.2121	0.0283381	0.0272246	198121	1915.41	1913.41	0.0221335	0.0221108	5595.53	158.576	106.834	0.0281119	0.0231733	6	13.004	12.9908	2.03515	2.03308	0	0	0	0	0	51834.2	64.495	330.595	0.00324422	0.00607778	22481.9	1346.58	866.855	0.0548202	0.0382202	14573.8	56.415	117.128	0.00419607	0.00754767	22198.2	835.015	493.505	0.033861	0.0225714	16916.2	650.314	649.569	0.0291548	0.0291228	6541.05	124.733	128.018	0.023204	0.0209829	6318.11	212.552	147.024	0.032389	0.0238625	
2002-6-15	282	0	1.02547e+15	7.24677e+14	2.21174e+15	3.90609e+07	4.3534e+07	6.75619e+07	1.32086e+08	7.15234e+07	7.65533e+07	743.179	2486.7	4169.61	549979	505846	1.05582e+06	24602.8	685.223	655.534	0.0159299	0.0280068	94441.7	880.958	500.813	0.00840515	0.0057613	282913	3790.58	4971.08	0.0211087	0.0240541	10245.1	103.067	102.961	0.0110172	0.0110059	2724.87	86.201	70.7808	0.0329906	0.0269779	114215	1762.81	1760.92	0.0220633	0.0220406	4248.28	60.527	92.5323	0.0190556	0.0253269	0	0	0	0	0	0	0	0	0	0	65491.5	150.305	392.456	0.00441248	0.00468162	18195.4	1185.18	645.12	0.0720486	0.0359798	29185	65.204	160.856	0.0060988	0.00658018	21966.2	707.326	476.373	0.0310535	0.0210067	13675.2	611.082	610.345	0.0369129	0.0368722	7356.89	171.716	151.218	0.0263948	0.020478	5966.53	266.197	138.545	0.0376464	0.0222641	
2002-7-15	283	0	1.0753e+15	8.80054e+14	2.48587e+15	3.87579e+07	4.35021e+07	6.69286e+07	1.32376e+08	7.14536e+07	7.57885e+07	700.088	2411.28	4037.29	546279	511270	1.05755e+06	24235.8	585.691	691.02	0.0197364	0.029057	101531	770.802	468.711	0.00796581	0.00602871	140713	2942.95	2626.48	0.027389	0.0206936	12585.5	141.3	141.153	0.0101439	0.0101335	3050.51	103.348	82.4295	0.0461428	0.0270957	98439.9	1776.87	1774.99	0.024151	0.024126	3950.06	118.965	114.715	0.0152512	0.028167	0	0	0	0	0	0	0	0	0	0	69181.1	516.672	364.452	0.00792995	0.00510463	20184.2	1198.56	668.625	0.0486239	0.0331487	37090.9	74.952	171.113	0.00547934	0.00594076	21579.6	637.328	449.553	0.0321246	0.0206613	10796.9	318.168	317.83	0.0296923	0.0296614	8463.52	251.851	184.288	0.0354362	0.0206926	11355.4	466.69	260.437	0.0401343	0.0224809	
2002-8-15	284	0	1.11993e+15	1.01827e+15	2.85149e+15	3.89893e+07	4.34535e+07	6.66652e+07	1.32309e+08	7.12118e+07	7.50435e+07	651.93	2316.24	3897.54	543011	508585	1.0516e+06	12880.9	268.979	376.193	0.011965	0.0323061	87236.9	568.219	384.984	0.00815856	0.00509724	157747	2351.27	2237.13	0.0190627	0.015928	11471.3	78.264	78.1842	0.00622855	0.00622222	2174.01	103.385	54.7696	0.0391736	0.0257739	71551.3	1334.13	1332.73	0.0203136	0.0202926	0	0	0	0	0	0	0	0	0	0	0	0	0	0	0	79840	1045.12	363.544	0.00798033	0.00466104	24068.7	930.986	754.248	0.0353789	0.0310014	57372.2	166.735	265.673	0.00271202	0.00517199	21672.1	573.463	424.262	0.0226796	0.0206844	11966.8	362.04	361.646	0.0314616	0.0314286	8317.91	241.361	181.064	0.0307824	0.020116	15516.7	539.669	332.711	0.0344682	0.0202208	
2002-9-15	285	0	1.12763e+15	1.07658e+15	3.17556e+15	3.98187e+07	4.33409e+07	6.68719e+07	1.32164e+08	7.09095e+07	7.49128e+07	684.896	2187.39	3731.79	540083	506403	1.04649e+06	7168.91	133.891	217.202	0.0165659	0.0318872	75010.4	211.916	284.859	0.00486931	0.00438401	119596	1899.08	1477.91	0.0290939	0.018491	11016.8	41.544	41.5018	0.00412965	0.00412546	2691.31	96.464	72.623	0.0324299	0.02698	60059.2	522.299	521.759	0.0129281	0.0129149	4494.94	34.102	120.1	0.00615394	0.0272364	0	0	0	0	0	0	0	0	0	0	65674.3	433.81	270.524	0.0050189	0.00433278	19869.3	811.051	609.437	0.0445698	0.0317443	33891.3	37.526	173.652	0.00524088	0.00582906	19145	415.03	381.091	0.020264	0.0228108	12262.6	424.708	424.205	0.0320693	0.0320349	7953.43	177.255	166.063	0.0199763	0.0232751	11570.2	304.052	227.209	0.0317536	0.0231214	
2002-10-15	286	0	1.11905e+15	1.03574e+15	3.30318e+15	4.08212e+07	4.31625e+07	6.737e+07	1.31676e+08	7.0391e+07	7.50881e+07	762.497	2160.32	3629.91	536612	500625	1.03724e+06	422.38	3.371	11.759	0.00811977	0.0270326	102418	377.252	404.895	0.00551931	0.00446484	143092	2192.94	1577.99	0.0200058	0.0162287	11060.6	19.757	19.737	0.00350276	0.00349921	2793.08	81.714	88.0698	0.0274639	0.0305873	223938	825.741	824.855	0.0143455	0.0143307	4472.22	24.448	115.278	0.00258728	0.0249594	0	0	0	0	0	0	0	0	0	0	57527.8	118.105	169.268	0.00449882	0.00434116	19790.8	780.617	660.705	0.0378351	0.0381543	25775.8	33.388	129.859	0.00212084	0.00526221	22167	443.05	538.774	0.0223068	0.0236845	8879.57	325.862	325.499	0.0361142	0.0360757	8003.42	119.209	167.146	0.0169376	0.0190932	12815.8	248.893	306.42	0.0156771	0.0242416	
2002-11-15	287	0	1.06779e+15	9.76123e+14	3.05055e+15	4.15095e+07	4.29687e+07	6.77497e+07	1.30885e+08	6.9798e+07	7.4924e+07	815.329	2332.11	3711.89	532158	495288	1.02745e+06	0	0	0	0	0	161167	425.57	552.1	0.00601569	0.00436083	139857	807.471	1454.53	0.00961232	0.0143188	12589.5	23.012	22.9382	0.00292505	0.00289619	3131.64	145.461	101.1	0.0408201	0.0313269	104413	797.868	797.034	0.0130799	0.0130665	3790.63	18.419	95.8106	0.00582045	0.0239655	1	0.015	0.0149848	0.015	0.0149848	0	0	0	0	0	65156.2	136.727	229.878	0.005304	0.00509696	18343.4	664.748	724.674	0.0368383	0.0477758	24674.8	45.126	127.032	0.0017574	0.00689988	24753.6	356.459	709.631	0.0136528	0.0283998	10087.7	353.736	353.349	0.0347767	0.0347395	8341.39	147.833	188.235	0.0182673	0.0215242	20563.7	426.387	547.222	0.015805	0.0248202	
2002-12-15	288	0	1.07349e+15	9.07848e+14	2.88283e+15	4.1994e+07	4.29375e+07	6.78899e+07	1.30225e+08	6.93437e+07	7.5036e+07	852.166	2545.43	3991.75	527444	493543	1.02099e+06	62.2846	1.402	1.68321	0.0225096	0.0270244	109946	266.891	410.349	0.0037559	0.00453183	115223	1093.94	1841.02	0.0294991	0.014031	10322	15.555	15.5176	0.00186084	0.0018382	4262.43	199.239	142.836	0.0374121	0.0319089	119893	839.843	838.971	0.0141513	0.0141368	2993.76	51.171	71.5118	0.0126901	0.0241786	8	200.615	200.408	25.8618	25.8352	0	0	0	0	0	60568.6	89.355	228.706	0.00265522	0.00499785	13195.4	450.462	591.966	0.0335504	0.0560099	21652.9	48.905	145.187	0.00278303	0.00721265	21948.7	367.338	640.266	0.0173046	0.0288009	7290.96	193.079	192.878	0.0296402	0.0296097	7964.26	111.731	225.668	0.0134776	0.0259336	22240.1	366.762	561.511	0.0124778	0.0245605	
2003-1-15	289	0	1.0655e+15	8.445e+14	2.75786e+15	4.2048e+07	4.29668e+07	6.80598e+07	1.29814e+08	6.9407e+07	7.53636e+07	879.938	2688.26	4287.68	522829	493194	1.01602e+06	0	0	0	0	0	110977	247.774	395.168	0.00265042	0.00469498	131748	734.922	1699.08	0.00644583	0.0162066	13212.1	24.183	24.0878	0.00276121	0.00273125	3149.46	95.272	101.435	0.0311847	0.0309734	146887	635.476	634.821	0.00855114	0.00854241	2131.98	79.188	45.7817	0.0257008	0.0224523	23	1061.26	1060.05	49.7528	49.6977	0	0	0	0	0	41776.5	57.866	160.187	0.00249938	0.00481749	7858.21	189.569	394.623	0.0221988	0.056831	14240.6	23.964	109.128	0.00238534	0.00721362	19557	257.831	576.242	0.0131066	0.0285047	10276.8	338.018	337.648	0.027428	0.0273991	3467.1	61.958	96.9644	0.0238022	0.0261787	31005.4	450.28	833.922	0.0141292	0.0256636	
2003-2-15	290	0	1.10051e+15	7.88705e+14	2.69698e+15	4.18195e+07	4.30814e+07	6.82821e+07	1.29829e+08	6.98288e+07	7.60998e+07	867.06	2785.05	4487.53	519047	497893	1.01694e+06	917.942	1.423	22.4777	0.00143425	0.0271596	47150.7	151.535	202.05	0.0028826	0.00502516	93573.2	516.214	1212.92	0.0057104	0.0179428	13406.8	15.284	15.1504	0.0014126	0.00130059	3600.28	106.052	102.221	0.0229669	0.0282866	149745	472.465	471.978	0.00719685	0.00718947	3243.56	76.685	67.3011	0.018883	0.0210948	16	1410.91	1409.32	88.3624	88.2651	0	0	0	0	0	48821.9	68.129	209.741	0.00373868	0.00581677	11901.3	223.869	599.522	0.0194542	0.0511202	18575.7	43.397	156.108	0.00254698	0.00762297	19736.2	193.232	508.364	0.0102206	0.0259564	13565.8	348.003	347.621	0.0207978	0.0207759	3050.11	48.051	73.3748	0.0267631	0.0201529	21390.9	228.189	521.199	0.0103099	0.0239319	
2003-3-15	291	0	1.08645e+15	7.20596e+14	2.49636e+15	4.12314e+07	4.31762e+07	6.82942e+07	1.29959e+08	7.02723e+07	7.6606e+07	825.589	2807.3	4576.38	514914	502858	1.01777e+06	7107.88	37.791	209.73	0.00764106	0.0306989	18294.8	35.009	77.4213	0.0023631	0.00465901	64067.1	487.861	1006.71	0.0116197	0.0195345	13807.6	18.893	18.7126	0.00197257	0.0018541	3874.94	47.278	97.6713	0.0136611	0.0253193	118838	864.111	863.213	0.0105944	0.0105835	6053.82	247.759	122.609	0.0185608	0.0215749	12	1033.54	1032.4	86.0059	85.9125	0	0	0	0	0	36055.7	49.865	151.783	0.0036078	0.0057311	17241.7	240.915	728.685	0.0166458	0.0395784	19859.2	31.042	139.437	0.00242851	0.00710162	17198.2	140.401	401.965	0.00765899	0.0245549	17469.7	395.639	395.206	0.0168614	0.0168437	3160.89	33.847	67.2907	0.0174248	0.0210192	28823.6	260.776	599.14	0.0078991	0.0212764	
2003-4-15	292	0	1.08402e+15	6.61321e+14	2.33685e+15	4.04775e+07	4.32355e+07	6.81519e+07	1.30267e+08	7.07437e+07	7.66107e+07	800.393	2717.05	4533.06	510953	508799	1.01975e+06	12672	329.32	327.853	0.0113367	0.0293052	44477.9	184.325	258.693	0.00370058	0.00555916	70456.9	609.263	1298.05	0.00995448	0.020124	15814.5	23.166	23.1037	0.0018659	0.00180217	4820.98	59.504	114.45	0.0121351	0.0246145	129319	1198.37	1197.11	0.013086	0.0130726	8013.57	331.828	154.397	0.0173694	0.0210455	7	287.52	287.219	36.871	36.8328	0	0	0	0	0	29395.9	46.928	142.036	0.00416055	0.00536569	15864.8	346.878	565.5	0.025541	0.0293797	16843.5	45.804	140.416	0.00336045	0.00702782	18565.9	188.887	397.771	0.0124145	0.0194303	12280.4	272.681	272.392	0.0202006	0.0201796	3418.18	33.169	66.2109	0.0112988	0.0197515	15520.5	152.512	288.539	0.00842464	0.0201862	
2003-5-15	293	0	1.05949e+15	6.47964e+14	2.22771e+15	3.971e+07	4.32963e+07	6.77865e+07	1.30999e+08	7.10805e+07	7.64006e+07	786.583	2597.33	4381.06	506922	513582	1.0205e+06	21174.8	539.839	529.342	0.0163503	0.0265569	75407.6	214.19	412.074	0.00356165	0.00547957	125439	1781.19	2782.26	0.0141807	0.0215363	14041.8	45.633	45.559	0.00376023	0.00359818	4254.41	57.182	99.9595	0.0134839	0.0241805	151654	1685.56	1683.69	0.0160087	0.015992	0	0	0	0	0	5	41.437	41.3947	8.78268	8.77373	0	0	0	0	0	39908.8	113.563	211.873	0.00616214	0.00505359	19130.2	669.005	631.802	0.0411557	0.0301884	16577.3	30.093	145.811	0.0019725	0.00863473	23323.9	293.559	525.187	0.0154498	0.0220026	13858.6	351.12	350.742	0.022842	0.0228178	4657.8	91.205	86.8391	0.0269653	0.0189812	19874.8	206.403	397.479	0.00973511	0.0199256	
2003-6-15	294	0	1.0269e+15	6.94656e+14	2.20091e+15	3.90343e+07	4.33056e+07	6.71428e+07	1.31513e+08	7.11204e+07	7.58899e+07	749.067	2528.29	4222.03	502672	518085	1.02076e+06	24317.3	710.462	663.984	0.0235106	0.029906	100167	427.585	567.38	0.00414402	0.00533411	144416	2057.74	3519.51	0.013777	0.0191098	13844.6	123.982	123.855	0.00754932	0.00754162	4598.75	92.415	110.366	0.0162162	0.0241261	153977	1440.3	1438.7	0.0147782	0.0147629	2714.33	34.901	50.9144	0.0251825	0.0234281	1	0.015	0.0149845	0.015	0.0149846	0	0	0	0	0	64257	288.052	330.975	0.00628118	0.00465461	20329.2	656.976	608.794	0.0307905	0.0285311	20344.6	90.898	160.856	0.0029509	0.00619626	22436.8	372.657	468.159	0.0160204	0.0226795	15948.4	435.909	435.422	0.026756	0.0267276	4300.57	111.531	82.3404	0.0251333	0.0185251	22930.5	406.698	433.967	0.0271824	0.0198476	
2003-7-15	295	0	1.06276e+15	8.56902e+14	2.47197e+15	3.86654e+07	4.31608e+07	6.6445e+07	1.31728e+08	7.09296e+07	7.51482e+07	708.931	2453.59	4095.12	498613	523981	1.02259e+06	24788.4	982.32	775.568	0.026251	0.0332586	104127	190.604	446.832	0.002456	0.004656	97928.4	1880.3	1950.79	0.0128772	0.0177881	13246	113.913	113.796	0.00757736	0.00756965	3255.93	73.96	79.7977	0.0231372	0.0242796	108213	1333.92	1332.52	0.0159912	0.0159748	3308.73	144.693	91.3013	0.020212	0.0269094	1	0.03	0.0299694	0.03	0.0299694	0	0	0	0	0	101298	419.65	592.707	0.00544166	0.00480981	21044.6	494.002	598.391	0.0251304	0.027179	19113.9	45.259	130.058	0.00598706	0.00599401	22747.2	558.649	520.468	0.0265011	0.0241965	17259.3	283.506	283.205	0.0156141	0.0155979	4853.62	147.661	100.567	0.0213948	0.0219288	57206.9	994.29	1358.85	0.0160841	0.0208908	
2003-8-15	296	0	1.14362e+15	1.03198e+15	2.91196e+15	3.88822e+07	4.31288e+07	6.61821e+07	1.31972e+08	7.07821e+07	7.45124e+07	682.394	2344.19	3965.3	495125	519467	1.01459e+06	22170.1	784.651	744.93	0.0289845	0.0328424	101505	185.042	401.448	0.0023174	0.00437787	98932.8	1564.79	2149.18	0.0140822	0.0181198	14553.9	94.477	94.3807	0.00552708	0.00552147	3863.89	117.41	90.6961	0.0277583	0.0236261	107551	1609.01	1607.21	0.0155737	0.0155576	3437.21	120.584	93.0615	0.0211304	0.0275072	1	0.025	0.0249746	0.025	0.0249746	0	0	0	0	0	108839	477.006	486.544	0.00412655	0.00419805	21312	567.54	621.038	0.0287727	0.0323987	31203.3	35.385	160.865	0.00197758	0.00504564	23055.8	654.568	563.429	0.0246046	0.0228102	14715.5	268.971	268.684	0.0221227	0.0220998	6198.93	221.473	138.156	0.0274485	0.0209396	39598.5	1095.91	869.903	0.020385	0.0202278	
2003-9-15	297	0	1.15055e+15	1.11261e+15	3.21229e+15	3.97049e+07	4.30439e+07	6.63755e+07	1.3184e+08	7.04799e+07	7.43226e+07	709.857	2253.44	3812.04	493207	514342	1.00755e+06	13002.1	293.948	405.413	0.0199565	0.0308931	78048.8	72.464	247.374	0.00135413	0.00387717	75207.4	747.56	1564.31	0.0106456	0.0195912	11901.1	57.741	57.6803	0.00368852	0.00366957	3701.99	80.166	90.0993	0.0248547	0.0250082	100291	933.383	932.4	0.0121974	0.0121849	2572.34	25.119	63.6717	0.0131283	0.0244068	0	0	0	0	0	0	0	0	0	0	116617	206.806	578.172	0.00146951	0.0043098	24205.1	773.273	636.082	0.0334728	0.0287571	21730.4	40.848	110.83	0.00289078	0.00617955	17989.1	294.426	422.01	0.0141281	0.0223407	17293.5	326.112	325.728	0.0130044	0.0129904	3479.85	34.934	71.6917	0.0131508	0.0198854	30549.8	582.815	648.578	0.0165149	0.0219344	
2003-10-15	298	0	1.12871e+15	1.01834e+15	3.25958e+15	4.07536e+07	4.29401e+07	6.7085e+07	1.3136e+08	7.00172e+07	7.45563e+07	778.581	2255.6	3746.8	491704	506622	998326	11671.1	125.912	342.835	0.00965281	0.0294637	75339.4	71.575	220.014	0.00119511	0.00342026	50578.8	707.807	689.702	0.017471	0.0181804	13672.2	50.913	50.8612	0.00278994	0.00278711	4463.98	112.751	124.027	0.0207903	0.0271357	140729	643.63	642.955	0.00670536	0.00669848	2817.3	14.451	64.0223	0.00474059	0.0187001	0	0	0	0	0	0	0	0	0	0	65839.9	162.283	270.066	0.00380574	0.00399381	22763.4	735.031	751.098	0.0321351	0.0373738	12874	9.072	58.23	0.00136726	0.0055468	17253.8	293.219	437.649	0.0140923	0.0242857	17099.8	283.408	283.1	0.0170293	0.0170116	3339.08	53.738	71.8561	0.0169179	0.0201195	32491.2	676.414	762.865	0.0151454	0.0209284	
2003-11-15	299	0	1.10873e+15	9.34198e+14	3.06869e+15	4.16269e+07	4.28025e+07	6.77023e+07	1.30597e+08	6.94565e+07	7.46324e+07	816.987	2399.76	3845.21	490286	499059	989345	6699.35	220.425	179.048	0.0317235	0.026775	73743.3	26.566	232.592	0.000650354	0.00393191	61372.1	495.231	716.312	0.0118228	0.014307	12011.4	19.371	19.3483	0.00224793	0.00223563	5539.76	149.069	161.194	0.0242218	0.0273622	85036.2	786.186	785.37	0.0117716	0.0117596	1889.72	9.481	44.1326	0.00437217	0.0229771	2	1.967	1.96501	1.00954	1.00852	0	0	0	0	0	74254.3	130.573	260.514	0.00358456	0.00494007	19099.6	682.786	794.539	0.035352	0.0449084	18380.1	31.335	73.5277	0.00293056	0.00617159	17681.2	474.203	525.558	0.0207286	0.0270715	18244.7	314.808	314.478	0.0130121	0.0129987	3105.94	55.491	82.2644	0.0175796	0.0262307	32238.7	1032.03	857.513	0.0246509	0.0249757	
2003-12-15	300	0	1.10087e+15	8.8219e+14	2.89185e+15	4.20233e+07	4.27757e+07	6.79263e+07	1.29795e+08	6.89309e+07	7.49167e+07	846.158	2569.25	4065.49	489050	494659	983709	6638.29	152.639	168.566	0.0190548	0.0260286	86908.4	46.387	310.611	0.000903639	0.00423294	56417.5	248.021	773.726	0.00741249	0.0154506	7902.77	10.277	10.2666	0.0018878	0.00188588	3731.13	143.601	108.685	0.0302532	0.028061	88417.8	905.617	904.663	0.0132005	0.0131869	986.23	26.322	21.659	0.0328036	0.0218189	9	314.927	314.596	30.1826	30.1512	0	0	0	0	0	62178	81.682	252.59	0.00178673	0.00466276	17397.8	533.19	830.57	0.0295479	0.0500671	17744.7	11.068	75.0455	0.000665802	0.00517472	19503.9	445.813	584.86	0.0217389	0.0300282	15820	226.448	226.212	0.0135818	0.0135679	1555.4	42.417	43.6367	0.0392069	0.02607	29389.9	908.542	807.567	0.0260813	0.0263629	
2004-1-15	301	0	1.12641e+15	8.31533e+14	2.8011e+15	4.21339e+07	4.28201e+07	6.8076e+07	1.29257e+08	6.91348e+07	7.53987e+07	870.499	2672.66	4297.07	487525	491590	979115	3311.51	30.291	90.3203	0.00911149	0.0274307	61147.1	96.125	215.014	0.00218745	0.00428208	58293.6	326.602	939.547	0.00685134	0.018199	8971.05	12.191	12.1786	0.00162556	0.00162391	3891.98	153.26	109.941	0.0345666	0.028584	143423	1075.24	1074.04	0.00983377	0.00982361	993.15	16.167	19.5924	0.0142827	0.0202428	17	1615.97	1613.77	94.1228	94.0042	0	0	0	0	0	47765.5	69.521	206.939	0.00240047	0.00572993	11954.2	173.881	527.029	0.0137203	0.0527555	11570.2	5.216	63.7657	0.000587369	0.00505821	23030.5	392.363	700.754	0.0168976	0.0258302	12955.3	105.706	105.598	0.00827925	0.00827081	2453.9	81.888	65.1041	0.0286987	0.0268489	22685.9	715.097	636.602	0.0228211	0.0258191	
2004-2-15	302	0	1.13256e+15	7.74966e+14	2.69395e+15	4.1796e+07	4.28117e+07	6.81792e+07	1.29119e+08	6.94614e+07	7.60546e+07	852.497	2752.71	4446.66	487840	494570	982410	3888.15	39.366	119.347	0.00844367	0.0293696	47850.7	14.072	169.541	0.000807139	0.0045366	36729.8	166.199	562.074	0.00818236	0.0180355	7386.91	7.057	7.04984	0.00155112	0.00154955	3881.35	117.989	106.044	0.0265579	0.0270397	106936	308.65	308.334	0.00639287	0.00638636	1996.69	23.94	39.7498	0.0171419	0.019792	13	583.851	583.235	42.1806	42.1364	0	0	0	0	0	30281.3	9.059	130.251	0.00216109	0.00567874	10050.7	137.136	413.015	0.0136083	0.0436239	7007.02	7.382	50.5521	0.000991718	0.00667921	20253.2	194.163	539.425	0.0110642	0.0245374	17802.9	101.954	101.85	0.00544181	0.00543627	1836.73	19.265	45.105	0.0177227	0.0249459	17566.6	298.593	444.303	0.0156353	0.0233398	
2004-3-15	303	0	1.10945e+15	7.06694e+14	2.50762e+15	4.11409e+07	4.28261e+07	6.81404e+07	1.29408e+08	6.98074e+07	7.63683e+07	811.658	2759.36	4504.89	487438	497473	984912	8512.89	152.4	255.639	0.0124734	0.0295658	41975.9	29.299	153.074	0.000783161	0.00391322	49866.9	603.938	920.977	0.0160491	0.0193525	9629.43	21.664	21.642	0.00171269	0.00171095	3475.71	43.692	86.3432	0.0134799	0.0252919	88131.7	443.999	443.541	0.0110601	0.0110487	5706.93	88.046	115.141	0.0104381	0.0196192	16	694.774	694.02	41.3613	41.3169	0	0	0	0	0	40750.5	10.481	172.676	0.00147502	0.00502438	12039.9	204.531	446.255	0.0154005	0.0393546	8642.76	59.073	69.2282	0.00785061	0.00738794	21736.3	167.123	444.773	0.00732972	0.0213005	22480.8	129.789	129.655	0.00538138	0.00537589	1429.73	11.584	29.1175	0.00998207	0.0206692	27684.6	235.917	524.465	0.0102517	0.0191135	
2004-4-15	304	0	1.09224e+15	6.55467e+14	2.36119e+15	4.03083e+07	4.28877e+07	6.79202e+07	1.29668e+08	7.0144e+07	7.63836e+07	778.683	2659.87	4443.61	486476	500910	987386	20895.7	1016.45	509.126	0.0314422	0.0256494	43334.1	49.478	163.086	0.00225833	0.00505532	70951.7	1024.05	1351.89	0.0119298	0.0199295	11177.3	38.905	38.8655	0.00391222	0.00390824	4285.79	69.678	103.171	0.0175982	0.0236906	96911.8	986.829	985.808	0.011966	0.0119538	7591.39	105.562	142.173	0.00931791	0.0189074	7	98.17	98.0691	13.8269	13.8127	0	0	0	0	0	34807.1	8.534	154.353	0.000810414	0.00524913	14066.2	276.607	468.998	0.0190113	0.0347084	3560.04	22.716	26.5198	0.00415361	0.00690982	21856.5	231.762	420.35	0.0098371	0.0191496	20921.1	156.784	156.622	0.0064057	0.00639914	342.792	4.114	6.36526	0.0119121	0.0185369	30480.3	336.773	548.33	0.0117255	0.0201105	
2004-5-15	305	0	1.08023e+15	6.40816e+14	2.23089e+15	3.9583e+07	4.29391e+07	6.74924e+07	1.30228e+08	7.04427e+07	7.61485e+07	760.795	2536.33	4279.4	484733	503756	988489	31626.8	1215.98	748.365	0.0427433	0.024483	15357.4	28.052	62.5351	0.00216126	0.00495988	120352	1467.3	2636.66	0.0152472	0.0217777	13900.3	85.692	85.6047	0.00585784	0.00585188	3903.83	44.184	94.4682	0.0136503	0.0234597	114801	1451.64	1450.13	0.0161023	0.0160858	5569.72	90.167	85.626	0.012121	0.0163209	3	10.908	10.8969	3.61205	3.60838	0	0	0	0	0	38276.9	49.748	154.052	0.00523757	0.00458219	12711.8	376.937	384.793	0.0260266	0.0318275	4754.44	20.424	23.7695	0.00678016	0.00557637	27064.4	284.571	578.818	0.0102061	0.0200682	22901.5	251.715	251.449	0.0114719	0.0114601	2526.4	37.509	48.2124	0.015522	0.0229027	26858.1	387.975	521.323	0.0124527	0.0184833	
2004-6-15	306	0	1.0583e+15	7.289e+14	2.26374e+15	3.88935e+07	4.29873e+07	6.68582e+07	1.30981e+08	7.06231e+07	7.56526e+07	741.253	2449.07	4108.78	483192	507064	990257	14990.5	1185.95	398.584	0.0316975	0.0272562	39080	184.229	156.126	0.00480491	0.00405606	134843	1903.97	2904.32	0.0123136	0.0199712	11905.3	161.652	161.486	0.012294	0.0122814	3712.64	139.683	93.4229	0.0259622	0.0246154	117056	1954.47	1952.42	0.0205082	0.020487	0	0	0	0	0	0	0	0	0	0	0	0	0	0	0	41716	199.926	242.302	0.00353259	0.00620141	15353.5	562.104	432.302	0.0312302	0.0294879	8382.58	30.393	41.5397	0.00690982	0.00480347	24183	674.231	478.262	0.0264083	0.0199818	23733.9	264.863	264.586	0.0129028	0.0128895	2803.63	68.231	51.8741	0.0320147	0.0182091	27387.9	1015.72	535.799	0.0268889	0.0217037	
2004-7-15	307	0	1.0842e+15	8.66601e+14	2.46818e+15	3.85442e+07	4.30172e+07	6.64154e+07	1.31295e+08	7.05707e+07	7.5022e+07	695.842	2393.22	3988	481492	510361	991853	29877.6	1398.33	810.708	0.0350565	0.0304492	82422.6	479.239	324.806	0.00542073	0.0042472	140345	2268.47	2294.86	0.0137268	0.0186474	12771.3	195.636	195.433	0.0113178	0.0113062	4423.53	180.971	118.065	0.0285477	0.0260787	125708	2002.62	2000.5	0.0190758	0.0190562	3757.68	66.968	83.3955	0.010093	0.0224915	0	0	0	0	0	0	0	0	0	0	115764	1078.99	497.119	0.00885122	0.00547804	25141.9	437.105	657.165	0.0216083	0.0255132	21524.1	75.317	96.3696	0.00589142	0.00477418	23652.5	724.106	435.552	0.0295867	0.0196271	22971	251.096	250.835	0.0131082	0.0130947	2054.64	62.219	33.7039	0.0339317	0.0157258	34448.4	1043.56	644.58	0.0325509	0.0191261	
2004-8-15	308	0	1.15208e+15	1.06593e+15	2.90702e+15	3.87636e+07	4.29523e+07	6.61305e+07	1.31367e+08	7.03258e+07	7.45092e+07	647.444	2310	3876.38	480497	503454	983951	27832.8	918.836	893.94	0.0310932	0.0311217	94651.9	324.527	333.079	0.00342485	0.00398482	117529	2130.8	1910.01	0.0142261	0.0164038	11030.7	132.418	132.283	0.0101793	0.0101689	4415	196.95	115.547	0.0396873	0.0254701	146067	2171.45	2169.15	0.0171693	0.0171516	2626.52	75.325	69.9146	0.0147401	0.0257781	0	0	0	0	0	0	0	0	0	0	68491.9	1037.04	294.647	0.0106614	0.00545629	26887.3	321.328	646.933	0.0151292	0.0229478	29386.3	161.38	150.35	0.00573462	0.0055444	23834.6	785.573	566.519	0.0237705	0.021711	23366.7	210.748	210.529	0.00982651	0.0098164	2880.5	88.789	51.2616	0.0320971	0.0198721	37976.3	1388.56	1061.3	0.0303489	0.0230269	
2004-9-15	309	0	1.12708e+15	1.15392e+15	3.19404e+15	3.96826e+07	4.29451e+07	6.65853e+07	1.31347e+08	7.0099e+07	7.44736e+07	677.655	2178.3	3721.78	480864	497002	977866	8656.93	360.843	265.574	0.0331752	0.0308115	75246.7	190.716	242.117	0.00273692	0.00357629	85387.8	975.05	1451.6	0.0102542	0.0165139	11701.8	92.509	92.4147	0.00704179	0.00703463	3641.6	85.362	95.3168	0.0253127	0.0260465	123653	1159.37	1158.15	0.011758	0.0117459	2274.15	13.175	54.95	0.00377257	0.024166	2	0.09	0.0899082	0.0409091	0.0408675	0	0	0	0	0	75504.2	721.162	361.561	0.00645369	0.00477989	15367	295.66	368.305	0.0156653	0.024549	23790	51.706	106.501	0.002775	0.00526092	33174.9	561.71	731.025	0.0152576	0.0215617	16980.5	171.693	171.51	0.0121376	0.0121251	2653.91	58.61	54.8731	0.0215298	0.0217502	29991.4	650.808	668.649	0.0259149	0.0225984	
2004-10-15	310	0	1.12599e+15	1.09495e+15	3.37007e+15	4.09673e+07	4.28686e+07	6.73638e+07	1.31026e+08	6.97432e+07	7.49621e+07	731.808	2145.07	3612.79	481532	488012	969544	5367.12	208.629	154.856	0.0336137	0.0281595	61760.9	176.019	198.156	0.00376769	0.00363136	70963.2	424.928	875.11	0.00688988	0.0142118	8512.61	31.408	31.3761	0.00308675	0.00308361	4239.53	114.565	123.536	0.027706	0.0274412	110653	910.088	909.129	0.0102774	0.0102668	680.32	2.917	15.7779	0.00334524	0.023289	1	0.118	0.11788	0.118	0.11788	0	0	0	0	0	50529.7	154.585	165.784	0.00559334	0.00388428	14972.1	260.163	470.501	0.0162239	0.0377906	10210.2	23.315	56.3095	0.0039444	0.00627846	32807.2	428.659	727.756	0.015536	0.0242957	18906.9	235.413	235.163	0.0149135	0.0148981	2118.53	47.205	48.4295	0.0207735	0.0216081	31294.3	611.415	691.435	0.0171287	0.0235234	
2004-11-15	311	0	1.08936e+15	9.99231e+14	3.12463e+15	4.18829e+07	4.27585e+07	6.80913e+07	1.30138e+08	6.92458e+07	7.50416e+07	769.88	2278.48	3652.61	481686	479481	961167	0	0	0	0	0	65858.9	105.182	205.46	0.00276033	0.00373932	81389	688.553	1081.36	0.00749367	0.0144415	9694.31	22.729	22.7059	0.0038696	0.00386566	3489.44	124.112	102.167	0.0314334	0.0295105	124472	1083.54	1082.39	0.0121364	0.0121151	333.494	1.578	7.33563	0.007087	0.0224918	3	11.587	11.5752	4.22555	4.22126	0	0	0	0	0	52725	102.318	193.775	0.00227887	0.00498555	18384.2	356.944	774.364	0.0201043	0.0401371	16060	42.278	80.8464	0.00368971	0.00537271	22517.9	660.278	614.789	0.0207015	0.0254287	20654.7	218.606	218.381	0.0104839	0.0104732	2012.64	29.017	54.4047	0.0177791	0.0253243	23358.9	808.912	637.666	0.0209344	0.0230799	
2004-12-15	312	0	1.06499e+15	9.23701e+14	2.90615e+15	4.22974e+07	4.26643e+07	6.8256e+07	1.2928e+08	6.87185e+07	7.52473e+07	797.485	2427.97	3862.76	481504	474319	955823	31.19	0	0.848079	0	0	71301.1	147.512	250.82	0.00258011	0.00408856	85297.6	780.722	1287	0.00824222	0.0145628	6760.19	9.719	9.70914	0.00217629	0.00217407	2875.55	154.587	84.3671	0.0484939	0.0282168	132484	1122.84	1121.65	0.0113261	0.0113144	75.1446	0.843	1.64061	0.0113456	0.0218667	7	262.402	262.132	39.512	39.4715	0	0	0	0	0	67496.3	161.577	284.194	0.00227336	0.00601343	16101	272.386	713.336	0.0160983	0.0479178	14232.6	58.6	92.7806	0.00477299	0.00731407	24141.9	736.434	707.58	0.0204577	0.0254678	16779.4	101.21	101.107	0.00862093	0.00861216	1418.25	32.772	37.6799	0.0193517	0.0269771	23480.3	730.461	647.271	0.0207882	0.0225198	
2005-1-15	313	0	1.09292e+15	8.44026e+14	2.79167e+15	4.22876e+07	4.27044e+07	6.84286e+07	1.28926e+08	6.88502e+07	7.57464e+07	820.797	2530.14	4068.7	481665	471413	953078	0	0	0	0	0	95799.2	164.318	329.709	0.00136942	0.00389317	47226.7	257.198	581.171	0.00632606	0.0147909	7896.1	10.832	10.821	0.0018644	0.00186251	6538.17	76.904	185.604	0.0129719	0.0290347	128219	664.109	663.424	0.00806206	0.00805382	386.829	2.763	7.84583	0.0125645	0.0186313	17	740.294	739.491	40.0925	40.0495	0	0	0	0	0	34692.3	78.327	160.162	0.00235715	0.00653832	11899.9	182.935	601.842	0.0153332	0.0510568	20305.6	47.429	159.799	0.00368786	0.00739474	18513	412.862	532.668	0.0188815	0.0263613	13332.3	97.283	97.1832	0.00710123	0.00709397	1592.56	35.582	43.6883	0.022211	0.0281141	19362.3	467.027	548.153	0.0183524	0.026591	
2005-2-15	314	0	1.11148e+15	7.93837e+14	2.67864e+15	4.208e+07	4.28019e+07	6.86012e+07	1.28869e+08	6.92884e+07	7.64881e+07	811.153	2601.13	4211.05	482699	473664	956363	567.412	9.086	18.4438	0.0160131	0.032505	69494.5	106.139	282.75	0.00142528	0.00445805	35000.9	333.804	500.08	0.0107643	0.0153402	10868	18.409	18.3903	0.00233881	0.00233643	7264.36	78.949	200.409	0.0129449	0.0275166	84012	477.166	476.675	0.009588	0.00957821	1476.63	2.763	29.698	0.00188402	0.0200308	9	630.591	629.912	63.46	63.3921	0	0	0	0	0	13899	14.42	61.9335	0.00213749	0.00541123	4649.97	70.317	192.063	0.012414	0.0436367	19964.6	154.833	165.873	0.00296996	0.00710954	17220.9	247.431	499.847	0.0145536	0.0267702	16827.4	115.204	115.086	0.00660848	0.00660174	2101.93	30.925	51.1589	0.00996739	0.024707	21325	326.72	553.29	0.0110419	0.0241576	
2005-3-15	315	0	1.1026e+15	7.36566e+14	2.51833e+15	4.15943e+07	4.28187e+07	6.87388e+07	1.29015e+08	6.96485e+07	7.69641e+07	773.51	2621.78	4277.35	483076	476365	959440	7327.45	134.202	225.103	0.0110774	0.0293048	67176.9	39.113	222.327	0.00213579	0.00455016	30716.7	433.016	356.955	0.0117141	0.0161281	9506.24	16.298	16.2815	0.00167242	0.00167072	6621.06	28.963	159.769	0.00416729	0.0257489	116933	660.123	659.433	0.0119717	0.0119594	2175.34	16.659	44.718	0.00531527	0.0205779	10	422.101	421.647	38.6573	38.6161	0	0	0	0	0	12669.6	3.162	49.4255	0.000750899	0.00468955	6456.78	68.557	233.498	0.00583892	0.038066	19908	41.935	146.902	0.00236461	0.00667125	16126.4	267.628	389.511	0.0138595	0.0227297	18679.5	102.272	102.167	0.0044669	0.00446234	2505.32	15.563	53.3559	0.007582	0.0216331	24284.5	448.59	556.539	0.0140975	0.0220571	
2005-4-15	316	0	1.06333e+15	6.55771e+14	2.30959e+15	4.07891e+07	4.2897e+07	6.84972e+07	1.29327e+08	7.00036e+07	7.69473e+07	763.4	2541.76	4234.87	482799	479556	962355	18572.4	949.629	436.321	0.0364273	0.0265768	52994	149.575	194.402	0.00392937	0.00452045	46358.1	794.697	760.509	0.0153216	0.0180095	10609.1	49.951	49.9001	0.00510517	0.00509997	6405.06	53.066	148.808	0.00835264	0.0240851	155090	1054.51	1053.41	0.0142833	0.0142686	2443.93	29.993	51.2002	0.00838466	0.02117	4	302.102	301.786	74.229	74.1518	0	0	0	0	0	20251.4	3.672	88.9771	0.00209276	0.00483753	5436.4	101.184	180.112	0.0160392	0.0335767	7360.73	108.492	54.0622	0.0144786	0.00639777	17163	386.998	376.999	0.0195915	0.0214032	18654.2	165.154	164.981	0.0075678	0.00756005	1837.06	22.856	37.1101	0.0151064	0.0199623	23130.6	498.455	471.649	0.0165483	0.0178877	
2005-5-15	317	0	1.05876e+15	6.30596e+14	2.18931e+15	3.98184e+07	4.30438e+07	6.79394e+07	1.3019e+08	7.0451e+07	7.66268e+07	761.715	2451.61	4121.42	482148	481666	963813	27508.6	1301.31	639.027	0.0508106	0.0235311	75870.2	613.05	372.895	0.00574653	0.00497837	70089.4	1183.08	1280.74	0.0162316	0.0185257	8968.85	78.155	78.0753	0.0110497	0.0110384	7536.86	176.634	174.146	0.0215686	0.0226802	147815	2159.2	2156.91	0.0212269	0.0212049	1935.52	33.032	42.1208	0.0136088	0.021015	4	16.109	16.0926	3.69092	3.68717	0	0	0	0	0	24926.7	13.478	143.508	0.00281205	0.00545593	11727.3	382.848	361.178	0.0278145	0.0253583	9742.36	96.228	62.5209	0.00788042	0.00574907	22443.2	717.613	491.872	0.0295945	0.0220806	16458.1	224.95	224.708	0.0108299	0.0108188	3099.96	75.925	58.6395	0.0274076	0.0197324	26457.1	764.948	573.272	0.0237231	0.0206144	
2005-6-15	318	0	1.045e+15	6.93769e+14	2.2055e+15	3.8983e+07	4.30364e+07	6.70321e+07	1.30949e+08	7.06505e+07	7.59484e+07	743.948	2427.62	4015.21	481404	484327	965731	18972.8	1380.37	501.45	0.0375914	0.0245472	98782.4	852.012	373.753	0.00674094	0.00405454	79911.8	1584.19	1519.28	0.0175778	0.0190101	9025.47	117.61	117.49	0.0129743	0.012961	7113.2	160.823	163.04	0.0191465	0.0230013	129453	2254.5	2252.13	0.0214262	0.021404	1022.68	5.472	18.7192	0.00597041	0.0217073	0	0	0	0	0	0	0	0	0	0	41115.3	147.567	256.575	0.00529615	0.00538454	16524.6	646.75	464.335	0.0352167	0.0283619	14298.2	171.009	91.9311	0.0110639	0.00549529	20990.7	669.043	380.018	0.0316132	0.0195455	17183.5	212.908	212.685	0.0181272	0.0181085	2779.53	76.754	52.3278	0.0307227	0.0188829	32725.7	896.02	585.049	0.0242709	0.0214263	
2005-7-15	319	0	1.08081e+15	8.61372e+14	2.50021e+15	3.85088e+07	4.29696e+07	6.6317e+07	1.31374e+08	7.05613e+07	7.50466e+07	701.858	2403.68	3969.26	480472	487277	967749	21926.1	1018.89	622.668	0.036107	0.0307339	109800	862.45	414.04	0.00611388	0.00416913	84097.9	1623.57	1492.85	0.0155173	0.0155223	10158.5	163.397	163.226	0.0142306	0.0142159	6602.92	189.881	159.529	0.0269826	0.0238984	103896	2494.71	2492.04	0.020813	0.0207915	763.71	14.782	19.7128	0.0109905	0.022728	0	0	0	0	0	0	0	0	0	0	114797	881.636	719.452	0.00875476	0.0045699	12589.3	223.54	304.143	0.0188926	0.0231943	28923.2	224.745	142.356	0.00700902	0.0052964	23084.4	730.838	440.205	0.0321448	0.0215402	16491.8	197.168	196.963	0.0113127	0.0113011	2231.51	58.364	44.4886	0.0266584	0.0210093	33908.3	1114.7	689.894	0.0313127	0.0224833	
2005-8-15	320	0	1.13964e+15	1.00087e+15	2.89909e+15	3.87484e+07	4.29773e+07	6.61545e+07	1.31582e+08	7.04199e+07	7.44965e+07	649.531	2324.28	3894.5	480191	481488	961678	18868.9	895.416	581.389	0.0316603	0.0328856	78197.4	336.323	306.957	0.00569786	0.00408552	81045.3	1183.11	1641.92	0.0134597	0.0164475	8203.37	130.333	130.198	0.0130736	0.0130603	7274.57	263.123	173.963	0.0242799	0.0230826	113178	2282.95	2280.52	0.0189793	0.0189597	0	0	0	0	0	0	0	0	0	0	0	0	0	0	0	74213.5	1221.68	412.9	0.00899615	0.00407795	15461	416.529	389.042	0.0249126	0.0246281	27260.4	144.933	149.026	0.00550656	0.0052674	21046.1	787.408	473.294	0.0282298	0.0241734	18786.3	208.086	207.87	0.00994307	0.00993283	2778.8	60.953	49.709	0.0238464	0.0202751	33331.7	1171.83	780.574	0.0298008	0.0224235	
2005-9-15	321	0	1.19543e+15	1.09546e+15	3.25947e+15	3.96103e+07	4.29739e+07	6.64898e+07	1.31643e+08	7.02157e+07	7.44078e+07	665.224	2188.93	3735.84	481118	475420	956538	10613.6	368	338.696	0.0309257	0.0321952	86084.8	180.65	351.572	0.00221322	0.00373387	58304.2	555.548	980.983	0.0106077	0.015153	11343.6	140.442	140.297	0.0157894	0.0157733	5779.28	151.579	140.958	0.024614	0.0241192	106535	1336.88	1335.47	0.0136876	0.0136735	2509.97	22.366	60.884	0.00658781	0.024869	0	0	0	0	0	0	0	0	0	0	58266.9	452.188	273.561	0.00546632	0.00439742	15396.1	423.94	403.953	0.0288156	0.0285476	13658.6	55.748	86.6964	0.00392409	0.00582728	21236.1	478.49	480.928	0.0208618	0.0233708	17682	230.708	230.457	0.0106844	0.0106733	2544.7	33.713	51.2659	0.0177299	0.0202472	33505.2	951.79	707.435	0.0252329	0.0222838	
2005-10-15	322	0	1.19365e+15	1.0302e+15	3.31729e+15	4.07623e+07	4.29113e+07	6.72254e+07	1.31155e+08	6.97941e+07	7.45601e+07	723.231	2127.07	3599.33	482361	466777	949138	3413.61	67.1	100.107	0.0193253	0.0296404	78036.5	181.885	270.32	0.00294892	0.00385824	46290.3	292.159	452.035	0.0076894	0.0113792	9545.95	64.053	63.9878	0.011258	0.0112465	6538.14	137.551	168.132	0.020948	0.0259787	72928.1	842.413	841.509	0.00893452	0.00892521	1149.39	4.611	26.5605	0.00351959	0.023624	2	0.044	0.0439554	0.0226247	0.0226017	0	0	0	0	0	68895.1	452.778	326.801	0.00554182	0.00477483	17757.2	628.953	541.339	0.0314939	0.0358698	9476.9	31.698	61.6208	0.00332594	0.00640168	20476	372.395	490.315	0.0148643	0.0226082	18446.7	260.103	259.825	0.0143445	0.0143297	3612.36	56.135	88.3436	0.0278331	0.0230795	34280.4	814.498	756.496	0.0220726	0.0228903	
2005-11-15	323	0	1.17237e+15	9.40937e+14	3.10096e+15	4.17185e+07	4.2867e+07	6.78378e+07	1.30348e+08	6.93436e+07	7.46825e+07	756.753	2236.3	3607.72	483364	458752	942116	0	0	0	0	0	57066.2	114.859	192.371	0.00230648	0.00372754	50273.5	454.37	579.542	0.0116734	0.0152943	9260.75	31.111	31.0794	0.00332848	0.0033251	4811.67	163.596	134.369	0.0249012	0.0273434	84542.8	1184.29	1182.98	0.0139083	0.0138938	610.853	3.009	13.7537	0.00857924	0.0222487	4	3.137	3.13382	0.799	0.79819	0	0	0	0	0	51925.3	188.239	226.378	0.00520516	0.00554256	18740.6	656.287	629.417	0.0284887	0.0402341	8207.34	18.301	53.0714	0.00163283	0.00619104	19542.1	501.768	559.129	0.0144604	0.0255128	19892.6	338.335	337.978	0.0171289	0.017111	4191.37	95.032	113.452	0.0284467	0.024533	25283.5	894.628	647.359	0.0311092	0.0247533	
2005-12-15	324	0	1.17238e+15	8.88658e+14	2.93259e+15	4.21422e+07	4.29205e+07	6.83196e+07	1.29649e+08	6.89367e+07	7.50606e+07	773.619	2382.66	3781.44	483879	454883	938762	0	0	0	0	0	54270.9	78.051	189.74	0.00228098	0.00378505	47436.2	451.892	584.167	0.0101029	0.0152505	9908.6	60.788	60.7254	0.0026954	0.00269264	4223.46	100.542	112.134	0.0181638	0.0275138	80080	907.331	906.374	0.0157789	0.0157627	127.82	1.985	2.82535	0.0221337	0.0215004	8	231.096	230.855	27.8811	27.8523	0	0	0	0	0	36203.9	79.54	162.407	0.00378262	0.00609307	15610.5	341.709	550.69	0.0233475	0.0418746	5174.56	2.061	29.4078	0.000548509	0.0055237	23119.8	545.217	697.445	0.0191262	0.027582	16689.7	265.826	265.549	0.018237	0.0182182	2486.36	44.914	67.679	0.020129	0.0239809	20656.3	692.975	563.274	0.0213329	0.0249973	
2006-1-15	325	0	1.17808e+15	8.10323e+14	2.84311e+15	4.22175e+07	4.30077e+07	6.86199e+07	1.29188e+08	6.90466e+07	7.56924e+07	796.394	2460.17	3968.21	484318	452550	936868	0	0	0	0	0	43709.7	93.552	178.131	0.00254865	0.00434328	37672	219.787	460.397	0.00657157	0.0147556	11678.2	66.045	65.9775	0.00321349	0.00321022	5444.22	116.876	147.858	0.0228075	0.0265328	152917	747.496	746.718	0.0106268	0.010616	176.65	2.468	3.23636	0.00835964	0.0189424	14	807.447	806.566	49.0076	48.9549	0	0	0	0	0	35090.2	76.606	160.88	0.00210773	0.00540115	10215.4	218.623	436.042	0.0222732	0.0470583	4930.78	1.405	29.9764	0.000291941	0.00507452	26549.3	514.403	805.841	0.0187792	0.0288997	13391.6	154.791	154.63	0.00971805	0.00970808	3344.63	56.544	90.7156	0.0171423	0.0259823	28032	867.692	775.868	0.02108	0.0263779	
2006-2-15	326	0	1.16609e+15	7.74042e+14	2.71627e+15	4.19322e+07	4.30758e+07	6.88864e+07	1.29124e+08	6.94847e+07	7.64769e+07	795.66	2514.29	4084.38	485859	455362	941220	0	0	0	0	0	24842.9	12.243	93.2207	0.000930348	0.00467438	27845.5	170.134	338.879	0.00804884	0.0160163	8357.58	36.559	36.5218	0.00610161	0.00609541	5215.34	47.735	132.103	0.00832292	0.0257462	90130.3	600.914	600.291	0.0116197	0.0116078	1043.42	6.431	21.4772	0.0080199	0.0196385	8	488.98	488.46	56.1033	56.0439	0	0	0	0	0	20783.6	4.11	84.3536	0.000902063	0.00503633	8966.26	161.466	346.911	0.0173209	0.0391295	5462.87	3.054	38.8327	0.00172516	0.00756974	19366	314.57	519.639	0.0160668	0.0262735	17170.5	220.918	220.682	0.00844524	0.00843652	2232.12	29.348	52.1038	0.0143984	0.0232503	27034.8	596.463	661.25	0.0189423	0.0230513	
2006-3-15	327	0	1.17009e+15	7.22912e+14	2.59137e+15	4.13275e+07	4.30573e+07	6.89222e+07	1.29076e+08	6.98787e+07	7.70007e+07	748.036	2545.4	4140.96	486711	458194	944905	4818.87	64.474	136.523	0.0123146	0.0266306	9668.62	6.298	32.2083	0.0020465	0.0044582	33487.6	233.982	409.556	0.0107969	0.0168539	11355.7	64.047	63.9817	0.0125262	0.0125134	5398.87	40.628	118.047	0.00970985	0.0231793	106542	1103.28	1101.86	0.0149597	0.0147421	1463.38	10.399	33.6658	0.00476611	0.0207684	12	283.073	282.78	22.2747	22.2517	0	0	0	0	0	33229	13.902	135.854	0.00166585	0.0050952	15852.5	369.509	597.318	0.0211003	0.0339782	6479.3	27.488	47.5742	0.00264091	0.00681256	12031.4	163.235	285.113	0.0135658	0.024108	16769.1	134.137	133.998	0.00606945	0.00606322	2551.13	42.675	48.6372	0.0159857	0.0192045	27227.9	496.352	629.766	0.0173354	0.0223867	
2006-4-15	328	0	1.12974e+15	6.69657e+14	2.39601e+15	4.04543e+07	4.30462e+07	6.85664e+07	1.29482e+08	7.01991e+07	7.6922e+07	715.362	2469.13	4101.26	486651	461847	948497	15319.3	286.263	425.042	0.0132786	0.0262324	20117.7	43.897	76.4168	0.00393125	0.00508011	35572.3	333.751	499.869	0.0124924	0.0183506	15410.6	133.928	133.79	0.0153664	0.0153506	6001.46	43.584	130.107	0.00610644	0.0221981	188984	1237.72	1236.42	0.0158538	0.0158376	1446.94	9.105	34.7267	0.00800037	0.0220443	6	64.148	64.0822	10.8826	10.8714	0	0	0	0	0	24357.4	3.799	101.404	0.000570752	0.00480883	11977.6	241.932	377.678	0.0169864	0.0309612	7175.18	31.354	52.3824	0.00328075	0.00723548	14928.7	313.068	341.145	0.0211156	0.0232041	17499.6	156.361	156.198	0.00573309	0.00572717	2127.16	30.746	39.7282	0.0131837	0.0198938	28099.9	542.6	623.153	0.0168574	0.021202	
2006-5-15	329	0	1.096e+15	6.39224e+14	2.24343e+15	3.96656e+07	4.30746e+07	6.80963e+07	1.3002e+08	7.04365e+07	7.66837e+07	696.583	2331.7	3960.74	485980	465534	951514	20291.7	440.09	503.068	0.0229833	0.0260075	27473.1	169.917	120.758	0.00787232	0.00469344	50249.9	631.564	725.623	0.0154318	0.0177648	15931.5	228.89	228.653	0.0193392	0.0193194	5187.21	129.683	113.186	0.0230465	0.0219697	112144	1665.81	1664.07	0.0204356	0.0204146	1167.02	16.107	24.3464	0.0137097	0.0213166	2	14.507	14.4923	6.96262	6.95555	0	0	0	0	0	20667.9	22.742	130.988	0.00220725	0.00568435	13813.3	353.503	409.976	0.0302077	0.0288991	16998.6	160.955	118.788	0.0110784	0.00700657	16615.2	560.262	394.509	0.025963	0.0221067	17818.6	311.843	311.51	0.012544	0.0125309	2708.99	51.806	48.0404	0.0205091	0.0203551	25612.8	819.187	567.251	0.0316038	0.0212963	
2006-6-15	330	0	1.05192e+15	7.18066e+14	2.2493e+15	3.89289e+07	4.31145e+07	6.73366e+07	1.30686e+08	7.06483e+07	7.61515e+07	673.701	2244.22	3774.95	485138	469220	954358	11487.5	259.98	293.236	0.0120901	0.0275179	48010.5	380.645	208.776	0.00749537	0.00480324	58965.9	834.348	923.585	0.0170452	0.016582	10844.6	315.441	315.112	0.0266855	0.0266581	4433.37	107.75	101.896	0.0224223	0.0229388	105163	2138.6	2136.3	0.0231927	0.0231687	0	0	0	0	0	1	0.04	0.0399587	0.04	0.0399584	0	0	0	0	0	62937.8	332.609	347.671	0.00627104	0.00497364	20064.8	970.531	522.222	0.0459459	0.0274865	33781.3	428.323	195.585	0.013278	0.00623412	18702.9	820	413.557	0.0402363	0.0227057	15767	266.792	266.507	0.0129348	0.0129214	2393.67	76.009	43.0239	0.0302544	0.021082	35083.4	1368.19	716.41	0.0352528	0.0219322	
2006-7-15	331	0	1.08909e+15	8.39175e+14	2.47277e+15	3.86038e+07	4.30772e+07	6.67782e+07	1.31068e+08	7.05723e+07	7.55367e+07	632.282	2181.06	3645.73	484014	473081	957095	7228.11	125.438	198.832	0.0205682	0.0283765	51153.6	275.587	217.068	0.00403045	0.00399972	68729.1	919.062	1100.73	0.0139253	0.0142666	10397.6	337.179	336.827	0.0294858	0.0294553	4607.8	169.476	111.517	0.0378516	0.0242919	110269	2477.22	2474.58	0.025068	0.025042	0	0	0	0	0	0	0	0	0	0	0	0	0	0	0	82568.2	591.498	403.999	0.00739786	0.0048415	21576.7	857.587	516.538	0.0397051	0.0252057	41527.1	651.46	257.252	0.0123791	0.00607761	22939.9	1018.35	549.712	0.042495	0.0232937	16071.2	217.113	216.887	0.0142549	0.0142402	2267.95	74.298	41.4061	0.028279	0.0196784	43466.6	1799.67	910.218	0.0443335	0.0224813	
2006-8-15	332	0	1.14927e+15	1.00131e+15	2.86929e+15	3.8763e+07	4.3084e+07	6.66906e+07	1.31255e+08	7.04608e+07	7.50782e+07	587.589	2093.09	3525.28	483101	468504	951605	7964.98	270.608	237.868	0.0254428	0.0313013	51729.9	154.39	197.649	0.00404839	0.00416381	62312	907.405	1101.42	0.0125522	0.0150641	12090.2	415.355	414.922	0.0258423	0.0258156	4816.23	173.078	111.065	0.0388549	0.0229662	111420	2298.28	2295.82	0.0234111	0.0233869	2296.01	13.515	60.2061	0.00314955	0.0242214	0	0	0	0	0	0	0	0	0	0	79893.7	705.119	403.602	0.00945298	0.00475265	21215.5	697.625	458.89	0.0308279	0.0225089	31890.9	301.642	197.513	0.00767974	0.00608701	18194.5	638.847	457.461	0.0342245	0.0240227	14634.4	276.307	276.009	0.0189434	0.0189237	3224.5	84.821	56.0194	0.0236337	0.0183581	36495.6	1373.68	856.522	0.0267183	0.0223302	
2006-9-15	333	0	1.1439e+15	1.08388e+15	3.17999e+15	3.95168e+07	4.29955e+07	6.69382e+07	1.31284e+08	7.01805e+07	7.49586e+07	627.631	1970.9	3369.51	482826	464070	946896	4076.91	110.71	132.5	0.0170827	0.0332728	48289	108.393	148.068	0.00442151	0.00370637	50888	486.856	776.169	0.0109372	0.015403	9427.91	327.536	327.195	0.0263428	0.0263156	4123.69	127.581	92.6702	0.0296887	0.0228617	104094	1369.95	1368.49	0.0182938	0.0182748	1699.31	6.413	42.0968	0.00296922	0.0251624	0	0	0	0	0	0	0	0	0	0	65206.2	396.366	285.857	0.00527615	0.00459886	19906.4	842.919	446.219	0.0397002	0.0221017	20184.4	54.8	107.372	0.00343838	0.00567892	14801.9	305.989	347.338	0.0246865	0.0241679	15861.9	264.324	264.037	0.0119051	0.0118927	2636.91	41.909	50.5685	0.0173207	0.0198496	26823.6	646.485	613.659	0.0221825	0.0228175	
2006-10-15	334	0	1.10496e+15	1.07792e+15	3.4073e+15	4.05904e+07	4.29532e+07	6.75793e+07	1.31044e+08	6.98457e+07	7.5295e+07	698.42	1959.5	3287.35	482626	457075	939700	1471.05	17.455	43.4062	0.00716999	0.0295744	40607	71.884	112.885	0.00185032	0.00304123	44609.5	321.7	441.829	0.0113866	0.0140159	10270.8	254.925	254.661	0.0243538	0.0243286	4948.08	113.928	130.331	0.0205925	0.0255559	100648	1198.81	1197.55	0.0177261	0.0177079	940.73	2.594	22.6287	0.00257596	0.0240659	0	0	0	0	0	0	0	0	0	0	58892.8	258.528	215.058	0.00530047	0.00430893	13563.6	386.718	359.7	0.0263704	0.027961	15219.4	84.23	83.0866	0.00577951	0.00546937	19305.7	538.756	494.743	0.0239174	0.0260169	16536.8	350.827	350.446	0.0157458	0.0157291	2194.24	36.288	48.4143	0.015775	0.019987	28272.4	817.738	700.138	0.0269605	0.0224915	
2006-11-15	335	0	1.07522e+15	1.00562e+15	3.18797e+15	4.15174e+07	4.2842e+07	6.81363e+07	1.30319e+08	6.94037e+07	7.53594e+07	745.779	2137.28	3381.69	482099	450726	932826	810	7.168	23.431	0.00861855	0.0287856	44524.4	17.202	140.884	0.000473412	0.00296062	43094.8	370.204	429.425	0.00954848	0.0116517	7283.87	213.425	213.2	0.0184813	0.0184622	4258.76	154.094	112.416	0.0356741	0.0265384	98946.4	998.876	997.827	0.0137301	0.0137159	765.88	3.337	17.9344	0.00349409	0.0238166	1	0.024	0.0239757	0.024	0.0239757	0	0	0	0	0	45320.2	64.906	171.41	0.0038422	0.00492543	16160	516.86	487.003	0.036169	0.0300224	23174	19.076	112.575	0.00112587	0.00523207	16779.3	474.845	464.127	0.0257595	0.0286795	17087.2	322.689	322.347	0.018616	0.0185967	2253.57	39.599	59.2027	0.023679	0.0238936	31427.3	950.403	831.128	0.0260437	0.0249301	
2006-12-15	336	0	1.05526e+15	9.20507e+14	2.8994e+15	4.20479e+07	4.27175e+07	6.8285e+07	1.29641e+08	6.88404e+07	7.53469e+07	772.933	2333.13	3660.97	481320	447852	929172	26.61	0.08	0.747444	0.00300639	0.0280888	28852.3	9.508	104.795	0.000565966	0.00384528	35733	384.241	383.693	0.0133854	0.0132672	11107.4	206.707	206.493	0.0140599	0.0140455	1529.38	60.574	41.1656	0.0381664	0.0268657	85181.3	994.034	992.993	0.0150773	0.0150618	385.02	1.597	8.94859	0.00436612	0.0231018	2	36.543	36.5058	17.7331	17.7151	0	0	0	0	0	22249	26.784	96.9815	0.0034805	0.00558933	13033.7	403.047	441.27	0.0311856	0.0342308	28624.1	78.871	176.056	0.00498337	0.00621208	19309.8	564.779	571.051	0.028173	0.029124	15664.8	228.61	228.373	0.0166378	0.0166207	1901.96	30.855	52.1265	0.0147682	0.0286649	32300.2	1136.63	919.418	0.0291656	0.0264547	
2007-1-15	337	0	1.04566e+15	8.45444e+14	2.72179e+15	4.20311e+07	4.2743e+07	6.83551e+07	1.29256e+08	6.89484e+07	7.56654e+07	793.002	2451.77	3922.91	481337	445676	927012	46.19	0.044	1.24276	0.00123177	0.0268652	23749.4	34.517	88.4883	0.00148109	0.00335308	26238.1	236.922	321.514	0.00966246	0.0129977	12080.4	268.747	268.468	0.016976	0.0169585	5663.4	127.717	153.791	0.0249647	0.0272338	95910.9	664.843	664.157	0.0147783	0.0147632	1029.09	15.667	17.3332	0.0157207	0.0189232	5	137.784	137.641	24.7729	24.7473	0	0	0	0	0	37044.6	47.461	172.961	0.00201498	0.00571666	18958.7	541.73	815.782	0.0270309	0.0474623	31463.1	33.216	172.786	0.00302106	0.00731157	22023.2	506.73	671.106	0.0223038	0.0294879	13128.9	221.97	221.739	0.0145588	0.0145438	2075.41	31.796	56.7735	0.0139581	0.0286397	32109.5	766.534	910.318	0.0225114	0.0265975	
2007-2-15	338	0	1.11244e+15	7.84245e+14	2.6662e+15	4.1822e+07	4.28971e+07	6.85029e+07	1.29365e+08	6.946e+07	7.64289e+07	777.098	2519.94	4081.24	482223	448529	930753	116.5	0.142	3.48174	0.0012014	0.0298967	14652	12.85	55.4984	0.00187545	0.00377525	21260.9	104.347	255.756	0.0094553	0.0143877	7294.17	132.478	132.342	0.0153254	0.0153096	4903.35	66.496	120.612	0.0146502	0.0246432	66498.2	467.449	466.963	0.0112228	0.0112113	1165	13.143	17.3162	0.00791808	0.0167209	7	335.199	334.841	44.8485	44.8007	0	0	0	0	0	24824.6	15.573	123.229	0.0010284	0.00637611	15605.7	252.541	565.672	0.0160211	0.0362586	34372.3	149.599	215.499	0.00576983	0.00653696	15433.7	302.727	415.582	0.0207546	0.0273372	13154.2	208.666	208.448	0.0134002	0.0133864	1907.13	22.334	44.9796	0.0115226	0.0227287	27638.1	624.81	698.224	0.01955	0.0225007	
2007-3-15	339	0	1.11344e+15	7.29081e+14	2.53101e+15	4.12158e+07	4.29981e+07	6.84805e+07	1.2961e+08	7.00475e+07	7.67672e+07	720.664	2521.86	4128.61	482794	452094	934888	4095.56	55.182	115.079	0.015155	0.0284666	19853.7	49.908	80.0677	0.00226361	0.00474709	21172.9	148.349	264.515	0.0116178	0.0143172	8152.12	80.292	80.2096	0.00844957	0.00844096	5731.28	78.331	128.119	0.0159239	0.0228878	73779.8	413.236	412.812	0.0104278	0.0104171	1849.37	21.139	32.408	0.00901118	0.0188579	5	176.07	175.888	29.8312	29.8005	0	0	0	0	0	15234	15.621	70.6956	0.00219131	0.00541528	21389.6	450.352	720.003	0.0235027	0.031249	32362	167.148	206.397	0.00487622	0.00617813	17112	267.61	398.374	0.0129738	0.0232782	15138.9	199.255	199.048	0.0106353	0.0106244	2093.86	29.544	40.2443	0.0102826	0.0195427	27639.1	390.37	636.4	0.012928	0.0215825	
2007-4-15	340	0	1.09815e+15	6.59687e+14	2.3501e+15	4.04098e+07	4.30483e+07	6.82759e+07	1.29956e+08	7.04665e+07	7.67665e+07	701.923	2405.72	4042.21	482394	457035	939429	20948.2	253.987	423.324	0.0155271	0.0264843	27572.8	100.642	127.732	0.00399937	0.00492237	19172.1	151.445	221.588	0.0123534	0.0165198	9269.72	93.024	92.929	0.0113588	0.0113472	5793.16	92.931	126.111	0.0116471	0.023922	86856.5	728.268	727.511	0.0109804	0.0109692	1827.72	12.718	33.4677	0.00582793	0.0197733	5	141.505	141.359	29.767	29.7364	0	0	0	0	0	8643.98	6.114	50.8143	0.0012031	0.00632879	17851.2	394.382	496.941	0.0165455	0.0249412	25686.1	274.466	190.692	0.00885093	0.00655671	16035.2	279.651	335.727	0.0153014	0.0226723	17890.4	303.937	303.616	0.0116948	0.0116827	1773.55	27.19	29.6399	0.0123028	0.0166584	21333.4	468.887	427.015	0.0264001	0.0190424	
2007-5-15	341	0	1.07529e+15	6.24608e+14	2.20694e+15	3.9678e+07	4.31155e+07	6.78794e+07	1.30734e+08	7.07886e+07	7.65802e+07	688.923	2270.86	3869.94	481606	462494	944100	15193.4	532.995	350.626	0.0299542	0.0271797	34094.5	212.463	144.163	0.00505957	0.0044842	28684.9	304.258	370.238	0.0158819	0.0160298	10003.7	164.351	164.183	0.0186474	0.0186284	6011.29	114.667	128.733	0.0121818	0.021305	151144	1253.29	1251.96	0.0137439	0.0137297	784.28	7.983	18.8785	0.0117229	0.0238508	5	23.984	23.9596	4.61366	4.60897	0	0	0	0	0	24760.7	19.373	126.455	0.000875467	0.00538262	18011.9	657.823	487.147	0.0373421	0.0248492	30368.7	207.374	192.646	0.00494051	0.0064696	18044.4	378.392	350.213	0.0151101	0.021026	15738.5	388.562	388.147	0.0187574	0.0187378	2173.06	36.447	34.6989	0.0171096	0.0167542	26066.8	411.922	497.634	0.0153312	0.019463	
2007-6-15	342	0	1.08001e+15	6.89527e+14	2.23327e+15	3.88634e+07	4.31791e+07	6.71102e+07	1.31419e+08	7.08973e+07	7.59686e+07	671.723	2216.53	3697.18	480437	467920	948357	13772.4	406.499	371.913	0.0248093	0.0290275	36677.4	92.68	148.016	0.00349866	0.00410433	41750.8	542.504	612.985	0.0180529	0.017789	9356.12	284.784	284.488	0.0294536	0.0294234	5208.94	118.819	114.921	0.0207918	0.0218914	94742.2	1619.18	1617.49	0.0191741	0.0191543	419.57	2.495	10.3711	0.00485035	0.0232392	1	0.167	0.166831	0.167	0.166831	0	0	0	0	0	38870.9	148.094	184.625	0.00419263	0.00477099	23466.7	1021.9	604.096	0.0338031	0.0239081	22252.4	359.8	169.969	0.0123257	0.00699604	19736.2	501.561	403.455	0.0228459	0.0216123	14541	381.622	381.208	0.0239919	0.0239666	2021.67	53.991	31.9427	0.0261293	0.0167915	25378.1	679.695	492.73	0.0208443	0.0189824	
2007-7-15	343	0	1.13232e+15	8.92265e+14	2.54843e+15	3.84233e+07	4.31551e+07	6.64466e+07	1.31872e+08	7.0846e+07	7.51584e+07	639.826	2172.58	3615.98	479148	473298	952446	9225.78	339.015	270.866	0.0301133	0.0311238	47831.7	237.795	179.095	0.0040847	0.00401234	47943.5	754.934	836.328	0.0171246	0.0173962	9481.88	307.41	307.083	0.0230655	0.0230415	6239.34	138.355	144.868	0.0199586	0.0226024	98378.2	1827.37	1825.43	0.0221071	0.0220842	0	0	0	0	0	0	0	0	0	0	0	0	0	0	0	63986.6	528.12	279.888	0.00701015	0.00499905	24357.2	990.441	625.923	0.0372608	0.0258421	34048.2	361.345	238.429	0.00678635	0.00627534	17923.9	584.167	386.096	0.0300965	0.0262205	17542.4	510.459	509.874	0.0286725	0.0286421	3335.39	86.36	61.4429	0.0245879	0.0177841	28246.1	782.302	642.641	0.0279693	0.0222044	
2007-8-15	344	0	1.22807e+15	1.10872e+15	3.05084e+15	3.87921e+07	4.31727e+07	6.62751e+07	1.32051e+08	7.07112e+07	7.45773e+07	589.421	2106.04	3529.41	478408	470390	948798	7084.11	147.357	256.964	0.0227232	0.034085	55221	157.638	190.471	0.00289111	0.00397585	51288.5	899.383	886.962	0.019217	0.0181652	8132.34	230.489	230.236	0.0162114	0.0161946	5977.75	149.343	136.891	0.0197973	0.0228082	100988	1777.58	1775.7	0.0216997	0.0216772	3430.08	51.685	71.6153	0.0113342	0.023626	0	0	0	0	0	0	0	0	0	0	48781.4	510.116	217.596	0.0103496	0.00441894	21640.6	973.542	533.047	0.0477979	0.0232975	35662.8	158.019	199.716	0.00387239	0.0058117	14382.9	407.291	321.589	0.026014	0.0259929	15383	473.018	472.501	0.0241779	0.0241521	2756.38	62.414	51.1964	0.0184192	0.0217409	19759.8	527.079	467.602	0.0268096	0.0244034	
2007-9-15	345	0	1.28564e+15	1.13719e+15	3.37218e+15	3.98418e+07	4.32022e+07	6.67444e+07	1.31964e+08	7.04967e+07	7.44474e+07	624.305	1991.05	3391.03	478350	466188	944539	4263.52	88.871	146.412	0.0233777	0.0342194	49047.2	205.506	175.009	0.00506449	0.0038953	42409.9	584.883	611.438	0.0208269	0.0197795	7105.49	130.335	130.202	0.0237973	0.023773	4830.78	104.469	115.404	0.0171032	0.0233675	97778.4	1548.53	1546.88	0.0166292	0.0166118	1950.11	23.685	39.6298	0.0135784	0.0186236	0	0	0	0	0	0	0	0	0	0	46369.8	359.145	224.068	0.00858204	0.00476513	20935.4	870.317	565.059	0.0385435	0.0279037	20061.6	33.309	101.009	0.00126172	0.00534654	15148.9	395.002	342.435	0.0259959	0.0259698	15289.9	390.183	389.733	0.0192414	0.0192207	2401.06	35.434	50.0497	0.0138732	0.0202433	24796.2	744.729	580.325	0.0277994	0.0239939	
2007-10-15	346	0	1.24296e+15	1.02477e+15	3.45661e+15	4.10928e+07	4.31806e+07	6.77229e+07	1.31503e+08	7.00818e+07	7.48525e+07	686.317	1960.81	3307.53	478413	459972	938385	3647.2	66.161	116.415	0.0127936	0.0318281	40623.2	85.253	134.883	0.00336168	0.00365773	39378.6	351.953	400.176	0.017419	0.013489	7096.62	50.646	50.5945	0.0146108	0.014596	6642.9	92.398	175.301	0.0129417	0.0254486	92141.3	1250.79	1249.48	0.0173933	0.0173753	651.827	4.548	13.264	0.00648897	0.0204129	0	0	0	0	0	0	0	0	0	0	54589.1	292.805	217.042	0.00757176	0.00444566	20512.7	758.058	568.476	0.0280165	0.0311375	19888.8	71.973	114.469	0.0056043	0.00595414	5691.7	85.751	157.564	0.0157394	0.0273407	16960.3	302.825	302.498	0.0178071	0.0177885	1991.45	16.974	49.0664	0.00850401	0.0246857	14644.6	329.091	332.258	0.0238372	0.0232891	
2007-11-15	347	0	1.23094e+15	9.26419e+14	3.18296e+15	4.20691e+07	4.32186e+07	6.85259e+07	1.30653e+08	6.96609e+07	7.52354e+07	730.8	2112.92	3362.22	477724	454747	932471	411.576	27.244	12.1937	0.0661943	0.0296267	35045.5	27.134	118.261	0.000924828	0.00377513	37654.8	480.847	385.273	0.0164202	0.0133061	6073.03	44.556	44.5107	0.0120011	0.0119889	5583.9	104.456	159.021	0.0181828	0.0277379	74391.1	1172.84	1171.58	0.0186039	0.0185846	995.939	3.933	23.4387	0.00393784	0.0240566	2	0.131	0.130867	0.0649502	0.0648844	0	0	0	0	0	55752.5	103.541	210.863	0.00534725	0.00534115	24111.5	731.088	733.497	0.0283843	0.0346812	15773.5	23.342	99.0129	0.00163939	0.00669889	978.768	19.657	33.3686	0.0198092	0.0338111	18505.1	341.538	341.179	0.0184947	0.0184756	1650.64	30.126	45.2499	0.0169052	0.0276961	12427.9	189.003	313.648	0.0174017	0.0265135	
2007-12-15	348	0	1.26066e+15	8.79911e+14	3.04598e+15	4.26091e+07	4.3352e+07	6.92165e+07	1.3e+08	6.94405e+07	7.56597e+07	763.805	2285.71	3605.12	477197	452415	929612	0	0	0	0	0	19304.9	20.795	60.7318	0.00132778	0.00396682	31010.5	417.195	353.069	0.0155656	0.0145858	4855.57	42.063	42.0202	0.0154541	0.0154384	4753.21	127.193	138.28	0.0282351	0.0286188	95222.6	1220.5	1219.19	0.0154119	0.0153959	322.47	2.062	7.59126	0.00639288	0.0234546	2	50.528	50.4763	24.2611	24.2364	0	0	0	0	0	50875.9	72.485	206.586	0.00185193	0.00469251	17757	508.373	608.659	0.0276311	0.0394863	9842.44	1.07	59.5174	0.00039495	0.00659196	8295.49	240.579	282.28	0.0247194	0.0325926	14064.6	222.147	221.915	0.0174505	0.0174326	1749.14	33.674	50.4651	0.0202358	0.028794	29319.9	732.741	889.672	0.0234656	0.0281753	
2008-1-15	349	0	1.26454e+15	8.30177e+14	2.95059e+15	4.27725e+07	4.35334e+07	6.96312e+07	1.2952e+08	6.95887e+07	7.64906e+07	795.216	2409.47	3850.57	477061	451756	928817	0	0	0	0	0	15060	20.909	63.6254	0.00107404	0.00484943	34371.7	274.722	430.807	0.00808138	0.0149771	4982.03	27.576	27.548	0.00968653	0.0096767	5572.82	61.165	158.796	0.00815535	0.026305	99963.6	638.55	637.888	0.0118978	0.0118857	189.13	2.3	4.28587	0.0266464	0.021718	4	352.306	351.932	86.441	86.3501	0	0	0	0	0	24953.1	16.835	103.699	0.00130046	0.00450199	10383.1	203.343	399.318	0.0150718	0.0391946	7886.82	0.357	49.5359	0.000100724	0.00622179	17570.6	405.041	587.428	0.0229426	0.0317263	13352.9	177.72	177.537	0.0125975	0.0125846	977.232	9.227	27.9853	0.0101673	0.0286313	49134.1	1776.61	1465.2	0.0231646	0.0278347	
2008-2-15	350	0	1.29474e+15	7.82081e+14	2.84506e+15	4.26608e+07	4.37367e+07	7.01037e+07	1.29477e+08	7.01271e+07	7.75055e+07	795.792	2509.84	4038.37	477546	455514	933060	0	0	0	0	0	17879.4	31.382	86.5182	0.00286667	0.0057456	29818	125.006	353.08	0.00927501	0.0159911	5799.35	26.289	26.2623	0.00522888	0.00522357	5782.96	63.444	145.419	0.0146411	0.0251352	114244	537.007	536.455	0.0110344	0.0110231	407.174	7.295	8.04616	0.0224357	0.0195229	5	388.049	387.603	65.7087	65.6342	0	0	0	0	0	17805.5	3.65	79.727	0.00106295	0.00534882	19912.7	474.274	796.092	0.0215312	0.0399943	13518.9	46.885	96.1389	0.00276578	0.00683169	18116.9	379.948	495.758	0.0235017	0.0275239	14699.5	195.526	195.322	0.0125937	0.0125807	1412.26	10.789	33.0963	0.00840109	0.0232387	43150.7	1575.48	1131.33	0.0207753	0.0272617	
2008-3-15	351	0	1.25005e+15	7.45354e+14	2.69994e+15	4.22573e+07	4.38074e+07	7.02324e+07	1.2949e+08	7.05999e+07	7.81101e+07	763.184	2559.51	4151.61	477523	460480	938002	1779.27	17.303	52.9741	0.00842776	0.0290378	11843	19.039	78.5723	0.0019118	0.00694531	21793.2	188.778	270.665	0.01444	0.0169257	7840.8	30.583	30.5519	0.00416317	0.00415894	6173.19	40.024	131.969	0.0079485	0.0222226	69116.7	360.801	360.432	0.00925253	0.0092431	653.55	3.321	14.6223	0.00515951	0.0209946	5	394.202	393.771	66.7618	66.6899	0	0	0	0	0	10105.9	1.845	49.2109	0.00101345	0.00513332	11429.8	151.817	409.89	0.0117378	0.0339856	21503.1	51.091	165.82	0.00418459	0.00755669	20969	310.349	495.56	0.014844	0.0238696	10801.8	126.515	126.383	0.0091733	0.00916389	1471.75	6.297	27.9801	0.00368439	0.0182155	36610.8	1368	890.061	0.0189013	0.0241595	
2008-4-15	352	0	1.22888e+15	6.86372e+14	2.51706e+15	4.16074e+07	4.38102e+07	7.01383e+07	1.2994e+08	7.10077e+07	7.84094e+07	745.582	2505.1	4153.88	476792	465509	942301	8690.41	136.6	208.863	0.0135343	0.0267076	10735.3	109.729	75.9315	0.00540633	0.00675651	20676.9	205.23	234.722	0.0191126	0.0157331	7587.07	53.6	53.5455	0.00671733	0.0067105	5676.7	79.251	116.159	0.0136589	0.0196951	93842.2	450.441	449.978	0.0109358	0.0109246	647.29	2.667	16.1215	0.00627453	0.0243518	6	112.676	112.56	14.9039	14.8886	0	0	0	0	0	4734.54	0.34	30.5388	0.000949319	0.0056381	17296.9	454.697	572.465	0.0239302	0.0318028	18939	298.101	141.893	0.00668418	0.00719227	20552.4	380.293	436.262	0.0180244	0.0225397	13755.4	183.981	183.788	0.00961708	0.00960719	1071.18	14.143	19.3048	0.0123957	0.0169199	65858.3	1738.59	1301.65	0.0274495	0.0213339	
2008-5-15	353	0	1.18679e+15	6.88317e+14	2.39814e+15	4.07334e+07	4.38422e+07	6.95782e+07	1.30591e+08	7.12702e+07	7.81886e+07	723.178	2413.92	4060.09	475604	468764	944368	12608	251.351	317.495	0.0155318	0.0261909	27209.5	334.78	189.106	0.00700413	0.00617805	30762.9	440.04	374.766	0.0250661	0.0158928	8280.95	143.173	143.027	0.0153774	0.0153617	6040.91	92.842	118.609	0.0128874	0.020011	80871.5	1057.91	1056.81	0.0174657	0.0174478	1928.57	12.631	41.3933	0.00498018	0.0234137	3	2.925	2.92203	0.946516	0.945556	0	0	0	0	0	22329.1	17.233	122.505	0.00104655	0.00566939	22935.9	643.734	708.488	0.0255588	0.0279771	25716.1	355.118	187.994	0.00517853	0.00723413	20465.3	513.725	415.833	0.0226983	0.0217444	15196.8	175.908	175.726	0.00924309	0.00923361	1473.85	18.208	24.7228	0.0128699	0.0163428	149702	3001.79	2212.41	0.00818249	0.0200372	
2008-6-15	354	0	1.16173e+15	7.587e+14	2.38899e+15	3.99704e+07	4.38706e+07	6.88375e+07	1.31324e+08	7.15037e+07	7.77113e+07	689.376	2345.72	3921.01	474411	472214	946625	8871.54	508.834	268.253	0.0456833	0.0283681	58230.3	388.855	336.208	0.00534438	0.00563182	26740.6	363.967	378.206	0.0213337	0.0161456	7221.4	147.726	147.572	0.0201838	0.0201633	6672.01	167.333	132.899	0.0254058	0.0196674	76123	1326.19	1324.81	0.0210878	0.0210662	1227.27	6.849	23.7629	0.00898254	0.0220793	0	0	0	0	0	0	0	0	0	0	50216.2	197.96	312.323	0.00225672	0.00590352	18804.8	661.182	566.346	0.0340937	0.0288751	41124.1	143.991	280.165	0.00305008	0.00740921	21853.3	664.64	393.174	0.0228985	0.0210426	18304.5	302.197	301.876	0.0166559	0.0166386	1438.91	46.537	23.2161	0.0298932	0.0158256	157379	2237.35	2353.34	0.00987934	0.0188481	
2008-7-15	355	0	1.19214e+15	8.61653e+14	2.58993e+15	3.96091e+07	4.38551e+07	6.82387e+07	1.31869e+08	7.15421e+07	7.71078e+07	647.194	2260.08	3800.62	472947	475838	948785	12004.1	449.483	388.976	0.0306836	0.0303526	60796.9	166.93	296.684	0.00309226	0.00492086	22923.2	307.745	334.353	0.0184665	0.018037	6981.8	136.458	136.317	0.0231573	0.0231337	7411.23	197.509	150.359	0.0186849	0.019613	88077.2	1560.29	1558.65	0.021918	0.0218953	962.98	19.924	25.786	0.0123786	0.0230421	0	0	0	0	0	0	0	0	0	0	94505.7	507.164	639.436	0.0074792	0.00543759	19043.8	506.548	578.181	0.0345883	0.0276256	41965.6	184.082	267.846	0.00290576	0.00649391	23046.6	721.432	457.711	0.0320147	0.0210633	17150.2	363.339	362.943	0.0224226	0.0223991	811.02	24.126	12.457	0.0246009	0.01512	139067	2425.41	2287.55	0.0112594	0.0193562	
2008-8-15	356	0	1.25193e+15	1.05856e+15	3.00747e+15	3.96664e+07	4.38137e+07	6.79204e+07	1.32262e+08	7.14855e+07	7.65494e+07	608.871	2151.59	3653.12	471708	471455	943163	9000.16	279.895	281.417	0.0289407	0.0318935	61369.4	135.946	287.323	0.00282197	0.00472278	30098.5	385.525	497.366	0.0125244	0.0182841	9067.05	209.189	208.97	0.0159789	0.0159625	7480.38	233.749	144.617	0.0301959	0.0182644	96826.5	1210.5	1209.23	0.0184321	0.0184131	0	0	0	0	0	0	0	0	0	0	0	0	0	0	0	55792.8	483.818	383.641	0.00865885	0.00528536	18542.2	714.74	554.73	0.0365157	0.0279825	28635.9	76.058	183.466	0.00179611	0.00642781	19408	527.288	408.159	0.0255371	0.0226641	16562.3	272.818	272.529	0.016679	0.0166617	1910.86	40.842	28.3921	0.0226803	0.0144523	125436	1887.16	2448.51	0.0104564	0.018397	
2008-9-15	357	0	1.27535e+15	1.13223e+15	3.3481e+15	4.0505e+07	4.38715e+07	6.8381e+07	1.32555e+08	7.14212e+07	7.65163e+07	637.852	2034.26	3479.76	471373	466270	937644	3751.02	111.583	117.187	0.0302382	0.0318544	50857.4	99.564	202.294	0.00235432	0.00421484	32194.8	196.625	439.771	0.0106947	0.0173521	6566.4	101.41	101.306	0.0112886	0.0112771	6526.3	137.34	129.17	0.0168161	0.0205546	88124.1	998.967	997.918	0.0155318	0.0155158	0	0	0	0	0	0	0	0	0	0	0	0	0	0	0	37941	291.593	254.024	0.00621404	0.00581293	14701.2	463.073	448.632	0.0302797	0.0258311	9804.62	40.89	62.3869	0.0022017	0.00624548	18979.3	526.256	363.206	0.025534	0.0217968	17098.2	278.513	278.216	0.0135036	0.0134896	772.908	13.174	15.5189	0.0183311	0.019097	136082	2104.22	2264.8	0.0107836	0.0188934	
2008-10-15	358	0	1.24701e+15	1.0757e+15	3.48733e+15	4.15719e+07	4.39188e+07	6.92244e+07	1.32454e+08	7.12347e+07	7.69839e+07	685.504	2018.3	3389.59	471151	457781	928933	2449.57	48.365	75.1763	0.013296	0.0295124	47811.2	36.842	154.341	0.00130318	0.00359695	34653.9	175.008	384.336	0.0107785	0.0150077	6664.55	62.999	62.9349	0.0169477	0.0169304	5911.63	150.75	133.856	0.0229254	0.0229255	86846.7	795.021	794.183	0.0123215	0.0123088	614.47	2.948	14.572	0.00547119	0.0239385	0	0	0	0	0	0	0	0	0	0	57654	216.814	312.2	0.00445758	0.00509534	17074.1	463.052	521.283	0.0246421	0.0306522	12574.3	12.619	70.5553	0.00158052	0.00557311	20762.8	452.719	498.467	0.0241162	0.0241046	21618	331.369	331.018	0.0184268	0.0184077	1131.1	14.861	26.9816	0.0132338	0.0238134	141429	1667.39	2401.78	0.00973116	0.0184852	
2008-11-15	359	0	1.22495e+15	1.00876e+15	3.37602e+15	4.24307e+07	4.38707e+07	6.9754e+07	1.31875e+08	7.07608e+07	7.70413e+07	723.61	2144.37	3442.53	470404	451707	922111	35.28	0.136	0.990751	0.00385488	0.0280825	40621.6	19.468	127.676	0.000578944	0.00379045	29116	162.922	311.636	0.0117768	0.0139432	5387.34	65.897	65.8295	0.00977754	0.00976757	7493.13	104.465	181.685	0.0148645	0.0234863	79249.9	795.25	794.406	0.0126373	0.0126242	1011.79	14.62	23.425	0.0139972	0.0232821	0	0	0	0	0	0	0	0	0	0	40652.6	41.367	212.869	0.00198922	0.00539365	25120.3	823.811	796.626	0.0344355	0.0374912	11736.9	14.85	65.5983	0.00152295	0.00561571	13884.4	484.111	384.315	0.0228633	0.0272267	18104.1	422.484	422.035	0.0214786	0.0214563	862.842	22.76	23.5958	0.0237708	0.0267167	50828.4	2181.3	935.813	0.030539	0.0210335	
2008-12-15	360	0	1.2462e+15	9.54185e+14	3.11166e+15	4.30226e+07	4.39152e+07	7.02343e+07	1.31316e+08	7.05187e+07	7.74258e+07	741.131	2285.19	3643.91	469531	449520	919051	0	0	0	0	0	33033.7	22.08	126.325	0.000791926	0.00451045	28672.4	196.658	353.949	0.0178646	0.0170406	6920.1	77.885	77.8051	0.0115615	0.0115497	7146.51	205.703	181.271	0.0284302	0.0240867	95632.3	690.522	689.801	0.0145038	0.0144889	114.21	2.276	2.4975	0.0476781	0.020796	4	178.737	178.55	45.2993	45.2524	0	0	0	0	0	19925.1	11.172	92.9221	0.00364632	0.00665005	15279.2	426.835	510.607	0.0307569	0.0384338	12093.2	2.298	69.9681	0.000600618	0.00601272	18192	404.469	544.613	0.0219907	0.0290791	16672.6	263.988	263.708	0.0145147	0.0144997	1297.82	21.677	36.5247	0.0131793	0.0274298	49060.6	1794.05	1159.08	0.0250983	0.0239291	
2009-1-15	361	0	1.21142e+15	8.84154e+14	2.94968e+15	4.33016e+07	4.40977e+07	7.07133e+07	1.3093e+08	7.07607e+07	7.81449e+07	749.672	2373.91	3827.75	469494	449516	919011	0	0	0	0	0	23190.6	22.314	103.494	0.000899531	0.00478297	24975.1	118.985	342.33	0.00969581	0.0174576	5305.94	39.4	39.3599	0.00783759	0.00782962	5997.92	66.431	149.567	0.0147314	0.0234746	73528.2	464.02	463.539	0.0126109	0.012598	340.54	2.378	7.02793	0.0103143	0.0195323	7	281.976	281.674	32.6138	32.5793	0	0	0	0	0	13088.5	11.305	58.2049	0.00139452	0.00569476	12382.9	280.994	469.134	0.0227134	0.0423862	18095	1.189	103.36	7.88223e-05	0.00551557	20072.3	410.01	584.868	0.0211517	0.0283275	14323.4	182.115	181.928	0.0138591	0.0138449	521.4	11.886	13.8943	0.0253162	0.0260996	39823.1	1283.13	954.768	0.0216031	0.025315	
2009-2-15	362	0	1.1912e+15	8.26916e+14	2.80183e+15	4.29032e+07	4.41662e+07	7.08542e+07	1.30882e+08	7.11007e+07	7.88409e+07	732.697	2411.73	3937.57	470336	453586	923922	942.04	4.786	25.793	0.00687216	0.0272795	19968.5	9.106	86.5239	0.00130479	0.00547351	21784.3	80.468	317.835	0.00571768	0.0148931	6605.67	86.247	86.1587	0.011837	0.0118249	5680.14	128.035	128.114	0.0198962	0.0226794	72520.7	273.329	273.049	0.010598	0.0105873	1023.01	9.317	18.3354	0.0063967	0.019834	6	207.491	207.275	30.8656	30.8336	0	0	0	0	0	11428.9	3.583	57.5499	0.000758156	0.00580068	11175.1	167.545	452.427	0.011317	0.037573	19990.5	104.683	133.556	0.00357932	0.00674953	23251	414.093	602.162	0.0216846	0.026486	13406.9	183.821	183.63	0.0133181	0.0133045	830.748	8.345	18.0312	0.00748596	0.0212144	52189	1661.43	1176.49	0.0240629	0.0227369	
2009-3-15	363	0	1.17629e+15	7.60926e+14	2.63855e+15	4.2312e+07	4.42036e+07	7.08458e+07	1.31069e+08	7.14875e+07	7.93449e+07	694.609	2391.49	3946.62	470738	457951	928689	4350.15	108.196	111.115	0.0139875	0.0266088	11875.8	10.704	47.6947	0.00254672	0.0053248	19465.7	72.071	224.953	0.0115792	0.0154319	7789.74	79.574	79.4926	0.0106494	0.0106385	6499.79	90.688	127.127	0.0142479	0.0198088	59858.1	315.593	315.27	0.00864994	0.00864113	788.24	5.939	17.8145	0.00737393	0.0181967	6	70.827	70.7545	9.79998	9.78996	0	0	0	0	0	12935.7	0.696	55.7746	0.00024886	0.00508421	10896.4	161.838	466.978	0.0126009	0.0411496	26034.6	123.473	188.399	0.00616654	0.00663896	24644	495.321	556.741	0.0200947	0.0237946	18254.4	256.068	255.795	0.0110315	0.0110201	1215.35	14.064	20.4564	0.00893232	0.0169849	52129.5	1837.62	1143.25	0.0180569	0.0232752	
2009-4-15	364	0	1.14905e+15	6.93908e+14	2.44635e+15	4.15024e+07	4.41759e+07	7.03587e+07	1.31482e+08	7.18549e+07	7.92548e+07	673.79	2295.07	3856.61	470279	461597	931876	10174.4	227.409	237.01	0.0222042	0.0248377	17920.9	158.767	105.685	0.0069042	0.00568879	12704.9	80.186	190.432	0.011107	0.0160945	12035.8	120.39	120.266	0.0141689	0.0141545	6433.58	75.258	120.111	0.0117782	0.0189267	62728.8	880.62	879.708	0.0172088	0.0171912	777.45	4.524	18.5445	0.00916181	0.0218252	4	37.208	37.1701	8.99886	8.98971	0	0	0	0	0	17245.4	10.814	72.3014	0.00192236	0.00507543	17830.5	539.401	681.389	0.0311307	0.0354288	16862	253.262	125.829	0.0102683	0.0073907	22694.6	603.094	500.125	0.0246301	0.0224063	15211.7	250.024	249.762	0.0162505	0.0162338	677.382	10.6	11.0674	0.0158979	0.0162039	83286	2756.72	1865.74	0.0293669	0.0241463	
2009-5-15	365	0	1.09809e+15	6.86037e+14	2.31635e+15	4.05925e+07	4.41698e+07	6.97459e+07	1.32311e+08	7.2229e+07	7.88923e+07	669.315	2188.92	3707.93	469141	462842	931983	10734.8	394.661	277.384	0.0350589	0.0261837	30925.5	194.862	173.116	0.0063394	0.00560998	25456.9	427.492	455.783	0.0172046	0.0182499	9367.3	135.408	135.269	0.0145179	0.0145031	6935.55	128.775	126.749	0.0171367	0.0183971	95186.8	1465.32	1463.78	0.0175257	0.0175077	768.08	3.428	16.6183	0.00476188	0.0210801	1	0.092	0.0919067	0.092	0.0919067	0	0	0	0	0	22261.7	22.304	134.693	0.0013124	0.00566098	21932.6	679.218	766.3	0.0295387	0.0323332	27243.5	244.588	198.698	0.00597013	0.00682567	24002.8	536.367	505.269	0.0191575	0.0217877	14377.3	285.819	285.517	0.0180016	0.0179829	360.96	7.42	5.67496	0.0180788	0.0155725	190133	2581.35	3629.98	0.00931125	0.0233064	
2009-6-15	366	0	1.05582e+15	7.34649e+14	2.25856e+15	3.98328e+07	4.41368e+07	6.89575e+07	1.32951e+08	7.23629e+07	7.84018e+07	648.413	2138.34	3574.31	467639	463426	931066	11065.6	560.758	314.134	0.0461566	0.0275808	45086.4	354.718	221.291	0.00660804	0.00477766	41018	724.443	666.132	0.0173018	0.0163004	9582.17	225.834	225.598	0.0209552	0.0209337	6956.2	246.579	127.774	0.0430572	0.020256	141058	2111.73	2109.46	0.0215879	0.0215656	1417.26	7.995	26.2904	0.00571745	0.0216858	0	0	0	0	0	0	0	0	0	0	65098.9	385.784	433.132	0.00800729	0.00579144	19108.6	934.057	691.342	0.0504452	0.0358658	29814.3	353.123	207.269	0.00855647	0.00591981	25729.6	755.171	511.044	0.032827	0.0217016	14141.1	334.134	333.779	0.0244984	0.0244728	554.928	18.768	9.58671	0.0313012	0.0158459	205460	3659.34	3706.8	0.011416	0.0220192	
2009-7-15	367	0	1.08446e+15	8.94801e+14	2.50476e+15	3.93216e+07	4.4066e+07	6.81554e+07	1.33519e+08	7.23079e+07	7.75239e+07	614.142	2102.46	3492.46	466327	463920	930247	9565.71	422.108	282.063	0.0453472	0.0274627	47887.8	413.54	190.971	0.00560516	0.00395807	49681.9	901.274	780.381	0.0145606	0.0160294	8164.39	221.534	221.298	0.0226951	0.0226718	6225	223.747	117.942	0.0413949	0.0186526	107666	2503.56	2500.79	0.0229088	0.0228848	0	0	0	0	0	0	0	0	0	0	0	0	0	0	0	83334.7	631.813	540.587	0.00843318	0.00594391	18509.2	534.325	538.407	0.0264514	0.0262187	41835.2	294.647	247.289	0.00678109	0.00542017	25528.4	862.94	540.889	0.033879	0.0220678	14309.7	405.088	404.651	0.028855	0.0288242	550.884	15.923	9.43051	0.0221092	0.0157042	212365	4343.82	4098.08	0.0114485	0.0212157	
2009-8-15	368	0	1.1415e+15	1.03212e+15	2.91695e+15	3.94624e+07	4.40466e+07	6.78901e+07	1.33943e+08	7.22347e+07	7.69339e+07	575.673	2026.11	3410.89	465475	456111	921586	7434.6	192.442	250.881	0.021855	0.030172	62007.4	205.384	213.879	0.0026639	0.00337232	54730.6	777.216	869.741	0.0134785	0.0158151	8826.49	102.364	102.259	0.0133641	0.0133505	6723	161.501	118.25	0.0217422	0.0178772	125118	2187.1	2184.77	0.0211409	0.021119	2422.06	37.79	58.7586	0.0118049	0.0218791	0	0	0	0	0	0	0	0	0	0	89100.4	773.861	551.705	0.0107908	0.00566993	21452.4	946.18	637.933	0.0434019	0.0283473	30955.5	191.645	124.633	0.00629166	0.00464038	27207.9	749.79	496.495	0.0301362	0.0206652	16460	472.955	472.407	0.0259841	0.0259557	314.196	7.123	4.46494	0.0221523	0.014159	221688	4629.34	4052.52	0.0112245	0.0195927	
2009-9-15	369	0	1.16987e+15	1.12154e+15	3.1928e+15	4.02147e+07	4.40101e+07	6.81093e+07	1.34104e+08	7.20473e+07	7.67158e+07	603.314	1923.83	3276.35	465251	448229	913480	4710.1	169.967	147.147	0.0341393	0.032314	65479.5	173.455	210.764	0.00235363	0.00322429	40855.4	390.268	504.75	0.0112646	0.0133615	8037.48	101.411	101.307	0.0156769	0.0156609	6425.04	119.196	121.662	0.0188127	0.0182119	123816	1561.12	1559.44	0.0180986	0.0180799	1056.65	8.167	24.6105	0.00574601	0.0241195	0	0	0	0	0	0	0	0	0	0	60561.9	384.194	382.507	0.00664486	0.00588451	24402	867.661	670.057	0.0350732	0.0248168	17223.2	31.557	78.2372	0.00301208	0.00462193	25930.1	593.218	481.859	0.022467	0.0196546	13611	277.494	277.193	0.0211953	0.021173	324.594	5.269	6.29934	0.0176337	0.0178312	235117	3769.49	3383.7	0.0111993	0.018826	
2009-10-15	370	0	1.103e+15	1.10379e+15	3.31002e+15	4.12102e+07	4.391e+07	6.87921e+07	1.33905e+08	7.16881e+07	7.69667e+07	668.267	1904.4	3198.54	464637	438034	902671	819.2	21.846	23.6506	0.0207022	0.0268116	52299.8	70.048	135.581	0.00193587	0.00295695	43186.4	435.096	413.098	0.00865257	0.0100503	7650.9	106.915	106.805	0.0123029	0.0122903	7020.41	83.815	140.884	0.0115314	0.0200723	97759.1	1565.14	1563.44	0.0152598	0.0152439	555.44	2.215	12.8816	0.00387883	0.0230901	1	0.005	0.00499493	0.005	0.00499493	0	0	0	0	0	52373.4	376.803	218.928	0.00501092	0.00463915	21168.6	674.647	543.42	0.0375626	0.0252804	35678.9	34.458	152.774	0.00173899	0.00417123	25210.9	565.668	564.406	0.0229139	0.0208437	15252.3	317.04	316.699	0.0196995	0.019679	541.236	10.962	11.901	0.023649	0.0219842	235113	2967.23	3306.92	0.00781315	0.0172779	
2009-11-15	371	0	1.0704e+15	1.01035e+15	3.11444e+15	4.21027e+07	4.37523e+07	6.9291e+07	1.33099e+08	7.10414e+07	7.69919e+07	703.477	2049.42	3270.99	463313	429390	892703	0	0	0	0	0	33711.1	32.13	85.1753	0.000847919	0.0027085	45644.7	662.145	518.014	0.0182036	0.012918	6390.91	77.235	77.1561	0.0141423	0.0141279	6247.98	206.926	132.573	0.0281439	0.0203465	87701.7	1358.69	1357.18	0.0176886	0.01767	1172.39	12.464	27.0176	0.00695329	0.0224441	2	0.229	0.228768	0.118959	0.118839	0	0	0	0	0	25347.2	19.25	96.3253	0.00289169	0.00451468	23048.4	574.199	624.602	0.0243579	0.0349164	31049.2	54.998	146.332	0.00182035	0.00398307	22585.7	574.023	561.268	0.0223286	0.0235786	13379.8	342.562	342.189	0.0203328	0.0203115	446.238	9.351	10.5517	0.0188185	0.0239576	201039	2657.03	2846.78	0.00935682	0.0169105	
2009-12-15	372	0	1.04376e+15	9.5076e+14	2.90338e+15	4.26567e+07	4.36844e+07	6.94289e+07	1.32409e+08	7.04759e+07	7.71575e+07	731.171	2216.26	3495.54	461568	423757	885325	0	0	0	0	0	43977.3	49.308	123.641	0.000803332	0.00270171	44676.2	554.563	502.794	0.0124692	0.0116098	5361.3	47.48	47.4315	0.00638244	0.00637594	5828.77	98.004	122.102	0.0184656	0.020386	82509.1	1371.33	1369.84	0.0166756	0.0166581	300.48	2.963	6.67568	0.00959509	0.0220566	2	76.337	76.2585	36.7439	36.7063	0	0	0	0	0	30820.2	16.16	130.378	0.00252225	0.00502964	21110	411.829	678.105	0.0253828	0.0368745	40776	74.655	174.706	0.00241882	0.00389523	21366.1	388.882	546.751	0.0150001	0.0230938	12041	241.14	240.887	0.0175269	0.0175088	555.804	11.125	13.1631	0.0177814	0.0238092	247719	2898.16	3111.02	0.00978924	0.0181582	
2010-1-15	373	0	1.06932e+15	8.73887e+14	2.79239e+15	4.26543e+07	4.36716e+07	6.95765e+07	1.32077e+08	7.05806e+07	7.74882e+07	755.264	2314.53	3723.65	460087	421779	881867	142	1.061	3.23051	0.00616149	0.0241682	34166.8	23.969	98.9048	0.000931348	0.00334348	39703.7	355.913	371.752	0.00834452	0.0110964	6030.93	89.081	88.9896	0.0103719	0.0103613	11834.2	128.336	235.727	0.0143998	0.0192837	98367.1	1357.8	1356.33	0.014998	0.0149823	474.37	2.438	8.69794	0.00456793	0.0189915	3	395.239	394.802	129.687	129.547	0	0	0	0	0	14612.9	8.737	64.9088	0.000895354	0.00520216	20799.6	397.987	780.721	0.021647	0.0387336	40372	89.837	175.818	0.00269203	0.00467037	20369.9	344.076	528.589	0.0219547	0.0247071	15132.8	219.823	219.592	0.0111399	0.0111283	199.116	2.716	4.43906	0.0164313	0.0225782	77681.9	2056.57	1381.27	0.0185045	0.0192002	
2010-2-15	374	0	1.05246e+15	8.23183e+14	2.66052e+15	4.23908e+07	4.37229e+07	6.95866e+07	1.32002e+08	7.09986e+07	7.79564e+07	739.605	2392.97	3868.77	460118	425129	885246	3666.52	53.23	78.9669	0.00984512	0.0214416	17734.2	12.697	46.3337	0.000860399	0.0031693	17685.6	108.03	176.849	0.0071279	0.0121103	5077.12	34.187	34.1522	0.00565287	0.00564712	8826.28	78.144	159.78	0.0106935	0.0176101	99909.2	749.302	748.508	0.0099795	0.00996919	814.82	5.741	14.3662	0.00602524	0.0181814	4	82.93	82.8448	19.1755	19.1558	0	0	0	0	0	14918.9	11.986	64.9952	0.00112831	0.00584445	12886.2	182.911	452.982	0.0122423	0.0352648	43186.2	62.068	196.028	0.00120557	0.00440011	16043.7	232.728	339.531	0.0154961	0.0218043	12372.7	174.579	174.396	0.0111979	0.0111863	607.194	4.865	12.1548	0.00637499	0.0191312	62015.6	1570.89	1116.68	0.0149294	0.0195468	
2010-3-15	375	0	1.06279e+15	7.47871e+14	2.50179e+15	4.17442e+07	4.36638e+07	6.94015e+07	1.32094e+08	7.13127e+07	7.81731e+07	719.419	2407.45	3933.09	459693	428993	888686	10524.7	84.269	252.224	0.00526933	0.0256655	15907.3	6.807	40.0108	0.000705243	0.00301031	12236	118.369	143.43	0.0122551	0.013918	6533.35	35.352	35.316	0.00784546	0.00783746	9369.13	76.018	146.54	0.0078083	0.015797	121743	539.192	538.628	0.010075	0.0100647	1100.18	5.434	23.4074	0.00702877	0.0190064	6	12.722	12.7091	2.00779	2.00575	0	0	0	0	0	10171.8	2.091	42.5564	0.000278145	0.0047348	7664.45	75.345	262.991	0.0112381	0.0352803	29403	215.529	172.91	0.00261123	0.00489774	14995.7	181.487	288.741	0.0138211	0.0196799	16804.8	219.839	219.61	0.0159738	0.0159574	490.77	4.263	7.59315	0.00906601	0.0154047	62298.3	1238.31	1156.57	0.0119992	0.0181406	
2010-4-15	376	0	1.05612e+15	6.91004e+14	2.34031e+15	4.09945e+07	4.37354e+07	6.9155e+07	1.32642e+08	7.17293e+07	7.80472e+07	733.524	2341.56	3910.12	458759	432623	891382	11766.2	131.873	267.911	0.0106128	0.025428	13515.7	44.355	46.8299	0.00376767	0.00372313	9207.54	128.068	136.143	0.013566	0.0142048	8172.23	44.163	44.1181	0.017173	0.0171555	9838.53	117.48	150.63	0.0114521	0.0152274	110635	1252.21	1250.86	0.0147213	0.014706	912.59	4.646	20.8783	0.0052947	0.0197668	4	36.678	36.6406	8.33119	8.32271	0	0	0	0	0	9268.2	4.193	39.7064	0.00108849	0.00498	12889.2	288.624	350.387	0.0258331	0.0233798	23754.6	141.095	143.283	0.00226994	0.00479297	29428	638.758	572.278	0.015355	0.0201358	17351.6	262.11	261.834	0.0134817	0.0134677	410.22	3.223	6.38966	0.00868886	0.0148111	78593.1	1560.5	1467.7	0.0167309	0.0188122	
2010-5-15	377	0	1.07921e+15	6.93803e+14	2.27821e+15	4.01235e+07	4.38234e+07	6.86291e+07	1.33524e+08	7.21498e+07	7.76217e+07	720.221	2315.41	3845.59	457579	434994	892572	10567	281.676	269.029	0.0157061	0.0246947	41485.1	424.121	147.865	0.00526702	0.00373104	35087.4	629.094	503.436	0.0190945	0.0135922	8338.85	80.832	80.7487	0.00864841	0.00863952	11334.4	192.096	173.535	0.0117811	0.0151492	104253	2109.22	2106.96	0.0159844	0.0159676	0	0	0	0	0	1	12.669	12.6561	12.669	12.6561	0	0	0	0	0	14259.4	29.819	81.3403	0.00164763	0.00606899	22918.2	991.203	627.401	0.0367892	0.0230561	23260.4	179.709	133.496	0.00425253	0.00491468	31920.5	812.764	593.299	0.0256706	0.0215162	16349.7	332.366	332.009	0.0164439	0.0164266	283.032	7.102	4.45016	0.0195702	0.0159627	116629	2194.21	2135.54	0.0150016	0.0206869	
2010-6-15	378	0	1.12089e+15	7.84497e+14	2.36651e+15	3.94383e+07	4.38481e+07	6.79945e+07	1.34209e+08	7.22913e+07	7.69799e+07	688.662	2316.67	3797.09	456532	437091	893623	8761.46	156.045	249.967	0.0187	0.0268115	67088.1	458.377	179.01	0.00421088	0.00318008	52373.6	1049.35	760.117	0.0194437	0.0142309	7445.9	88.069	87.9786	0.0130643	0.013051	11549.1	154.048	176.706	0.0130883	0.0152163	107527	2516.5	2513.78	0.0197044	0.0196838	0	0	0	0	0	0	0	0	0	0	0	0	0	0	0	37566.7	161.99	255.683	0.00502999	0.00622973	20407.5	906.066	545.091	0.047295	0.0255783	38880.6	514.672	201.095	0.00637417	0.00446464	30111.6	1013.18	546.361	0.0308986	0.0209118	13056.1	246.999	246.74	0.0196012	0.0195809	291.654	7.876	4.32479	0.0258973	0.0141769	131596	2873.12	2506.21	0.0207223	0.0215942	
2010-7-15	379	0	1.22678e+15	9.32974e+14	2.70002e+15	3.92327e+07	4.38465e+07	6.75317e+07	1.34568e+08	7.22089e+07	7.62231e+07	633.635	2250.24	3758.4	455630	439003	894633	6353.3	139.827	210.266	0.0248836	0.0278164	74597.9	431.606	232.733	0.00416334	0.00332389	55704	1026.34	761.238	0.0163742	0.0130577	7081.37	99.048	98.9462	0.0129265	0.0129133	11160.1	197.378	165.686	0.0134443	0.0146073	124289	2788.9	2785.71	0.0191458	0.0191255	0	0	0	0	0	0	0	0	0	0	0	0	0	0	0	67203.6	439.744	396.983	0.00579068	0.00583426	21908.8	947.107	527.501	0.0422056	0.021805	47821.4	264.182	274.804	0.00540897	0.00473035	31948.1	796.324	576.604	0.0265493	0.0203411	14676	391.372	390.935	0.0329311	0.0328966	594.9	10.037	8.3814	0.0163967	0.0137418	162749	2775.73	3045.23	0.0180637	0.0188645	
2010-8-15	380	0	1.33235e+15	1.07927e+15	3.12697e+15	3.97563e+07	4.38776e+07	6.74587e+07	1.34642e+08	7.20403e+07	7.56816e+07	582.173	2127.7	3616.77	455224	433752	888976	1720.3	27.569	50.6821	0.0170942	0.0304102	49900.6	142.64	156.516	0.00382309	0.00332983	58554.7	938.944	772.982	0.0200706	0.0133329	6966.83	74.508	74.432	0.0177158	0.0176978	11472.7	250.597	155.3	0.0219527	0.0147443	138559	2635.55	2632.62	0.0153217	0.0153056	0	0	0	0	0	0	0	0	0	0	0	0	0	0	0	49423.4	463.142	298.03	0.0070685	0.00550127	21981.2	572.584	509.715	0.0218352	0.0212795	58215.7	114.764	293.255	0.00278701	0.00463717	29369.9	648.01	548.473	0.0244081	0.0196685	16054.9	354.027	353.648	0.0234394	0.0234148	582.614	9.459	6.98089	0.0157188	0.0121339	153867	2504.26	2615.75	0.0137422	0.017214	
2010-9-15	381	0	1.3626e+15	1.09353e+15	3.40124e+15	4.07651e+07	4.38842e+07	6.81257e+07	1.3441e+08	7.17976e+07	7.57423e+07	613.839	1969.59	3406.02	455971	428539	884510	1050	12.008	29.5678	0.0114286	0.0271077	55173.4	157.088	174.441	0.00203596	0.00316024	46629.3	669.525	571.452	0.0174679	0.0132489	7050.79	63.012	62.9479	0.0135939	0.0135801	8857.33	183.981	122.142	0.0199208	0.0139289	108698	1268.88	1267.5	0.0177107	0.0176925	539.54	2.122	13.1078	0.00297424	0.0238564	0	0	0	0	0	0	0	0	0	0	51283.9	172.394	218.863	0.00359665	0.00505454	18522.7	642.612	431.207	0.0368862	0.0244198	46508.4	123.147	237.43	0.00344052	0.00482527	30191.5	568.851	542.932	0.018589	0.0197259	14484.9	238.992	238.74	0.0158244	0.015808	271.746	0.775	4.76864	0.00367782	0.0154793	138223	2263.32	2341.86	0.0116488	0.0182335	
2010-10-15	382	0	1.35349e+15	1.04919e+15	3.5121e+15	4.18198e+07	4.39323e+07	6.91067e+07	1.33938e+08	7.14692e+07	7.62982e+07	673.279	1929.73	3262.17	456627	420140	876766	941	8.505	23.772	0.00903826	0.0252624	62068.7	99.876	154.387	0.00173889	0.00289078	48908.7	867.796	511.305	0.0191196	0.0125265	6376.42	35.231	35.1952	0.0120204	0.0120081	8230.17	196.066	128.236	0.0193591	0.0160474	104294	1481.71	1480.09	0.0139781	0.0139633	688.37	1.769	15.7847	0.00255009	0.0230042	1	2.394	2.39157	2.394	2.39157	0	0	0	0	0	37212.3	142.777	141.619	0.00581284	0.00432399	19618.5	528.122	459.881	0.0305658	0.0253219	40428.1	62.035	192.328	0.00132285	0.00446242	30515.4	649.578	678.522	0.0179873	0.0207343	13514.8	416.503	416.018	0.0274505	0.0274211	162.966	0.336	3.30272	0.00202609	0.0202416	142870	1952.15	2285.59	0.015932	0.0170492	
2010-11-15	383	0	1.30038e+15	9.45105e+14	3.28062e+15	4.28498e+07	4.40366e+07	7.00364e+07	1.33089e+08	7.10564e+07	7.68023e+07	714.353	2073.35	3304.34	457091	412646	869737	0	0	0	0	0	58565.2	158.229	161.474	0.00278428	0.00303919	47571.8	667.565	467.277	0.0139733	0.011743	5634.03	44.426	44.3807	0.0156016	0.0155857	8627.42	152.247	154.433	0.0180205	0.0177316	93084.2	1424.44	1422.83	0.0148647	0.0148487	1103.06	14.063	25.2783	0.00764776	0.0228651	2	4.985	4.97994	2.39975	2.39731	0	0	0	0	0	46550	152.285	190.773	0.0101201	0.00525359	21811.2	576.968	537.704	0.0288325	0.0285818	33647.4	11.642	148.407	0.00135042	0.00486931	20844.6	440.232	528.51	0.013226	0.022053	12678.8	407.348	406.878	0.0292072	0.0291766	193.026	6.619	4.37878	0.0168074	0.0221671	135662	1700.31	2253.51	0.0112578	0.0181873	
2010-12-15	384	0	1.30988e+15	9.07542e+14	3.16502e+15	4.34254e+07	4.41738e+07	7.05612e+07	1.3223e+08	7.076e+07	7.72796e+07	744.244	2239.5	3535.72	457510	409273	866784	0	0	0	0	0	47885.5	205.264	151.188	0.0027716	0.00375333	42766.3	390.203	401.586	0.0109479	0.0114857	4279.29	38.996	38.9563	0.0126984	0.0126855	9595.55	175.241	184.16	0.0147481	0.0188679	100583	1197.43	1196.09	0.0149441	0.0149282	596.17	9.701	13.4582	0.0126882	0.0213212	3	130.575	130.441	46.0008	45.9536	0	0	0	0	0	35635.3	69.542	153.41	0.00332804	0.00537631	15447.5	287.812	436.278	0.0191047	0.0325612	26046.2	10.582	114.451	0.001123	0.00474243	28579.5	442.024	747.748	0.0115709	0.0234582	10427.2	162.69	162.521	0.0151472	0.0151316	614.4	8.631	14.8079	0.0132797	0.0235576	109865	1836	1919.55	0.011706	0.0196133	
