alb regions: 			
140 170 -10 0
140 170 -25 -10
140 170 -50 -25
170 210 -10 0
170 210 -25 -10
170 210 -50 -25
210 230 -25 -5
210 230 -50 -25
juvenile: from age 0 to 0			
young: from age 0 to age54 (see maturity at age)			
Recruit: at age 2			
Adult: from age 54 to age 3			
Total biomass: from age 0 to 151			

year	month	day	alb N Larvae region 1	alb N Larvae region 2	alb N Larvae region 3	alb N Larvae region 4	alb N Larvae region 5	alb N Larvae region 6	alb N Larvae region 7	alb N Larvae region 8	Total N Larvae	alb N Juv. region 1	alb N Juv. region 2	alb N Juv. region 3	alb N Juv. region 4	alb N Juv. region 5	alb N Juv. region 6	alb N Juv. region 7	alb N Juv. region 8	Total N Juv.	alb N Rec. region 1	alb N Rec. region 2	alb N Rec. region 3	alb N Rec. region 4	alb N Rec. region 5	alb N Rec. region 6	alb N Rec. region 7	alb N Rec. region 8	Total N. Rec.	alb B Young region 1	alb B Young region 2	alb B Young region 3	alb B Young region 4	alb B Young region 5	alb B Young region 6	alb B Young region 7	alb B Young region 8	Total B. Young	alb B Adult region 1	alb B Adult region 2	alb B Adult region 3	alb B Adult region 4	alb B Adult region 5	alb B Adult region 6	alb B Adult region 7	alb B Adult region 8	Total B Adult	alb B tot. region 1	alb B tot. region 2	alb B tot. region 3	alb B tot. region 4	alb B tot. region 5	alb B tot. region 6	alb B tot. region 7	alb B tot. region 8	Total B	
1979	1	15	369157	1.38673e+06	354410	165995	3.18513e+06	625232	1.55719e+06	361328	8.00517e+06	594442	2.80877e+06	482181	159488	5.66902e+06	1.13905e+06	2.75703e+06	561304	1.41713e+07	832602	4.06779e+06	824739	235461	7.70271e+06	2.07938e+06	3.80276e+06	834969	2.03804e+07	8943.31	33669.3	88092.4	6822.9	35150.3	203829	15988.5	39841.4	432337	17288.1	37750.1	46042.9	16315.5	68718.9	95648.5	28548.6	40154.4	350467	26231.4	71419.3	134135	23138.4	103869	299477	44537	79995.8	782804	
1979	2	15	180044	1.37369e+06	621754	165737	3.00014e+06	894433	1.50062e+06	540205	8.27663e+06	663761	2.64769e+06	642834	237146	5.73977e+06	1.19862e+06	2.88493e+06	663143	1.46779e+07	926357	3.8144e+06	1.00765e+06	312175	7.80866e+06	2.15218e+06	4.03201e+06	973731	2.10272e+07	9148.59	33520.1	87825.4	6876.99	34352.9	204391	15712.5	39719.7	431547	16999.3	35126.2	51816.6	16086.4	58102.3	110569	26139.7	42452.2	357291	26147.9	68646.3	139642	22963.3	92455.2	314960	41852.2	82171.9	788839	
1979	3	15	188549	1.46455e+06	689401	166825	2.7717e+06	978600	1.34484e+06	503803	8.10827e+06	533333	2.55585e+06	979970	317744	5.59103e+06	1.52289e+06	2.88183e+06	867411	1.52501e+07	817950	3.67799e+06	1.39669e+06	412420	7.68509e+06	2.44365e+06	4.09796e+06	1.2046e+06	2.17363e+07	9177.55	33403.3	87637.7	7232.45	33162	205145	15150.6	39819.5	430729	16245.8	33323.4	55490.9	15457.2	51355.5	119630	23538.6	44557.1	359598	25423.3	66726.7	143129	22689.6	84517.5	324775	38689.2	84376.6	790327	
1979	4	15	182871	1.44038e+06	786288	160003	2.47443e+06	1.0656e+06	1.22011e+06	476980	7.80667e+06	373235	2.6449e+06	1.27914e+06	351334	5.17293e+06	1.83274e+06	2.69206e+06	947985	1.52943e+07	680644	3.67493e+06	1.7968e+06	491388	7.32681e+06	2.78775e+06	3.94651e+06	1.33163e+06	2.20365e+07	9233.47	32909.3	87689.4	7315.09	32089.6	205643	14480.1	40171.8	429532	15729.2	32307.2	58268.5	14455.2	46928.1	125750	21409	46298.4	361146	24962.7	65216.4	145958	21770.2	79017.7	331393	35889.1	86470.2	790677	
1979	5	15	191608	1.54786e+06	805887	131934	2.3684e+06	1.02988e+06	1.13505e+06	428794	7.63942e+06	341461	2.74546e+06	1.39966e+06	312629	4.68942e+06	1.97982e+06	2.42261e+06	882730	1.47738e+07	506588	3.78237e+06	2.12998e+06	496136	6.71245e+06	3.13108e+06	3.64872e+06	1.3575e+06	2.17648e+07	9401.59	32321.7	88078.8	7217.93	31343	206037	13943.8	40643.3	428987	15361.8	31828.8	60154.9	13533.9	44203.7	130386	19799.4	47698.2	362967	24763.4	64150.5	148234	20751.8	75546.7	336423	33743.2	88341.5	791954	
1979	6	15	215621	1.5814e+06	748230	124910	2.39785e+06	917994	1.14252e+06	364506	7.49303e+06	353223	2.8152e+06	1.48406e+06	269173	4.30952e+06	2.03523e+06	2.25383e+06	804007	1.43242e+07	515687	3.94987e+06	2.2536e+06	432693	6.20579e+06	3.1856e+06	3.37404e+06	1.23268e+06	2.115e+07	9413.82	32069.2	88125.7	7015.6	30989	206507	13897.1	41100.1	429118	15081.9	32149.5	60510.9	12851.8	42496.2	134677	18871.9	49394.7	366033	24495.7	64218.7	148637	19867.4	73485.1	341184	32769	90494.7	795151	
1979	7	15	238202	1.6332e+06	531798	142642	2.41878e+06	727305	1.14049e+06	295696	7.12812e+06	404029	2.92993e+06	1.43853e+06	264286	4.29865e+06	1.8559e+06	2.20447e+06	687785	1.40836e+07	564740	4.05355e+06	2.26271e+06	417851	6.02554e+06	3.01628e+06	3.25076e+06	1.07487e+06	2.06663e+07	9434.55	32120.8	88202.8	6920.21	30761.9	206636	13906.1	41198.4	429181	15054.8	32208.9	61390.1	12647.8	41423.8	138093	18241.8	51310.8	370371	24489.4	64329.8	149593	19568	72185.8	344729	32148	92509.2	799552	
1979	8	15	246885	1.66929e+06	344297	160602	2.44985e+06	518970	1.11143e+06	233233	6.73455e+06	441120	3.04844e+06	1.1645e+06	306312	4.43724e+06	1.53165e+06	2.20273e+06	583803	1.37158e+07	622148	4.26681e+06	1.99683e+06	457957	6.11204e+06	2.63549e+06	3.19641e+06	921921	2.02096e+07	9349.18	32334.2	88363.4	6906.53	30509.9	207067	13876.2	41058.6	429465	15157.3	32914.9	57702.6	12345.2	48592.7	125812	18675.5	49703	360903	24506.5	65249.1	146066	19251.8	79102.5	332879	32551.6	90761.6	790368	
1979	9	15	252730	1.67539e+06	266774	141044	2.75246e+06	539592	1.18996e+06	264044	7.082e+06	450899	3.14331e+06	834515	334984	4.4729e+06	1.21285e+06	2.15482e+06	489915	1.30942e+07	643497	4.42968e+06	1.60377e+06	501122	6.21053e+06	2.21394e+06	3.15302e+06	790525	1.95461e+07	9115.25	32106	88831.9	6744.02	31286.6	207280	13739.3	40831.2	429934	15183.5	35348.1	53563.1	11575	60983.9	111941	22635.1	46031.1	357260	24298.7	67454.1	142395	18319.1	92270.5	319221	36374.4	86862.2	787195	
1979	10	15	241077	1.65944e+06	221009	137907	3.07654e+06	567894	1.4488e+06	291468	7.64414e+06	471038	3.16765e+06	613370	351864	4.7711e+06	1.11009e+06	2.1695e+06	475921	1.31305e+07	668143	4.53909e+06	1.20388e+06	567001	6.54825e+06	1.95044e+06	3.13692e+06	742752	1.93565e+07	8864.05	32044.5	89144	6818.1	32318.6	206837	13550.1	40632.1	430209	15199.9	37556.7	49421.6	12160.8	69660.5	100295	27162.2	41301.4	352758	24064	69601.3	138566	18978.9	101979	307132	40712.3	81933.5	782966	
1979	11	15	188395	1.57091e+06	252834	104335	3.09129e+06	656840	1.61135e+06	314910	7.79086e+06	465585	3.13871e+06	513067	291807	5.32275e+06	1.2116e+06	2.4798e+06	530905	1.39542e+07	668671	4.53503e+06	960696	493793	7.1147e+06	1.91662e+06	3.38356e+06	757164	1.98302e+07	8571.33	32186.5	89152.1	6694.48	33136.4	205919	13569.7	40432.7	429663	15287.2	38803.4	46425.2	12974	74724.2	92351.4	30133.7	38086.9	348786	23858.5	70989.9	135577	19668.5	107861	298271	43703.4	78519.6	778449	
1979	12	15	186179	1.43041e+06	349110	87129.1	3.06045e+06	681272	1.66104e+06	357057	7.81264e+06	410233	3.01894e+06	514780	245784	5.61774e+06	1.32128e+06	2.86337e+06	595586	1.45877e+07	621857	4.38854e+06	909963	420264	7.56378e+06	2.15091e+06	3.81869e+06	856569	2.07306e+07	8279	32496.6	88908.7	6774.8	33633	204642	13615.7	40413	428763	15656.8	39096.9	44804.6	13511.6	76174.6	89257.3	31098	37557.1	347157	23935.8	71593.5	133713	20286.4	109808	293900	44713.7	77970.1	775920	
1980	1	15	189568	1.31906e+06	483877	84045	3.02748e+06	810372	1.66853e+06	403641	7.98657e+06	363922	2.77425e+06	644886	213922	5.5808e+06	1.43278e+06	3.06841e+06	666531	1.47455e+07	567363	4.09427e+06	1.02237e+06	371952	7.70383e+06	2.36634e+06	4.21535e+06	980248	2.13217e+07	8188.71	32798.8	88477.2	7047.47	33621.5	203651	13634.6	40599.1	428018	15812.9	37450	45942.7	14789.6	68145.5	95950.3	28065.4	40164.4	346321	24001.6	70248.7	134420	21837.1	101767	299601	41699.9	80763.5	774339	
1980	2	15	206933	1.24407e+06	614792	94872	2.83026e+06	988936	1.46967e+06	464406	7.91394e+06	376950	2.50446e+06	863757	207310	5.52729e+06	1.5582e+06	3.1104e+06	738112	1.48865e+07	551427	3.7147e+06	1.27776e+06	345023	7.65167e+06	2.56952e+06	4.37321e+06	1.09222e+06	2.15755e+07	8120.5	33079.3	88156.2	7352.25	33446.3	202353	13451.9	40778.2	426737	15331.2	35127.1	51217.6	14950	59232.6	108154	25469	42793	352275	23451.7	68206.5	139374	22302.2	92679	310507	38920.9	83571.2	779012	
1980	3	15	199020	1.26644e+06	701628	113624	2.63351e+06	1.05253e+06	1.29574e+06	414816	7.6773e+06	397167	2.34766e+06	1.11424e+06	228350	5.30645e+06	1.78206e+06	2.90383e+06	834485	1.49142e+07	570205	3.41378e+06	1.61736e+06	356953	7.39687e+06	2.80945e+06	4.18971e+06	1.22973e+06	2.15841e+07	8059.83	32988.9	88283.1	7713.77	32584.2	201504	13109.8	41084	425327	14661.8	33622.6	55097.2	14654.2	52969.9	116184	22926	45016.1	355132	22721.7	66611.5	143380	22367.9	85554.1	317688	36035.7	86100.1	780459	
1980	4	15	184181	1.37784e+06	756357	103452	2.4555e+06	1.14077e+06	1.20656e+06	405231	7.6299e+06	398846	2.36504e+06	1.29066e+06	212541	4.88038e+06	2.01122e+06	2.55721e+06	807436	1.45233e+07	580600	3.34305e+06	1.90453e+06	328615	6.9433e+06	3.11625e+06	3.83345e+06	1.23192e+06	2.12817e+07	8289.58	32191.9	88783.4	7469.72	31740.1	201394	12730.1	41345.1	423944	14268.1	32674	58272.9	13663	48691.4	122288	20763.1	46652.1	357273	22557.7	64865.9	147056	21132.7	80431.5	323682	33493.2	87997.2	781217	
1980	5	15	228271	1.54678e+06	784260	73788.7	2.50727e+06	1.07519e+06	1.11902e+06	389590	7.72418e+06	383056	2.48863e+06	1.41885e+06	191950	4.50014e+06	2.1437e+06	2.31652e+06	747082	1.41899e+07	565005	3.44514e+06	2.13132e+06	298595	6.4166e+06	3.34919e+06	3.46147e+06	1.19062e+06	2.08579e+07	8578.86	31262.4	89367.5	7196.62	30543.2	202122	12476.7	42030.2	423577	14125.8	32135.2	60475.4	12759.7	45523.6	127778	19004.5	48253.8	360057	22704.7	63397.6	149843	19956.3	76066.8	329900	31481.2	90284.1	783634	
1980	6	15	249752	1.63e+06	721347	80074.7	2.69633e+06	899715	1.10038e+06	328078	7.70567e+06	411672	2.76992e+06	1.46025e+06	167922	4.45061e+06	2.07653e+06	2.19232e+06	693061	1.42223e+07	589341	3.75934e+06	2.23352e+06	272664	6.24506e+06	3.28062e+06	3.23078e+06	1.06485e+06	2.06762e+07	8703.41	30694.8	89563.7	7048.45	29736.8	202510	12409.4	42489.9	423157	14030	32226.4	61490.1	12300.9	43048.5	132594	17951.5	50054.9	363697	22733.4	62921.3	151054	19349.4	72785.3	335105	30360.8	92544.8	786854	
1980	7	15	269341	1.71799e+06	536438	118626	2.75915e+06	703416	1.07276e+06	264593	7.44231e+06	471121	3.04458e+06	1.38095e+06	168223	4.7225e+06	1.80744e+06	2.12854e+06	617099	1.43405e+07	642599	4.12136e+06	2.18683e+06	275843	6.44291e+06	2.99933e+06	3.12819e+06	962428	2.07595e+07	8741.91	30343.3	89465.7	7082.65	29184.8	202241	12688.7	42671.5	422420	14109.3	31491.2	61869.8	11900.3	40520.3	134293	17600.5	51417.8	363202	22851.3	61834.5	151336	18983	69705.1	336535	30289.3	94089.2	785622	
1980	8	15	269984	1.73583e+06	322372	154928	2.5985e+06	573940	1.0615e+06	203087	6.92015e+06	497032	3.20067e+06	1.19371e+06	230221	4.86126e+06	1.56777e+06	2.11154e+06	526553	1.41888e+07	703717	4.43668e+06	2.02263e+06	330658	6.60266e+06	2.71645e+06	3.07121e+06	846355	2.07304e+07	8617.42	30032.8	89973.5	7182.24	28616.6	203439	13109.5	42854.3	423826	14218.7	32686.1	57992.9	11723.6	46739.4	123518	18692.5	49956.7	355527	22836.1	62718.9	147966	18905.9	75356	326957	31802	92811	779353	
1980	9	15	281522	1.72165e+06	247034	192083	2.8414e+06	548831	1.18302e+06	245912	7.26144e+06	507934	3.30531e+06	847451	365158	4.7875e+06	1.30291e+06	2.07286e+06	428992	1.36181e+07	727154	4.62931e+06	1.63497e+06	517609	6.61121e+06	2.39552e+06	3.03386e+06	710545	2.02602e+07	8474.06	30034.3	89974.3	7529.07	28918.1	204206	13335.6	42841.7	425313	14302.5	35487.1	53306.2	11413.2	59826.4	109621	22708	45823	352487	22776.5	65521.4	143280	18942.3	88744.5	313827	36043.6	88664.7	777800	
1980	10	15	262906	1.72762e+06	222918	176450	3.21197e+06	535703	1.4545e+06	293882	7.88594e+06	518381	3.3162e+06	590805	437164	4.91092e+06	1.16695e+06	2.14707e+06	430091	1.35176e+07	742822	4.72992e+06	1.23648e+06	670182	6.76817e+06	2.14204e+06	3.10295e+06	673172	2.00657e+07	8256.11	30291.6	89866.4	7554.28	29039.4	204634	13889.8	42704.5	426236	14597.8	37510.4	49062.7	11979.7	69293.7	97883.8	26856.6	41124.6	348309	22853.9	67802	138929	19534	98333.2	302518	40746.4	83829.1	774545	
1980	11	15	233611	1.62388e+06	279480	130974	3.32319e+06	558677	1.56123e+06	309041	8.02008e+06	506284	3.30441e+06	506235	410618	5.48997e+06	1.12995e+06	2.49877e+06	533268	1.43795e+07	727314	4.74279e+06	970825	668990	7.23508e+06	1.99615e+06	3.41301e+06	736977	2.04911e+07	7984.46	30535.9	89539.5	7667.9	28997.1	204312	14308.6	42575	425920	14997	38572.3	46119.7	12898.7	74935.7	90079	29382.9	37958.1	344944	22981.4	69108.2	135659	20566.7	103933	294391	43691.6	80533.1	770864	
1980	12	15	201365	1.46473e+06	369737	112584	3.27209e+06	640660	1.60549e+06	341175	8.00783e+06	465390	3.18624e+06	554147	344778	5.9259e+06	1.1375e+06	2.87024e+06	589956	1.50742e+07	695865	4.59636e+06	969461	590000	7.79231e+06	2.0586e+06	3.86872e+06	839758	2.14111e+07	7870.82	30818.2	88911.4	7797.21	29283.4	203268	14414.2	42202.3	424566	15584.3	38887.1	44453.6	13632.5	77174.7	87095.8	30074.1	37447.3	344349	23455.1	69705.2	133365	21429.7	106458	290364	44488.3	79649.6	768915	
1981	1	15	210191	1.38305e+06	458228	123452	3.18445e+06	758961	1.58475e+06	422173	8.12526e+06	415633	2.88849e+06	691905	305190	5.92857e+06	1.30095e+06	2.99609e+06	658692	1.51855e+07	637239	4.27394e+06	1.0947e+06	526944	8.02305e+06	2.27827e+06	4.20035e+06	976137	2.20106e+07	7896.64	31182.9	88177.8	8094.84	29553.7	202254	14526.3	41819.9	423506	15920.8	37289.5	45814.9	15334.9	67374.5	94881	27481.8	39927.3	344025	23817.5	68472.4	133993	23429.7	96928.2	297135	42008.2	81747.2	767531	
1981	2	15	197154	1.30987e+06	599232	155536	2.89745e+06	927204	1.44824e+06	486197	8.02088e+06	413374	2.60135e+06	861959	313146	5.78131e+06	1.49429e+06	3.00122e+06	781966	1.52486e+07	619332	3.84808e+06	1.32186e+06	517164	7.94423e+06	2.52176e+06	4.27777e+06	1.13453e+06	2.21847e+07	8060.95	31438.3	87498.5	8619.18	30025.3	201158	14108.8	41846.3	422755	15655.5	35220	51337.9	15772.8	57205.8	108650	25095.1	42865.3	351802	23716.5	66658.4	138836	24392	87231.1	309808	39203.9	84711.6	774558	
1981	3	15	170157	1.33897e+06	711531	136724	2.65753e+06	1.03898e+06	1.3657e+06	454466	7.87405e+06	403504	2.47948e+06	1.07233e+06	300963	5.38293e+06	1.75449e+06	2.87807e+06	868445	1.51402e+07	589857	3.5682e+06	1.60173e+06	460204	7.48982e+06	2.84782e+06	4.18396e+06	1.25788e+06	2.19995e+07	8422.45	31664.9	86975.6	8329.9	29786	200687	13781.5	41891.9	421540	15443.3	33825.1	55056.5	14935.9	50925.6	117411	22840.7	45346.4	355784	23865.8	65490	142032	23265.8	80711.6	318098	36622.2	87238.2	777324	
1981	4	15	160998	1.4678e+06	794540	110634	2.70759e+06	1.10498e+06	1.21798e+06	440903	8.00542e+06	358615	2.47875e+06	1.29256e+06	270239	4.95838e+06	1.94526e+06	2.66051e+06	878960	1.48433e+07	556080	3.49731e+06	1.89793e+06	418872	7.02865e+06	3.07494e+06	3.95405e+06	1.3215e+06	2.17493e+07	8989.02	31294.7	87016.7	8127.63	29159.7	200285	13466.5	42054.4	420393	15220.1	32963.9	57995.4	14110.7	46591.5	123635	20987.7	47255.7	358760	24209.1	64258.6	145012	22238.3	75751.2	323920	34454.2	89310.1	779153	
1981	5	15	158595	1.51213e+06	814609	106449	2.67831e+06	1.0656e+06	1.15882e+06	411566	7.90608e+06	308293	2.65046e+06	1.45728e+06	239575	4.82842e+06	2.04728e+06	2.44473e+06	809598	1.47856e+07	483328	3.64021e+06	2.17427e+06	379695	6.74812e+06	3.24089e+06	3.64541e+06	1.25667e+06	2.15686e+07	9418.11	30445	87636.7	7913.35	28579.8	199701	13255.8	42053.3	419003	14962.7	32547	60407.5	13087.4	43655.8	127312	19576.9	48584.8	360134	24380.8	62991.9	148044	21000.8	72235.6	327012	32832.7	90638.2	779137	
1981	6	15	170565	1.64432e+06	741087	121568	2.64691e+06	901686	1.12265e+06	345706	7.6945e+06	294675	2.85136e+06	1.4918e+06	231328	4.85529e+06	2.04235e+06	2.25158e+06	772306	1.47907e+07	442597	3.89011e+06	2.27957e+06	370284	6.68102e+06	3.23124e+06	3.38965e+06	1.17905e+06	2.14635e+07	9490.05	30128.6	87647.4	7827.27	28090.8	199816	13344.8	42107	418452	14730.1	33010.3	61068.1	12513.6	41509.3	131340	18711.1	50398.7	363281	24220.2	63138.9	148716	20340.8	69600.1	331155	32055.9	92505.7	781733	
1981	7	15	158022	1.64479e+06	519222	168748	2.56945e+06	724275	1.13117e+06	280697	7.19638e+06	301424	3.02257e+06	1.43233e+06	250493	4.80893e+06	1.84769e+06	2.18298e+06	680368	1.45268e+07	440865	4.17592e+06	2.28017e+06	382833	6.69843e+06	3.04967e+06	3.21816e+06	1.05579e+06	2.13018e+07	9462.5	29891.1	87844.5	7734.02	28016	199627	13674.5	41988.6	418238	14637.3	32759.9	62644.4	12252.4	40107.7	134781	18112.3	52371.5	367666	24099.8	62651	150489	19986.5	68123.7	334408	31786.7	94360.1	785905	
1981	8	15	166182	1.63988e+06	302859	208594	2.58448e+06	533143	1.13323e+06	226940	6.79531e+06	308163	3.14911e+06	1.13683e+06	355589	4.78517e+06	1.52106e+06	2.17501e+06	553123	1.39841e+07	447818	4.3606e+06	1.98195e+06	506825	6.65584e+06	2.69496e+06	3.17573e+06	893738	2.07175e+07	9381.32	30553.8	87350.3	7993.22	28607.2	199820	13779.7	41903.8	419389	14644.6	33570.4	58667	12132.1	47064.5	122825	18684.1	50631.7	358219	24025.9	64124.2	146017	20125.3	75671.7	322645	32463.8	92535.5	777609	
1981	9	15	159834	1.61586e+06	261685	202012	2.84233e+06	570650	1.27411e+06	270656	7.19714e+06	302300	3.10605e+06	803661	453691	4.72841e+06	1.22773e+06	2.21188e+06	456276	1.329e+07	450307	4.45739e+06	1.57924e+06	653212	6.58523e+06	2.28e+06	3.21647e+06	743522	1.99654e+07	9387.79	30802.4	87296.8	8172.07	29182	200304	14109.7	41720.2	420975	14961.1	35918.5	53848.8	11802.9	59867.4	109095	22548	46308.5	354350	24348.9	66721	141146	19975	89049.4	309399	36657.7	88028.7	775325	
1981	10	15	153109	1.54412e+06	234777	192907	3.11716e+06	563520	1.4834e+06	317016	7.60601e+06	301635	3.05181e+06	625288	497056	4.93738e+06	1.15509e+06	2.32459e+06	463841	1.33567e+07	437525	4.40593e+06	1.234e+06	792541	6.77673e+06	2.05079e+06	3.33892e+06	708749	1.97452e+07	9378.84	30788.5	87079.3	8481.18	30219.4	200281	14225.3	41304.6	421758	15367.4	37673.5	49579.3	12635.7	69076.6	98060.5	26531.8	41492.5	350417	24746.2	68462.1	136659	21116.9	99296.1	298342	40757.1	82797.1	772176	
1981	11	15	132911	1.41136e+06	254585	161405	3.1637e+06	581542	1.59287e+06	361407	7.65978e+06	290247	2.9582e+06	544254	457656	5.43828e+06	1.19845e+06	2.62176e+06	566606	1.40754e+07	429235	4.30256e+06	994999	761034	7.28459e+06	1.9529e+06	3.61244e+06	783200	2.0121e+07	9147.5	31105.8	86528.9	8746.98	31320.1	199268	14417.9	41011.9	421547	15714.3	38627.4	46670.2	13628.1	74366.4	90745.4	28801.9	38435.5	346989	24861.8	69733.2	133199	22375	105687	290013	43219.8	79447.3	768536	
1981	12	15	124359	1.23718e+06	320871	142814	3.05336e+06	679168	1.62543e+06	408503	7.59169e+06	271200	2.73579e+06	543175	405866	5.67697e+06	1.26188e+06	2.93508e+06	659957	1.44899e+07	407009	4.0329e+06	961518	689165	7.64413e+06	2.1518e+06	4.01318e+06	925617	2.08253e+07	8877.02	31605.1	85630.2	9125.87	31698.2	198547	14857.4	40637.5	420979	16106.7	39045	45136.3	14511.3	75999.5	88037.1	29292.4	37833.7	345962	24983.7	70650.1	130766	23637.1	107698	286585	44149.8	78471.2	766941	
1982	1	15	116894	1.11096e+06	442873	126748	2.96927e+06	820562	1.62619e+06	467249	7.68074e+06	255375	2.41984e+06	630092	336790	5.62359e+06	1.34453e+06	3.08844e+06	745529	1.44442e+07	394140	3.62214e+06	1.03383e+06	575400	7.73683e+06	2.29834e+06	4.32784e+06	1.07802e+06	2.10666e+07	8806.41	32375	84746.1	9264.98	32523.5	197421	15015	40554.8	420707	16361.1	37408.1	46355.1	15942.5	67190.6	95088.8	27051	39988.1	345385	25167.5	69783.2	131101	25207.5	99714	292510	42066	80542.9	766092	
1982	2	15	127696	1.07813e+06	594789	135286	2.699e+06	1.02038e+06	1.44984e+06	534140	7.63926e+06	243085	2.13623e+06	800967	308085	5.4213e+06	1.55585e+06	3.11549e+06	848296	1.44293e+07	371103	3.20806e+06	1.21285e+06	517104	7.54886e+06	2.54026e+06	4.44987e+06	1.23053e+06	2.10786e+07	8845.71	33037.8	84110.1	9581.86	33449.9	196234	15070.5	40474.6	420804	16172.8	35138.5	51716.9	16249.4	58551.9	107771	25498.4	42279.5	353378	25018.5	68176.3	135827	25831.3	92001.8	304004	40568.9	82754.1	774182	
1982	3	15	113611	1.1387e+06	665036	122751	2.42895e+06	1.03575e+06	1.29976e+06	486174	7.29074e+06	240084	1.98447e+06	1.05446e+06	279856	5.1087e+06	1.83649e+06	2.93177e+06	951072	1.43869e+07	359423	2.89185e+06	1.52197e+06	451244	7.16548e+06	2.86959e+06	4.28e+06	1.3783e+06	2.09179e+07	8960.07	32936.4	84092.6	9419.07	33497.7	195683	14959.6	40411.9	419960	15634.7	34130	55250.2	15421.1	52902.2	115853	23834.5	43964.8	356990	24594.8	67066.4	139343	24840.2	86399.8	311536	38794.1	84376.8	776950	
1982	4	15	119365	1.20338e+06	736501	99860.9	2.33423e+06	1.041e+06	1.17144e+06	471718	7.17749e+06	239314	2.02601e+06	1.23947e+06	240913	4.62083e+06	1.97878e+06	2.62826e+06	939768	1.39133e+07	349625	2.83299e+06	1.80395e+06	385597	6.59984e+06	3.11e+06	3.97541e+06	1.40569e+06	2.04631e+07	9322.45	33068.3	84044.7	8994.05	32906.8	195474	14880.6	40300	418991	15389.7	33205.6	58362	14229	49089.6	121317	22335.3	45055	358983	24712.1	66273.9	142407	23223	81996.4	316791	37216	85355	777974	
1982	5	15	127773	1.34778e+06	763690	77451	2.22089e+06	996053	1.09531e+06	432771	7.06171e+06	223475	2.1727e+06	1.35706e+06	203995	4.26464e+06	1.98677e+06	2.35727e+06	860280	1.34262e+07	335891	2.95968e+06	2.04578e+06	335545	6.08907e+06	3.20176e+06	3.58157e+06	1.33948e+06	1.98888e+07	9518.26	32799.3	84600	8554.13	32194.9	195934	14843	40474.8	418918	14882.3	33071	60506.8	13233.4	46645.2	125865	20873.5	46239.3	361317	24400.5	65870.3	145107	21787.6	78840.1	321799	35716.5	86714.1	780235	
1982	6	15	151197	1.49462e+06	707748	74448.7	2.30656e+06	843870	1.06839e+06	354517	7.00136e+06	238079	2.39717e+06	1.39821e+06	174151	4.1208e+06	1.91133e+06	2.18705e+06	778830	1.32056e+07	343234	3.25722e+06	2.12395e+06	291613	5.79289e+06	3.06252e+06	3.29806e+06	1.18889e+06	1.93584e+07	9549.15	33126.1	84399.7	8173.36	31951.5	196968	14903	40442.6	419514	14476.8	33552.6	60980.4	12681.9	45249.5	130616	19503.5	47774.5	364835	24026	66678.7	145380	20855.2	77201	327584	34406.6	88217.1	784349	
1982	7	15	162338	1.59379e+06	479302	97373.2	2.31373e+06	679975	1.03692e+06	286330	6.64976e+06	279447	2.67126e+06	1.34781e+06	158287	4.10021e+06	1.75456e+06	2.09713e+06	679640	1.30883e+07	387590	3.62632e+06	2.09073e+06	262608	5.72869e+06	2.88037e+06	3.11661e+06	1.05158e+06	1.91445e+07	9444.34	33707.8	84437.7	7780.19	32572.7	197453	14949	40334.4	420679	14642.9	32623.3	62588.7	12383.9	44666.9	134544	18095.3	49925.6	369471	24087.2	66331.1	147026	20164.1	77239.6	331997	33044.2	90260.1	790150	
1982	8	15	186002	1.58486e+06	314664	87672.7	2.25167e+06	561801	1.01667e+06	205967	6.20931e+06	311611	2.84563e+06	1.18002e+06	186492	4.08826e+06	1.54852e+06	2.04996e+06	567761	1.27782e+07	435389	3.92397e+06	1.96018e+06	275947	5.60776e+06	2.64902e+06	3.03672e+06	904366	1.87934e+07	9614.9	33094.6	85528	7582.18	33181	198375	15186.7	40152.8	422716	15267.8	32212	58722.7	12338.2	50893.6	122990	18356.7	48993.4	359774	24882.7	65306.6	144251	19920.4	84074.6	321365	33543.4	89146.2	782490	
1982	9	15	229060	1.5336e+06	199261	75187.8	2.64701e+06	529013	1.07653e+06	234745	6.5244e+06	354916	2.93656e+06	809525	189484	4.09788e+06	1.29977e+06	1.98344e+06	443666	1.21152e+07	497381	4.17331e+06	1.54257e+06	279521	5.6593e+06	2.3139e+06	2.95431e+06	730873	1.81512e+07	9722.19	32971.8	85969.1	7346.03	33765.3	199625	15239.8	39850	424489	15289.4	34918.2	53542.1	12052.5	62879.5	108401	22480.8	45253.5	354817	25011.6	67890	139511	19398.5	96644.7	308026	37720.6	85103.5	779306	
1982	10	15	257201	1.5794e+06	156739	66790	3.11233e+06	427988	1.28225e+06	235786	7.11848e+06	416855	2.91216e+06	535383	154262	4.50781e+06	1.11966e+06	1.99592e+06	410139	1.20522e+07	567076	4.21864e+06	1.10738e+06	253872	6.07942e+06	2.03894e+06	2.92921e+06	654386	1.78489e+07	9314.29	33765.5	86049.5	6917.66	34205.5	200545	15490.3	39494.4	425782	15565.2	36782.3	48951.7	12549.2	71449.3	96408.4	26896.6	40385.1	348988	24879.5	70547.8	135001	19466.8	105655	296954	42386.9	79879.5	774770	
1982	11	15	277586	1.52214e+06	182834	67399.6	3.11748e+06	494142	1.40825e+06	257138	7.32698e+06	476136	2.93308e+06	422769	137588	5.17013e+06	1.09718e+06	2.19991e+06	461029	1.28978e+07	647932	4.20434e+06	870413	213780	6.73703e+06	1.92532e+06	3.06257e+06	654946	1.83163e+07	8907.11	33947.6	86432.1	6401.02	34960.2	200911	15628.6	39318.5	426506	15960.9	38167.4	45464.3	13331.8	76042.4	88559.4	29652	37265.6	344444	24868	72114.9	131896	19732.8	111003	289471	45280.6	76584.1	770950	
1982	12	15	307940	1.49152e+06	235542	84198.8	3.1333e+06	513405	1.48214e+06	283269	7.53131e+06	526116	2.92288e+06	397068	122227	5.60423e+06	1.07438e+06	2.48796e+06	498501	1.36334e+07	727982	4.13488e+06	772133	192778	7.35264e+06	2.00588e+06	3.36334e+06	731449	1.92811e+07	8701.25	33668.5	86682.6	6225.29	35152.3	200758	15603.9	39441.8	426233	16567.1	38734.2	43449.2	13835.7	77484.7	85271.8	30428.8	36983.4	342755	25268.4	72402.7	130132	20060.9	112637	286029	46032.8	76425.1	768988	
1983	1	15	374283	1.3889e+06	351001	165175	3.13456e+06	608263	1.50769e+06	337877	7.86775e+06	595267	2.8079e+06	484972	156833	5.61718e+06	1.12181e+06	2.67535e+06	536694	1.3996e+07	831659	4.0356e+06	846284	225356	7.56326e+06	2.12864e+06	3.6745e+06	804519	2.01098e+07	8705.29	33374.4	87001.7	6277	35141	200733	15023.3	39736.3	425991	17078.6	37318.2	44684	15201.2	67732.6	92719.6	27451.7	39659.9	341846	25783.9	70692.6	131686	21478.2	102874	293452	42475	79396.1	767837	
1983	2	15	432337	1.34412e+06	496634	296737	2.94247e+06	773114	1.37505e+06	402450	8.0629e+06	702696	2.67171e+06	654532	270496	5.59603e+06	1.21792e+06	2.7383e+06	632877	1.44846e+07	968046	3.81851e+06	1.04215e+06	346617	7.55034e+06	2.26496e+06	3.81706e+06	944426	2.07521e+07	8829.66	33017.5	87291.6	6242.96	35118.6	200796	14181	39928.6	425406	16949.3	34981.4	51065.5	15050.3	57467	106281	24364.6	41916.8	348076	25779	67998.9	138357	21293.3	92585.6	307076	38545.6	81845.4	773481	
1983	3	15	484142	1.42739e+06	607296	416701	2.82369e+06	846582	1.3002e+06	384969	8.29098e+06	808208	2.54929e+06	899368	472298	5.41316e+06	1.45815e+06	2.58243e+06	749002	1.49319e+07	1.11547e+06	3.65378e+06	1.34452e+06	587289	7.36783e+06	2.49807e+06	3.68227e+06	1.10151e+06	2.13507e+07	9042.41	32428.5	87797	6226.63	34301.5	201909	13468.6	40464.4	425638	16641.8	33701.1	55149.9	14191.4	51057.5	115106	21767.8	44003.7	351619	25684.2	66129.6	142947	20418	85358.9	317014	35236.4	84468.2	777257	
1983	4	15	490558	1.54165e+06	705296	480966	2.89586e+06	910716	1.31384e+06	381698	8.72059e+06	897628	2.63533e+06	1.10939e+06	673954	5.18337e+06	1.63251e+06	2.38229e+06	766008	1.52805e+07	1.25003e+06	3.67826e+06	1.63544e+06	854164	7.18127e+06	2.71781e+06	3.47814e+06	1.17193e+06	2.19671e+07	9315.24	31929.9	87906.9	6225.66	33026.9	203399	12728.7	41305.7	425838	16385.8	32941.3	58267.6	13396.6	46669.9	121684	19428.4	45459.3	354232	25701	64871.2	146175	19622.3	79696.8	325082	32157.1	86765	780070	
1983	5	15	533295	1.60247e+06	774044	577977	3.03305e+06	929883	1.40832e+06	333726	9.19277e+06	971729	2.83946e+06	1.29815e+06	799121	5.18962e+06	1.70031e+06	2.33554e+06	722389	1.58563e+07	1.3583e+06	3.86362e+06	1.94967e+06	1.07012e+06	7.11378e+06	2.84727e+06	3.34328e+06	1.14387e+06	2.26899e+07	9581.97	30955.5	88387.7	6253.36	31855.9	205067	12101.8	42435.6	426638	16235.6	32486.8	60393.8	12708	43563.6	127117	17423.6	47233.4	357162	25817.5	63442.2	148782	18961.4	75419.5	332184	29525.4	89669	783801	
1983	6	15	599764	1.76891e+06	740419	698729	3.11743e+06	836288	1.4936e+06	280423	9.53557e+06	1.03722e+06	3.06524e+06	1.40293e+06	930064	5.46779e+06	1.72355e+06	2.45366e+06	629059	1.67095e+07	1.46742e+06	4.20797e+06	2.12842e+06	1.28371e+06	7.40846e+06	2.81905e+06	3.42794e+06	989696	2.37327e+07	9668.62	30735.6	88242.8	6273.24	31097	206531	11584.7	43226	427359	15951.3	32962.7	61048.6	12162.3	41436.5	131984	15802.7	49316	360664	25619.9	63698.2	149291	18435.5	72533.4	338515	27387.4	92541.9	788023	
1983	7	15	728994	1.96432e+06	568752	709339	3.06162e+06	684854	1.42659e+06	240091	9.38456e+06	1.13379e+06	3.32286e+06	1.40417e+06	1.14208e+06	5.71379e+06	1.65054e+06	2.65856e+06	557532	1.75833e+07	1.5738e+06	4.59494e+06	2.20349e+06	1.53058e+06	7.78465e+06	2.74282e+06	3.66056e+06	893336	2.49842e+07	9664.05	30343.3	88076.2	6318.78	30763.2	207744	11235.1	43995.9	428141	15928.1	33230.3	61941.6	11924.6	39971.9	135780	14772.9	51560	365110	25592.1	63573.6	150018	18243.4	70735.1	343524	26008.1	95555.9	793250	
1983	8	15	811964	2.00442e+06	363155	740549	3.00337e+06	527272	1.32984e+06	188033	8.9686e+06	1.28937e+06	3.65563e+06	1.23791e+06	1.36133e+06	5.7427e+06	1.46882e+06	2.72163e+06	478148	1.79555e+07	1.76161e+06	5.01795e+06	2.07065e+06	1.85465e+06	7.96208e+06	2.58984e+06	3.82752e+06	771141	2.58554e+07	9574.5	30334.8	87790.1	6539.57	30650.8	209099	11038.4	44273.7	429301	16269.9	34333.8	57595	11729.8	47022.7	123049	15942.6	50287.3	356230	25844.4	64668.6	145385	18269.4	77673.6	332148	26981	94561	785531	
1983	9	15	817747	1.95443e+06	308313	702963	3.30993e+06	484554	1.35983e+06	267713	9.20549e+06	1.46271e+06	3.86203e+06	931454	1.45945e+06	5.67477e+06	1.20876e+06	2.5673e+06	406143	1.75726e+07	1.99641e+06	5.40439e+06	1.71079e+06	2.09028e+06	7.97447e+06	2.30583e+06	3.80731e+06	669745	2.59592e+07	9578.92	30109	87503.2	6781.05	30967.9	210358	10982	44405.5	430686	16686.1	36592.2	52805.7	11368.4	60126	107917	21087.8	46143.8	352727	26265	66701.2	140309	18149.5	91093.9	318275	32069.8	90549.3	783413	
1983	10	15	750231	1.81031e+06	298233	602884	3.59646e+06	452393	1.57922e+06	307012	9.39674e+06	1.54928e+06	3.84298e+06	714031	1.51369e+06	5.83725e+06	1.045e+06	2.48714e+06	458327	1.74477e+07	2.17257e+06	5.54283e+06	1.38234e+06	2.25143e+06	8.05719e+06	2.05629e+06	3.67667e+06	697315	2.58366e+07	9589.05	30483.5	86642.9	7239.31	31232.3	211575	11164.7	44276.3	432203	17043.7	38228.7	48796.8	12282.4	68892.7	96081.1	25920.9	41401.5	348648	26632.7	68712.1	135440	19521.7	100125	307656	37085.6	85677.8	780851	
1983	11	15	632159	1.60982e+06	368088	472196	3.62275e+06	466050	1.67186e+06	343264	9.18619e+06	1.4965e+06	3.65925e+06	665677	1.33734e+06	6.3048e+06	980431	2.71044e+06	582761	1.77372e+07	2.17311e+06	5.39963e+06	1.181e+06	2.11891e+06	8.42064e+06	1.86467e+06	3.78642e+06	790251	2.57346e+07	9602.29	30623.9	86041.5	7534.71	31036.7	212436	11764.5	44071	433110	17448.3	39217.4	45935.2	13304.8	73955.9	88060	29044.6	38222.7	345189	27050.6	69841.3	131977	20839.5	104993	300496	40809.1	82293.7	778299	
1983	12	15	524579	1.44892e+06	455701	395958	3.55027e+06	538144	1.66733e+06	364989	8.94588e+06	1.30326e+06	3.29573e+06	718462	1.09271e+06	6.55461e+06	978677	3.01602e+06	637749	1.75972e+07	1.97896e+06	4.99124e+06	1.18804e+06	1.8208e+06	8.77766e+06	1.90091e+06	4.104e+06	918891	2.56805e+07	9591.98	30999.7	85262.9	7994.82	31164.1	212502	12333.7	43871.9	433722	17931.1	39790.3	44277.6	13944	75432.3	84706.5	30176.2	37717.2	343975	27523.1	70790	129540	21938.8	106596	297209	42510	81589.2	777697	
1984	1	15	461224	1.41382e+06	529462	328264	3.41831e+06	610224	1.58792e+06	426443	8.77566e+06	1.09867e+06	2.94273e+06	854694	862016	6.52965e+06	1.04097e+06	3.11768e+06	680676	1.71271e+07	1.71594e+06	4.4796e+06	1.33002e+06	1.44598e+06	8.91373e+06	1.98523e+06	4.36296e+06	1.00976e+06	2.52432e+07	9684.09	31627.2	84276.2	8688	31874.2	211822	12623.9	43649.7	434245	18290.8	38654.6	45086.3	15257.3	65968.2	92521.1	28041	39942.7	343762	27974.9	70281.8	129362	23945.3	97842.4	304343	40664.9	83592.4	778007	
1984	2	15	387742	1.38669e+06	645512	331244	3.06913e+06	774507	1.38444e+06	460944	8.44021e+06	906908	2.72137e+06	1.00729e+06	714176	6.32872e+06	1.16266e+06	3.0542e+06	762370	1.66577e+07	1.41965e+06	4.04794e+06	1.54005e+06	1.17243e+06	8.73783e+06	2.10307e+06	4.37627e+06	1.12667e+06	2.45239e+07	9839.12	32011.8	83349.3	9362.6	32432.3	210796	12667.4	43540.2	433998	18445.2	36855.3	49586.7	15686.3	55927.7	106470	26038.4	42163.8	351174	28284.3	68867	132936	25048.9	88360	317266	38705.8	85704	785172	
1984	3	15	306668	1.3594e+06	688127	335546	2.64714e+06	859210	1.25902e+06	425586	7.8807e+06	762546	2.63586e+06	1.17091e+06	625970	5.828e+06	1.39948e+06	2.78653e+06	844654	1.6054e+07	1.17615e+06	3.78708e+06	1.77621e+06	999561	8.19509e+06	2.36605e+06	4.11431e+06	1.23623e+06	2.36507e+07	10325.5	31901.8	82628.9	9530.29	32662.5	209924	12536.6	43656.8	433166	18924.3	35359.2	52406.1	15205.2	50475.6	114826	23479.3	44290.1	354966	29249.8	67261	135035	24735.5	83138.1	324750	36015.9	87946.9	788132	
1984	4	15	215843	1.35273e+06	767874	257578	2.55497e+06	902091	1.19009e+06	407778	7.64895e+06	628542	2.5847e+06	1.30483e+06	533134	5.16157e+06	1.58036e+06	2.50676e+06	818850	1.51187e+07	984080	3.67517e+06	1.96994e+06	803135	7.42488e+06	2.58758e+06	3.79157e+06	1.25521e+06	2.24916e+07	11213.6	31485.5	82873.9	9005.76	32506.1	209687	12432	43831.7	433035	19388.4	34472.3	54687.8	14166.2	47145.3	121010	21106.7	45770.4	357747	30602	65957.8	137562	23171.9	79651.4	330697	33538.7	89602.1	790782	
1984	5	15	177740	1.43771e+06	793592	248242	2.48202e+06	941447	1.18365e+06	392577	7.65697e+06	470656	2.56208e+06	1.40359e+06	445800	4.67432e+06	1.70698e+06	2.3513e+06	763002	1.43777e+07	795625	3.62915e+06	2.16068e+06	675531	6.71106e+06	2.78904e+06	3.50701e+06	1.19905e+06	2.14671e+07	12193.9	31170.4	82967.1	8762.79	32442.8	209611	12318	44137.3	433604	19317.3	34476.7	55540.5	13196.3	45018.7	126214	19211.7	47362	360337	31511.2	65647.1	138508	21959.1	77461.5	335825	31529.7	91499.4	793941	
1984	6	15	184075	1.55631e+06	695119	264415	2.49953e+06	817827	1.18793e+06	331223	7.53644e+06	379690	2.61377e+06	1.4982e+06	407184	4.46587e+06	1.80989e+06	2.29732e+06	712220	1.41841e+07	641974	3.64576e+06	2.29135e+06	616206	6.24673e+06	2.88077e+06	3.39172e+06	1.09229e+06	2.08068e+07	12521.9	31282.3	82961.4	8583.73	32490.7	209818	12367.7	44256.6	434283	18451.8	34884.1	56299.9	12573.7	43601.8	130913	17946.5	49316.2	363987	30973.7	66166.5	139261	21157.4	76092.5	340731	30314.2	93572.9	798269	
1984	7	15	187231	1.69916e+06	468765	280593	2.57436e+06	617974	1.15589e+06	274790	7.25877e+06	378826	2.82128e+06	1.3955e+06	437354	4.47948e+06	1.68675e+06	2.27948e+06	650069	1.41287e+07	575306	3.85242e+06	2.245e+06	619340	6.20352e+06	2.77257e+06	3.34158e+06	996202	2.06059e+07	12333.3	31205.5	83496.2	8479.57	32566	209807	12456.9	44363	434707	17912.2	33999.7	58357.2	12352.6	42704.4	134697	17052.3	51594.3	368670	30245.5	65205.2	141853	20832.2	75270.4	344504	29509.2	95957.3	803377	
1984	8	15	244407	1.72053e+06	291290	319020	2.69491e+06	473084	1.16275e+06	215414	7.12141e+06	396846	3.08032e+06	1.08353e+06	537829	4.64834e+06	1.37407e+06	2.25251e+06	559893	1.39333e+07	585323	4.18726e+06	1.94682e+06	750082	6.35147e+06	2.45513e+06	3.3274e+06	884414	2.04879e+07	11784	31090.3	84226	8866.85	32668.7	210896	12548.1	44353.1	436434	17769.9	34269.3	55182.8	12232.5	49986.7	122443	17603.4	50390.3	359878	29554	65359.7	139409	21099.3	82655.4	333340	30151.5	94743.3	796312	
1984	9	15	320498	1.69934e+06	243500	298046	3.00216e+06	482641	1.25615e+06	251365	7.5537e+06	457691	3.25675e+06	719439	593300	4.88278e+06	1.04897e+06	2.24487e+06	454425	1.36582e+07	650199	4.49243e+06	1.4861e+06	844152	6.65048e+06	2.0131e+06	3.30668e+06	746534	2.01897e+07	10937.6	31204.2	85055.5	9046.92	33017.1	211605	12701.7	44229.8	437798	17339.5	36563.8	51097.8	12018.8	61798.8	108478	22077.2	46418.9	355792	28277.1	67768	136153	21065.7	94816	320083	34779	90648.7	793591	
1984	10	15	389214	1.66883e+06	220351	269777	3.24563e+06	466189	1.47532e+06	276863	8.01218e+06	590997	3.23979e+06	554375	645012	5.2411e+06	963333	2.35407e+06	441509	1.40302e+07	787839	4.58827e+06	1.15735e+06	952613	7.09695e+06	1.75334e+06	3.38661e+06	695440	2.04184e+07	10170.5	31335.1	85822.9	9781.43	33639.1	211537	13333.3	44095.6	439715	17080.3	38652.7	47066.7	13143.5	70386.6	96959.1	26581.6	41617.8	351488	27250.8	69987.8	132890	22925	104026	308496	39914.8	85713.4	791203	
1984	11	15	383507	1.63289e+06	234419	261643	3.26204e+06	500037	1.58427e+06	321978	8.18079e+06	727288	3.15903e+06	512396	608147	5.6477e+06	1.03796e+06	2.64253e+06	524412	1.48595e+07	978590	4.52599e+06	976734	937771	7.57896e+06	1.72349e+06	3.67052e+06	740198	2.11323e+07	9638.87	31181.5	86394.2	10407.4	33978.6	210988	13940	44237.8	440766	17195	40220.2	44167.6	14307.1	75538.3	89341.4	29324.1	38511.8	348606	26833.9	71401.7	130562	24714.5	109517	300329	43264.1	82749.6	789371	
1984	12	15	368672	1.5426e+06	319293	252424	3.29619e+06	549910	1.59193e+06	381795	8.30282e+06	773603	3.08634e+06	497836	585298	5.8575e+06	1.06792e+06	2.90138e+06	621696	1.53916e+07	1.08542e+06	4.40715e+06	935229	923486	7.94335e+06	1.84873e+06	4.00653e+06	883735	2.20336e+07	9338.07	30946.6	86612.2	11178.8	34201	209884	14559.6	44367.8	441088	17607.2	40748	42670.7	15119.8	77176.3	86694.2	30140.3	37900.2	348057	26945.3	71694.6	129283	26298.7	111377	296578	44699.9	82268	789145	
1985	1	15	344025	1.40704e+06	426972	234361	3.19032e+06	685324	1.60231e+06	400036	8.29039e+06	729408	2.95254e+06	600404	582114	5.93688e+06	1.1019e+06	3.03723e+06	698679	1.56392e+07	1.08134e+06	4.23307e+06	1.02111e+06	896602	8.1424e+06	1.92941e+06	4.27837e+06	1.01664e+06	2.25989e+07	9290.78	30994.9	85743.7	11871.4	34725	208046	14750.5	44551.1	439973	18244.2	39160.9	44140.3	16288.4	68787.8	94167.5	27589.4	40336.7	348715	27535	70155.8	129884	28159.8	103513	302214	42339.9	84887.8	788689	
1985	2	15	297999	1.35835e+06	554716	225193	3.0142e+06	885292	1.46969e+06	462495	8.26794e+06	652891	2.73308e+06	779097	543800	5.91791e+06	1.26468e+06	3.06779e+06	774022	1.57333e+07	983438	3.97731e+06	1.2086e+06	852502	8.14158e+06	2.11333e+06	4.3907e+06	1.14754e+06	2.2815e+07	9633.69	31148	85220.7	12477.5	34945.9	206278	14786.8	44806.1	439297	18560.8	36666.6	49624.8	16653.8	59774.1	106903	25097.9	43480.7	356762	28194.5	67814.6	134846	29131.3	94720	313181	39884.6	88286.8	796058	
1985	3	15	264316	1.30628e+06	639786	256559	2.71869e+06	963620	1.36366e+06	447470	7.96038e+06	621025	2.51812e+06	1.01249e+06	519702	5.61078e+06	1.577e+06	2.93181e+06	825605	1.56165e+07	929599	3.65772e+06	1.52026e+06	828136	7.88504e+06	2.45117e+06	4.26837e+06	1.24253e+06	2.27828e+07	10375.4	30508.9	85628.4	13568.1	35315.5	204597	14226.6	45008.6	439228	18914.5	34815	53480.4	16608.8	54390.8	114938	22590.8	45738.2	361476	29289.8	65323.9	139109	30176.9	89706.3	319534	36817.4	90746.8	800704	
1985	4	15	204082	1.40686e+06	690996	220850	2.50511e+06	1.00527e+06	1.24071e+06	455408	7.72928e+06	512996	2.48549e+06	1.16506e+06	479978	5.13799e+06	1.84562e+06	2.68549e+06	841906	1.51545e+07	798373	3.52574e+06	1.74134e+06	749047	7.31905e+06	2.83973e+06	4.00326e+06	1.27411e+06	2.22507e+07	11566.1	30168	85637.2	13306.6	34859.8	204425	13637.6	45192.4	438792	19405.1	33526.3	56549	15453	51145.6	121408	20432.7	47266.9	365187	30971.1	63694.3	142186	28759.6	86005.4	325833	34070.3	92459.3	803979	
1985	5	15	146873	1.43272e+06	755390	163381	2.49207e+06	933854	1.18783e+06	426405	7.53852e+06	394392	2.56492e+06	1.28471e+06	414526	4.70612e+06	1.8714e+06	2.49091e+06	813559	1.45405e+07	639411	3.57806e+06	1.9669e+06	640456	6.79217e+06	2.95442e+06	3.71766e+06	1.25658e+06	2.15457e+07	12012.7	29693.5	86309.9	12712.8	34530.5	204054	13689.4	45561.3	438565	18695.9	33461.5	58580.3	14492.6	48643.3	126762	19180.7	48746.4	368563	30708.6	63155	144890	27205.3	83173.8	330816	32870.2	94307.8	807127	
1985	6	15	145576	1.52056e+06	683403	152217	2.5493e+06	793560	1.14915e+06	376040	7.3698e+06	324562	2.67031e+06	1.36794e+06	345925	4.54679e+06	1.78165e+06	2.34423e+06	772288	1.41537e+07	524547	3.68288e+06	2.09886e+06	566057	6.48742e+06	2.8239e+06	3.50384e+06	1.17571e+06	2.08632e+07	11816.3	30523	86105.6	12138.7	34497.6	203958	13817.7	45827.8	438685	18150.8	33662.6	59606.1	13845.3	46719.1	131292	18466.2	50632.5	372375	29967.2	64185.6	145712	25984	81216.8	335250	32283.9	96460.3	811059	
1985	7	15	158653	1.57727e+06	466443	164582	2.56903e+06	610504	1.10996e+06	299526	6.95597e+06	293070	2.77298e+06	1.33527e+06	305473	4.59078e+06	1.60514e+06	2.24655e+06	704622	1.38539e+07	459418	3.87999e+06	2.08879e+06	498419	6.41478e+06	2.61522e+06	3.32736e+06	1.08749e+06	2.03715e+07	11351.1	31560.3	86019.7	11725	34851.8	203580	14091.3	45879.7	439059	17700.4	33156.1	61568.1	13678.9	45143.5	135090	18009.7	52656.9	377003	29051.5	64716.4	147588	25403.8	79995.3	338670	32101	98536.6	816063	
1985	8	15	180896	1.58925e+06	295445	167674	2.55162e+06	477127	1.09004e+06	222786	6.57484e+06	300670	2.90683e+06	1.08327e+06	324770	4.65938e+06	1.35764e+06	2.16801e+06	614527	1.34151e+07	440036	4.04246e+06	1.86836e+06	498031	6.46847e+06	2.33287e+06	3.20907e+06	970053	1.98293e+07	11000.3	31974.1	86500.4	11497.6	34928.8	204558	14334.2	45960.2	440753	17605.7	34433.7	57540.1	13433.2	51539.5	123918	18912.8	51061.9	368445	28606	66407.8	144040	24930.7	86468.4	328476	33247	97022.1	809198	
1985	9	15	235986	1.59974e+06	208995	181540	2.83349e+06	495129	1.22604e+06	241622	7.02254e+06	343460	2.95528e+06	735063	367006	4.70083e+06	1.10064e+06	2.13005e+06	482862	1.28152e+07	485482	4.19647e+06	1.4408e+06	553392	6.56424e+06	1.98711e+06	3.13775e+06	809347	1.91746e+07	10636.2	32198.7	86872.6	11689.1	34964.1	205890	14643.1	45682.2	442576	17516.6	37105.8	53023.7	13327.2	63279.5	110332	23022	46988.4	364595	28152.8	69304.5	139896	25016.3	98243.6	316222	37665.2	92670.6	807172	
1985	10	15	224215	1.52071e+06	196918	179366	3.13331e+06	457172	1.4586e+06	298500	7.46879e+06	415312	2.9689e+06	515321	385279	4.96123e+06	1.02367e+06	2.22077e+06	444292	1.29348e+07	565093	4.25472e+06	1.04154e+06	610732	6.90623e+06	1.75079e+06	3.18554e+06	723100	1.90378e+07	10413.5	32362.5	87231.5	11739.3	35203.2	206395	14869.8	45044.9	443260	17725.5	38704.5	49261.4	14112	72320.4	98741.2	27338.7	42117	360321	28139	71067	136493	25851.4	107524	305136	42208.4	87161.9	803580	
1985	11	15	196477	1.40095e+06	247117	150340	3.23452e+06	493123	1.59735e+06	321393	7.64128e+06	442619	2.89346e+06	441657	366500	5.4782e+06	1.02878e+06	2.57724e+06	528002	1.37565e+07	615132	4.17892e+06	824977	568585	7.40968e+06	1.6689e+06	3.52385e+06	754889	1.95449e+07	10206.3	32405.5	87522.5	11258.3	35424	206322	15485.1	44492.7	443116	17959.8	39709.1	46487.7	14901.4	77774.4	91180.3	29994.4	38973.9	356981	28166.1	72114.7	134010	26159.7	113198	297502	45479.5	83466.5	800097	
1985	12	15	175886	1.28555e+06	318416	131104	3.21291e+06	557130	1.65171e+06	374392	7.70709e+06	405619	2.695e+06	481419	334833	5.83116e+06	1.02073e+06	2.94459e+06	598753	1.43121e+07	615986	3.97502e+06	806807	533024	7.90334e+06	1.75656e+06	3.99371e+06	854450	2.04389e+07	9969.77	32643.3	86736.5	11032.5	35331.5	205991	16152.7	43880.4	441737	18213.4	40360	45022.5	15543.6	79379.8	88513.1	30656.3	38611.6	356300	28183.2	73003.3	131759	26576.1	114711	294504	46809	82492	798038	
1986	1	15	172737	1.1866e+06	427629	140583	3.06089e+06	681951	1.61982e+06	468180	7.75838e+06	368493	2.45533e+06	596721	324828	5.84063e+06	1.14269e+06	3.12959e+06	688672	1.4547e+07	570692	3.63601e+06	926027	529721	8.04345e+06	1.94155e+06	4.3643e+06	1.01441e+06	2.10262e+07	9879.11	33000.1	85265.6	11344	35834.5	205194	16427.6	43418.5	440363	18134.2	39532.3	46050.1	17205.5	70335.2	95705.5	28492.9	41067.9	356523	28013.3	72532.4	131316	28549.4	106170	300899	44920.4	84486.3	796887	
1986	2	15	163764	1.13854e+06	573813	167828	2.85294e+06	813488	1.44899e+06	509434	7.66879e+06	352033	2.2457e+06	767542	327765	5.6717e+06	1.28913e+06	3.14055e+06	824541	1.4619e+07	537597	3.30911e+06	1.14146e+06	525159	7.87711e+06	2.16876e+06	4.48095e+06	1.18192e+06	2.12221e+07	10007	33374.4	84892.5	11680	36223.6	204122	16406.3	42962.7	439669	17898.7	37468.9	50778.4	17603.1	61341.8	108638	26945.2	43761.1	364435	27905.7	70843.3	135671	29283.1	97565.4	312760	43351.5	86723.8	804104	
1986	3	15	117924	1.17871e+06	664021	177437	2.65017e+06	871769	1.33705e+06	477740	7.47482e+06	304046	2.11781e+06	1.0251e+06	344844	5.35063e+06	1.50038e+06	2.93907e+06	932233	1.45141e+07	465455	3.07447e+06	1.46302e+06	535034	7.52139e+06	2.43517e+06	4.3095e+06	1.34327e+06	2.11473e+07	10232.4	33501.4	84966.2	11885.8	35832.7	203526	16016.9	42623.2	438585	17667.2	35736.3	54515.7	17025.7	55520	116849	24787.7	45792.4	367895	27899.5	69237.7	139482	28911.5	91352.8	320376	40804.6	88415.7	806480	
1986	4	15	101903	1.28562e+06	730635	170892	2.4793e+06	960458	1.23787e+06	465500	7.43218e+06	248175	2.12494e+06	1.24556e+06	357478	4.87776e+06	1.72142e+06	2.66131e+06	917327	1.4154e+07	397411	3.00153e+06	1.78192e+06	538996	6.92633e+06	2.73999e+06	4.00782e+06	1.38907e+06	2.07831e+07	10713.4	33208.7	85459.6	11720.5	35259.4	203774	15595.3	42441.3	438172	17423.6	34688.3	57505.7	15931.2	51831.8	123107	22896.7	47204.9	370589	28137	67897	142965	27651.7	87091.2	326881	38492	89646.3	808761	
1986	5	15	86793.8	1.42152e+06	762891	135678	2.49273e+06	882204	1.19938e+06	435901	7.41709e+06	198974	2.28639e+06	1.36185e+06	321369	4.56403e+06	1.79451e+06	2.46862e+06	858191	1.38539e+07	329086	3.12662e+06	2.03563e+06	502663	6.47207e+06	2.88015e+06	3.6929e+06	1.32763e+06	2.03667e+07	10959.4	32487.9	86483.5	11064.4	34714.8	204553	15272.2	42410	437945	16849.6	34258.3	59854.8	14746.5	49447.1	128109	21274.1	48645.2	373185	27809	66746.2	146338	25810.9	84161.9	332662	36546.3	91055.2	811130	
1986	6	15	89278.3	1.51745e+06	778015	103765	2.62338e+06	727416	1.18141e+06	366650	7.38736e+06	181310	2.5358e+06	1.42603e+06	272102	4.5047e+06	1.70851e+06	2.37067e+06	798685	1.37978e+07	286294	3.41932e+06	2.16733e+06	437076	6.3156e+06	2.75382e+06	3.52171e+06	1.21644e+06	2.01176e+07	11099.3	31967.9	87378.1	10334.3	34604.3	205022	15337.7	42256.2	438000	16447.7	34115.2	61352.1	13967.1	47876.2	132210	20091.9	50261.5	376321	27547	66083.2	148730	24301.4	82480.5	337231	35429.6	92517.7	814321	
1986	7	15	109594	1.63798e+06	607014	117745	2.61079e+06	555741	1.17688e+06	293344	7.10909e+06	168555	2.76854e+06	1.44752e+06	244317	4.68381e+06	1.46277e+06	2.34233e+06	709445	1.38273e+07	262985	3.74732e+06	2.24352e+06	406320	6.4513e+06	2.47383e+06	3.44007e+06	1.09952e+06	2.01249e+07	10857.4	31875.1	87937.2	10163.3	34734.5	205440	15488.2	42140.6	438636	16183.3	34120	62359	13924.4	47031.9	136104	19077.2	52047.9	380848	27040.8	65995.1	150296	24087.7	81766.4	341544	34565.4	94188.5	819484	
1986	8	15	133599	1.65142e+06	349488	133238	2.52814e+06	424212	1.13931e+06	263534	6.62294e+06	186836	2.99055e+06	1.27203e+06	240925	4.78589e+06	1.21361e+06	2.29683e+06	593657	1.35803e+07	272393	4.09093e+06	2.08858e+06	390652	6.57889e+06	2.16256e+06	3.36745e+06	951830	1.99033e+07	10612.8	31595.7	88672.3	10034.5	35263.8	206298	15376.7	41802.5	439656	15858.2	35300.3	57989.2	13939.6	54160.3	123952	19539.5	51041.8	371781	26471.1	66896	146661	23974	89424.2	330250	34916.2	92844.3	811437	
1986	9	15	145425	1.65272e+06	266579	120426	2.85991e+06	395297	1.25732e+06	305907	7.00357e+06	230897	3.108e+06	903099	267775	4.70744e+06	984953	2.25719e+06	503777	1.29631e+07	313877	4.29862e+06	1.72395e+06	399674	6.57001e+06	1.88739e+06	3.30913e+06	810670	1.93133e+07	10283.9	31810.3	89240.9	9773.06	36610	206920	15245	41534.6	441418	15766.8	37815.9	53414.1	13609.6	65993.5	109922	23595.4	47220.5	367338	26050.7	69626.1	142655	23382.6	102603	316843	38840.4	88755.1	808756	
1986	10	15	147430	1.62741e+06	228033	99488.7	3.18562e+06	371443	1.48932e+06	342344	7.49109e+06	260746	3.1232e+06	614709	252356	4.9787e+06	858372	2.32948e+06	523262	1.29408e+07	356032	4.43912e+06	1.28364e+06	392117	6.83337e+06	1.67618e+06	3.3577e+06	779608	1.91178e+07	9808.59	32171.6	89475.2	9215.62	37893.1	207734	15125.5	41136.2	442559	16108.4	39737.9	49214.4	14253	74674	98027.9	27905.4	42554.1	362475	25917	71909.4	138690	23468.6	112567	305761	43030.8	83690.4	805034	
1986	11	15	156992	1.48206e+06	298312	94724.3	3.24248e+06	413194	1.60264e+06	367857	7.65826e+06	277044	3.08709e+06	518299	225767	5.58088e+06	818214	2.61791e+06	613494	1.37387e+07	391894	4.42331e+06	983366	375399	7.36702e+06	1.54016e+06	3.59709e+06	856799	1.9535e+07	9402.35	32362.3	89748.8	8896.9	38633.4	208018	15097.9	40663.4	442823	16528	40808.9	46303.6	15243.9	79443.9	90164.6	30805.1	39406.3	358704	25930.4	73171.2	136052	24140.9	118077	298182	45903	80069.7	801527	
1986	12	15	163021	1.33421e+06	384089	90267.9	3.08034e+06	540728	1.66041e+06	419776	7.67284e+06	304322	2.90852e+06	572290	199224	5.79536e+06	923381	2.92392e+06	674508	1.43015e+07	433546	4.24261e+06	971847	325374	7.7689e+06	1.69765e+06	3.96932e+06	964076	2.03733e+07	9165.51	32625.9	89639.6	8509.41	38667.1	208022	15155.1	40196.3	441981	17164.3	41305.5	44585.4	15560.6	81228.2	87228.3	31655.1	38931.6	357659	26329.8	73931.4	134225	24070	119895	295250	46810.2	79127.9	799639	
1987	1	15	210378	1.32682e+06	456352	89132.9	3.05908e+06	592053	1.66459e+06	473337	7.87175e+06	329356	2.63159e+06	711924	184433	5.69263e+06	1.06748e+06	3.07919e+06	751605	1.44482e+07	476916	3.92011e+06	1.08957e+06	293698	7.82127e+06	1.90936e+06	4.28302e+06	1.09924e+06	2.08932e+07	9163.18	33034	88869	8304.92	38966	207325	15095.9	39792.3	440551	17665.5	39257.5	45786.9	16480.4	72308.5	95290.6	28763.1	41390.2	356943	26828.7	72291.5	134656	24785.3	111274	302616	43859	81182.5	797493	
1987	2	15	274230	1.27096e+06	602991	122296	2.883e+06	777115	1.48965e+06	514373	7.93462e+06	401926	2.45877e+06	874639	209485	5.47801e+06	1.22156e+06	3.13739e+06	841184	1.4623e+07	564617	3.60379e+06	1.3235e+06	326266	7.56821e+06	2.15446e+06	4.41514e+06	1.22427e+06	2.11802e+07	9248.51	33142.5	88385.9	8588.94	38495.1	206665	14883.2	39484.6	438893	17588.6	36924.7	50577.7	16593.4	62074.4	109049	26340	43159.7	362307	26837.1	70067.2	138964	25182.3	100569	315713	41223.2	82644.4	801201	
1987	3	15	296655	1.34864e+06	650401	119145	2.67816e+06	828234	1.31529e+06	464149	7.70068e+06	497817	2.4382e+06	1.05583e+06	227181	5.31591e+06	1.40136e+06	2.96256e+06	905719	1.48046e+07	668231	3.45407e+06	1.57439e+06	336639	7.28818e+06	2.40972e+06	4.27873e+06	1.33206e+06	2.1342e+07	9487.18	32905.5	88327.4	8389.78	37599.5	206443	14347.6	39198.2	436698	17386.9	35490	53894.9	15729.8	56088.5	117106	23616	44604	363916	26874.1	68395.5	142222	24119.6	93688.1	323549	37963.7	83802.2	800614	
1987	4	15	327874	1.48798e+06	727510	120250	2.62708e+06	892094	1.17453e+06	452814	7.81013e+06	570803	2.50876e+06	1.22443e+06	231786	4.93264e+06	1.61869e+06	2.60883e+06	883862	1.45798e+07	780687	3.51766e+06	1.81802e+06	340924	6.87224e+06	2.65962e+06	3.9223e+06	1.34432e+06	2.12558e+07	9516.99	32542.4	88764	8148.86	36349.9	207244	13939.9	39198.4	435704	16618.2	34878.7	56895.4	14670.9	52043.4	123972	21372.4	45572.2	366023	26135.2	67421.1	145659	22819.8	88393.3	331215	35312.3	84770.5	801727	
1987	5	15	397147	1.68988e+06	762239	141552	2.62855e+06	866878	1.11359e+06	413978	8.01381e+06	638546	2.70851e+06	1.34032e+06	212891	4.64378e+06	1.73366e+06	2.29519e+06	835537	1.44084e+07	881636	3.71062e+06	2.04869e+06	323377	6.49088e+06	2.86946e+06	3.47115e+06	1.30111e+06	2.10969e+07	9564.26	31943.7	89033	7734.34	34998.4	208897	13641.9	39811.7	435625	16190.6	34800.2	58556.5	13643.8	48981.5	130386	19622.7	47099.2	369280	25754.9	66743.9	147589	21378.2	83979.9	339283	33264.6	86910.9	804905	
1987	6	15	461043	1.83719e+06	705690	169215	2.80895e+06	735929	1.09471e+06	372598	8.18533e+06	760260	3.02818e+06	1.43173e+06	225896	4.64979e+06	1.70254e+06	2.12091e+06	788588	1.47079e+07	1.0419e+06	4.08654e+06	2.19413e+06	321162	6.37815e+06	2.80998e+06	3.15655e+06	1.20475e+06	2.11931e+07	9606.77	31631.2	88927	7397.76	34105.5	209785	13658.4	40385.3	435497	16190.6	35053.3	59436.6	13124.8	46703.5	135787	18569.7	49276.4	374142	25797.3	66684.5	148364	20522.6	80809	345572	32228.1	89661.7	809639	
1987	7	15	528772	1.90548e+06	517083	237997	2.92339e+06	562355	1.08356e+06	284174	8.04281e+06	903992	3.34418e+06	1.39819e+06	300817	4.89584e+06	1.48785e+06	2.09453e+06	680641	1.5106e+07	1.22552e+06	4.50891e+06	2.22143e+06	402998	6.64128e+06	2.58135e+06	3.0417e+06	1.06071e+06	2.16839e+07	9491.89	31403.5	89117	7222.8	33743.8	209950	13636.1	40540.4	435106	16471.3	34621.3	61140.7	12963.9	45100.5	140053	17832.6	51313.8	379497	25963.2	66024.8	150258	20186.7	78844.2	350004	31468.6	91854.2	814603	
1987	8	15	601652	1.90334e+06	342553	242570	2.84285e+06	450351	1.06544e+06	215276	7.66404e+06	1.02288e+06	3.5348e+06	1.19408e+06	404707	5.12274e+06	1.27797e+06	2.06378e+06	577521	1.51985e+07	1.42367e+06	4.84308e+06	2.0583e+06	534458	6.9072e+06	2.32771e+06	2.98744e+06	908384	2.19902e+07	9380.93	31265.4	89269.8	6985.68	34005.2	210599	13460.6	40645	435612	17051.1	35523.3	57379	12653.7	52390.1	127077	18648.8	50387.4	371111	26432	66788.7	146649	19639.4	86395.3	337676	32109.4	91032.4	806723	
1987	9	15	651555	1.90997e+06	294078	275063	3.19389e+06	380131	1.19586e+06	220649	8.1212e+06	1.10842e+06	3.63377e+06	864332	533725	5.24984e+06	989397	2.06592e+06	449020	1.48944e+07	1.55952e+06	5.06957e+06	1.68012e+06	726924	7.18691e+06	1.96573e+06	2.98934e+06	745109	2.19232e+07	9246.41	31060.2	89618.6	7041.09	34467.4	210787	13394.7	40600.6	436215	17395.3	38437.9	52900	12421.1	65368.5	111311	23211.7	46734.8	367780	26641.7	69498.1	142519	19462.2	99836	322097	36606.4	87335.3	803996	
1987	10	15	624568	1.83648e+06	256868	220694	3.48106e+06	389894	1.43458e+06	284105	8.52825e+06	1.23367e+06	3.6511e+06	653749	545958	5.54864e+06	873048	2.15023e+06	418481	1.50749e+07	1.71774e+06	5.17602e+06	1.31296e+06	826592	7.60815e+06	1.73228e+06	3.04724e+06	670649	2.20916e+07	9192.58	30968.5	89454.2	7019.3	34744.8	210791	13354.2	40379.6	435904	17802.5	40509.6	49195.7	13303	74380.8	98883.3	27922.1	42087.4	364084	26995.1	71478.1	138650	20322.3	109126	309674	41276.3	82467	799988	
1987	11	15	533716	1.65795e+06	297114	184084	3.55511e+06	375134	1.59481e+06	294270	8.49218e+06	1.24952e+06	3.56062e+06	575614	482496	6.18396e+06	811035	2.48158e+06	496206	1.5841e+07	1.78182e+06	5.12047e+06	1.06426e+06	785183	8.21453e+06	1.57151e+06	3.35788e+06	706271	2.26019e+07	9083.81	30841.1	89113.9	7078.59	35097.8	209899	13114.6	40216.8	434446	18199.8	41728	46679.5	14441.9	79405.2	91217	30842.9	39088.8	361603	27283.6	72569	135793	21520.4	114503	301116	43957.5	79305.6	796049	
1987	12	15	431744	1.44141e+06	374705	180656	3.39174e+06	495081	1.65311e+06	340789	8.30924e+06	1.08837e+06	3.28431e+06	591703	415775	6.39325e+06	890998	2.83698e+06	568537	1.60699e+07	1.64184e+06	4.82538e+06	1.0465e+06	695746	8.63194e+06	1.69578e+06	3.78296e+06	801873	2.3122e+07	8834.31	30977.7	87806.5	7128.29	35482.7	208586	12839.1	39799.5	431454	18632.8	42344.2	45420.3	15236.8	80794.8	88735.4	31640	38852.1	361656	27467.1	73321.8	133227	22365.1	116278	297321	44479.1	78651.6	793110	
1988	1	15	407663	1.28632e+06	488572	157920	3.27334e+06	606435	1.65785e+06	411077	8.28918e+06	911009	2.83899e+06	729524	358206	6.28606e+06	1.01249e+06	3.03627e+06	632659	1.58052e+07	1.42243e+06	4.26932e+06	1.16096e+06	587279	8.66698e+06	1.90076e+06	4.15851e+06	945669	2.31119e+07	8683.69	31399.4	85343.9	7194.81	36105.8	205368	12714	39643.4	426452	18903.9	41094.3	46880.5	16615.1	70701.8	97927.4	28524.1	41586	362233	27587.6	72493.8	132224	23809.9	106808	303295	41238	81229.3	788685	
1988	2	15	488352	1.32512e+06	614356	174447	3.03831e+06	790919	1.46761e+06	463686	8.3628e+06	810844	2.48131e+06	897271	360647	6.05783e+06	1.15906e+06	3.09462e+06	738953	1.56005e+07	1.24594e+06	3.7232e+06	1.36918e+06	565996	8.42609e+06	2.09132e+06	4.33105e+06	1.08173e+06	2.28345e+07	8742.11	31625.3	83753.2	7598.38	36415.9	203005	12479.3	39521.5	423141	18831.5	38861.9	52327	16907.2	59891.8	114183	25608.5	44461.3	371072	27573.7	70487.2	136080	24505.6	96307.7	317188	38087.9	83982.8	794213	
1988	3	15	404868	1.36384e+06	694397	204313	2.69895e+06	909411	1.3136e+06	435454	8.02483e+06	780379	2.4375e+06	1.10878e+06	348611	5.73672e+06	1.38798e+06	2.92199e+06	838517	1.55605e+07	1.11543e+06	3.50758e+06	1.63845e+06	534912	7.9928e+06	2.37112e+06	4.20503e+06	1.2291e+06	2.25944e+07	8953.89	31624.9	83034	7609.17	36266.5	201659	11980	38796.4	419924	18761.4	37296.2	56336.5	16062.4	54216.8	124237	22569.1	46170.5	375650	27715.3	68921.1	139370	23671.6	90483.4	325897	34549.2	84966.9	795574	
1988	4	15	313690	1.4936e+06	763631	232993	2.56703e+06	1.0061e+06	1.19319e+06	423637	7.99387e+06	750094	2.5351e+06	1.2804e+06	387479	5.11487e+06	1.70896e+06	2.60803e+06	841716	1.52266e+07	1.06085e+06	3.51103e+06	1.88472e+06	577088	7.26924e+06	2.75168e+06	3.89929e+06	1.28196e+06	2.22358e+07	9737.83	31160.1	82652.8	7675.97	35445.5	201143	11542.6	38837.9	418195	18935.3	36233.6	59597.4	15142.8	50544.4	131489	20253.5	47452.9	379649	28673.1	67393.8	142250	22818.8	85989.8	332632	31796.1	86290.8	797845	
1988	5	15	202544	1.55599e+06	831788	220388	2.53922e+06	1.00213e+06	1.14992e+06	400197	7.90217e+06	568735	2.72803e+06	1.38027e+06	397250	4.68726e+06	1.91642e+06	2.35073e+06	802489	1.48312e+07	917344	3.76746e+06	2.07579e+06	573338	6.67795e+06	3.07744e+06	3.51748e+06	1.25713e+06	2.18639e+07	10652.8	30924.4	82024.6	7413.45	34242.2	201497	11325.8	39468.5	417549	18997.2	36191.4	61141	14215.2	48202.1	137672	18529.9	49232.3	384182	29650	67115.8	143166	21628.7	82444.3	339170	29855.7	88700.9	801731	
1988	6	15	170887	1.61746e+06	837093	222418	2.61098e+06	900900	1.13739e+06	344197	7.84133e+06	424283	2.87994e+06	1.52411e+06	426845	4.55251e+06	1.96874e+06	2.22139e+06	746581	1.47444e+07	733230	3.93897e+06	2.2858e+06	619490	6.312e+06	3.18082e+06	3.28621e+06	1.15571e+06	2.15122e+07	11065.2	30896.4	81689.4	7463.89	32955.8	202024	11337.1	39918.2	417350	18502.5	37166.7	61814.4	13928.6	46473.6	142684	17513.4	51578.1	389662	29567.7	68063.1	143504	21392.5	79429.4	344709	28850.5	91496.3	807012	
1988	7	15	138171	1.7194e+06	651231	252350	2.68871e+06	812016	1.137e+06	293322	7.6922e+06	330512	2.9875e+06	1.60594e+06	456820	4.57935e+06	1.85997e+06	2.17712e+06	668756	1.4666e+07	565802	4.14414e+06	2.4472e+06	680577	6.27002e+06	3.10188e+06	3.18016e+06	1.05105e+06	2.14408e+07	11137.4	31039.1	81834.8	7705.73	31787.9	202081	11592.5	40254.4	417433	18307.5	37147.1	63196.7	14054.2	44964.1	146935	17043.9	53790.1	395439	29444.9	68186.2	145032	21759.9	76752	349016	28636.5	94044.5	812871	
1988	8	15	152211	1.71365e+06	455979	301287	2.77192e+06	631868	1.15326e+06	249319	7.4295e+06	290023	3.13863e+06	1.44049e+06	524423	4.74655e+06	1.6786e+06	2.16652e+06	587884	1.45731e+07	466902	4.33127e+06	2.36135e+06	773475	6.42595e+06	2.884e+06	3.15725e+06	938378	2.13386e+07	11353.3	30743	82354	8070.33	30540.4	202959	11910.9	40523.8	418455	18303.4	37586.6	59384.2	14011.5	53290.2	131657	18340.2	51885.2	384458	29656.7	68329.6	141738	22081.8	83830.6	334616	30251.1	92409	802913	
1988	9	15	174364	1.66376e+06	371850	332478	3.1446e+06	602642	1.28177e+06	303564	7.87503e+06	292364	3.23124e+06	1.11212e+06	603947	4.9197e+06	1.43382e+06	2.17369e+06	519515	1.42864e+07	455497	4.47518e+06	2.05496e+06	878475	6.64799e+06	2.5668e+06	3.15974e+06	831625	2.10703e+07	11583.3	30386.2	82976.4	8480.7	29569.5	204303	12538	40568	420405	18288	39331.2	55265.4	13806.3	66886.3	114815	22900.2	47713.9	379006	29871.3	69717.4	138242	22287	96455.8	319118	35438.2	88281.9	799411	
1988	10	15	177407	1.57961e+06	328359	356660	3.53634e+06	553760	1.57438e+06	366188	8.4727e+06	347193	3.19907e+06	855681	688799	5.39196e+06	1.22874e+06	2.30929e+06	537672	1.45584e+07	497358	4.52992e+06	1.659e+06	1.00375e+06	7.19473e+06	2.27985e+06	3.29357e+06	818959	2.12771e+07	11766.6	29892.2	83508.4	9248.54	29641.2	204846	12866.9	40494.2	422264	18388.1	40780	51280.2	15101.3	75969	102210	27172.2	42938.3	373839	30154.8	70672.2	134789	24349.8	105610	307055	40039	83432.5	796103	
1988	11	15	163287	1.45195e+06	410353	355625	3.57658e+06	656030	1.74912e+06	422471	8.78541e+06	377662	3.05942e+06	740691	717561	6.09145e+06	1.17808e+06	2.71433e+06	640829	1.552e+07	547129	4.40351e+06	1.37446e+06	1.05722e+06	7.98146e+06	2.06283e+06	3.71094e+06	890341	2.20279e+07	11809.4	29433.9	83637.1	10002.3	29881.6	204113	13328.5	40307.6	422513	18603.2	41267.1	48168.3	16756	81076.6	93711.5	29923	39705.1	369211	30412.6	70700.9	131805	26758.4	110958	297824	43251.5	80012.7	791724	
1988	12	15	146212	1.37635e+06	528363	360674	3.45659e+06	748410	1.7797e+06	498422	8.89472e+06	354051	2.81805e+06	805035	751328	6.43545e+06	1.26135e+06	3.16272e+06	757010	1.6345e+07	546467	4.10514e+06	1.37111e+06	1.12568e+06	8.59494e+06	2.15644e+06	4.24581e+06	1.05475e+06	2.32003e+07	11753.3	29272.6	80141.7	10991.5	30133.4	202512	13735	39902.8	418443	19117.3	41772	45849	18148.9	82884.2	89874.8	30823.3	38725.6	367195	30870.6	71044.6	125991	29140.4	113018	292387	44558.3	78628.5	785638	
1989	1	15	137275	1.32597e+06	613906	355759	3.32607e+06	862322	1.76116e+06	571314	8.95378e+06	323207	2.6162e+06	961555	747277	6.38171e+06	1.44382e+06	3.37824e+06	886522	1.67385e+07	508282	3.81288e+06	1.48094e+06	1.14614e+06	8.82152e+06	2.34061e+06	4.69374e+06	1.25365e+06	2.40578e+07	11685.2	29414.3	75278.8	12310	30773.3	197204	13992.6	38853.5	409512	19520.4	40378.3	46389.4	21229.8	72742.7	97007.4	28597.1	40123.5	365989	31205.7	69792.6	121668	33539.8	103516	294211	42589.7	78977	775500	
1989	2	15	133982	1.29732e+06	755026	402582	3.0117e+06	1.03573e+06	1.59633e+06	614062	8.84673e+06	307960	2.43968e+06	1.15835e+06	743332	6.18274e+06	1.61663e+06	3.39604e+06	1.02262e+06	1.68674e+07	480966	3.49738e+06	1.73698e+06	1.15028e+06	8.66287e+06	2.61728e+06	4.86028e+06	1.44986e+06	2.44559e+07	11941.7	29398.3	74938.8	13382.9	31552.1	191168	14114.5	36492.8	402989	19917.1	38115.5	50987	22563.4	62871.3	110475	26854.5	41861.1	373645	31858.7	67513.8	125926	35946.3	94423.3	301643	40969.1	78354	776634	
1989	3	15	107774	1.32934e+06	794131	391425	2.68105e+06	1.1041e+06	1.45561e+06	549928	8.41335e+06	270057	2.36595e+06	1.38425e+06	754852	5.75527e+06	1.8983e+06	3.20986e+06	1.10335e+06	1.67419e+07	427856	3.34613e+06	2.0571e+06	1.14968e+06	8.14818e+06	2.97202e+06	4.71187e+06	1.59288e+06	2.44057e+07	12370.2	29034.7	75332.9	13962.9	31819.7	189530	14024.8	35011.6	401087	19896.9	36445.6	54647.6	22121.8	57130.4	118471	24831.6	42862.9	376407	32267.1	65480.3	129980	36084.7	88950.1	308001	38856.3	77874.5	777494	
1989	4	15	94586.3	1.36954e+06	870131	308647	2.52342e+06	1.1581e+06	1.33962e+06	540462	8.20451e+06	225500	2.39548e+06	1.54673e+06	722061	5.13829e+06	2.11938e+06	2.91824e+06	1.06584e+06	1.61315e+07	363873	3.3253e+06	2.30026e+06	1.08232e+06	7.44737e+06	3.27498e+06	4.40094e+06	1.60778e+06	2.38028e+07	12583.4	28698	75864.9	13400.6	32032.9	189185	13914.5	35399.1	401078	19635.3	35360.6	57624.3	20095.6	53588.2	124784	23024.8	44373.3	378486	32218.6	64058.5	133489	33496.2	85621.1	313968	36939.3	79772.4	779564	
1989	5	15	79013.7	1.42768e+06	927258	230179	2.52683e+06	1.1087e+06	1.30012e+06	509543	8.10932e+06	181937	2.46917e+06	1.64768e+06	595872	4.73682e+06	2.14924e+06	2.69729e+06	973271	1.54513e+07	299315	3.41081e+06	2.5067e+06	943406	6.84195e+06	3.39404e+06	4.06692e+06	1.50753e+06	2.29707e+07	12323.3	28647.9	76257.5	12584.3	32043.5	188918	14003.1	35945.1	400723	18875.9	34860.3	59042.1	18090.4	51090.1	128714	21505.4	46362.2	378540	31199.2	63508.2	135300	30674.8	83133.6	317632	35508.5	82307.3	779263	
1989	6	15	73093.9	1.51131e+06	874598	189757	2.53818e+06	1.00827e+06	1.24722e+06	444817	7.88724e+06	157107	2.58186e+06	1.71475e+06	474479	4.59597e+06	2.16545e+06	2.52981e+06	929561	1.5149e+07	251313	3.56441e+06	2.59001e+06	782649	6.50922e+06	3.384e+06	3.7826e+06	1.39944e+06	2.22637e+07	12170.5	28625.9	75976.2	11753	32550.9	188969	14006	36554.1	400606	18506.6	34710.9	59156.2	16739.7	49602.8	132493	20145.6	48394	379749	30677.1	63336.8	135132	28492.7	82153.7	321462	34151.6	84948.1	780355	
1989	7	15	77817.2	1.58774e+06	623882	197234	2.57463e+06	775761	1.26349e+06	368045	7.4686e+06	141972	2.74091e+06	1.6599e+06	405781	4.68267e+06	1.98642e+06	2.47455e+06	836433	1.49286e+07	223841	3.76971e+06	2.56447e+06	668270	6.54662e+06	3.17947e+06	3.65925e+06	1.27583e+06	2.18875e+07	11943.4	28523.6	75857.6	11458.3	33044.8	189118	14340.7	36885.4	401172	18296.1	34357.6	59705	16618.8	48052.2	135626	19188.2	50289.4	382133	30239.5	62881.2	135563	28077.1	81096.9	324744	33528.8	87174.8	783305	
1989	8	15	103518	1.56377e+06	380969	228598	2.65036e+06	582182	1.26988e+06	299404	7.07868e+06	145757	2.87525e+06	1.38336e+06	425547	4.80385e+06	1.64319e+06	2.45757e+06	705742	1.44403e+07	221918	3.94828e+06	2.31276e+06	668817	6.73091e+06	2.77236e+06	3.62084e+06	1.11214e+06	2.1388e+07	11777.8	28063.3	76712.5	11555.2	33272.9	190181	14484.2	36848.8	402896	18098.9	34914.5	56415.3	16453.8	53452.1	123260	19474.3	48546.8	370615	29876.7	62977.9	133128	28009	86725	313441	33958.5	85395.5	773511	
1989	9	15	112379	1.52758e+06	267924	222551	2.85015e+06	589606	1.32994e+06	360753	7.26089e+06	172430	2.91637e+06	952798	482698	4.90522e+06	1.3078e+06	2.46026e+06	598609	1.37962e+07	242823	4.03287e+06	1.86775e+06	734197	6.89113e+06	2.34568e+06	3.59435e+06	954175	2.0663e+07	11588.2	27753.5	77732	11537.2	33911.1	191330	14667.1	36745.9	405265	17854.5	37069.6	52491.1	15832.5	64653	109037	23281	45137.4	365356	29442.7	64823.1	130223	27369.7	98564	300367	37948.1	81883.3	770621	
1989	10	15	113667	1.46363e+06	236298	199516	3.08524e+06	562713	1.54649e+06	389639	7.59719e+06	202164	2.85858e+06	655328	493769	5.12698e+06	1.18361e+06	2.51711e+06	610833	1.36484e+07	276773	4.03036e+06	1.39007e+06	764124	7.15058e+06	2.0448e+06	3.65011e+06	920968	2.02278e+07	11281.9	27674	78630.6	11116.5	35543.2	191848	15138.9	36486	407719	17819.1	39133.3	48438.5	16243.1	72529.8	97953.7	27396.5	41041	360555	29100.9	66807.2	127069	27359.6	108073	289802	42535.4	77527	768274	
1989	11	15	105733	1.34418e+06	291600	172988	2.97218e+06	639576	1.6604e+06	446971	7.63363e+06	213897	2.74242e+06	553860	469139	5.46623e+06	1.21233e+06	2.74272e+06	705870	1.41065e+07	306406	3.89935e+06	1.09992e+06	756088	7.48605e+06	1.96189e+06	3.86952e+06	978647	2.03579e+07	10715.3	27643.8	79457.5	11328.5	36550.6	191816	15762.6	36163	409437	17544.8	40643.7	45363.7	17109.4	76754.2	90806.9	30214.8	38063.5	356501	28260.1	68287.5	124821	28437.9	113305	282622	45977.4	74226.4	765938	
1989	12	15	99880.3	1.22698e+06	377212	135133	2.88823e+06	742035	1.72308e+06	450577	7.64312e+06	212819	2.55147e+06	586176	380665	5.53771e+06	1.28974e+06	3.06102e+06	782074	1.44017e+07	314891	3.67594e+06	1.03865e+06	632088	7.60878e+06	2.12831e+06	4.20622e+06	1.10776e+06	2.07126e+07	10438.7	27694.1	77652.4	11273.3	36772.2	190705	16563.3	35859.6	406958	17649.8	41390.9	43379.6	17422.5	78308.7	87527.3	30810.8	37744.6	354234	28088.5	69085	121032	28695.8	115081	278232	47374	73604.2	761192	
1990	1	15	108261	1.20211e+06	469792	124246	2.94365e+06	800281	1.67842e+06	537743	7.8645e+06	211688	2.31219e+06	729326	338371	5.36403e+06	1.44546e+06	3.22374e+06	845788	1.44706e+07	323517	3.36889e+06	1.15981e+06	568809	7.52102e+06	2.36497e+06	4.52038e+06	1.21843e+06	2.10458e+07	10523.4	27668.8	75263.7	11666.9	36295.5	189772	17394.6	35698.9	404283	18130.3	39214.8	44392.2	18402.9	70892.8	93454.4	28770.2	39033.9	352291	28653.6	66883.5	119656	30069.8	107188	283226	46164.8	74732.8	756575	
1990	2	15	129949	1.19241e+06	607832	119591	2.74247e+06	1.00028e+06	1.51154e+06	582976	7.88705e+06	224229	2.19839e+06	891591	283555	5.23719e+06	1.61126e+06	3.24206e+06	932170	1.46204e+07	334092	3.15101e+06	1.36042e+06	469670	7.26302e+06	2.62181e+06	4.62974e+06	1.35628e+06	2.11861e+07	10597	27365.9	75366.3	11419.9	35942.6	189283	17778.6	35178.9	402932	18387.5	36148.7	49112.3	18512.5	62982.6	104834	27241.1	40100.8	357319	28984.5	63514.6	124479	29932.4	98925.2	294117	45019.7	75279.8	760251	
1990	3	15	178126	1.21491e+06	704400	129742	2.65395e+06	1.04305e+06	1.33249e+06	522975	7.77964e+06	271249	2.17296e+06	1.11155e+06	262286	5.09092e+06	1.81888e+06	3.01275e+06	1.03689e+06	1.47775e+07	381671	3.04087e+06	1.6442e+06	428910	7.02448e+06	2.91766e+06	4.41955e+06	1.4769e+06	2.13342e+07	10888.2	26919.1	76255.3	11179.6	35256.5	189951	17538.4	33853.3	401841	18641.3	34032.4	52350.8	17373.6	57807.5	112204	25354.3	41202.4	358967	29529.5	60951.5	128606	28553.2	93064	302155	42892.7	75055.7	760808	
1990	4	15	178317	1.29464e+06	783055	109826	2.64747e+06	1.12408e+06	1.22856e+06	482198	7.84815e+06	320806	2.22908e+06	1.30381e+06	249572	4.86039e+06	1.99055e+06	2.67716e+06	991249	1.46226e+07	443277	3.08822e+06	1.91474e+06	389527	6.80789e+06	3.12558e+06	4.05183e+06	1.48143e+06	2.13025e+07	11139.3	26106	77122.3	10702.8	34530.4	191226	17342	34496.7	402666	18547.8	32477.5	54452.6	16094.3	54242	117814	23684.5	42405.6	359718	29687.1	58583.6	131575	26797.1	88772.4	309040	41026.5	76902.3	762384	
1990	5	15	193621	1.44977e+06	824218	95901.4	2.69235e+06	1.06075e+06	1.14173e+06	452835	7.91117e+06	338621	2.38623e+06	1.42065e+06	227498	4.80149e+06	2.05592e+06	2.39004e+06	916584	1.4537e+07	471802	3.2688e+06	2.13208e+06	358072	6.6657e+06	3.27511e+06	3.63173e+06	1.42228e+06	2.12256e+07	10927.1	25816.1	77946.8	10511.1	33681.7	192615	17083	35408.9	403990	17740.7	32165.9	56065.4	15257.3	51495.4	122198	22080.4	43594.1	360597	28667.8	57982	134012	25768.4	85177	314813	39163.4	79003	764587	
1990	6	15	217852	1.50638e+06	795286	113673	2.67979e+06	956973	1.1687e+06	376676	7.81533e+06	354671	2.61133e+06	1.51792e+06	206019	4.86783e+06	2.0044e+06	2.23012e+06	822104	1.46144e+07	513452	3.54184e+06	2.29345e+06	336841	6.72412e+06	3.17621e+06	3.33985e+06	1.25668e+06	2.11824e+07	10511.5	25848.8	78491.2	10413.5	33330.8	193727	17052.8	36194.6	405570	17170.8	32392.9	56431.2	14693.7	49438.2	126305	20931.7	44739.3	362103	27682.3	58241.7	134922	25107.2	82769	320032	37984.5	80933.9	767673	
1990	7	15	200540	1.56779e+06	590846	136626	2.63181e+06	811867	1.19075e+06	325110	7.45534e+06	386496	2.82253e+06	1.50381e+06	213651	4.89513e+06	1.84335e+06	2.20371e+06	712905	1.45816e+07	539615	3.83153e+06	2.33478e+06	330430	6.7858e+06	3.02445e+06	3.2329e+06	1.10137e+06	2.11809e+07	10194	25914.2	78941.6	10044.3	33245.1	194964	17195.2	36925	407424	17118.2	32221.4	57077.9	14371.5	48057.9	129412	19957	46323.2	364539	27312.2	58135.6	136020	24415.8	81303	324376	37152.2	83248.2	771963	
1990	8	15	205520	1.59653e+06	358294	152747	2.63383e+06	594686	1.16315e+06	263472	6.96823e+06	390726	2.95086e+06	1.24265e+06	276440	4.88084e+06	1.62165e+06	2.27386e+06	609997	1.4247e+07	558151	4.10801e+06	2.07549e+06	396311	6.82025e+06	2.736e+06	3.27106e+06	952831	2.09181e+07	9930.41	25649.4	79776.5	10108	33396.5	196959	17347.7	37289.4	410457	17002.1	33245.9	53030.7	14250.7	53823.3	117951	19839.7	45155.9	354299	26932.5	58895.3	132807	24358.7	87219.8	314910	37187.4	82445.3	764756	
1990	9	15	208481	1.58477e+06	307325	169050	2.89792e+06	570050	1.23017e+06	319087	7.28685e+06	383363	3.00825e+06	892156	361334	4.83628e+06	1.32377e+06	2.27152e+06	522467	1.35991e+07	568389	4.21584e+06	1.68765e+06	537552	6.78116e+06	2.36516e+06	3.30937e+06	818248	2.02834e+07	9631.72	25645.1	80917.3	10511.5	33622.9	198591	17607.3	37441.3	413968	16883.1	35689.6	48638.6	14148.4	63284.6	104218	22900.5	42321.8	348084	26514.8	61334.7	129556	24659.9	96907.5	302808	40507.8	79763.1	762052	
1990	10	15	213347	1.61898e+06	230031	141496	3.0675e+06	570933	1.40221e+06	367192	7.61169e+06	392485	3.0058e+06	673682	377496	5.06592e+06	1.15896e+06	2.29187e+06	531999	1.34982e+07	565694	4.26658e+06	1.31863e+06	605311	7.00308e+06	2.06716e+06	3.34993e+06	799366	1.99757e+07	9244.28	26131.1	81591.1	10370.4	34252	200119	17802.4	37533.1	417043	16912.1	37450.9	44642.9	14553	70455.1	93032.5	26258	38687.4	341992	26156.3	63581.9	126234	24923.4	104707	293151	44060.4	76220.4	759035	
1990	11	15	195853	1.49476e+06	266890	128296	3.03607e+06	608368	1.50946e+06	389001	7.62869e+06	407580	3.00821e+06	574877	374048	5.39726e+06	1.21062e+06	2.50527e+06	628619	1.41065e+07	583652	4.30425e+06	1.04499e+06	616614	7.29902e+06	1.98063e+06	3.51551e+06	858039	2.02027e+07	8899.99	26394.3	82223.5	10579.9	34686.8	200912	18082.7	37406.8	419186	16976.9	37938.7	41853.5	15175.5	74413.7	85418.5	28408.5	36242.8	336428	25876.9	64333	124077	25755.4	109101	286331	46491.2	73649.6	755614	
1990	12	15	168994	1.27527e+06	359696	94556	3.0175e+06	654823	1.53506e+06	445044	7.55095e+06	402753	2.88603e+06	565600	283835	5.5165e+06	1.24963e+06	2.74462e+06	703758	1.43527e+07	582755	4.1547e+06	1.01239e+06	493926	7.52033e+06	2.11951e+06	3.77626e+06	982227	2.06421e+07	8888.29	26599.8	82533.8	10314.9	34746.1	201197	18192.1	37311.2	419784	17387.8	37992.9	40268.8	15383.2	75756	82382.9	29185	35926.8	334283	26276.1	64592.7	122803	25698	110502	283580	47377.1	73238	754067	
1991	1	15	171351	1.17066e+06	472018	85614	2.98744e+06	772816	1.52681e+06	491080	7.67778e+06	355952	2.56302e+06	690599	234068	5.47159e+06	1.3144e+06	2.87128e+06	772638	1.42736e+07	547895	3.81918e+06	1.10198e+06	408442	7.50291e+06	2.28917e+06	4.02365e+06	1.11332e+06	2.08065e+07	9141.33	27103.7	82460.9	10387.9	35032	199341	18012.7	37207.3	418687	18093.1	35737.8	41551.1	16480.8	67432.7	88599.9	27677.2	37067.3	332640	27234.5	62841.4	124012	26868.7	102465	287941	45689.9	74274.6	751327	
1991	2	15	178681	1.06839e+06	615311	102346	2.73678e+06	933530	1.39217e+06	538557	7.56576e+06	337320	2.24361e+06	879606	242302	5.42162e+06	1.44529e+06	2.8819e+06	864633	1.43163e+07	517712	3.37341e+06	1.33201e+06	404676	7.40866e+06	2.45797e+06	4.10469e+06	1.23931e+06	2.08384e+07	9237.42	27672.1	82387.3	10903.9	35177.6	198414	17576.5	36854.9	418224	18015.1	33558.8	46066.2	17130.2	58376.9	99753.3	26209.5	38151.2	337261	27252.5	61230.9	128454	28034	93554.5	298168	43786	75006.1	755485	
1991	3	15	152287	1.07874e+06	671509	112599	2.49153e+06	945299	1.26911e+06	491062	7.21214e+06	341982	2.06454e+06	1.10401e+06	237273	5.20313e+06	1.64227e+06	2.75369e+06	920841	1.42677e+07	499150	2.99666e+06	1.64205e+06	389736	7.17483e+06	2.67699e+06	3.99105e+06	1.33037e+06	2.07008e+07	9584.45	27871.3	82549.1	10998.6	34908.5	198527	16701.4	36547.6	417688	17798.6	31706.9	49157.9	16426.1	52566.8	106491	24133.5	39443.4	337724	27383	59578.1	131707	27424.7	87475.3	305018	40834.9	75991	755412	
1991	4	15	117680	1.28438e+06	729383	92713.6	2.33832e+06	977847	1.13412e+06	452711	7.12716e+06	283619	2.03386e+06	1.25116e+06	218677	4.73065e+06	1.79015e+06	2.49382e+06	922701	1.37246e+07	437440	2.86871e+06	1.88221e+06	349132	6.69838e+06	2.88297e+06	3.71666e+06	1.36371e+06	2.01992e+07	10252.7	27700.1	82956.8	10417.2	34060.7	199121	15976.1	36935.2	417420	17581.1	31064.5	51080.2	15236.8	48691.3	111521	22108.1	40823	338106	27833.8	58764.6	134037	25654.1	82752	310643	38084.2	77758.2	755527	
1991	5	15	122811	1.3688e+06	781241	71602	2.30576e+06	919891	1.08467e+06	379156	7.03393e+06	235161	2.2419e+06	1.3511e+06	186702	4.35824e+06	1.79482e+06	2.27488e+06	814961	1.32578e+07	377632	3.02905e+06	2.07633e+06	302430	6.18639e+06	2.948e+06	3.41791e+06	1.25864e+06	1.95964e+07	10309.2	27742.7	83390.4	9788.18	33226.4	200291	15403.6	37425.4	417577	16688.6	31323	51683	14202.8	45932.1	116354	20250.7	42162.8	338597	26997.8	59065.6	135073	23990.9	79158.5	316644	35654.2	79588.3	756173	
1991	6	15	124351	1.51857e+06	699864	77004.7	2.38323e+06	775195	1.06888e+06	313438	6.96053e+06	227930	2.51137e+06	1.43456e+06	160374	4.23182e+06	1.72558e+06	2.11163e+06	708782	1.31121e+07	346530	3.32519e+06	2.185e+06	272307	5.92099e+06	2.82113e+06	3.17222e+06	1.09921e+06	1.91426e+07	10270	28258	83234.2	9429.56	32772.4	201282	14942.1	38024.1	418212	16210.7	31821.4	51589.3	13669	43973.7	120799	18852.7	43504.2	340420	26480.7	60079.4	134823	23098.5	76746	322081	33794.7	81528.4	758632	
1991	7	15	135196	1.58931e+06	532350	108221	2.4628e+06	610574	1.07839e+06	241621	6.75846e+06	233153	2.74653e+06	1.37455e+06	154961	4.2821e+06	1.5629e+06	2.03739e+06	600006	1.29916e+07	342371	3.71217e+06	2.19116e+06	251476	5.90175e+06	2.62647e+06	3.00007e+06	943662	1.89691e+07	10070.9	28910.3	83001.3	9068.08	32764.7	201747	14776.6	38596.1	418935	16089.1	31585.8	52648.6	13478.6	42536.7	123938	18037.7	45283.6	343599	26159.9	60496.2	135650	22546.7	75301.4	325686	32814.4	83879.7	762534	
1991	8	15	146413	1.5746e+06	358311	127760	2.4617e+06	459153	1.08174e+06	191038	6.40072e+06	244971	2.95113e+06	1.15752e+06	200948	4.42686e+06	1.31574e+06	2.03626e+06	501047	1.28345e+07	358479	4.01041e+06	1.9969e+06	289095	6.01779e+06	2.3632e+06	2.95443e+06	799803	1.87901e+07	9963.66	29343	83078	8952.28	32811.6	202489	14866.7	38839.6	420344	16261.5	31593.5	49866.5	13360.3	47746.2	112756	18209.5	44493.6	334287	26225.1	60936.5	132945	22312.6	80557.8	315245	33076.3	83333.2	754631	
1991	9	15	163975	1.4931e+06	290147	135342	2.70888e+06	467829	1.15245e+06	226458	6.63819e+06	269931	3.00332e+06	851715	277153	4.5427e+06	1.02767e+06	2.06436e+06	393729	1.24306e+07	384373	4.24553e+06	1.59181e+06	388906	6.21065e+06	1.96117e+06	2.96871e+06	648748	1.83999e+07	10085.7	29244.1	83481	8919.67	32760.1	203702	14920.2	38747.3	421860	16532.5	33608.5	46247	12864.9	58533.9	99973.9	21189.8	41713.4	330664	26618.2	62852.6	129728	21784.6	91294	303676	36110	80460.7	752524	
1991	10	15	163803	1.45795e+06	248538	93714.1	2.98593e+06	439809	1.34513e+06	276810	7.01168e+06	297840	2.90318e+06	652967	273845	4.78112e+06	922697	2.13636e+06	388393	1.23564e+07	420379	4.22648e+06	1.25251e+06	420198	6.54268e+06	1.71467e+06	3.05184e+06	599803	1.82286e+07	10132.8	29472.8	83701.1	8487.63	33006.7	204236	14993.7	38583.3	422614	16701.2	35415.5	43106.4	13149.7	66628.2	89257.3	24926.8	37906.2	327091	26834.1	64888.3	126808	21637.3	99635	293493	39920.5	76489.5	749705	
1991	11	15	156886	1.37328e+06	290546	77348.6	3.05663e+06	457661	1.48097e+06	324931	7.21824e+06	320901	2.79601e+06	563987	215877	5.23702e+06	927033	2.3576e+06	490883	1.29093e+07	454740	4.08208e+06	1.03576e+06	361709	7.01257e+06	1.60523e+06	3.26455e+06	670478	1.84871e+07	9952.9	29617.4	83878.2	8031.64	33701.3	203645	14873.6	38493.2	422193	17022.6	36462	40924.6	13752.4	71199.1	82441.9	27334.5	35345.7	324483	26975.5	66079.4	124803	21784.1	104900	286087	42208.1	73838.9	746676	
1991	12	15	169097	1.28212e+06	362964	74210.8	2.93782e+06	553978	1.55062e+06	364088	7.2949e+06	317074	2.67612e+06	565848	158121	5.45677e+06	983558	2.65268e+06	586662	1.33968e+07	463006	3.89409e+06	982584	276300	7.31879e+06	1.76673e+06	3.60458e+06	808974	1.91151e+07	9676.1	30309.8	83231.7	7410.48	34107	202548	14558.7	38162.3	420004	17783.7	36847.6	39901.6	14094.7	72707.7	80139.3	27783.4	35187	324445	27459.8	67157.4	123133	21505.1	106815	282688	42342.1	73349.3	744449	
1992	1	15	205514	1.18911e+06	469599	104166	2.9619e+06	641894	1.51661e+06	457340	7.54613e+06	344656	2.48873e+06	685698	151801	5.38427e+06	1.0941e+06	2.80859e+06	681369	1.36392e+07	499208	3.64596e+06	1.08452e+06	243044	7.3531e+06	1.95478e+06	3.88219e+06	972575	1.96354e+07	9574.49	30684.1	82558.6	7208.75	34363.6	200327	14003.1	37188.4	415908	18421.2	35668.9	41331.5	15606.3	64030.8	87434.7	25884.8	36800.5	325179	27995.7	66352.9	123890	22815.1	98394.4	287762	39887.9	73989	741087	
1992	2	15	308928	1.20542e+06	590211	130230	2.85864e+06	802508	1.39561e+06	488196	7.77973e+06	413801	2.28604e+06	844916	174700	5.32755e+06	1.2678e+06	2.80137e+06	802532	1.39187e+07	577048	3.34259e+06	1.28003e+06	257889	7.29972e+06	2.20016e+06	3.95433e+06	1.14934e+06	2.00611e+07	9422.94	30928.1	81961.8	6999.66	34045.4	199402	13426.1	36769	412955	18483.1	33770.5	46298.9	15529.7	54942.9	100514	23950.8	38614.6	332104	27906	64698.7	128261	22529.4	88988.3	299916	37376.9	75383.6	745059	
1992	3	15	370189	1.21311e+06	661609	200447	2.70901e+06	844939	1.35793e+06	423695	7.78092e+06	537924	2.21454e+06	1.06264e+06	253464	5.19392e+06	1.50194e+06	2.68231e+06	882233	1.4329e+07	725315	3.1681e+06	1.55844e+06	343448	7.08534e+06	2.50117e+06	3.86827e+06	1.26891e+06	2.0519e+07	9267.27	30907	81895.9	6968.57	32940.7	199296	12835.8	36864.1	410976	18108.2	32632.5	50088.1	14726	49555.3	109544	21543.3	40619	336817	27375.4	63539.5	131984	21694.5	82496	308841	34379	77483.1	747792	
1992	4	15	408383	1.3811e+06	749144	244036	2.68829e+06	914855	1.25033e+06	427020	8.06316e+06	681128	2.26281e+06	1.24689e+06	331727	4.96471e+06	1.64725e+06	2.53405e+06	829472	1.4498e+07	896237	3.12687e+06	1.8408e+06	446881	6.87606e+06	2.70137e+06	3.70735e+06	1.27244e+06	2.0868e+07	9182.11	30386	82284.7	6890.42	31495.8	199496	12226.9	37450.9	409413	17546.9	32257.3	53152.8	13906.2	45739.5	116508	19211.6	42557.6	340880	26729	62643.3	135438	20796.6	77235.2	316004	31438.5	80008.5	750292	
1992	5	15	482087	1.5565e+06	779196	301063	2.78943e+06	832066	1.16132e+06	402313	8.30398e+06	785854	2.49505e+06	1.35861e+06	397557	4.89363e+06	1.65807e+06	2.38008e+06	775070	1.47439e+07	1.07471e+06	3.39539e+06	2.06195e+06	534930	6.7641e+06	2.77826e+06	3.47356e+06	1.21836e+06	2.13013e+07	9074.24	29704.8	82758.9	6722.85	30418.6	199490	11766.9	38279.2	408216	17166.7	32411.4	55004.2	13110.5	43071.3	121926	17414.1	43625.6	343730	26240.9	62116.2	137763	19833.4	73489.9	321416	29181	81904.9	751946	
1992	6	15	633978	1.75444e+06	732672	302791	2.79871e+06	736555	1.11181e+06	338403	8.40936e+06	924365	2.83684e+06	1.43668e+06	479813	4.94462e+06	1.63324e+06	2.21797e+06	723397	1.51969e+07	1.27359e+06	3.77012e+06	2.18585e+06	645542	6.80233e+06	2.68938e+06	3.27018e+06	1.10011e+06	2.17371e+07	9171.09	29206	82761.2	6629.74	29735.2	199661	11505.4	38863.8	407533	17032.4	32887.1	55679	12663.2	41329.8	126490	16272.4	45252.3	347606	26203.5	62093.1	138440	19293	71065	326150	27777.7	84116.1	755139	
1992	7	15	681002	1.9052e+06	537861	327017	2.71766e+06	600107	1.09522e+06	271027	8.1351e+06	1.11684e+06	3.24981e+06	1.41855e+06	559784	4.97247e+06	1.49149e+06	2.12392e+06	642837	1.55757e+07	1.51064e+06	4.34712e+06	2.24612e+06	750110	6.8173e+06	2.56371e+06	3.11672e+06	998833	2.23506e+07	9224.2	28865.7	82976.7	6531.16	29496.4	199604	11433.2	39365.6	407497	17068.1	33050.1	57010.6	12308.5	40289.2	130212	15614.1	46931	352484	26292.3	61915.8	139987	18839.7	69785.5	329817	27047.2	86296.7	759981	
1992	8	15	724131	2.00941e+06	339967	327528	2.65475e+06	487053	1.0726e+06	206930	7.82237e+06	1.28419e+06	3.6309e+06	1.17961e+06	632625	4.92478e+06	1.2785e+06	2.10416e+06	534216	1.5569e+07	1.73513e+06	4.91953e+06	2.0249e+06	887178	6.77168e+06	2.33625e+06	3.05419e+06	856875	2.25857e+07	9369.95	28520.8	83037.2	6579.61	29623.3	200085	11461.8	39626.3	408304	17265	34041.4	53654.2	12056.7	47352.4	117720	16262.2	45769.2	344122	26634.9	62562.2	136691	18636.4	76975.7	317805	27724	85395.4	752425	
1992	9	15	705674	2.00632e+06	281499	314576	2.91712e+06	499606	1.14063e+06	283685	8.14911e+06	1.39484e+06	3.85649e+06	830721	711632	4.87076e+06	1.02787e+06	2.08556e+06	425359	1.52032e+07	1.95023e+06	5.39815e+06	1.62331e+06	1.03212e+06	6.69453e+06	2.03816e+06	3.02536e+06	703501	2.24654e+07	9313.66	28452.7	83215.6	6740.02	29865.8	200433	11688.3	39576.9	409286	17417.3	36481.4	49746.6	11789.8	59497.8	102987	19972.7	42309.3	340202	26730.9	64934.1	132962	18529.9	89363.7	303420	31661	81886.2	749488	
1992	10	15	628597	1.90141e+06	237988	239807	3.15635e+06	484455	1.3669e+06	344525	8.36003e+06	1.40725e+06	3.95252e+06	624351	674501	5.02585e+06	972645	2.12396e+06	455735	1.52368e+07	1.99523e+06	5.60659e+06	1.27631e+06	1.04135e+06	6.82096e+06	1.85716e+06	3.0808e+06	688460	2.23669e+07	9102.09	28998.9	83149.7	6743.91	29753.4	200689	12067.3	39347.7	409852	17652.1	38607.1	46047.9	12560.3	68024.5	91569.7	23597.5	38181.1	336240	26754.2	67606	129198	19304.2	97777.9	292259	35664.8	77528.8	746093	
1992	11	15	555758	1.81494e+06	255506	210329	3.16828e+06	525302	1.48356e+06	361783	8.37546e+06	1.30338e+06	3.79166e+06	547811	574406	5.46155e+06	1.01227e+06	2.39115e+06	580278	1.56625e+07	1.92119e+06	5.53256e+06	1.03385e+06	938386	7.21494e+06	1.80318e+06	3.29686e+06	770695	2.25116e+07	8857.62	29562.9	82778.7	6792.49	29980.9	200565	12142.7	38893.5	409573	18031.8	39928.4	43303.6	13543.7	73262	83819	25864.7	35190.3	332944	26889.4	69491.3	126082	20336.2	103243	284384	38007.3	74083.8	742517	
1992	12	15	519266	1.68269e+06	330764	169038	3.13641e+06	550954	1.49101e+06	384449	8.26458e+06	1.15777e+06	3.5328e+06	544474	444760	5.63959e+06	1.08525e+06	2.70767e+06	652021	1.57643e+07	1.76638e+06	5.23874e+06	985314	747436	7.48802e+06	1.99069e+06	3.66323e+06	906817	2.27866e+07	8686.53	30137.6	82314	6696.83	30018.9	200063	12340	38354.3	408611	18619.2	40453.6	41979.6	14006.9	75493.1	80812.7	26769.6	34447	332582	27305.8	70591.2	124294	20703.8	105512	280876	39109.6	72801.4	741193	
1993	1	15	527452	1.46418e+06	427063	160685	3.05851e+06	644488	1.48549e+06	450833	8.2187e+06	1.08482e+06	3.28991e+06	650815	363018	5.57387e+06	1.16075e+06	2.81145e+06	704391	1.5639e+07	1.64111e+06	4.826e+06	1.08586e+06	598605	7.53289e+06	2.13136e+06	3.92703e+06	1.02223e+06	2.27651e+07	8748.28	30733.8	81520.8	6796.13	30595.1	198630	12167.7	37851.5	407043	18897.1	39754.1	43222.2	15281.5	66007.6	88423.4	24917	35883.2	332386	27645.3	70487.9	124743	22077.6	96602.6	287053	37084.7	73734.8	739429	
1993	2	15	671879	1.46932e+06	554020	195158	2.95141e+06	749669	1.35637e+06	466534	8.41437e+06	1.072e+06	2.90387e+06	817639	358912	5.52823e+06	1.22582e+06	2.78796e+06	781700	1.54761e+07	1.58677e+06	4.30764e+06	1.28345e+06	578073	7.46e+06	2.25219e+06	3.98313e+06	1.12856e+06	2.25798e+07	8852.19	31240.8	80756.6	7298.64	30687.4	197212	11999.6	37300.1	405347	18909	37944	48133.3	15565.3	55908.4	101927	23032.4	37856.2	339276	27761.2	69184.7	128890	22864	86595.9	299140	35031.9	75156.4	744624	
1993	3	15	628238	1.49404e+06	620118	178692	2.718e+06	807499	1.28283e+06	418624	8.14804e+06	1.16983e+06	2.72258e+06	1.01023e+06	360147	5.38475e+06	1.39588e+06	2.68181e+06	834076	1.55593e+07	1.65275e+06	3.99676e+06	1.54969e+06	551099	7.32443e+06	2.41368e+06	3.8743e+06	1.20272e+06	2.25654e+07	9127.27	31366.3	80350.6	7420.97	30196.7	196782	11696.4	37187.9	404128	18774.8	36585.9	51343	14850.4	49930.9	110183	20668	39328.8	341665	27902	67952.2	131694	22271.4	80127.5	306965	32364.4	76516.7	745793	
1993	4	15	576576	1.61521e+06	701151	136780	2.53336e+06	852825	1.17599e+06	417525	8.00943e+06	1.18518e+06	2.84485e+06	1.17851e+06	328980	5.01095e+06	1.55549e+06	2.47608e+06	790158	1.53702e+07	1.62596e+06	3.94809e+06	1.79219e+06	492633	6.92614e+06	2.61844e+06	3.68045e+06	1.19424e+06	2.22781e+07	9743.87	30829.5	80590.5	7099.25	29388.6	196838	11354.6	37218.7	403063	18920.9	35584.6	53620.7	13706.1	45895.7	116308	18546.9	40565.2	343148	28664.8	66414.1	134211	20805.4	75284.3	313146	29901.5	77783.9	746211	
1993	5	15	530247	1.76259e+06	742154	129183	2.53469e+06	825991	1.10417e+06	380470	8.0095e+06	1.10454e+06	3.00253e+06	1.30605e+06	261823	4.63794e+06	1.62466e+06	2.28849e+06	735415	1.49614e+07	1.6217e+06	4.17006e+06	2.021e+06	420977	6.49065e+06	2.73613e+06	3.40447e+06	1.1301e+06	2.19951e+07	10497.3	30291.7	80746.9	6880.46	28890.5	196834	11112.6	37453.4	402707	18834.3	35368.4	55028.4	12749.5	43103	121547	16847.2	42013	345491	29331.6	65660.2	135775	19630	71993.5	318381	27959.9	79466.4	748198	
1993	6	15	566359	1.93464e+06	653559	181323	2.60662e+06	705380	1.05993e+06	307122	8.01493e+06	1.07441e+06	3.24403e+06	1.39475e+06	235215	4.49849e+06	1.62135e+06	2.0966e+06	715384	1.48802e+07	1.56298e+06	4.46503e+06	2.15224e+06	374065	6.24196e+06	2.69351e+06	3.1337e+06	1.07015e+06	2.16936e+07	10834.5	30597.8	80386.3	6910.03	28791.2	196686	10941.7	37751.4	402899	18516.3	35881	56061.9	12363.7	41122.1	126573	15800.5	43735	350054	29350.8	66478.8	136448	19273.8	69913.2	323259	26742.1	81486.4	752952	
1993	7	15	591792	1.95359e+06	461437	254663	2.613e+06	569950	1.05213e+06	223350	7.71991e+06	1.12504e+06	3.52392e+06	1.34214e+06	287685	4.55484e+06	1.51168e+06	2.00339e+06	613325	1.4962e+07	1.62567e+06	4.82706e+06	2.15868e+06	400727	6.20749e+06	2.57207e+06	2.95981e+06	952984	2.17045e+07	10712.7	31013.4	80268.3	6870.45	28714.7	196235	10851.2	38137.5	402803	18336.2	35109.5	58036.5	12258	39806.4	130857	15127.4	46247	355778	29049	66123	138305	19128.5	68521.1	327092	25978.6	84384.5	758581	
1993	8	15	686621	1.92449e+06	325368	283990	2.66286e+06	431814	1.05671e+06	170185	7.54204e+06	1.19168e+06	3.69882e+06	1.07514e+06	448120	4.69103e+06	1.26287e+06	1.99618e+06	466571	1.48304e+07	1.70364e+06	5.13321e+06	1.89271e+06	578846	6.34304e+06	2.32534e+06	2.89797e+06	772116	2.16469e+07	10432.9	31411.8	80523.7	7167.56	29024.4	195901	10813.9	38318.1	403593	18641.4	35090	54704.8	12171.6	46348.7	118904	15809.5	45517.5	347187	29074.3	66501.9	135229	19339.1	75373.1	314805	26623.4	83835.6	750780	
1993	9	15	811564	1.95547e+06	297703	244643	3.00774e+06	445525	1.13075e+06	237068	8.13046e+06	1.30747e+06	3.71307e+06	790216	546723	4.79479e+06	1.00486e+06	1.99829e+06	360497	1.45159e+07	1.8649e+06	5.34411e+06	1.5029e+06	738014	6.54694e+06	1.9582e+06	2.8783e+06	612497	2.14459e+07	10176.6	31835.1	80968.7	7237.77	29088.8	196015	11051.3	38358.7	404732	18687	37130.2	50500.5	11618.7	59308.8	103866	19778.6	42296.6	343187	28863.6	68965.3	131469	18856.4	88397.6	299881	30829.9	80655.3	747919	
1993	10	15	807284	1.93359e+06	232955	218805	3.34479e+06	429852	1.38758e+06	277619	8.63248e+06	1.50919e+06	3.73647e+06	637860	533761	5.15281e+06	939196	2.07001e+06	388646	1.49679e+07	2.08069e+06	5.41894e+06	1.17019e+06	822707	6.97453e+06	1.75971e+06	2.94547e+06	588086	2.17603e+07	9920.56	32668.9	80936.4	7411.21	29488.6	195914	11179.8	38227.6	405747	18638.3	38706.8	46893.4	12382.1	68163	92244.3	24075.8	37750.5	338854	28558.8	71375.7	127830	19793.3	97651.6	288158	35255.6	75978.1	744602	
1993	11	15	693177	1.82608e+06	250274	213048	3.502e+06	429960	1.54541e+06	301728	8.76168e+06	1.59218e+06	3.73811e+06	548051	463334	5.79353e+06	947206	2.37403e+06	494430	1.59509e+07	2.229e+06	5.41767e+06	962879	747174	7.6472e+06	1.67527e+06	3.23308e+06	665664	2.25779e+07	9617.17	33543.5	80735.3	7446.66	30401.6	194996	11086.5	38073.7	405900	18825.6	39662.3	44140.4	13543.5	73049.3	84633.1	26855.2	34902.7	335612	28442.8	73205.8	124876	20990.1	103451	279629	37941.7	72976.4	741512	
1993	12	15	603015	1.60802e+06	316279	203100	3.40132e+06	512856	1.63923e+06	327413	8.61124e+06	1.45726e+06	3.60566e+06	520702	436627	6.20691e+06	934559	2.76757e+06	558963	1.64882e+07	2.17727e+06	5.2813e+06	930108	689203	8.21835e+06	1.80277e+06	3.68384e+06	791644	2.35745e+07	9470.85	33751.3	80867.5	7583.02	31049.7	194337	10961	37867.3	405888	19252.8	39967.8	42529.4	14510.1	74383.2	81667.8	27572.7	34477.4	334361	28723.7	73719.1	123397	22093.2	105433	276005	38533.7	72344.7	740249	
1994	1	15	576979	1.4684e+06	410168	214763	3.2288e+06	633073	1.63775e+06	415794	8.58572e+06	1.24823e+06	3.21316e+06	620443	444934	6.21519e+06	1.02869e+06	3.00754e+06	615286	1.63935e+07	1.93665e+06	4.82682e+06	1.00638e+06	677933	8.39823e+06	1.95593e+06	4.12003e+06	904696	2.38267e+07	9533.89	34366.4	80627.3	7893.19	31912.1	192534	10779.4	37768.2	405415	19528.5	38646.9	43629.1	16316.9	64264.7	88909.3	24850.9	36528.1	332675	29062.4	73013.3	124256	24210.1	96176.7	281444	35630.3	74296.3	738089	
1994	2	15	521212	1.44371e+06	558127	221286	2.93201e+06	761406	1.44333e+06	454188	8.33526e+06	1.07847e+06	2.87856e+06	764658	444926	5.99248e+06	1.18553e+06	3.0846e+06	731642	1.61609e+07	1.63973e+06	4.37289e+06	1.17993e+06	682536	8.26646e+06	2.11721e+06	4.32985e+06	1.06261e+06	2.36512e+07	10067.9	34790.6	80448.2	8220.32	32298.4	191286	10762.4	37124.3	404998	19729.4	36534.7	48739.2	16402.9	53809.6	102291	22446.5	38454.6	338408	29797.2	71325.3	129187	24623.2	86108.1	293577	33208.9	75578.9	743406	
1994	3	15	366744	1.44039e+06	635713	238262	2.58827e+06	824396	1.28939e+06	410420	7.79359e+06	941958	2.73915e+06	983332	455057	5.53472e+06	1.39909e+06	2.90487e+06	828904	1.57871e+07	1.4024e+06	4.00763e+06	1.45887e+06	693697	7.74302e+06	2.37322e+06	4.2158e+06	1.19389e+06	2.30885e+07	10992.6	34650.4	80829.7	8622.13	31868.3	191072	10608.7	36891.7	405536	19728.5	35100.8	52034.7	15638.2	47932.3	109949	20009.5	40102.5	340496	30721.1	69751.1	132864	24260.3	79800.6	301021	30618.1	76994.3	746031	
1994	4	15	267135	1.44716e+06	691353	185452	2.3781e+06	861635	1.13344e+06	405060	7.36934e+06	761315	2.7337e+06	1.17991e+06	433911	4.88974e+06	1.59463e+06	2.5517e+06	798832	1.49437e+07	1.18531e+06	3.89612e+06	1.72678e+06	656844	6.97237e+06	2.63068e+06	3.85841e+06	1.22381e+06	2.21503e+07	12013.5	34545	81367.3	8524.83	31154.8	191739	10408.6	37177.2	406931	19261.9	34207	54477	14519.6	44181.5	115927	17908.8	41586.1	342069	31275.4	68752	135844	23044.4	75336.3	307667	28317.4	78763.3	749000	
1994	5	15	225452	1.61152e+06	694002	151807	2.42954e+06	772700	1.0515e+06	377753	7.31427e+06	565563	2.75997e+06	1.2809e+06	368175	4.43305e+06	1.61921e+06	2.25953e+06	744016	1.40304e+07	941392	3.90863e+06	1.9558e+06	571003	6.30592e+06	2.73601e+06	3.41476e+06	1.16797e+06	2.10015e+07	12646.8	34262.1	82019	8327.41	30275.7	192690	10333.3	37616.2	408171	18469.2	34125.9	55196.9	13505.7	41656.3	120089	16395.2	42918.9	342357	31116	68388	137216	21833.1	71932	312780	26728.5	80535.1	750528	
1994	6	15	221223	1.68779e+06	618582	143218	2.50446e+06	642163	1.02342e+06	299905	7.14076e+06	453395	2.92088e+06	1.31624e+06	305565	4.32801e+06	1.52734e+06	2.05932e+06	691883	1.36026e+07	734777	4.07418e+06	2.04809e+06	500141	6.03171e+06	2.58502e+06	3.10295e+06	1.06228e+06	2.01392e+07	12921.5	34485.8	82320.6	8200.42	30145.9	193158	10389.6	38208.5	409830	17988.2	34289.8	55679.5	12906.6	39748.8	123877	15340.4	44296	344126	30909.8	68775.6	138000	21107	69894.7	317035	25730.1	82504.5	753956	
1994	7	15	242620	1.74031e+06	455791	163181	2.46221e+06	489555	986254	235180	6.7751e+06	451737	3.13244e+06	1.24807e+06	280555	4.38876e+06	1.3779e+06	1.97141e+06	588483	1.34394e+07	677385	4.27349e+06	2.02303e+06	442873	5.96342e+06	2.42338e+06	2.91885e+06	928874	1.96513e+07	12828.5	35034.6	82662.6	8136.76	30429.9	193491	10540.7	38504.1	411628	17518.6	33762.4	57197.8	12647.9	38438.1	127537	14868.3	45932.4	347903	30347.1	68797.1	139860	20784.7	68868.1	321028	25409.1	84436.4	759531	
1994	8	15	265907	1.72032e+06	283144	160066	2.44258e+06	391872	975808	175888	6.41559e+06	487250	3.22891e+06	1.05201e+06	297236	4.41733e+06	1.15926e+06	1.9139e+06	479611	1.30355e+07	711750	4.50884e+06	1.82505e+06	441804	6.0102e+06	2.15959e+06	2.80553e+06	781438	1.92442e+07	12596.6	35535.9	83227.8	7971.1	30757.6	194554	10819.2	38572.1	414034	17426.6	33857.3	53700.6	12052.7	45182.1	115139	15786	44845.9	337990	30023.2	69393.2	136928	20023.8	75939.7	309692	26605.1	83418	752024	
1994	9	15	335555	1.70114e+06	198371	147220	2.84654e+06	357968	1.07915e+06	192760	6.85871e+06	534282	3.29652e+06	718293	351598	4.46435e+06	884537	1.8841e+06	375933	1.25096e+07	770107	4.69279e+06	1.38792e+06	515287	6.12338e+06	1.79826e+06	2.75666e+06	628137	1.86725e+07	12338.9	36124.1	83613.4	8101.13	31160.3	195540	11051	38408	416337	17588.5	35862.6	49270.2	11514.9	57281.1	100055	19567.2	41388.5	332528	29927.4	71986.7	132884	19616.1	88441.4	295595	30618.2	79796.6	748865	
1994	10	15	385615	1.72233e+06	165333	117026	3.21112e+06	318997	1.31378e+06	248496	7.4827e+06	613437	3.29897e+06	479385	308436	4.87005e+06	748275	1.95744e+06	351307	1.26273e+07	855895	4.7925e+06	990240	485053	6.53503e+06	1.51958e+06	2.7981e+06	564615	1.8541e+07	11963.9	36842.8	83996.6	7893.44	31792.8	195896	11305.5	38096.8	417788	17791.9	37264.1	45445	11981.4	65546	88602.6	23570.4	37088.8	327290	29755.8	74107	129442	19874.8	97338.8	284498	34875.9	75185.6	745078	
1994	11	15	376282	1.64069e+06	194096	108442	3.25326e+06	370297	1.46403e+06	278113	7.68521e+06	723081	3.29749e+06	393239	246754	5.49285e+06	762522	2.26073e+06	433383	1.36101e+07	986134	4.79731e+06	751951	409165	7.14666e+06	1.45759e+06	3.08577e+06	607223	1.92418e+07	11314.6	37467.2	84114.4	7679.77	31945.4	196618	11506.3	37848.7	418495	18041.6	38087.4	42595.8	12809.9	70420.8	81157.7	26217.9	34266.2	323597	29356.2	75554.6	126710	20489.7	102366	277776	37724.3	72114.8	742092	
1994	12	15	371412	1.52251e+06	276175	114559	3.2773e+06	417913	1.565e+06	321216	7.86608e+06	761870	3.22905e+06	399611	235462	5.79602e+06	795501	2.6347e+06	519958	1.43722e+07	1.0746e+06	4.689e+06	710083	381014	7.66914e+06	1.56639e+06	3.53531e+06	720102	2.03456e+07	10809	37667.2	84573.3	7631.48	32127	196502	11607.7	37662.2	418580	18486.6	38167.5	40973.5	13603.5	71836.7	78022.8	27187.5	33943.4	322221	29295.6	75834.7	125547	21235	103964	274525	38795.2	71605.6	740802	
1995	1	15	427558	1.47611e+06	362975	116525	3.21708e+06	518500	1.57407e+06	391417	8.08423e+06	761733	3.0235e+06	504997	230676	5.79673e+06	907388	2.87626e+06	593033	1.46943e+07	1.12241e+06	4.47552e+06	808392	361562	7.83073e+06	1.73405e+06	3.95395e+06	863983	2.11506e+07	10576.7	38105.9	84508	7596.95	32169.4	195566	11526.2	37492.4	417542	18506.8	37428	41981.4	15127.2	62748	85142	24812.3	36063.7	321809	29083.5	75533.9	126489	22724.2	94917.3	280708	36338.5	73556.1	739351	
1995	2	15	522499	1.45388e+06	500854	129353	3.16748e+06	650796	1.3929e+06	433327	8.25109e+06	803137	2.84784e+06	669916	240088	5.79245e+06	1.0143e+06	2.97348e+06	696892	1.50381e+07	1.15554e+06	4.20083e+06	1.01428e+06	366212	7.82718e+06	1.89016e+06	4.16081e+06	1.01053e+06	2.16255e+07	10610.2	37994.8	84856.8	7641.58	31850.5	194942	11366.3	37454.9	416717	17996.6	35464.2	47191.1	15274.7	52587	99805.6	22566.7	38309.3	329195	28606.8	73459	132048	22916.3	84437.6	294748	33933	75764.2	745913	
1995	3	15	479916	1.4165e+06	562227	149009	2.8531e+06	750967	1.25103e+06	411484	7.87424e+06	897831	2.76084e+06	869694	272872	5.71473e+06	1.20949e+06	2.80288e+06	783344	1.53117e+07	1.22598e+06	3.99708e+06	1.28803e+06	413673	7.78713e+06	2.10448e+06	4.06624e+06	1.13793e+06	2.20206e+07	10572.2	38021.1	85009.7	8032.07	30872.6	195538	11294.7	37592.4	416933	17138.6	34253	50553	14613.6	46418.8	108990	20432.2	40490.6	332890	27710.8	72274.1	135563	22645.7	77291.3	304528	31726.8	78082.9	749823	
1995	4	15	349469	1.52248e+06	638281	178350	2.59777e+06	859777	1.10169e+06	403061	7.65089e+06	902781	2.73056e+06	1.04195e+06	305335	5.32546e+06	1.43835e+06	2.4726e+06	789480	1.50065e+07	1.25055e+06	3.91423e+06	1.53701e+06	458676	7.37874e+06	2.38419e+06	3.73274e+06	1.19448e+06	2.18506e+07	10751.9	37367.4	85651.6	8271.55	29784.8	196525	11105.2	37913.3	417371	16567.6	33380.2	53025.3	13745.1	42420.4	115469	18719	42423.6	335750	27319.5	70747.6	138677	22016.6	72205.2	311994	29824.2	80336.9	753121	
1995	5	15	277339	1.61568e+06	664524	157865	2.46212e+06	845530	1.02929e+06	352081	7.40442e+06	718367	2.83704e+06	1.1608e+06	309929	4.80875e+06	1.57555e+06	2.19483e+06	753928	1.43592e+07	1.09699e+06	4.01945e+06	1.76366e+06	462693	6.84273e+06	2.59873e+06	3.30349e+06	1.1685e+06	2.12562e+07	11179.4	36358	86524.1	8044.15	29146.8	197581	10888.3	38417.8	418139	16328.9	32814.4	54877.6	12836.5	39956.1	120517	17193.3	44274.4	338798	27508.3	69172.4	141402	20880.7	69103	318097	28081.6	82692.2	756937	
1995	6	15	261861	1.76473e+06	613580	133980	2.51281e+06	700309	1.01886e+06	295782	7.30191e+06	548288	3.04019e+06	1.23166e+06	316996	4.52779e+06	1.57657e+06	2.01855e+06	667335	1.39274e+07	878722	4.21601e+06	1.89154e+06	474713	6.39182e+06	2.58869e+06	3.02463e+06	1.0379e+06	2.0504e+07	11680.3	35814.1	86950.8	8015.23	28913.5	198594	10794.6	38834.2	419597	16290.6	32793.1	55460.6	12340.2	38325.1	124607	16118.4	45991.7	341927	27970.9	68607.2	142411	20355.4	67238.6	323202	26912.9	84826	761524	
1995	7	15	247052	1.83743e+06	438910	159749	2.49659e+06	549622	1.01239e+06	255555	6.9973e+06	480483	3.27997e+06	1.17825e+06	306598	4.49467e+06	1.40524e+06	1.94793e+06	570283	1.36634e+07	744354	4.53385e+06	1.89215e+06	486480	6.22751e+06	2.4253e+06	2.85733e+06	910950	2.00779e+07	12342.2	35460.2	87172.5	8080.49	29271.3	199159	10780.4	39087.2	421353	16342.1	32575.1	56493.3	12200.3	37438.1	128047	15510.2	47576.8	346183	28684.3	68035.3	143666	20280.7	66709.4	327207	26290.5	86664.1	767537	
1995	8	15	194255	1.76899e+06	278889	213261	2.35474e+06	458956	1.01703e+06	217153	6.50327e+06	442963	3.48586e+06	1.01651e+06	327061	4.45144e+06	1.19994e+06	1.94322e+06	495692	1.33627e+07	700869	4.78122e+06	1.76614e+06	517704	6.09024e+06	2.20167e+06	2.81374e+06	788811	1.96604e+07	13080.6	34832.7	88313.2	8205.1	29421.6	200481	10887.9	39185.6	424408	16362.5	33475.7	52356.9	12072.2	44889.8	114868	16261.9	46143.1	336430	29443.1	68308.4	140670	20277.3	74311.4	315349	27149.8	85328.6	760837	
1995	9	15	178495	1.67395e+06	225244	249507	2.6363e+06	507653	1.13098e+06	273915	6.87604e+06	435700	3.44992e+06	718428	427066	4.30336e+06	1.04247e+06	1.93886e+06	433621	1.27494e+07	677110	4.88531e+06	1.433e+06	613191	5.95467e+06	1.96749e+06	2.79982e+06	690918	1.90215e+07	13551.6	35014.7	88686	8513.85	29630.9	202102	11052.2	39155.1	427707	16655.6	34773	48117.3	11913.3	56878	100239	20288.7	42395.7	331261	30207.3	69787.6	136803	20427.2	86508.9	302342	31341	81550.8	758968	
1995	10	15	171892	1.61393e+06	225543	228818	3.05491e+06	460876	1.41596e+06	326460	7.4984e+06	391328	3.26344e+06	532551	492917	4.50696e+06	992120	2.04687e+06	466851	1.2693e+07	629141	4.77822e+06	1.10095e+06	704411	6.15691e+06	1.79862e+06	2.90854e+06	701642	1.87784e+07	13844.8	35024.1	89253.2	8414.19	29851.4	203329	11140.6	39096.7	429953	16846.3	35469.2	44419.1	12559.2	65197.5	88929	24416.4	38044.8	325881	30691	70493.3	133672	20973.4	95048.9	292258	35557	77141.4	755835	
1995	11	15	165521	1.4838e+06	268940	196157	3.1649e+06	508552	1.57488e+06	362576	7.72534e+06	359921	3.13919e+06	488066	493173	5.12941e+06	1.01414e+06	2.42265e+06	579619	1.36262e+07	566685	4.57752e+06	917905	735477	6.70365e+06	1.74321e+06	3.28447e+06	792087	1.9321e+07	13897.6	35054.3	89549.9	8495.5	30099.6	203935	11367.3	39010.1	431409	17208.8	35647.2	41842.1	13559.6	69872.1	81544.8	27085.2	35256.1	322016	31106.4	70701.5	131392	22055.1	99971.7	285480	38452.5	74266.2	753425	
1995	12	15	170554	1.32525e+06	374319	187702	3.12864e+06	591225	1.62682e+06	426699	7.83121e+06	346062	2.93563e+06	529644	447355	5.60349e+06	1.02173e+06	2.84463e+06	661412	1.439e+07	527047	4.29628e+06	908315	702431	7.34247e+06	1.85026e+06	3.7936e+06	926028	2.03464e+07	13654.9	35249.2	89351.1	8751.39	30356.4	204255	11639.2	38785.2	432043	17594.7	35782.6	40395.1	14528.1	70884.2	78492	27996.8	34780.5	320454	31249.6	71031.8	129746	23279.5	101241	282747	39636	73565.7	752497	
1996	1	15	168815	1.21541e+06	480578	189753	3.05308e+06	719125	1.6216e+06	490652	7.93902e+06	358317	2.62543e+06	674470	431541	5.66599e+06	1.13928e+06	3.05756e+06	759047	1.47116e+07	532003	3.92311e+06	1.05677e+06	688376	7.68829e+06	1.97295e+06	4.22603e+06	1.09039e+06	2.11779e+07	13327.9	35738.9	88868.9	9394.36	30832.6	202783	12006	38576.3	431528	17614.7	35033.7	41227.2	16593.1	62000	85199.2	25914.1	36409	319991	30942.6	70772.6	130096	25987.5	92832.6	287982	37920.1	74985.2	751518	
1996	2	15	154464	1.21962e+06	599946	228829	2.82395e+06	868024	1.4814e+06	529905	7.90614e+06	344503	2.37529e+06	859737	443215	5.56176e+06	1.33103e+06	3.10714e+06	873870	1.48965e+07	513715	3.53452e+06	1.27648e+06	689907	7.66192e+06	2.21202e+06	4.41112e+06	1.24557e+06	2.15452e+07	13367.7	36151.1	88013.1	10109.6	31261.1	201626	12086.5	38028.8	430644	17851.7	33208.1	45331.4	17399	53187.9	98186.4	23904.8	38298.4	327368	31219.4	69359.2	133345	27508.6	84448.9	299813	35991.3	76327.1	758012	
1996	3	15	139360	1.20852e+06	680071	253756	2.51034e+06	918749	1.33133e+06	482625	7.52474e+06	316734	2.24455e+06	1.08055e+06	455450	5.28469e+06	1.58167e+06	2.95557e+06	966657	1.48859e+07	485931	3.24287e+06	1.58966e+06	703739	7.36819e+06	2.52058e+06	4.30402e+06	1.39377e+06	2.16088e+07	13906.3	35960.5	87840.5	10767.7	31291.4	200927	11860.8	38029.7	430584	17956.6	31877.9	48115.6	17148	47847.6	105854	21714.1	39907.4	330421	31862.9	67838.4	135956	27915.7	79139	306781	33574.9	77937.1	761005	
1996	4	15	107876	1.32231e+06	703782	196192	2.36011e+06	1.00418e+06	1.20374e+06	469764	7.36795e+06	269308	2.2652e+06	1.24768e+06	439095	4.76465e+06	1.79525e+06	2.65069e+06	949500	1.43814e+07	424257	3.1584e+06	1.84614e+06	654917	6.80059e+06	2.83151e+06	3.98321e+06	1.42754e+06	2.11266e+07	14598.3	35613.8	87670.3	10304.2	30817.2	201195	11798.8	38603.2	430601	17906	30969.5	49983.2	15654.6	44423.1	111271	20031.7	41371.3	331611	32504.3	66583.2	137653	25958.8	75240.3	312466	31830.5	79974.5	762212	
1996	5	15	96318	1.39462e+06	739551	158319	2.35755e+06	989779	1.16234e+06	420843	7.31932e+06	213658	2.38795e+06	1.32804e+06	380324	4.3513e+06	1.87015e+06	2.41668e+06	877622	1.38257e+07	347666	3.2857e+06	2.03144e+06	588253	6.24811e+06	2.99503e+06	3.64842e+06	1.36088e+06	2.05055e+07	14944.7	34887.5	88386.2	9831.87	30710	201330	11952.6	39257.5	431300	17531.2	30601.8	51320	14294.7	41989.9	115873	18870.2	43023.2	333504	32475.9	65489.2	139706	24126.6	72699.9	317203	30822.8	82280.6	764804	
1996	6	15	91840.4	1.48573e+06	670614	144345	2.36114e+06	874098	1.1202e+06	388936	7.13691e+06	187714	2.57374e+06	1.36235e+06	321131	4.22128e+06	1.89279e+06	2.28155e+06	803499	1.36441e+07	313077	3.49533e+06	2.10529e+06	520035	5.92706e+06	2.98812e+06	3.41243e+06	1.22845e+06	1.99898e+07	15035.3	34821.3	88418.7	9397.19	31130.9	201177	12272.7	39853.8	432106	17199.1	30495.4	52178.2	13551.6	40424.7	119651	17828.7	44562.3	335891	32234.4	65316.7	140597	22948.7	71555.7	320828	30101.3	84416.2	767998	
1996	7	15	95443.2	1.55878e+06	492069	160591	2.35785e+06	644769	1.0863e+06	335703	6.7315e+06	182076	2.73902e+06	1.2922e+06	301641	4.2992e+06	1.72844e+06	2.21551e+06	719140	1.34772e+07	289468	3.74865e+06	2.05398e+06	478904	5.94544e+06	2.8174e+06	3.28061e+06	1.10868e+06	1.97231e+07	15376.6	34749.8	88320.7	9310.81	32005.2	201004	12549	40302	433619	17076.9	30344.6	53125.6	13481.5	39636.4	123065	16660	46218	339608	32453.5	65094.4	141446	22792.4	71641.6	324070	29209	86520	773227	
1996	8	15	114697	1.53462e+06	302322	205823	2.26808e+06	524500	1.09836e+06	269621	6.31802e+06	176663	2.88836e+06	1.06571e+06	339339	4.35319e+06	1.40998e+06	2.15111e+06	635594	1.302e+07	272526	3.97879e+06	1.83645e+06	518803	6.05087e+06	2.45142e+06	3.20256e+06	975152	1.92866e+07	15586	34643	88736	9447.23	32823	201627	12620.7	40475.1	435958	16899.4	31316.2	50027.7	13390.9	45659.6	112377	16779.4	44915.1	331366	32485.4	65959.2	138764	22838.2	78482.7	314004	29400.1	85390.2	767324	
1996	9	15	126462	1.51272e+06	244600	217645	2.46811e+06	560764	1.14503e+06	314695	6.59002e+06	200147	2.90875e+06	754971	438633	4.23465e+06	1.18094e+06	2.09214e+06	544901	1.23551e+07	288932	4.0799e+06	1.465e+06	648557	6.00053e+06	2.11475e+06	3.09663e+06	856139	1.85504e+07	15462.4	34719.7	89043.1	9687.97	33465.2	202838	12608.1	40423.2	438248	17056.8	33307.5	46546.4	13146.3	56308.1	99572.5	20364.7	41868.1	328170	32519.2	68027.3	135590	22834.2	89773.2	302410	32972.9	82291.3	766418	
1996	10	15	132383	1.45367e+06	238053	197929	2.76796e+06	571913	1.39076e+06	333871	7.08654e+06	232380	2.84071e+06	567371	469119	4.32048e+06	1.15414e+06	2.13878e+06	544026	1.2267e+07	320748	4.08874e+06	1.13104e+06	700944	6.08817e+06	1.92695e+06	3.09615e+06	821680	1.81744e+07	15196.1	34613.7	89431.6	9635.33	34643.8	202900	12721	40386.3	439527	17244.9	34938.4	43409.8	13840.8	63707.2	89467.9	24216.1	38069.5	324895	32441	69552.1	132841	23476.2	98351	292368	36937.1	78455.7	764422	
1996	11	15	139677	1.3493e+06	283902	181044	2.88938e+06	576119	1.55368e+06	360409	7.33351e+06	257087	2.74462e+06	511574	445815	4.84153e+06	1.16421e+06	2.42765e+06	603474	1.2996e+07	366180	3.96132e+06	922921	708212	6.53468e+06	1.86497e+06	3.35481e+06	842985	1.85561e+07	14744.8	34654.2	89226.5	9887.26	35811.3	201985	12894	40204.6	439408	17403.6	36098.6	41174.3	15047.1	67776.8	82874.2	26812.9	35653.9	322842	32148.4	70752.8	130401	24934.4	103588	284860	39706.9	75858.5	762250	
1996	12	15	131458	1.24974e+06	356298	168461	2.70558e+06	703061	1.60806e+06	438579	7.36124e+06	268550	2.56968e+06	560820	405522	5.17463e+06	1.24443e+06	2.80889e+06	661805	1.36943e+07	389242	3.75831e+06	925785	649181	6.95905e+06	2.04601e+06	3.78025e+06	942959	1.94508e+07	14034.9	34650.1	88667.4	10154.5	36116.4	201055	13555.5	39796	438029	17474.4	36926.8	40114.8	15841.4	69278.4	80673.4	27722.4	35481.3	323513	31509.4	71576.8	128782	25995.9	105395	281728	41277.9	75277.3	761542	
1997	1	15	134392	1.12703e+06	477595	153391	2.57467e+06	844490	1.60667e+06	542137	7.46037e+06	276603	2.35258e+06	694344	371314	5.07119e+06	1.38164e+06	3.00827e+06	784950	1.39409e+07	404784	3.4626e+06	1.06813e+06	592942	7.02657e+06	2.2766e+06	4.15651e+06	1.10931e+06	2.00974e+07	13651.2	34765.4	87887.8	10671.5	36595.5	199322	13955.7	39249.5	436099	17571.1	35614.6	41559.4	17635.1	62610.7	86809	25731.5	36970	324501	31222.4	70380.1	129447	28306.6	99206.2	286131	39687.2	76219.5	760600	
1997	2	15	141182	1.17861e+06	568715	160566	2.45738e+06	979802	1.45785e+06	579158	7.52326e+06	276896	2.15191e+06	860610	357832	4.81157e+06	1.58829e+06	3.05917e+06	949573	1.40558e+07	414576	3.15497e+06	1.28636e+06	566137	6.79022e+06	2.55187e+06	4.33844e+06	1.32045e+06	2.0423e+07	13443	34707.1	86778.9	10910.7	36648.5	198011	14220.3	38955	433675	17465.2	33781.3	46180.9	17922.6	55488.1	98418.1	24320.4	38420.3	331997	30908.3	68488.4	132960	28833.3	92136.6	296430	38540.7	77375.3	765672	
1997	3	15	157917	1.15537e+06	642546	170533	2.2572e+06	1.0073e+06	1.34393e+06	530829	7.26562e+06	312835	2.06969e+06	1.06253e+06	366981	4.54835e+06	1.79446e+06	2.91385e+06	1.04885e+06	1.41176e+07	451709	2.96895e+06	1.55926e+06	575851	6.38625e+06	2.82144e+06	4.22457e+06	1.48823e+06	2.04763e+07	13454.1	34394.3	86011.6	11650.8	35958.5	197324	14053.4	38737.2	431583	17226.5	32070.9	49617.3	18007.7	50637.4	106171	22644.5	39853.3	336229	30680.6	66465.1	135629	29658.4	86595.9	303495	36697.9	78590.5	767812	
1997	4	15	128852	1.27677e+06	733213	123673	2.21965e+06	1.09874e+06	1.21959e+06	488431	7.28891e+06	304682	2.14457e+06	1.21783e+06	301055	4.25224e+06	1.90058e+06	2.66262e+06	1.0062e+06	1.37898e+07	443605	2.94866e+06	1.81337e+06	475939	5.99926e+06	2.99446e+06	3.97792e+06	1.51166e+06	2.01649e+07	14033.2	33803.8	85183	10510.6	35030.2	197360	13897.1	38936.3	428754	17726.2	30641.8	51593.1	15736.2	47714.8	111973	20936	40943.3	337264	31759.5	64445.5	136776	26246.8	82745	309333	34833.2	79879.5	766019	
1997	5	15	170412	1.39748e+06	764941	88398.7	2.28822e+06	1.06055e+06	1.1405e+06	450458	7.36096e+06	282865	2.26155e+06	1.35021e+06	240652	4.0289e+06	1.98976e+06	2.42944e+06	910471	1.34939e+07	430276	3.11307e+06	2.02952e+06	387537	5.7112e+06	3.12687e+06	3.65396e+06	1.40719e+06	1.98596e+07	14446.6	32911.9	84241	9586.17	34235.5	197934	13928.3	39015.3	426299	17829.9	30028.2	51966.4	14182.9	45252.3	116782	19520.3	42191.3	337753	32276.5	62940.1	136207	23769.1	79487.8	314716	33448.6	81206.6	764052	
1997	6	15	211371	1.55796e+06	724466	77228	2.45433e+06	881518	1.08787e+06	377085	7.37183e+06	308730	2.50515e+06	1.43996e+06	170632	4.04605e+06	2.02511e+06	2.21453e+06	826889	1.3537e+07	453927	3.36906e+06	2.16936e+06	289043	5.62626e+06	3.11653e+06	3.33949e+06	1.2621e+06	1.96258e+07	14105.5	32522.5	83675.5	8642.28	33128.2	198946	13859.4	39361	424241	17486.8	30403.5	52133.1	13106.3	43255.5	122134	18329.5	44030.1	340879	31592.3	62926	135809	21748.6	76383.7	321080	32188.9	83391.1	765120	
1997	7	15	254751	1.69664e+06	529077	110584	2.70629e+06	662341	1.10183e+06	299478	7.361e+06	397970	2.7922e+06	1.42222e+06	141271	4.27288e+06	1.81178e+06	2.08474e+06	727484	1.36505e+07	533581	3.75007e+06	2.23864e+06	234957	5.83212e+06	2.95445e+06	3.10518e+06	1.11635e+06	1.97653e+07	13684.1	32003.1	83784.7	8248.78	32508.9	199456	13987.3	39576.3	423249	17378.6	30551.4	53143.6	12771.6	41749.5	126350	17518.1	45948.7	345412	31062.7	62554.5	136928	21020.3	74258.3	325806	31505.4	85525	768661	
1997	8	15	311235	1.70674e+06	323566	172137	2.69444e+06	504610	1.07411e+06	215233	7.00207e+06	480996	3.0862e+06	1.20339e+06	180354	4.65518e+06	1.47568e+06	2.05832e+06	591804	1.37319e+07	657052	4.15565e+06	2.05109e+06	257963	6.24851e+06	2.60129e+06	3.01205e+06	940218	1.99238e+07	13310	31206.3	84371.4	8050.15	32359	200040	14140.7	39545.4	423023	17348.5	31440.8	50325.6	12413.5	47106.1	115404	17923	45268.1	337230	30658.4	62647.1	134697	20463.6	79465.2	315444	32063.8	84813.5	760253	
1997	9	15	390770	1.79197e+06	237395	138742	2.91469e+06	464822	1.12484e+06	242800	7.30603e+06	567602	3.25711e+06	840095	264601	4.89369e+06	1.1666e+06	2.03014e+06	464635	1.34845e+07	777192	4.47101e+06	1.6584e+06	340395	6.58489e+06	2.21685e+06	2.93432e+06	770719	1.97538e+07	12894.8	30824.5	84798.6	7474.87	32403.6	200854	14368.9	39475.4	423095	17290.8	33886.7	46689.8	11702.3	58052.2	102041	21478	42475.3	333616	30185.6	64711.1	131488	19177.2	90455.9	302896	35846.9	81950.7	756711	
1997	10	15	442840	1.84519e+06	218967	123490	3.23013e+06	415103	1.36279e+06	274495	7.91301e+06	690192	3.37543e+06	606418	294513	5.06087e+06	1.01796e+06	2.04234e+06	438858	1.35266e+07	935022	4.72369e+06	1.25781e+06	399302	6.95492e+06	1.94617e+06	2.93459e+06	702450	1.9854e+07	12297	30877.3	84936.1	6970.22	32203	201647	14553.4	39432.8	422917	17177.8	36234	43354.1	12074.3	65977.5	90675.1	25591.6	38443.8	329528	29474.8	67111.3	128290	19044.5	98180.5	292322	40145.1	77876.6	752445	
1997	11	15	426526	1.79246e+06	252531	125997	3.34108e+06	441188	1.5211e+06	308568	8.20946e+06	791837	3.50899e+06	513989	250317	5.54087e+06	969921	2.2933e+06	510568	1.43798e+07	1.07321e+06	4.89482e+06	992720	392068	7.40352e+06	1.80065e+06	3.14375e+06	728059	2.04288e+07	11577.2	30822.9	84681.6	6478.73	32121.5	201963	14544.4	39457.6	421647	17370	37559.4	41129	12803.8	70338.6	83142.8	28231.7	35651.9	326227	28947.2	68382.2	125811	19282.5	102460	285106	42776.1	75109.5	747874	
1997	12	15	446418	1.67337e+06	351902	181125	3.26312e+06	538726	1.56769e+06	355281	8.37763e+06	818360	3.4814e+06	529678	250691	5.87453e+06	1.02396e+06	2.62152e+06	588545	1.51887e+07	1.15376e+06	4.9547e+06	942616	382109	7.76576e+06	1.94785e+06	3.48828e+06	847903	2.1483e+07	10901.4	30801.5	84026.7	6240.04	31958.7	201914	14310	39572.7	419726	17818.6	38102	40121.8	13266.2	72162.1	80357.7	29161.8	35342.3	326332	28720	68903.6	124149	19506.3	104121	282272	43471.8	74914.9	746058	
1998	1	15	511963	1.43373e+06	504194	269802	3.22873e+06	657445	1.54588e+06	444255	8.596e+06	872604	3.26277e+06	680142	296692	5.82643e+06	1.1643e+06	2.77049e+06	688354	1.55618e+07	1.25137e+06	4.75681e+06	1.08092e+06	412167	7.85114e+06	2.16768e+06	3.76775e+06	1.01226e+06	2.23001e+07	10370.6	30930.9	82955.1	6199.39	32237.7	200375	13923.8	39423.1	416416	18196.5	36555.7	41820	14464.4	63242.7	88075.1	26321.7	37631.1	326307	28567.1	67486.6	124775	20663.8	95480.4	288450	40245.5	77054.2	742723	
1998	2	15	530451	1.44237e+06	635059	364380	3.04713e+06	844629	1.39305e+06	491985	8.74906e+06	928793	2.92934e+06	911574	408986	5.6932e+06	1.40121e+06	2.78136e+06	812050	1.58665e+07	1.30656e+06	4.35107e+06	1.34962e+06	532472	7.71287e+06	2.49514e+06	3.87696e+06	1.18848e+06	2.28132e+07	10010.4	30952.6	81435.9	6185.45	32204.6	199642	13366.1	39349.3	413146	18145.4	34571.9	46665.7	14397.6	53496.9	102860	23496.1	40339.9	333974	28155.7	65524.5	128102	20583.1	85701.5	302502	36862.2	79689.2	747120	
1998	3	15	585343	1.43533e+06	709199	496143	3.03837e+06	898398	1.29308e+06	432386	8.88825e+06	1.01474e+06	2.72341e+06	1.14678e+06	593964	5.53178e+06	1.65365e+06	2.60692e+06	916829	1.61881e+07	1.40919e+06	4.01995e+06	1.6789e+06	761605	7.4829e+06	2.8193e+06	3.72729e+06	1.34206e+06	2.32412e+07	9739.4	30732.2	80179.7	6291.75	31374.3	199711	12836.3	39361.1	410226	17645.3	33664.8	50141.4	13762.5	47605.3	112236	20930.4	42552.3	338537	27384.7	64396.9	130321	20054.3	78979.6	311947	33766.7	81913.4	748764	
1998	4	15	567181	1.60676e+06	772076	478507	3.10235e+06	997005	1.21278e+06	427421	9.16408e+06	1.07233e+06	2.76647e+06	1.30327e+06	760876	5.46013e+06	1.79089e+06	2.33688e+06	916892	1.64077e+07	1.47364e+06	3.90549e+06	1.9315e+06	993364	7.47279e+06	3.00403e+06	3.42501e+06	1.40679e+06	2.36126e+07	9781.24	30234.9	79229.3	6265.83	30249.2	199928	12281.9	39717.8	407688	17368	32993.1	52878.1	12661.1	43211.7	119285	18775.9	44215.7	341389	27149.3	63228.1	132107	18926.9	73461	319213	31057.8	83933.5	749077	
1998	5	15	581779	1.75253e+06	837546	525708	3.20126e+06	1.06804e+06	1.31935e+06	372295	9.65851e+06	1.1147e+06	2.95473e+06	1.40659e+06	818312	5.59151e+06	1.85272e+06	2.2469e+06	801085	1.67866e+07	1.56397e+06	4.11779e+06	2.1279e+06	1.10527e+06	7.578e+06	3.10333e+06	3.25259e+06	1.28899e+06	2.41378e+07	10052.4	29436.3	78384.1	6256.75	29156.4	200297	11871.8	40157.9	405613	17333.7	32509.9	54177.9	12120.4	40338.9	124922	17043	45990.3	344436	27386.2	61946.3	132562	18377.1	69495.3	325219	28914.7	86148.1	750049	
1998	6	15	584212	1.80188e+06	847889	665493	3.19823e+06	1.02078e+06	1.32312e+06	327284	9.76888e+06	1.1629e+06	3.2629e+06	1.49718e+06	886489	5.71719e+06	1.98969e+06	2.32307e+06	720739	1.75602e+07	1.65122e+06	4.46027e+06	2.25004e+06	1.24326e+06	7.81581e+06	3.17701e+06	3.29056e+06	1.12734e+06	2.50155e+07	10246.6	28845.8	77678.3	6290	28553.1	200635	11438.6	40702.6	404390	17379.9	32289.8	54747.4	11623.4	38090.4	129659	15480.7	48396.3	347667	27626.6	61135.7	132426	17913.4	66643.5	330294	26919.3	89098.9	752057	
1998	7	15	590838	1.89167e+06	722501	679553	3.12772e+06	864495	1.24347e+06	297143	9.41739e+06	1.1889e+06	3.48041e+06	1.55122e+06	1.12817e+06	5.79987e+06	2.0218e+06	2.40431e+06	668511	1.82432e+07	1.7139e+06	4.81403e+06	2.37593e+06	1.49753e+06	7.96212e+06	3.23667e+06	3.37012e+06	1.04416e+06	2.60145e+07	10407.7	28419.7	77122.2	6417.99	27799.7	201394	11030.5	41095.7	403687	17531.2	32253.8	55074.3	11656.5	36714.8	133974	14360.2	50733.6	352299	27938.9	60673.5	132197	18074.5	64514.5	335368	25390.7	91829.3	755986	
1998	8	15	656121	1.90902e+06	508095	637337	3.08003e+06	742884	1.19909e+06	273763	9.00634e+06	1.216e+06	3.59575e+06	1.46512e+06	1.31899e+06	5.71929e+06	1.88167e+06	2.34118e+06	614630	1.81526e+07	1.79424e+06	5.04118e+06	2.34741e+06	1.7987e+06	7.9405e+06	3.17806e+06	3.402e+06	964807	2.64669e+07	10530.8	27645.4	77361.5	6680.95	27567	202265	10779.1	41460.6	404291	17561.8	32927.4	51749.9	11645	43811.7	121380	15240.3	48639.9	342956	28092.6	60572.7	129111	18325.9	71378.8	323645	26019.4	90100.5	747247	
1998	9	15	635577	1.87268e+06	482569	573976	3.41864e+06	773238	1.30285e+06	363390	9.42292e+06	1.25584e+06	3.69052e+06	1.19912e+06	1.27449e+06	5.59942e+06	1.66218e+06	2.24579e+06	563205	1.74906e+07	1.82808e+06	5.18575e+06	2.1039e+06	1.86802e+06	7.79798e+06	2.97448e+06	3.31395e+06	891062	2.59632e+07	10574.9	27007.7	77936.8	6899.78	27219.1	203349	10935	41694.4	405616	17358	34956.5	48486.1	11232	56356.6	106739	20064.5	44247.2	339440	27932.9	61964.2	126423	18131.8	83575.7	310088	30999.5	85941.6	745057	
1998	10	15	603892	1.8182e+06	453095	525562	3.88102e+06	679308	1.57017e+06	421915	9.95316e+06	1.2818e+06	3.70295e+06	991572	1.22444e+06	5.89634e+06	1.54707e+06	2.30879e+06	640100	1.75931e+07	1.85239e+06	5.2591e+06	1.82227e+06	1.84974e+06	8.04211e+06	2.73201e+06	3.30811e+06	942276	2.5808e+07	10639.9	26828.4	77947.8	7455.1	26884.3	204345	11323.8	41920.3	407344	17319.1	36965.9	45066.2	11921.4	65281.1	94967.9	24787.1	39686.1	335995	27959	63794.3	123014	19376.5	92165.4	299313	36110.9	81606.4	743339	
1998	11	15	522281	1.66926e+06	518118	461975	4.06275e+06	716041	1.72966e+06	468130	1.01482e+07	1.23071e+06	3.62549e+06	937144	1.12839e+06	6.6829e+06	1.42645e+06	2.67503e+06	772521	1.84786e+07	1.8212e+06	5.23223e+06	1.59032e+06	1.72387e+06	8.82474e+06	2.44282e+06	3.64035e+06	1.05873e+06	2.63343e+07	10760.9	26662.4	77831.6	7902.3	26770.9	204359	11722.2	41885.8	407895	17621.2	38258.2	42712.3	13094	70485.4	87188	27593.3	36694.8	333647	28382.2	64920.5	120544	20996.3	97256.4	291547	39315.5	78580.6	741543	
1998	12	15	423927	1.5265e+06	598967	415678	3.90054e+06	873583	1.73847e+06	545305	1.0023e+07	1.07461e+06	3.39714e+06	1.00562e+06	1.00853e+06	7.20392e+06	1.41168e+06	3.10306e+06	879195	1.90838e+07	1.6304e+06	4.98415e+06	1.63007e+06	1.57271e+06	9.56524e+06	2.49039e+06	4.15558e+06	1.24749e+06	2.7276e+07	10704	26532.4	77380.1	8506.06	26827.3	204188	12162	42013.4	408314	17983.7	39132.5	41377.1	14390.9	71989.2	83801.7	28646.9	35660.2	332982	28687.7	65664.9	118757	22897	98816.5	287990	40808.9	77673.6	741296	
1999	1	15	376403	1.46756e+06	682414	383637	3.72386e+06	986712	1.67418e+06	607792	9.90255e+06	902611	3.06988e+06	1.14012e+06	889453	7.254e+06	1.58931e+06	3.27825e+06	998474	1.91221e+07	1.40085e+06	4.59642e+06	1.75955e+06	1.40975e+06	9.9326e+06	2.62991e+06	4.53981e+06	1.44037e+06	2.77093e+07	10863.1	26521.9	76794.8	9228.24	27640.7	203111	12399.6	42106.7	408666	19178.9	37501.3	42420.2	16375	62655.7	90332.1	26493.8	37434.8	332392	30042	64023.1	119215	25603.3	90296.4	293443	38893.4	79541.4	741057	
1999	2	15	334739	1.3939e+06	816757	420570	3.25757e+06	1.17368e+06	1.46774e+06	647964	9.51292e+06	789965	2.79043e+06	1.28134e+06	821755	6.94595e+06	1.82767e+06	3.249e+06	1.10688e+06	1.8813e+07	1.24041e+06	4.13323e+06	1.95648e+06	1.31392e+06	9.75828e+06	2.91857e+06	4.64999e+06	1.60844e+06	2.75793e+07	11957.2	26278.3	75944.5	10428.8	28606.3	201929	12478.7	42179.8	409802	21194.7	34730.8	46185.1	17682.4	53834.4	103012	24622.3	40045.8	341308	33151.9	61009	122130	28111.2	82440.7	304941	37101	82225.6	751110	
1999	3	15	234738	1.39918e+06	843363	382395	2.80288e+06	1.21174e+06	1.28767e+06	573758	8.73573e+06	673811	2.69247e+06	1.47885e+06	734296	6.30958e+06	2.14971e+06	2.97101e+06	1.20304e+06	1.82128e+07	1.06425e+06	3.87343e+06	2.20341e+06	1.16676e+06	9.01213e+06	3.35213e+06	4.3839e+06	1.77484e+06	2.68309e+07	13637.9	25533.8	75189.1	10675	29068.6	201535	12448.5	42445.6	410534	22549.7	32586.9	48601.2	17312.5	48634.4	110706	22384.4	42148.2	344923	36187.6	58120.6	123790	27987.5	77703	312241	34832.9	84593.7	755457	
1999	4	15	169861	1.35993e+06	899116	315128	2.59358e+06	1.24366e+06	1.22753e+06	537676	8.34648e+06	519736	2.64145e+06	1.60058e+06	667805	5.51548e+06	2.29219e+06	2.63589e+06	1.12551e+06	1.69986e+07	876154	3.74594e+06	2.38091e+06	1.02758e+06	8.08848e+06	3.58169e+06	4.01454e+06	1.73297e+06	2.54483e+07	15130.9	24818.1	74648.7	10423.8	29431.9	201200	12584.3	42831.3	411069	22460.1	31669.5	50592.5	15972.5	45599.8	115940	20629.8	43891.8	346756	37590.9	56487.6	125241	26396.4	75031.7	317141	33214.1	86723.1	757826	
1999	5	15	118323	1.33185e+06	949047	251379	2.4158e+06	1.27355e+06	1.20424e+06	502124	8.0463e+06	365520	2.56435e+06	1.68514e+06	561288	4.83451e+06	2.36977e+06	2.44834e+06	1.00539e+06	1.58343e+07	652211	3.64373e+06	2.56387e+06	879966	7.08634e+06	3.75193e+06	3.69857e+06	1.6072e+06	2.38838e+07	15249.9	25164.3	74523.5	9762.69	29584	201279	12867.2	43207.7	411639	21470	31660.6	51401.2	14433.5	43705.3	120459	19123.5	45637.4	347890	36719.9	56824.9	125925	24196.2	73289.2	321738	31990.7	88845.2	759529	
1999	6	15	103638	1.46017e+06	823591	226018	2.41482e+06	1.0114e+06	1.14037e+06	451530	7.63154e+06	266728	2.53939e+06	1.7476e+06	499007	4.51929e+06	2.34624e+06	2.37228e+06	925080	1.52156e+07	463242	3.62439e+06	2.64648e+06	787114	6.48427e+06	3.64175e+06	3.51593e+06	1.42735e+06	2.25905e+07	14655.5	25735.8	74616.9	9361.92	30284.8	201182	13066.8	43529.4	412433	20254.1	32300.7	51637	13511.4	42723.5	124925	17667.6	47774.2	350793	34909.6	58036.5	126254	22873.3	73008.3	326107	30734.5	91303.6	763227	
1999	7	15	142953	1.60207e+06	601687	224166	2.44596e+06	809655	1.109e+06	405936	7.34142e+06	231426	2.62612e+06	1.65426e+06	482799	4.39884e+06	2.11571e+06	2.28089e+06	848528	1.46386e+07	383633	3.66947e+06	2.58961e+06	747567	6.23528e+06	3.39737e+06	3.39033e+06	1.30963e+06	2.17229e+07	14097.3	25841.1	75046.7	9340.15	31461.8	200607	13409.6	43633.3	413437	19616.9	32176.1	53063.4	13477.1	42086.1	128061	16623.1	49772.4	354876	33714.2	58017.2	128110	22817.3	73547.8	328669	30032.8	93405.6	768314	
1999	8	15	213857	1.66739e+06	383932	272177	2.38897e+06	637203	1.11983e+06	331811	7.01517e+06	281676	2.85095e+06	1.35981e+06	514608	4.38605e+06	1.74788e+06	2.20108e+06	756521	1.40986e+07	409045	3.86186e+06	2.32605e+06	789967	6.14934e+06	3.01716e+06	3.27836e+06	1.17567e+06	2.10074e+07	13572.2	25925.3	75820.6	9988.72	31802.3	201189	13517.8	43585.8	415402	19179	32586.3	50268.6	13939.2	47193	117226	17078.4	47447.3	344918	32751.2	58511.6	126089	23928	78995.2	318415	30596.1	91033.1	760320	
1999	9	15	251384	1.72016e+06	320172	280330	2.58045e+06	689883	1.2081e+06	397582	7.44806e+06	375610	3.03765e+06	1.00777e+06	589648	4.29469e+06	1.48203e+06	2.14908e+06	667840	1.36043e+07	497554	4.1146e+06	1.91796e+06	895593	6.03929e+06	2.58541e+06	3.15179e+06	1.04627e+06	2.02485e+07	13229.1	25563.9	76997.4	10412.9	32149.3	202494	13341.6	43552.6	417741	18968.3	34443	46829.7	13681.7	58223.4	104275	21217.2	43248.7	340887	32197.4	60006.9	123827	24094.7	90372.7	306769	34558.8	86801.2	758628	
1999	10	15	253499	1.79165e+06	282749	246584	2.99066e+06	659967	1.49872e+06	416934	8.14076e+06	456989	3.19713e+06	749060	613425	4.40486e+06	1.42324e+06	2.25231e+06	680188	1.37772e+07	610949	4.40056e+06	1.50903e+06	931476	6.11431e+06	2.4025e+06	3.234e+06	1.02959e+06	2.02324e+07	12852.4	25239	78060.8	10541.2	32709.4	203424	13834.9	43568.3	420230	18590.6	36180.4	43550	13923.5	66254.7	93313.4	25370.1	38693.6	335876	31443	61419.4	121611	24464.7	98964.1	296737	39205.1	82261.9	756106	
1999	11	15	238391	1.73607e+06	331179	233736	3.24692e+06	656557	1.63058e+06	449771	8.5232e+06	496365	3.33428e+06	646361	595242	5.02975e+06	1.4017e+06	2.58978e+06	780843	1.48743e+07	696203	4.60741e+06	1.24051e+06	947019	6.66052e+06	2.26953e+06	3.57272e+06	1.08891e+06	2.10828e+07	12466	24923.7	79160.7	11203.1	33006.6	203675	14401.4	43806.2	422642	18416.4	37100.9	41172.1	14894.7	70736.9	86006.3	28106.2	35650.4	332084	30882.3	62024.6	120333	26097.8	103743	289681	42507.6	79456.6	754726	
1999	12	15	206697	1.57877e+06	410485	238165	3.186e+06	755321	1.71828e+06	465142	8.55886e+06	490088	3.32197e+06	674531	544980	5.66247e+06	1.35147e+06	2.99905e+06	827219	1.58718e+07	721038	4.66339e+06	1.19617e+06	880474	7.3928e+06	2.31415e+06	4.04523e+06	1.20557e+06	2.24188e+07	11974.1	24933.5	79893.2	11859.8	32982.6	203574	15121.9	44089.1	424428	18527.9	37883.2	39788.9	15800.8	72078.9	82992.9	28973.7	34863.1	330909	30502	62816.7	119682	27660.7	105061	286566	44095.7	78952.2	755337	
2000	1	15	182641	1.53003e+06	465349	258547	3.00802e+06	854688	1.6994e+06	543494	8.54217e+06	440767	3.12409e+06	782482	545329	5.83937e+06	1.42445e+06	3.21727e+06	861920	1.62357e+07	677736	4.49426e+06	1.29894e+06	864915	7.84262e+06	2.4206e+06	4.46401e+06	1.28576e+06	2.33489e+07	11731	25179.8	80216.6	13269.2	32743.1	202500	15820.1	44075.9	425536	18628.3	36955.1	41116.1	17687.3	64774.1	88310.6	26447	36905.7	330824	30359.4	62134.9	121333	30956.5	97517.2	290811	42267	80981.6	756360	
2000	2	15	161407	1.39885e+06	620207	285458	2.6569e+06	1.01193e+06	1.47735e+06	578286	8.19038e+06	383575	2.891e+06	945071	547133	5.59845e+06	1.62215e+06	3.25001e+06	957206	1.61946e+07	604772	4.19837e+06	1.51008e+06	851803	7.77159e+06	2.64228e+06	4.59666e+06	1.41513e+06	2.35907e+07	12006.1	25351.9	80433.4	14586.4	32884.3	201755	15793.6	43806.5	426617	19026.1	34742.7	45778.5	19338.2	56457.8	98919.1	24113.5	39431.2	337807	31032.1	60094.6	126212	33924.6	89342.1	300674	39907.1	83237.7	764424	
2000	3	15	148354	1.32675e+06	663500	334132	2.34357e+06	1.0135e+06	1.30658e+06	525976	7.66236e+06	340678	2.70469e+06	1.14911e+06	542741	5.10326e+06	1.84378e+06	2.98231e+06	1.07686e+06	1.57434e+07	544426	3.86291e+06	1.77812e+06	831531	7.24854e+06	2.93577e+06	4.36596e+06	1.5695e+06	2.31368e+07	13112.7	25049.4	80634.1	15434.5	33316.8	201659	15325	44016	428548	19438.8	32582.5	48908.1	19581.3	51351.6	105737	21818	41216.1	340633	32551.4	57631.9	129542	35015.8	84668.4	307396	37143	85232.1	769181	
2000	4	15	112833	1.3098e+06	754449	285868	2.19709e+06	1.10184e+06	1.2283e+06	510617	7.50081e+06	291445	2.5236e+06	1.31361e+06	530332	4.48624e+06	1.98237e+06	2.60823e+06	1.03237e+06	1.47682e+07	501093	3.60032e+06	2.00019e+06	780049	6.50247e+06	3.13586e+06	3.97168e+06	1.58981e+06	2.20815e+07	13992.7	24851.3	80715.4	14867.2	33546.6	202176	15185.7	44594.6	429930	19382.5	31185.7	50970.9	18061	48279.8	111181	20120.7	42753.6	341936	33375.3	56037	131686	32928.2	81826.3	313358	35306.4	87348.2	771865	
2000	5	15	81059.9	1.33724e+06	807163	232616	2.22215e+06	1.11853e+06	1.21917e+06	463813	7.48174e+06	227672	2.43625e+06	1.42225e+06	495418	4.06325e+06	2.0616e+06	2.40409e+06	934184	1.40447e+07	403197	3.44447e+06	2.19656e+06	722154	5.85732e+06	3.28118e+06	3.61347e+06	1.47985e+06	2.09982e+07	14361.8	25213.1	80485.9	13549.7	33912.6	202829	15329.8	45241.1	430922	19257.5	30260	51881.7	15887.7	46083.2	116190	18669.5	44438.1	342668	33619.3	55473.1	132368	29437.4	79995.7	319019	33999.3	89679.2	773590	
2000	6	15	64073.7	1.39962e+06	749261	197660	2.356e+06	986426	1.17643e+06	381339	7.31082e+06	167353	2.46692e+06	1.51592e+06	422074	4.01253e+06	2.08639e+06	2.36565e+06	840298	1.38771e+07	298820	3.45335e+06	2.30636e+06	650534	5.62546e+06	3.22455e+06	3.47432e+06	1.29551e+06	2.03289e+07	14347.4	25922.7	80287.6	12170.6	33935.5	203905	15704.8	45552.5	431826	18991.2	30001.5	51872.8	14564.9	44105.1	120781	17821.5	46340.7	344479	33338.6	55924.1	132160	26735.5	78040.6	324686	33526.3	91893.2	776305	
2000	7	15	76286.4	1.47925e+06	482842	211416	2.46382e+06	765718	1.12412e+06	330685	6.93413e+06	134710	2.58736e+06	1.44849e+06	412898	4.21473e+06	1.93817e+06	2.31513e+06	735484	1.3787e+07	230853	3.57017e+06	2.28861e+06	634630	5.78753e+06	3.06949e+06	3.39813e+06	1.14859e+06	2.0128e+07	14379.3	26443.8	80482.5	11672	34636.8	204317	15960.1	45701.4	433593	18480.3	29543.3	52695.9	14309.5	42929.4	124416	16897.1	48470.5	347742	32859.5	55987.1	133178	25981.5	77566.3	328733	32857.2	94171.9	781335	
2000	8	15	111965	1.51719e+06	315947	206649	2.45861e+06	604041	1.09884e+06	258891	6.57214e+06	138842	2.71486e+06	1.15892e+06	416686	4.43569e+06	1.64245e+06	2.24683e+06	630407	1.33847e+07	216856	3.71535e+06	2.03986e+06	630960	6.068e+06	2.75646e+06	3.34066e+06	998923	1.97671e+07	14252.6	26607.3	81457.6	11383	34803.6	205551	16263.2	45729.9	436049	17959.2	30151.2	49634.7	14024.8	48097.2	113015	17405.7	46173.9	336462	32211.8	56758.4	131092	25407.8	82900.9	318567	33668.9	91903.8	772511	
2000	9	15	152069	1.53926e+06	254364	204067	2.74948e+06	606605	1.19405e+06	327264	7.02715e+06	186706	2.81419e+06	802150	455609	4.52094e+06	1.32377e+06	2.17046e+06	536906	1.28107e+07	249868	3.84088e+06	1.67016e+06	692332	6.24069e+06	2.36054e+06	3.24945e+06	856368	1.91603e+07	13546.8	27089.1	82475.2	11637.3	35077.8	207238	16448.7	45727.7	439241	17487.8	32039.6	45958.7	13945.4	58137.2	100414	21360.6	42102.2	331445	31034.6	59128.6	128434	25582.7	93215	307652	37809.2	87829.9	770686	
2000	10	15	177295	1.51545e+06	239631	201321	2.98795e+06	616504	1.46872e+06	356986	7.56386e+06	266837	2.85815e+06	618681	479651	4.75158e+06	1.22524e+06	2.24729e+06	543876	1.29913e+07	342534	3.94805e+06	1.29339e+06	762198	6.54259e+06	2.08663e+06	3.31549e+06	828074	1.9119e+07	12808.6	27482.3	83407.1	11870.9	36060.1	208138	17001.9	45652.1	442421	17196.4	33497.2	42584.4	14582.5	65265.3	90112.9	25283.4	37905.8	326428	30005	60979.5	125992	26453.4	101325	298251	42285.3	83557.9	768849	
2000	11	15	172610	1.46769e+06	299431	175913	3.07701e+06	622869	1.5763e+06	389329	7.78115e+06	327962	2.8527e+06	544866	443552	5.2487e+06	1.22727e+06	2.58864e+06	643139	1.38768e+07	436448	3.98891e+06	1.06833e+06	721512	7.02172e+06	1.98055e+06	3.61194e+06	882713	1.97121e+07	12089.1	27742	84343.2	11997.8	36955.7	208238	17447.8	45608.6	444422	17029.8	34601.1	40128.3	15287.9	69167	83103.8	27552.8	35323.1	322194	29118.9	62343.1	124472	27285.8	106123	291341	45000.6	80931.7	766616	
2000	12	15	157613	1.34979e+06	368860	178842	2.9592e+06	730735	1.58427e+06	454212	7.78352e+06	344559	2.77753e+06	590062	428493	5.51399e+06	1.2559e+06	2.92826e+06	702383	1.45412e+07	490172	3.94274e+06	1.04379e+06	690832	7.45085e+06	2.07467e+06	4.01274e+06	1.00092e+06	2.07067e+07	11605.3	28066.7	84865.5	12450.3	37177.2	208376	18009.3	45547	446098	17204.8	35245.1	38699	15802.5	70900.1	80125.5	28200.6	34801.6	320979	28810.1	63311.8	123564	28252.7	108077	288502	46209.9	80348.5	767077	
2001	1	15	142283	1.28867e+06	472679	170250	2.84091e+06	852473	1.53535e+06	536816	7.83943e+06	314394	2.61088e+06	714962	399485	5.50127e+06	1.3533e+06	3.03191e+06	798906	1.47251e+07	474955	3.74244e+06	1.1567e+06	645390	7.58205e+06	2.2327e+06	4.28815e+06	1.15015e+06	2.12725e+07	11531.8	28347.2	85090.4	12962	37420.4	207529	18496.1	45338.9	446716	17502.5	33783.4	39633.8	16853.6	63826.7	85265.9	25987.1	36453.8	319307	29034.3	62130.7	124724	29815.6	101247	292795	44483.3	81792.7	766023	
2001	2	15	140012	1.21046e+06	617365	191746	2.52951e+06	1.00649e+06	1.36066e+06	562140	7.61838e+06	295275	2.40125e+06	891023	396386	5.2672e+06	1.57246e+06	2.98179e+06	937792	1.47432e+07	455960	3.46401e+06	1.39783e+06	629528	7.37732e+06	2.49579e+06	4.31198e+06	1.32779e+06	2.14602e+07	11948.9	28656.8	85115.2	13686.2	37614.1	206456	18624.3	45197.4	447299	17844.4	31706.1	43703.8	17786.5	56390.1	95343.8	24151.4	38589.2	325515	29793.4	60362.9	128819	31472.7	94004.2	301800	42775.7	83786.6	772814	
2001	3	15	121232	1.14809e+06	651551	208371	2.22853e+06	1.02343e+06	1.22579e+06	506023	7.11302e+06	276314	2.27761e+06	1.10585e+06	375079	4.84313e+06	1.82523e+06	2.77409e+06	1.01483e+06	1.44921e+07	425576	3.22985e+06	1.66312e+06	584751	6.87294e+06	2.82129e+06	4.0979e+06	1.45991e+06	2.11553e+07	12702.3	28603.2	84976.1	13571.3	37903.8	206181	18108.6	45178.3	447225	17824.7	29955.1	46206.1	17172.8	51477.1	101836	22145.6	40242.6	326860	30527	58558.3	131182	30744.1	89380.9	308018	40254.2	85421	774085	
2001	4	15	89369.1	1.13225e+06	735115	153669	2.11435e+06	1.05747e+06	1.12766e+06	485698	6.89558e+06	238149	2.16093e+06	1.25759e+06	347802	4.23646e+06	2.00324e+06	2.4666e+06	967779	1.36786e+07	376028	3.06375e+06	1.88828e+06	518657	6.16849e+06	3.0899e+06	3.75791e+06	1.46436e+06	2.03274e+07	13413.5	28650.3	84990.2	12433.1	37861.9	206476	17807.2	45747.7	447380	17775.2	28753.4	48293.2	15385.4	48284.6	107024	20688.7	41695.3	327900	31188.7	57403.8	133283	27818.5	86146.5	313500	38495.9	87443	775280	
2001	5	15	81942.1	1.21237e+06	737128	133278	2.17232e+06	1.00201e+06	1.10555e+06	442480	6.88708e+06	187503	2.12148e+06	1.3233e+06	306593	3.92266e+06	1.98541e+06	2.24059e+06	884801	1.29723e+07	310026	3.00567e+06	2.03538e+06	468504	5.66481e+06	3.13321e+06	3.4035e+06	1.36666e+06	1.93878e+07	13537.1	29106.5	84738.3	11582.4	37398.8	206969	17613.4	46503.1	447448	17192.2	28322.1	49451.7	14076.9	45296.7	111316	19340.5	43212.6	328209	30729.3	57428.6	134190	25659.3	82695.4	318285	36953.9	89715.6	775657	
2001	6	15	84259.2	1.27182e+06	750051	123724	2.27867e+06	896210	1.06534e+06	362493	6.83257e+06	158455	2.18696e+06	1.41121e+06	253930	3.87421e+06	1.93831e+06	2.12611e+06	821758	1.27709e+07	261339	3.04065e+06	2.14062e+06	410367	5.43604e+06	3.03e+06	3.17503e+06	1.24356e+06	1.87376e+07	13277.6	29591	84960.1	10777.8	36956.3	207402	17571.7	47170.3	447707	16423.8	28466.3	49880.4	13260.2	42877.2	115475	18183	44931.4	329497	29701.4	58057.3	134840	24037.9	79833.5	322877	35754.6	92101.7	777204	
2001	7	15	89661.2	1.3807e+06	538765	136548	2.39956e+06	744193	1.07797e+06	288802	6.65621e+06	159537	2.33279e+06	1.39674e+06	244906	4.05441e+06	1.77788e+06	2.09862e+06	689185	1.27541e+07	243874	3.18468e+06	2.18765e+06	377915	5.57542e+06	2.83792e+06	3.08671e+06	1.07269e+06	1.85669e+07	12923.4	30127.5	85079.9	10490.8	36763.2	207521	17753.6	47646	448306	15790.2	28382.5	50308.2	13217.8	41263.2	118705	17432.4	46832	331932	28713.7	58510.1	135388	23708.6	78026.4	326227	35186.1	94478	780237	
2001	8	15	130815	1.46012e+06	349202	154445	2.38994e+06	562909	1.03477e+06	226911	6.30911e+06	170414	2.50942e+06	1.19054e+06	295791	4.29644e+06	1.54088e+06	2.08552e+06	551538	1.26405e+07	249607	3.44495e+06	1.9788e+06	442519	5.86841e+06	2.55326e+06	3.07058e+06	887071	1.84952e+07	12696.3	30117.3	85907.5	11006.6	36393.5	208410	17923.7	47920.5	450375	15670.9	28400.7	47609.3	13418.3	45117.5	108342	17792.5	44936.9	321288	28367.2	58518	133517	24425	81511.1	316752	35716.2	92857.3	771663	
2001	9	15	171712	1.47113e+06	293560	145536	2.63522e+06	605201	1.12859e+06	290963	6.7419e+06	211679	2.68856e+06	867363	321431	4.35041e+06	1.28337e+06	2.05862e+06	448204	1.22296e+07	288519	3.71885e+06	1.63187e+06	482892	6.00829e+06	2.22174e+06	3.02941e+06	722847	1.81044e+07	12049.8	29658	87407.7	10914.6	36564.6	209324	18205.1	47939.9	452064	15406	30365.3	44210.4	12899	54240.2	96463.2	21018	41481.6	316084	27455.8	60023.3	131618	23813.6	90804.8	305788	39223.1	89421.5	768148	
2001	10	15	186979	1.44887e+06	249969	141572	3.00241e+06	586372	1.30929e+06	317154	7.24261e+06	290612	2.78439e+06	651224	337849	4.56115e+06	1.17743e+06	2.08728e+06	471866	1.23618e+07	373108	3.92746e+06	1.25091e+06	538877	6.30142e+06	1.99553e+06	3.07477e+06	706086	1.81682e+07	11221	29649.8	88365	11039.5	36649.3	209653	18721.8	47846.1	453145	15214.3	31949.1	41074.4	13154.6	61323.7	86926.7	24393.8	37488.4	311525	26435.3	61598.9	129439	24194.1	97973.1	296579	43115.6	85334.5	764670	
2001	11	15	170801	1.36262e+06	304944	140163	3.1288e+06	622437	1.39803e+06	348256	7.47605e+06	345121	2.76434e+06	563383	322280	5.13277e+06	1.21393e+06	2.31796e+06	573222	1.3233e+07	461096	3.96832e+06	1.02476e+06	517982	6.85667e+06	1.89805e+06	3.24693e+06	774919	1.87487e+07	10465.7	29884.9	88933.5	11178.7	36390.2	209143	19377.3	47683.8	453057	15184.1	32861.3	38887.7	13678.4	65396.2	80893.9	26323.7	35015.8	308241	25649.7	62746.2	127821	24857.1	101786	290037	45701	82699.6	761298	
2001	12	15	166850	1.21695e+06	382284	133719	3.04685e+06	767406	1.44179e+06	383733	7.53959e+06	353383	2.63818e+06	587062	307627	5.52747e+06	1.27104e+06	2.55731e+06	635032	1.38771e+07	506823	3.83005e+06	1.0071e+06	495448	7.40721e+06	2.03418e+06	3.53583e+06	897227	1.97139e+07	9994.4	30131.2	89102.4	11183.3	36166.1	208033	19834.7	47507.6	451953	15440.1	33297.6	37746.8	14244.1	66606.2	78658.3	26791.7	34676.7	307461	25434.5	63428.8	126849	25427.4	102772	286691	46626.4	82184.2	759414	
2002	1	15	183342	1.10512e+06	485055	122119	2.98996e+06	888463	1.42707e+06	443095	7.64422e+06	347373	2.38338e+06	714919	284707	5.60869e+06	1.4091e+06	2.68733e+06	700377	1.41359e+07	519942	3.52315e+06	1.11305e+06	448820	7.71792e+06	2.22468e+06	3.78304e+06	1.00934e+06	2.034e+07	9976.2	30261.4	88691.8	10810	36356.8	205505	19956.9	47249.8	448808	16010.3	31906.6	38823.5	14815.7	59172.8	84173.8	25312.2	36252.4	306467	25986.5	62168	127515	25625.7	95529.7	289679	45269.1	83502.2	755276	
2002	2	15	207289	1.07292e+06	612863	128021	2.69959e+06	1.06663e+06	1.29201e+06	473375	7.5527e+06	362268	2.12998e+06	886562	295469	5.49662e+06	1.61719e+06	2.71662e+06	779048	1.42838e+07	531889	3.17299e+06	1.33337e+06	465737	7.67567e+06	2.48534e+06	3.87907e+06	1.12721e+06	2.06713e+07	9991.17	30281	88081.5	11032.2	36475.7	203425	19683.8	46713.1	445683	15941.9	30183.2	42949.7	15208.2	51935.9	93527.6	23946.1	38309.8	312002	25933.1	60464.2	131031	26240.3	88411.7	296952	43630	85023	757686	
2002	3	15	187642	1.10944e+06	667432	125986	2.38352e+06	1.05054e+06	1.1842e+06	449630	7.1584e+06	380647	2.01208e+06	1.09451e+06	290183	5.16812e+06	1.85703e+06	2.58396e+06	836273	1.42228e+07	544826	2.92904e+06	1.59345e+06	459650	7.31288e+06	2.81007e+06	3.78043e+06	1.21266e+06	2.0643e+07	10289.1	30025.5	87732.6	11080.7	36314.4	201856	19013	46723	443034	15678	28852.1	46054.5	14693.5	46311.4	100001	22282.5	40048.7	313922	25967.1	58877.6	133787	25774.2	82625.8	301857	41295.5	86771.7	756956	
2002	4	15	173796	1.2182e+06	749341	111857	2.14857e+06	1.09451e+06	1.05494e+06	423323	6.97454e+06	358085	2.02679e+06	1.26094e+06	267785	4.55423e+06	2.03622e+06	2.32476e+06	837153	1.3666e+07	524548	2.84699e+06	1.8521e+06	426980	6.62816e+06	3.09582e+06	3.49758e+06	1.24995e+06	2.01221e+07	10500.3	29460.8	87434.9	10813.9	35756.9	201212	18288.7	46852.8	440320	15204.7	28227.4	48121.9	13706.5	42607	105284	20748	40955.5	314855	25705.1	57688.2	135557	24520.4	78363.8	306496	39036.7	87808.3	755175	
2002	5	15	169981	1.32028e+06	780035	97398.8	2.10239e+06	1.02845e+06	1.01477e+06	381175	6.89447e+06	327706	2.18086e+06	1.36283e+06	235483	4.08862e+06	2.00778e+06	2.10949e+06	769948	1.30827e+07	491495	2.98985e+06	2.05654e+06	379471	5.97923e+06	3.15792e+06	3.17227e+06	1.18079e+06	1.94076e+07	10194.9	29296.7	87031.6	10348.4	35157.6	200898	17732.2	47078.7	437738	14557.4	28078	49181.8	12740.3	39563	109732	19048.6	41357.3	314258	24752.3	57374.7	136213	23088.7	74720.5	310629	36780.8	88436	751996	
2002	6	15	166080	1.41669e+06	745263	90049.6	2.16871e+06	890006	992633	324581	6.79401e+06	323199	2.39197e+06	1.44313e+06	194106	3.86711e+06	1.95249e+06	1.96488e+06	702661	1.28395e+07	470401	3.22972e+06	2.19073e+06	321578	5.54884e+06	3.04432e+06	2.95077e+06	1.07904e+06	1.88354e+07	9835.73	29519.4	86419.5	9744.53	34319.8	200434	17500.6	47360.5	435134	14129.3	28238	49723.6	11899.5	37036.1	113009	17590.4	42281.6	313907	23965.1	57757.4	136143	21644	71355.9	313443	35091	89642.2	749041	
2002	7	15	167791	1.44965e+06	523876	112252	2.2036e+06	713214	992103	255669	6.41816e+06	326437	2.59143e+06	1.41262e+06	193776	3.88874e+06	1.76157e+06	1.92746e+06	609864	1.27119e+07	473971	3.5334e+06	2.20857e+06	307688	5.44221e+06	2.83261e+06	2.8327e+06	943303	1.85744e+07	9742.01	29598.4	85919.4	9492.73	33991.4	199311	17357.1	47649.3	433062	14312.4	27857.9	50818.7	11541.9	35019.6	115756	16763	44746.3	316815	24054.4	57456.4	136738	21034.6	69011	315067	34120.1	92395.5	749877	
2002	8	15	188039	1.47311e+06	317272	113329	2.14167e+06	566302	1.00344e+06	199479	6.00265e+06	338617	2.68577e+06	1.19923e+06	218145	3.96832e+06	1.49999e+06	1.91561e+06	494797	1.23205e+07	497792	3.70929e+06	2.02582e+06	330168	5.49937e+06	2.50595e+06	2.80362e+06	788595	1.81606e+07	9775.93	29149.8	86116.9	9534.28	33339.7	199121	17400.1	47737.7	432175	14660.1	27997.9	48072.7	11236.3	38909.9	106159	16680.9	43556.5	307273	24436.1	57147.7	134190	20770.5	72249.6	305280	34081	91294.1	739448	
2002	9	15	227708	1.51415e+06	261361	93597.9	2.41396e+06	562861	1.04935e+06	238780	6.36177e+06	365472	2.73939e+06	828434	234728	3.93019e+06	1.26204e+06	1.91502e+06	404359	1.16796e+07	525221	3.87097e+06	1.60173e+06	348678	5.55234e+06	2.15055e+06	2.78295e+06	656602	1.7489e+07	9752.42	28605.6	86361.8	9380.31	32446.5	199726	17462.8	47596.4	431332	14786.2	30006.4	44548.2	10651.5	48744.5	95479.9	19391.1	40459.8	304067	24538.6	58612	130910	20031.8	81191	295206	36853.9	88056.2	735399	
2002	10	15	245662	1.53704e+06	242869	78193.1	2.82544e+06	534802	1.24465e+06	266658	6.97531e+06	422069	2.79893e+06	613548	210858	4.14749e+06	1.13128e+06	1.97523e+06	399114	1.16985e+07	580829	3.96052e+06	1.21314e+06	337639	5.82322e+06	1.87909e+06	2.85457e+06	609941	1.72589e+07	9672.26	28415.3	86181.4	9049.51	31710.5	199621	17758.2	47185.2	429593	14981	31495.3	41573.9	10699.4	56075.2	86196.3	22389.7	36597.2	300008	24653.3	59910.5	127755	19748.9	87785.8	285817	40147.9	83782.4	729601	
2002	11	15	243890	1.43936e+06	302034	65806.6	2.96144e+06	567357	1.33656e+06	311094	7.22754e+06	473862	2.86828e+06	566031	167804	4.76687e+06	1.10117e+06	2.18937e+06	465279	1.25987e+07	651800	4.04883e+06	1.00511e+06	289969	6.39136e+06	1.73772e+06	3.07061e+06	645836	1.78412e+07	9355.26	28222	85724.2	8625.08	32170.9	198130	17731.2	46535.8	426494	15247.1	32345.9	39564	10936.4	60246.1	80192.3	24027	34294.2	296853	24602.3	60567.9	125288	19561.5	92416.9	278322	41758.2	80830	723347	
2002	12	15	272476	1.33632e+06	374472	73411.8	2.85706e+06	670921	1.3186e+06	374039	7.27729e+06	486037	2.7996e+06	596698	149686	5.22318e+06	1.15611e+06	2.413e+06	554354	1.33787e+07	695795	3.99768e+06	1.01191e+06	258091	6.96977e+06	1.87432e+06	3.31535e+06	771965	1.88949e+07	9062.26	27789.2	84893	8300.95	32802.3	196250	17827.6	45860.8	422787	15605.9	32725.7	38604.6	11410.5	61913.1	78185	24803.1	34063	297311	24668.2	60514.9	123498	19711.4	94715.5	274435	42630.7	79923.8	720097	
2003	1	15	303253	1.2609e+06	479048	78580.1	2.83244e+06	757929	1.29276e+06	404955	7.40987e+06	520851	2.57756e+06	713522	158610	5.2507e+06	1.27418e+06	2.49039e+06	649115	1.36349e+07	744103	3.77779e+06	1.11942e+06	257978	7.19393e+06	2.10109e+06	3.51775e+06	915079	1.96271e+07	8882.27	27880.4	83569.5	8420.55	32887.2	194026	17768.7	45001.8	418436	15944.6	31186.6	40077.3	12439.7	55123.8	84059.4	23483.1	35750.5	298065	24826.9	59067	123647	20860.2	88011	278085	41251.8	80752.2	716501	
2003	2	15	346003	1.21678e+06	590778	97006.5	2.56159e+06	923492	1.15477e+06	440234	7.33065e+06	577728	2.41155e+06	876527	172080	5.09512e+06	1.44425e+06	2.44594e+06	736201	1.37594e+07	805050	3.52615e+06	1.31575e+06	265811	7.07796e+06	2.35569e+06	3.52846e+06	1.04862e+06	1.99235e+07	8723.42	27977.9	82072.5	8372.59	33350.9	191701	17376.1	44105.1	413680	15709.4	29533.5	44843.1	12697.8	48604.7	94521	22517.6	37948.8	306376	24432.8	57511.4	126916	21070.4	81955.6	286222	39893.7	82053.9	720056	
2003	3	15	359013	1.2e+06	657142	119444	2.39688e+06	923061	1.0599e+06	385915	7.10135e+06	631575	2.32286e+06	1.0545e+06	200186	4.81569e+06	1.66035e+06	2.31144e+06	777753	1.37744e+07	880888	3.34555e+06	1.54658e+06	300743	6.71619e+06	2.63794e+06	3.3878e+06	1.13309e+06	1.99488e+07	8561.81	27883.5	80762.6	8583.6	33156.1	189886	16799.7	43462.7	409096	15201.7	28519.9	48067.7	12529.2	43908	101540	21188.5	39748.8	310704	23763.5	56403.5	128830	21112.8	77064	291426	37988.2	83211.5	719800	
2003	4	15	313587	1.21812e+06	734794	138950	2.2589e+06	954096	986442	355117	6.96001e+06	654093	2.29538e+06	1.18895e+06	232895	4.43752e+06	1.76865e+06	2.12338e+06	749644	1.34505e+07	918078	3.2877e+06	1.74711e+06	337540	6.30094e+06	2.80351e+06	3.18684e+06	1.12691e+06	1.97086e+07	8463.51	27691.8	79743.1	8526.63	32298.1	188718	16228	43435.9	405105	14608.3	27781	50393.3	11958.8	40900.5	107730	19867	41503.9	314743	23071.8	55472.8	130136	20485.5	73198.7	296448	36095	84939.7	719847	
2003	5	15	278378	1.34064e+06	783248	132188	2.18938e+06	974632	947429	346909	6.99281e+06	599435	2.30898e+06	1.30919e+06	260598	4.12547e+06	1.81393e+06	1.94611e+06	682272	1.3046e+07	871815	3.28121e+06	1.94649e+06	382140	5.83318e+06	2.91935e+06	2.92099e+06	1.06639e+06	1.92216e+07	8476.77	27519.1	78930.8	8363.3	31073.4	188012	15834.9	43491.7	401702	14253.3	27533	51659	11450	38133.6	112999	18507.2	43570.6	318106	22730.1	55052.1	130590	19813.3	69207	301012	34342.1	87062.3	719808	
2003	6	15	242972	1.41079e+06	693400	122418	2.18602e+06	857407	938490	302908	6.75441e+06	536274	2.43845e+06	1.41502e+06	254349	3.95121e+06	1.8281e+06	1.83264e+06	633462	1.28895e+07	804738	3.40286e+06	2.1064e+06	380980	5.56651e+06	2.87733e+06	2.72135e+06	968803	1.8829e+07	8420.38	27400	78031.5	7934.74	30308.2	186988	15432.1	43393.6	397908	14046.8	27355.8	52548.8	11043.9	36418.2	116431	17388.3	45734	320967	22467.2	54755.8	130580	18978.6	66726.3	303419	32820.4	89127.6	718875	
2003	7	15	222030	1.51109e+06	531314	120635	2.28922e+06	691622	978463	250209	6.59459e+06	492582	2.62449e+06	1.3832e+06	257244	3.90442e+06	1.71326e+06	1.79691e+06	585470	1.27576e+07	734227	3.59604e+06	2.14745e+06	399964	5.43971e+06	2.75527e+06	2.64652e+06	883633	1.86028e+07	8423.89	27112.5	77640.3	7959.66	29617.1	185697	15366.7	43246.2	395063	14086.3	27244.9	54014.5	11373.9	34938	119409	16591.8	47769.4	325428	22510.2	54357.4	131655	19333.5	64555.1	305106	31958.5	91015.6	720491	
2003	8	15	217523	1.56723e+06	347789	163579	2.37618e+06	481603	1.03851e+06	192106	6.38451e+06	445358	2.80941e+06	1.14041e+06	281017	4.08752e+06	1.39549e+06	1.87458e+06	479270	1.25131e+07	681586	3.89381e+06	1.94924e+06	446330	5.59803e+06	2.41564e+06	2.71999e+06	750658	1.84553e+07	8443.6	26816.9	77666.6	8318.36	29173.4	184697	15320.4	42725.5	393161	14281.7	27783.9	50597.2	11587.7	39458.5	108307	16733.8	45758.9	314509	22725.3	54600.8	128264	19906	68631.8	293004	32054.2	88484.4	707670	
2003	9	15	202425	1.59387e+06	275689	162106	2.61964e+06	509823	1.10993e+06	241515	6.715e+06	413913	2.98202e+06	816547	323470	4.28663e+06	1.08915e+06	1.96306e+06	391969	1.22667e+07	626100	4.17323e+06	1.53174e+06	510023	5.81321e+06	2.01715e+06	2.81274e+06	628016	1.81122e+07	8505.19	26839.8	77626.6	8428.7	28854.5	184472	15488.8	42133.3	392349	14638.5	29528.2	46859.1	11130.2	48917.9	96790.6	19480.9	42468.4	309814	23143.7	56368	124486	19558.9	77772.4	281263	34969.6	84601.7	702163	
2003	10	15	175278	1.54738e+06	238196	145022	2.94375e+06	505821	1.28971e+06	297687	7.14284e+06	392209	3.04971e+06	607235	349313	4.55739e+06	993361	2.0795e+06	395905	1.24246e+07	581286	4.3409e+06	1.1887e+06	526485	6.16156e+06	1.81986e+06	2.96286e+06	594217	1.81759e+07	8351.95	27333	77243	8168.49	28862.1	184333	15629.8	41353.1	391275	14822.6	30680.1	43281.3	11251.2	56311	87157.3	22752.4	38573.8	304830	23174.5	58013.1	120524	19419.7	85173.2	271491	38382.3	79926.9	696105	
2003	11	15	150537	1.36555e+06	284993	122958	3.05712e+06	541252	1.39516e+06	332013	7.24958e+06	362305	3.00423e+06	539779	324121	5.02581e+06	1.046e+06	2.30516e+06	500366	1.31078e+07	547116	4.32276e+06	993807	522283	6.68017e+06	1.73869e+06	3.22402e+06	669055	1.86979e+07	8021.52	27555.9	77333.1	8035.65	29089.5	183706	15677.5	40560.7	389980	14714.5	31483.4	40623	11843.2	60529.9	80299.9	24984.6	35914.6	300393	22736	59039.3	117956	19878.9	89619.4	264006	40662	76475.3	690373	
2003	12	15	149240	1.25399e+06	355971	109295	2.99223e+06	624088	1.41879e+06	374221	7.27783e+06	321195	2.755e+06	570652	291265	5.34476e+06	1.12878e+06	2.56774e+06	596839	1.35762e+07	501061	4.05778e+06	996125	480436	7.09106e+06	1.93706e+06	3.54379e+06	809995	1.94173e+07	7929.33	28021.9	77121.1	8064.61	29070.7	183022	15826.2	39767.3	388823	15087	31811	38987.7	12363.3	61625	77275.8	25653	35566.3	298369	23016.3	59832.8	116109	20427.9	90695.8	260298	41479.2	75333.6	687193	
2004	1	15	149736	1.17298e+06	448498	113729	2.91368e+06	706111	1.36089e+06	443015	7.30864e+06	301607	2.46965e+06	673276	260466	5.38899e+06	1.20971e+06	2.64719e+06	683248	1.36341e+07	467089	3.70549e+06	1.08577e+06	439016	7.28246e+06	2.09174e+06	3.72684e+06	968038	1.97664e+07	7992.68	28479.1	76608.3	8174.78	29294.4	181125	15722.5	39046.4	386444	15308.5	30564	39759.4	13624	54501.5	82121.4	24992.4	36475.8	297347	23301.2	59043.2	116368	21798.7	83796	263247	40714.9	75522.1	683790	
2004	2	15	169033	1.12468e+06	591799	126030	2.69089e+06	881386	1.25763e+06	466606	7.30806e+06	310902	2.2768e+06	811383	268450	5.29845e+06	1.33743e+06	2.61583e+06	779029	1.36983e+07	457061	3.33199e+06	1.26238e+06	431148	7.25558e+06	2.27957e+06	3.77241e+06	1.10765e+06	1.98978e+07	8106.64	28703.7	76116	8606.83	29307.3	180323	15740.1	38584.9	385489	15043	28931.6	44165.1	14200.1	47500.3	92681.3	24481	37585.9	304588	23149.6	57635.3	120281	22806.9	76807.5	273005	40221.1	76170.9	690077	
2004	3	15	163992	1.06392e+06	668622	147591	2.39585e+06	927910	1.20731e+06	426473	7.00167e+06	324504	2.12899e+06	1.03661e+06	276417	5.02921e+06	1.55568e+06	2.48411e+06	816786	1.36523e+07	473088	3.08709e+06	1.52832e+06	433585	6.96411e+06	2.5294e+06	3.65226e+06	1.17466e+06	1.98425e+07	8303.92	28751	75966.1	8819.21	29078.8	179567	15494.5	38044	384024	14802.9	27791.7	47196.4	13737.5	42990.4	99389.8	23310	38700.5	307919	23106.8	56542.6	123163	22556.7	72069.2	278956	38804.6	76744.5	691943	
2004	4	15	140767	1.15475e+06	730162	128647	2.17204e+06	986696	1.07256e+06	421497	6.80712e+06	319546	2.0576e+06	1.23136e+06	270625	4.50578e+06	1.76131e+06	2.30108e+06	812430	1.32597e+07	464729	2.93885e+06	1.8003e+06	413620	6.39263e+06	2.77942e+06	3.42921e+06	1.20878e+06	1.94275e+07	8601.21	28614.2	75767.6	8399.3	28719.3	179069	15208	37949.8	382328	14495.7	26941.2	49457.6	12752.6	39932.1	104835	22037.8	39408.4	309860	23096.9	55555.4	125225	21151.9	68651.4	283903	37245.8	77358.2	692188	
2004	5	15	131823	1.35033e+06	756987	99445.1	2.18588e+06	915006	1.03432e+06	372918	6.84672e+06	271076	2.13578e+06	1.31055e+06	252340	4.09814e+06	1.80082e+06	2.14069e+06	770306	1.27797e+07	417151	2.98384e+06	1.993e+06	386816	5.86286e+06	2.90541e+06	3.1954e+06	1.16592e+06	1.89104e+07	8943.73	28021.1	75692.5	7968.8	28240.6	178521	15206.3	38202.9	380797	14242.3	26746.5	50580.7	11817.3	37478.9	108564	20767.4	40782.6	310980	23186	54767.7	126273	19786.1	65719.4	287085	35973.7	78985.5	691776	
2004	6	15	149305	1.38271e+06	746095	115034	2.14731e+06	875624	1.06521e+06	307373	6.78867e+06	263769	2.38194e+06	1.39345e+06	232644	3.87323e+06	1.81862e+06	2.00834e+06	691353	1.26633e+07	405667	3.19825e+06	2.1237e+06	377708	5.46597e+06	2.89689e+06	3.02462e+06	1.04542e+06	1.85382e+07	9113.29	27745.5	75313.7	7838.84	28296.6	178012	15195.7	38302.8	379819	13722.2	27239	50683.7	11270.6	35982	111987	19287.9	42783.2	312956	22835.5	54984.5	125997	19109.5	64278.6	290000	34483.6	81086	692775	
2004	7	15	145933	1.50711e+06	518854	116275	2.12722e+06	680071	1.05127e+06	257184	6.40392e+06	290173	2.59468e+06	1.39283e+06	216049	3.86771e+06	1.69851e+06	2.00676e+06	577846	1.26446e+07	424000	3.48341e+06	2.16295e+06	347900	5.35103e+06	2.76643e+06	2.93964e+06	891307	1.83667e+07	9141.91	28064.6	74748.1	7476.33	28792.5	177284	14919.7	37902.5	378329	13363.6	27055.5	51161	10803.5	34712.1	115108	17822.1	44558	314584	22505.5	55120	125909	18279.8	63504.6	292392	32741.8	82460.5	692913	
2004	8	15	174703	1.55223e+06	331643	122570	2.18131e+06	492012	1.07844e+06	178213	6.11111e+06	307692	2.75479e+06	1.15066e+06	268436	3.9055e+06	1.44021e+06	2.0565e+06	477793	1.23616e+07	451327	3.80996e+06	1.9491e+06	400816	5.40391e+06	2.44601e+06	2.98177e+06	743279	1.81862e+07	9188.86	28155.7	75018.8	7777.11	29143.9	177170	14835.2	37318	378608	13321.1	26869.9	47894.5	10776.4	38590.5	103816	17301	43474.4	302044	22509.9	55025.6	122913	18553.5	67734.4	280986	32136.2	80792.4	680651	
2004	9	15	198516	1.53279e+06	280286	123253	2.32649e+06	528665	1.10915e+06	204936	6.30409e+06	319719	2.89935e+06	816868	271545	3.93231e+06	1.14798e+06	2.07144e+06	376704	1.18359e+07	469722	4.0313e+06	1.56871e+06	420159	5.47734e+06	2.07193e+06	3.0425e+06	601107	1.76828e+07	9066.16	28115.5	75681	7674.7	29427.5	178137	14631.5	36746.5	379480	13416.6	28341.9	43983.4	10351.5	47339.9	92145.4	19589.7	41093.2	296262	22482.8	56457.4	119664	18026.2	76767.3	270282	34221.2	77839.7	675741	
2004	10	15	212270	1.48586e+06	231382	115390	2.58912e+06	504300	1.26285e+06	248549	6.64972e+06	368582	2.90642e+06	617669	279385	4.09418e+06	1.07814e+06	2.10109e+06	358713	1.18042e+07	511587	4.1513e+06	1.19727e+06	454750	5.63533e+06	1.86462e+06	3.05472e+06	561371	1.74309e+07	8857.39	28436	75983.3	7773.42	30230.8	178597	14631.6	36301.2	380811	13445.4	29398.6	40707.4	10789.5	53472.1	82743	22744.3	37296.8	290597	22302.8	57834.7	116691	18562.9	83702.8	261340	37375.9	73598	671408	
2004	11	15	199441	1.38467e+06	269677	107183	2.59503e+06	532877	1.3715e+06	290277	6.75065e+06	401554	2.8303e+06	537428	258001	4.45646e+06	1.0986e+06	2.27846e+06	429843	1.22907e+07	560468	4.10602e+06	978773	411207	5.99259e+06	1.80286e+06	3.20341e+06	590265	1.76456e+07	8568.66	28578.3	76394	7770.34	31212.4	178242	14762.1	35581	381109	13638.8	30043.3	38330.8	11244.5	56802.9	76323.4	24897.4	34687.9	285969	22207.5	58621.6	114725	19014.8	88015.4	254566	39659.5	70269	667078	
2004	12	15	199967	1.24417e+06	347933	95622	2.57761e+06	595421	1.39592e+06	355323	6.81197e+06	400572	2.68428e+06	531368	237140	4.71405e+06	1.08906e+06	2.49952e+06	541548	1.26975e+07	580027	3.91171e+06	945130	388825	6.27557e+06	1.92142e+06	3.44069e+06	740474	1.82038e+07	8398.95	28831.6	76436.9	7867.65	31391.8	177834	15061.6	35031.2	380854	14022.8	30246.5	36866.7	11545.3	58000.4	73495.2	25440.7	34638.4	284256	22421.8	59078.1	113304	19413	89392.2	251330	40502.3	69669.6	665110	
2005	1	15	205773	1.14763e+06	427500	99375.7	2.49672e+06	698612	1.39438e+06	423867	6.89385e+06	396984	2.43574e+06	644118	232959	4.69255e+06	1.17638e+06	2.62904e+06	638372	1.28461e+07	587553	3.59153e+06	1.0356e+06	376764	6.37564e+06	2.07427e+06	3.69308e+06	892798	1.86272e+07	8465.41	29116.7	76254.2	8145.65	31762.1	177101	15204.9	34622.5	380672	14297.9	28697.8	37639.2	12531.1	52283.2	77949.5	24531.3	35571.6	283502	22763.3	57814.4	113893	20676.8	84045.3	255050	39736.1	70194.1	664174	
2005	2	15	207300	1.05855e+06	554127	118882	2.24056e+06	859329	1.30161e+06	489214	6.82957e+06	403838	2.20807e+06	793716	241754	4.51365e+06	1.33954e+06	2.64792e+06	746267	1.28948e+07	589703	3.2571e+06	1.22071e+06	386928	6.16933e+06	2.26861e+06	3.78213e+06	1.05228e+06	1.87268e+07	8527.55	29219.2	75989.1	8442.69	32077	176623	14922.8	34612.9	380414	14073.9	26606.7	41657.8	12910.7	46290.9	88123.8	23553.6	36639.3	289857	22601.4	55825.9	117647	21353.4	78367.9	264746	38476.4	71252.1	670271	
2005	3	15	201911	1.05157e+06	628872	117038	2.17524e+06	880702	1.18162e+06	424901	6.66185e+06	413997	2.06759e+06	968336	238688	4.23304e+06	1.53529e+06	2.55469e+06	843819	1.28555e+07	601389	2.99189e+06	1.45697e+06	365321	5.86375e+06	2.50505e+06	3.70268e+06	1.18787e+06	1.86749e+07	8708.01	29015.9	75986.2	8328.88	31645.5	176693	14685.2	34427.9	379490	13829.8	25225.2	44260.2	12356.6	42237.3	94632.9	22017.5	37842.7	292402	22537.9	54241.1	120246	20685.4	73882.8	271326	36702.8	72270.6	671893	
2005	4	15	205958	1.12363e+06	706951	121307	2.19969e+06	916233	1.09028e+06	379411	6.74346e+06	398216	1.96803e+06	1.16184e+06	251242	3.93117e+06	1.69409e+06	2.36338e+06	814834	1.25828e+07	587746	2.81111e+06	1.71877e+06	378159	5.51222e+06	2.7024e+06	3.52801e+06	1.19716e+06	1.84356e+07	9068.17	28412.2	76276.3	8467.8	31047.1	176911	14422.9	34525.5	379131	13628.7	24155.2	46186.2	11952.2	39306.6	99920.9	20405	39029.7	294585	22696.9	52567.4	122463	20420	70353.7	276832	34827.9	73555.2	673716	
2005	5	15	193523	1.25165e+06	712980	119174	2.15669e+06	899120	1.01771e+06	349029	6.69988e+06	369977	2.05994e+06	1.26032e+06	236045	3.93089e+06	1.71777e+06	2.13295e+06	713128	1.2421e+07	548001	2.8535e+06	1.90089e+06	360440	5.3935e+06	2.78566e+06	3.22571e+06	1.11048e+06	1.81782e+07	9454.54	27981.1	76390.4	8178.94	30016	177485	14038.1	34574.1	378118	13436.5	23523.5	47386.5	11244.6	36477.9	103906	18947.6	39821.2	294744	22891	51504.7	123777	19423.6	66493.9	281391	32985.7	74395.3	672862	
2005	6	15	187163	1.37353e+06	698470	117878	2.23382e+06	770760	1.01592e+06	271343	6.66888e+06	367609	2.26351e+06	1.32402e+06	225617	3.93244e+06	1.69201e+06	1.9986e+06	631536	1.24354e+07	528858	3.0588e+06	2.01772e+06	347685	5.39865e+06	2.71174e+06	2.99814e+06	964519	1.80261e+07	9541.87	27690.8	76508.7	7948.92	29288.4	177848	13969.6	34820.7	377617	13144.3	23672.8	47547	10687.7	34512.9	106959	17932.1	41320.3	295776	22686.2	51363.5	124056	18636.6	63801.3	284807	31901.7	76141	673393	
2005	7	15	180538	1.42774e+06	504392	141270	2.24647e+06	626537	1.02551e+06	217266	6.36972e+06	355773	2.49501e+06	1.31021e+06	237737	3.94719e+06	1.57938e+06	1.96306e+06	541157	1.24295e+07	522119	3.37272e+06	2.04996e+06	360341	5.4691e+06	2.58706e+06	2.8989e+06	832398	1.80926e+07	9565.2	27797.5	76369	8248.3	28675.7	178088	14081.9	35080.5	377906	13060.7	23510.5	48061.4	10861.7	33159.4	109466	17105.3	43030.5	298256	22625.9	51308	124430	19110	61835.1	287554	31187.2	78110.9	676161	
2005	8	15	185363	1.37514e+06	310833	190441	2.22552e+06	462443	1.01742e+06	173779	5.94093e+06	355443	2.64682e+06	1.11703e+06	298967	4.05797e+06	1.33552e+06	1.97065e+06	435376	1.22178e+07	527944	3.62127e+06	1.87463e+06	445228	5.53894e+06	2.32252e+06	2.87713e+06	697195	1.79049e+07	9604.97	27697.4	76973.4	8808.93	28332.2	178386	14162.4	35141.5	379107	12983.9	24035.6	44706.9	11055.5	37573.4	98483.7	16949.9	42143.2	287932	22588.9	51732.9	121680	19864.4	65905.6	276870	31112.3	77284.7	667039	
2005	9	15	177468	1.37034e+06	253758	180837	2.41804e+06	494913	1.0736e+06	217194	6.18615e+06	349296	2.65451e+06	775245	392768	4.07191e+06	1.07802e+06	1.95769e+06	371865	1.16513e+07	519803	3.75122e+06	1.50037e+06	574039	5.6131e+06	1.99338e+06	2.85957e+06	593220	1.74047e+07	9723.98	27570.3	77578.2	9201.07	28599.9	179111	14314.4	35222	381321	13000.7	25520.1	41213.1	10703.3	45821.5	87426	19436.8	39579.7	282701	22724.7	53090.4	118791	19904.4	74421.3	266537	33751.2	74801.6	664022	
2005	10	15	156079	1.34702e+06	213044	149613	2.67883e+06	496019	1.27907e+06	254698	6.57438e+06	332626	2.60512e+06	556748	416431	4.27009e+06	960673	2.01021e+06	385036	1.15369e+07	489710	3.7797e+06	1.11849e+06	633593	5.85343e+06	1.74e+06	2.91082e+06	581956	1.71077e+07	9694.89	27778.4	78132.6	9276.65	29127.7	179558	14538.4	35182.3	383288	13094.1	26507.1	38124.6	10870.3	51709.5	78689.8	22649.4	35704.6	277349	22789	54285.5	116257	20146.9	80837.1	258247	37187.8	70886.9	660638	
2005	11	15	131050	1.18164e+06	274048	130068	2.69598e+06	575896	1.40314e+06	316455	6.70827e+06	308387	2.55009e+06	478297	378279	4.67271e+06	1.00572e+06	2.25583e+06	458722	1.2108e+07	461732	3.69557e+06	867403	638423	6.25379e+06	1.64936e+06	3.14251e+06	635126	1.73439e+07	9385.63	28207.8	78438.2	9714.31	29379.5	179567	14690.4	35092.9	384476	13062.5	26967.9	36015.6	11637.2	54762.8	72726.9	24626.4	33073	272872	22448.1	55175.7	114454	21351.5	84142.4	252294	39316.8	68165.9	657348	
2005	12	15	107475	1.02545e+06	358543	130775	2.55925e+06	672652	1.43255e+06	377034	6.66373e+06	264010	2.35194e+06	504625	336191	4.88013e+06	1.10906e+06	2.57027e+06	554787	1.2571e+07	409890	3.48208e+06	849899	572114	6.53955e+06	1.84922e+06	3.49166e+06	770269	1.79647e+07	9071.34	29008.5	78098.3	10115.9	29666.5	179191	14639.7	35005.1	384796	13208.2	27267	34792.1	12301.5	56022.6	70043.8	25102.9	32702.8	271441	22279.5	56275.5	112890	22417.4	85689.1	249234	39742.6	67707.9	656237	
2006	1	15	104568	927504	454837	149173	2.46111e+06	778314	1.3819e+06	454807	6.71221e+06	224144	2.02755e+06	652061	335464	4.71386e+06	1.29662e+06	2.70866e+06	687797	1.26462e+07	358787	3.08855e+06	985685	556317	6.49899e+06	2.11691e+06	3.77901e+06	956316	1.83406e+07	9016.38	29732.1	77633.8	10977.2	30123.6	177942	14389.1	35058.8	384873	13572.7	26070.2	35411.1	14464.7	49842.6	74394.7	23877.9	33920.9	271555	22589.1	55802.3	113045	25441.9	79966.2	252337	38267	68979.7	656428	
2006	2	15	99736	901055	579192	189712	2.26508e+06	906383	1.26538e+06	493960	6.7005e+06	208048	1.7798e+06	821384	331555	4.50238e+06	1.4357e+06	2.70972e+06	801630	1.25902e+07	322743	2.68203e+06	1.21367e+06	525978	6.27969e+06	2.32817e+06	3.88103e+06	1.13853e+06	1.83718e+07	9490.85	30206.3	77135.4	11225.3	31156.6	176656	13995.8	35135.4	385002	14127.9	24378.5	39082.6	15302	44187.4	83689.4	22652.4	35601.3	279022	23618.8	54584.9	116218	26527.2	75344	260345	36648.2	70736.8	664023	
2006	3	15	86484.8	927925	619831	198684	1.99533e+06	925008	1.12955e+06	464460	6.34728e+06	197217	1.6693e+06	1.01382e+06	345127	4.24788e+06	1.63513e+06	2.5426e+06	909339	1.25604e+07	298010	2.42767e+06	1.47933e+06	519309	5.90928e+06	2.59147e+06	3.74084e+06	1.30658e+06	1.82725e+07	10088.2	30198.4	77072.3	11200.4	31058.8	176051	13810.6	35122.6	384603	14237.5	23102.2	41618.8	14882.9	40332.5	89596.2	21193.4	36876.7	281840	24325.7	53300.6	118691	26083.3	71391.3	265648	35004	71999.3	666443	
2006	4	15	71796.8	972426	672612	153259	1.88635e+06	970594	1.03014e+06	449188	6.20636e+06	170148	1.69518e+06	1.14204e+06	344308	3.78585e+06	1.80664e+06	2.27431e+06	901508	1.212e+07	265728	2.37238e+06	1.67689e+06	498863	5.38637e+06	2.82436e+06	3.43479e+06	1.35019e+06	1.78096e+07	10337.6	30017.6	77080.9	10422.3	30680.7	175619	13716.8	35260	383135	13787.4	22677.2	43387.9	13382.9	37692.3	94177.9	19841.4	37879.9	282827	24125	52694.8	120469	23805.2	68373.1	269797	33558.2	73139.9	665962	
2006	5	15	65684.1	1.00016e+06	704165	133380	1.85843e+06	962056	988231	416275	6.12838e+06	141484	1.77772e+06	1.2048e+06	302876	3.49419e+06	1.79918e+06	2.06558e+06	827607	1.16134e+07	228431	2.44884e+06	1.8263e+06	465589	4.99055e+06	2.88352e+06	3.12688e+06	1.28543e+06	1.72556e+07	10238.3	30126.1	77162.9	9629.29	30195.5	175179	13667.7	35523.2	381722	13108.7	22748.1	44680.1	12013.4	35406.7	97921.4	18419.2	39248.5	283546	23347.1	52874.3	121843	21642.7	65602.3	273100	32086.8	74771.7	665268	
2006	6	15	62757	1.09131e+06	642174	114375	1.89382e+06	863177	971885	358308	5.99781e+06	123092	1.84643e+06	1.28269e+06	251238	3.40225e+06	1.78957e+06	1.96241e+06	767892	1.14256e+07	194888	2.54826e+06	1.93542e+06	403023	4.74556e+06	2.82073e+06	2.93395e+06	1.16947e+06	1.67513e+07	9927.58	30343.6	77057.7	8843.13	29926.3	175132	13827.3	35874.6	380932	12465.3	22947.4	45388.8	11180.7	33959.1	101856	16890.2	40866.4	285554	22392.9	53291.1	122446	20023.8	63885.4	276988	30717.5	76740.9	666486	
2006	7	15	79896.2	1.17304e+06	453634	136897	1.94531e+06	667884	921322	301247	5.67923e+06	122750	1.95224e+06	1.24487e+06	243400	3.41625e+06	1.6853e+06	1.92131e+06	687875	1.1274e+07	189057	2.69053e+06	1.93618e+06	384178	4.73923e+06	2.67978e+06	2.83749e+06	1.05677e+06	1.65132e+07	9743.64	30497.9	76841.8	8789.77	30040.5	174859	13811.5	35922.1	380506	11994.7	22607.5	46594.1	11278.6	32672	104706	15712.8	42369.6	287936	21738.3	53105.4	123436	20068.4	62712.5	279566	29524.3	78291.7	668442	
2006	8	15	108060	1.23438e+06	272602	137467	1.91166e+06	507127	920332	246588	5.33822e+06	137820	2.11366e+06	1.00828e+06	267131	3.47116e+06	1.48782e+06	1.85123e+06	592224	1.09293e+07	200921	2.89513e+06	1.71127e+06	401654	4.75989e+06	2.4966e+06	2.75576e+06	924803	1.6146e+07	9835.83	30032.9	77055.6	8719.01	30493.4	175124	13888.8	35906.8	381057	11909.8	22650.2	43797	11076.3	36661.6	95771	15573.1	41308.7	278748	21745.6	52683.1	120853	19795.3	67155	270895	29461.9	77215.5	659804	
2006	9	15	144834	1.2809e+06	225578	114506	2.18725e+06	550236	1.02546e+06	297383	5.82614e+06	181321	2.23987e+06	709544	299355	3.4562e+06	1.22935e+06	1.81446e+06	495630	1.04257e+07	243115	3.11615e+06	1.3477e+06	443826	4.76316e+06	2.20632e+06	2.714e+06	787596	1.56219e+07	9852.42	29209.8	77834.1	8748.67	30816.4	176102	13921.3	35760	382244	11912.2	24613	40446.1	10480.2	44699.4	85870.6	18372	38359.6	274753	21764.6	53822.8	118280	19228.9	75515.8	261972	32293.2	74119.6	656997	
2006	10	15	153543	1.29791e+06	204894	109013	2.51289e+06	534176	1.24202e+06	320865	6.37531e+06	241956	2.3576e+06	532027	298403	3.66866e+06	1.13364e+06	1.91096e+06	504652	1.06479e+07	314617	3.3085e+06	1.02952e+06	491868	5.00736e+06	2.00269e+06	2.75287e+06	754794	1.56622e+07	9584.18	29075.6	78213.9	8899.73	31411.6	176550	14007.2	35516.5	383259	11939.8	26021.2	37460.8	10836	50533.6	77454.1	21565.1	34728	270538	21523.9	55096.7	115675	19735.7	81945.2	254004	35572.2	70244.5	653797	
2006	11	15	161777	1.27213e+06	221698	83052.6	2.55113e+06	562455	1.36259e+06	369539	6.58437e+06	283913	2.42111e+06	467246	227440	4.19913e+06	1.19855e+06	2.20674e+06	589475	1.15936e+07	378616	3.4379e+06	829947	392641	5.47793e+06	1.96381e+06	3.03346e+06	808523	1.63228e+07	9257.81	29186.5	78183.1	8490.45	31819.9	176777	14235.4	35191.5	383141	12274	26941.2	35240.6	11018.8	53810.9	71791.3	23687.6	32313.5	267078	21531.8	56127.7	113424	19509.2	85630.8	248568	37923	67505	650219	
2006	12	15	179424	1.17144e+06	291886	77079.3	2.52171e+06	605287	1.40333e+06	406763	6.65691e+06	311714	2.39626e+06	468719	198202	4.54994e+06	1.1901e+06	2.51824e+06	665586	1.22988e+07	438781	3.43972e+06	808284	331099	5.95437e+06	2.08144e+06	3.42427e+06	936425	1.74144e+07	9055.48	28887.4	78416.6	8470.65	31831.5	176371	14814.7	34802.4	382650	12751.6	27162.2	33998.8	11305.2	55118.2	69399.3	24310	32119	266164	21807.1	56049.6	112415	19775.8	86949.7	245770	39124.7	66921.4	648814	
2007	1	15	201761	1.10358e+06	363619	89667.4	2.2871e+06	704725	1.37226e+06	491742	6.61446e+06	346830	2.25282e+06	553379	198709	4.51203e+06	1.27072e+06	2.67473e+06	753539	1.25628e+07	488526	3.27077e+06	894664	328712	6.07527e+06	2.25603e+06	3.73977e+06	1.07059e+06	1.81243e+07	8910.81	29132.9	77901.8	8830.19	32236.6	175905	15011.6	34555	382484	13039.7	25722.1	34910.8	12672.3	49143.8	74217.4	22682.2	33374.7	265763	21950.5	54855	112813	21502.5	81380.3	250123	37693.8	67929.7	648247	
2007	2	15	217896	1.02493e+06	474077	122522	2.06558e+06	799926	1.19075e+06	522692	6.41837e+06	385172	2.08119e+06	687550	203411	4.28234e+06	1.3644e+06	2.66439e+06	869411	1.25379e+07	541685	3.05448e+06	1.04854e+06	326472	5.85121e+06	2.37994e+06	3.81124e+06	1.23771e+06	1.82513e+07	8876.88	29382.5	77286.1	9137.38	32569.6	175312	15158.6	34485.5	382209	12965.2	24112.8	38934.8	13055.2	43280.4	84124.5	21618.2	34751.1	272842	21842.1	53495.3	116221	22192.5	75850	259437	36776.8	69236.6	655051	
2007	3	15	200046	990550	539166	132620	1.84752e+06	844603	1.0522e+06	448687	6.05539e+06	406577	1.94694e+06	853262	236316	3.84257e+06	1.54289e+06	2.46557e+06	951523	1.22456e+07	572130	2.82801e+06	1.27037e+06	353616	5.38718e+06	2.57502e+06	3.63721e+06	1.35698e+06	1.79805e+07	9066.95	29510.2	76589.1	9274.27	32548.1	175391	15022.2	34613.6	382015	12829.5	23181.5	41576.7	12744.5	39466.5	90752.2	20263.3	36161.7	276976	21896.4	52691.8	118166	22018.8	72014.6	266143	35285.5	70775.2	658991	
2007	4	15	147043	1.0544e+06	614013	124911	1.77622e+06	884455	976652	432662	6.01035e+06	366331	1.88644e+06	989766	250071	3.47889e+06	1.62185e+06	2.16671e+06	888262	1.16483e+07	542430	2.71887e+06	1.45731e+06	361718	4.89438e+06	2.65509e+06	3.31808e+06	1.34469e+06	1.72926e+07	9444.82	29417.3	75973	8954.39	32306.7	175325	14769.5	34977.8	381169	12652.7	22649.1	43547.3	11864.3	37383.6	95987.5	18927.3	37562.1	280574	22097.5	52066.4	119520	20818.7	69690.3	271313	33696.9	72539.9	661743	
2007	5	15	120913	1.16274e+06	661727	108714	1.77747e+06	915480	947071	395997	6.09011e+06	285186	1.93788e+06	1.11301e+06	244442	3.22602e+06	1.6619e+06	1.94188e+06	796725	1.1207e+07	456417	2.71973e+06	1.6706e+06	372541	4.53423e+06	2.68733e+06	2.96328e+06	1.24857e+06	1.66527e+07	9811.77	28853.1	75891.5	8625.7	31795	175456	14488.6	35245.9	380167	12356.6	22594.9	45149.4	11048.5	35677.2	100481	17668.5	39112	284088	22168.4	51447.9	121041	19674.2	67472.2	275936	32157.1	74357.8	664255	
2007	6	15	105666	1.23675e+06	645345	112840	1.84882e+06	847976	961422	352811	6.11163e+06	225716	2.11189e+06	1.18256e+06	229905	3.20365e+06	1.70416e+06	1.8543e+06	730828	1.1243e+07	373345	2.88887e+06	1.77767e+06	359068	4.40777e+06	2.68946e+06	2.76475e+06	1.10604e+06	1.6367e+07	9929.43	28874.4	75128.1	8307.3	31181.2	175766	14601	35359.2	379147	12315.2	22662.4	45609.2	10538.3	34479.8	104529	16643.6	40708.9	287487	22244.6	51536.8	120737	18845.6	65661.1	280295	31244.5	76068.1	666633	
2007	7	15	108308	1.23469e+06	523053	145003	1.89899e+06	727801	969319	302538	5.9097e+06	205847	2.28176e+06	1.18581e+06	247226	3.30167e+06	1.65815e+06	1.84094e+06	656716	1.13781e+07	324444	3.11112e+06	1.82727e+06	380416	4.47262e+06	2.66744e+06	2.69829e+06	999876	1.64815e+07	10043.9	29117.3	74319.3	8414.37	30909.5	175604	14433.1	35335.8	378177	12308.5	22611.6	46017.1	10787.2	33622.2	107655	15430	42072.4	290504	22352.4	51728.9	120336	19201.6	64531.7	283259	29863.1	77408.2	668681	
2007	8	15	95220.3	1.24006e+06	306414	184763	1.89831e+06	614317	976285	242643	5.55801e+06	198245	2.31081e+06	1.08772e+06	310345	3.38735e+06	1.54083e+06	1.86007e+06	594117	1.12895e+07	304707	3.22666e+06	1.76571e+06	452014	4.55995e+06	2.59281e+06	2.7009e+06	907883	1.65106e+07	10104.2	28545.7	74805.6	8643.41	31033.6	175742	14205	35347	378426	12244.2	23210.6	43485.3	10928.4	38394	97193.7	15330.9	40875	281662	22348.4	51756.4	118291	19571.8	69427.6	272935	29535.9	76222	660088	
2007	9	15	103164	1.20955e+06	255239	204549	2.16298e+06	676188	1.0821e+06	289614	5.98339e+06	192793	2.29494e+06	795038	409072	3.43531e+06	1.36642e+06	1.87584e+06	502350	1.08718e+07	286869	3.28055e+06	1.459e+06	581060	4.63999e+06	2.40886e+06	2.72868e+06	790666	1.61757e+07	10118.2	28014.4	75130.2	9227.08	31149.5	176255	14177.9	35228.8	379301	12549.2	24702.5	40654.1	11064.8	46093.8	86460.7	18185	38006.8	277717	22667.4	52716.9	115784	20291.9	77243.3	262716	32363	73235.6	657018	
2007	10	15	107904	1.1547e+06	253019	204929	2.40503e+06	675053	1.32235e+06	358217	6.4812e+06	192226	2.27321e+06	586139	464382	3.66287e+06	1.34751e+06	1.97388e+06	504355	1.10046e+07	285698	3.25258e+06	1.16054e+06	691303	4.91838e+06	2.29665e+06	2.84313e+06	765280	1.62135e+07	9993.34	27583.8	75309.7	10055.5	31167.2	176406	14178.7	35158.3	379853	12789.5	26143.9	37793.2	11883.3	51844.9	77854.5	21412.1	34478.6	274200	22782.9	53727.7	113103	21938.8	83012.1	254261	35590.9	69636.9	654053	
2007	11	15	112123	1.09376e+06	312715	204051	2.4779e+06	718479	1.47446e+06	381731	6.77522e+06	209921	2.19122e+06	554839	465480	4.12311e+06	1.39225e+06	2.30048e+06	612357	1.18496e+07	302303	3.15988e+06	971259	719973	5.40258e+06	2.22229e+06	3.16224e+06	832450	1.6773e+07	9833.39	27198.5	75388.5	11078.8	30769.3	175825	14442	34957.9	379493	13156.7	27188.4	35829.9	13083.7	55303.7	72055.2	23669.1	32246.5	272533	22990.1	54386.8	111218	24162.5	86073	247880	38111.1	67204.4	652026	
2007	12	15	105631	1.04473e+06	381029	204177	2.41036e+06	806442	1.53612e+06	431243	6.91973e+06	216832	2.07682e+06	596245	454581	4.38584e+06	1.47337e+06	2.66573e+06	691830	1.25612e+07	318880	3.01478e+06	977423	706786	5.79385e+06	2.43395e+06	3.61067e+06	956732	1.78131e+07	9751.09	27067.5	74996.9	12044.2	30457.1	175249	14820.6	34683.5	379070	13851.6	27533.6	34715.5	14425.8	56406.6	69276.4	24452.5	31881.7	272544	23602.7	54601.1	109712	26470	86863.7	244525	39273.2	66565.1	651614	
2008	1	15	110103	986950	490277	252862	2.41316e+06	880303	1.50426e+06	501757	7.13967e+06	227327	1.94334e+06	724935	489855	4.34255e+06	1.62343e+06	2.85059e+06	779672	1.29817e+07	337287	2.80768e+06	1.11437e+06	759093	5.89223e+06	2.63664e+06	3.96555e+06	1.11551e+06	1.86284e+07	10193.2	26821.6	74429.8	13824.8	30376	173794	15197	34637.4	379274	15002	26301.1	35563.3	17288.3	49704.7	74030.1	22899.2	32931.2	273720	25195.2	53122.7	109993	31113.1	80080.7	247824	38096.2	67568.6	652994	
2008	2	15	104646	947678	608807	298529	2.25207e+06	1.00707e+06	1.36037e+06	528159	7.10733e+06	236963	1.84644e+06	871705	507011	4.38558e+06	1.6858e+06	2.88814e+06	880503	1.33021e+07	358058	2.64425e+06	1.30621e+06	766915	5.98181e+06	2.75445e+06	4.10919e+06	1.25391e+06	1.91748e+07	10948	26409.6	73442.4	15411.3	30351.1	172335	15503.1	34753.5	379154	15737.5	24538.8	39303.1	19534.2	42820.5	83825.4	21949.5	34473	282182	26685.5	50948.4	112746	34945.6	73171.6	256160	37452.6	69226.5	661336	
2008	3	15	90472	918596	676347	349530	1.99967e+06	1.05727e+06	1.22291e+06	488050	6.80285e+06	225259	1.76166e+06	1.0847e+06	545313	4.25405e+06	1.84988e+06	2.71306e+06	967114	1.3401e+07	354800	2.5029e+06	1.57243e+06	806812	5.83399e+06	2.95134e+06	3.98587e+06	1.39158e+06	1.93997e+07	11610.2	26057.6	72667.2	16261.6	30242.8	171343	15560.9	35048.9	378792	15812.4	23307.4	42017.7	20189.3	39532.1	90088.7	20627.7	35974.3	287550	27422.6	49365	114685	36450.9	69775	261432	36188.6	71023.2	666342	
2008	4	15	75339.1	944944	719913	307400	1.84876e+06	1.12377e+06	1.13865e+06	456405	6.61519e+06	188438	1.69724e+06	1.24303e+06	579328	3.8604e+06	2.00437e+06	2.46825e+06	922581	1.29636e+07	322421	2.38503e+06	1.81356e+06	837072	5.48508e+06	3.12705e+06	3.72506e+06	1.38968e+06	1.9085e+07	11855.5	25969.3	71967.9	15515	30168	170770	15623.5	35280.3	377149	15458.4	22590.3	44071.6	18786.2	37779.6	94986.1	19341.6	37196.2	290210	27313.9	48559.7	116040	34301.3	67947.5	265756	34965.1	72476.5	667359	
2008	5	15	52105.6	1.01868e+06	750700	235344	1.82901e+06	1.07819e+06	1.08529e+06	409534	6.45885e+06	145682	1.70753e+06	1.33075e+06	574162	3.53452e+06	2.0165e+06	2.29308e+06	826752	1.2429e+07	251633	2.37765e+06	2.00453e+06	845995	5.05856e+06	3.19274e+06	3.45929e+06	1.28343e+06	1.84738e+07	12109.9	25726.2	71747.7	14161.8	30422.9	170064	15675.9	35357.7	375266	14971.6	21903.3	45203.8	16615.9	36261.1	99057.5	18202.6	38185.8	290402	27081.5	47629.4	116952	30777.7	66684	269122	33878.5	73543.5	665668	
2008	6	15	47004.4	1.10212e+06	627101	175127	1.80847e+06	971336	1.03814e+06	376883	6.14618e+06	110234	1.79439e+06	1.39856e+06	469114	3.35237e+06	2.06084e+06	2.15202e+06	767003	1.21045e+07	189324	2.45787e+06	2.11693e+06	757437	4.73862e+06	3.18855e+06	3.2247e+06	1.17378e+06	1.78472e+07	12019.8	25705.7	71436.9	12667.3	31078.3	169780	15790.4	35636.2	374115	14081.3	21582.9	45921.4	14910.6	35620.1	103023	17088	39694.3	291922	26101.2	47288.6	117358	27578	66698.4	272804	32878.3	75330.5	666037	
2008	7	15	60111.2	1.15939e+06	424285	164360	1.92363e+06	743317	1.03818e+06	303677	5.81695e+06	91665.3	1.934e+06	1.29155e+06	366296	3.33782e+06	1.92764e+06	2.07938e+06	686575	1.17149e+07	154738	2.61557e+06	2.04527e+06	622539	4.64283e+06	3.07431e+06	3.1039e+06	1.0522e+06	1.73114e+07	11829.8	25707.7	71041.7	11882.5	31848.5	169368	15827.2	35618.8	373124	13579.4	21220.9	47160.9	14422.2	34769.4	105314	16153.9	41149.4	293770	25409.2	46928.6	118203	26304.7	66617.9	274682	31981.1	76768.2	666894	
2008	8	15	77514.7	1.15528e+06	285552	201014	2.02709e+06	578919	1.06006e+06	254416	5.63984e+06	102477	2.07772e+06	995601	357808	3.47687e+06	1.61565e+06	2.04619e+06	602094	1.12744e+07	149939	2.8094e+06	1.77875e+06	573857	4.77208e+06	2.7675e+06	3.03162e+06	931231	1.68144e+07	11564.3	25521.7	70905.6	11990.5	32543.2	169482	15674	35666.9	373348	13217.9	21648.3	44010.9	14285.4	38663.5	95758.6	16229	39995.3	283809	24782.2	47170	114917	26275.8	71206.7	265241	31902.9	75662.1	657157	
2008	9	15	96937.4	1.12135e+06	232845	236341	2.28022e+06	655500	1.12885e+06	291650	6.04369e+06	133754	2.12157e+06	715274	435221	3.6396e+06	1.33745e+06	2.02795e+06	520792	1.09316e+07	179895	2.95812e+06	1.37967e+06	647958	4.97771e+06	2.38148e+06	2.97434e+06	826838	1.6326e+07	11378.1	24849.7	71228.3	12285.5	33365	170218	15471.3	35745.8	374542	12968	23335.3	40325.3	13809.1	46184.9	85892.8	18992.6	37612.3	279120	24346	48185	111554	26094.6	79549.9	256111	34463.9	73358.1	653662	
2008	10	15	97527.3	1.08593e+06	216480	232693	2.54207e+06	633177	1.35798e+06	314822	6.48068e+06	167833	2.07858e+06	562718	499020	3.97944e+06	1.2734e+06	2.12496e+06	513057	1.1199e+07	224259	2.9854e+06	1.06214e+06	757940	5.4293e+06	2.13996e+06	3.06069e+06	775959	1.64356e+07	11041.1	24512.5	71202.5	12365.3	34518.7	170425	15619.5	35782.2	375466	12760.6	24292	37088.8	13918.8	51218.4	77555.2	22254.2	34460.2	273548	23801.6	48804.4	108291	26284.1	85737.1	247980	37873.7	70242.4	649014	
2008	11	15	94442	1.03508e+06	261163	200497	2.52848e+06	685603	1.5029e+06	390139	6.69831e+06	191541	2.01624e+06	482919	532718	4.4853e+06	1.31403e+06	2.40009e+06	577506	1.20003e+07	266199	2.91689e+06	866165	816048	6.00012e+06	2.06659e+06	3.34457e+06	812198	1.70888e+07	10723.6	24459.2	70519.7	12623.5	35801.8	169776	15902.9	35666.4	375473	13017	25538.7	34973	14341.8	53765.8	72254.1	24413.5	32360.7	270665	23740.6	49997.8	105493	26965.3	89567.6	242031	40316.4	68027	646138	
2008	12	15	90973.5	921800	349759	196564	2.28594e+06	795472	1.54963e+06	457794	6.64792e+06	192047	1.92041e+06	502758	512055	4.72256e+06	1.3443e+06	2.73948e+06	671849	1.26055e+07	285404	2.76681e+06	848483	824627	6.38011e+06	2.22598e+06	3.73378e+06	940691	1.80059e+07	10357.2	24158.5	69818.6	14165.7	36477.3	168655	16181.6	35452.8	375267	13443.2	26023.4	33916.3	15787.2	54548.8	69862.9	25095.8	32170.2	270848	23800.3	50181.9	103735	29953	91026	238518	41277.4	67622.9	646115	
2009	1	15	82169	769465	455502	207431	2.11243e+06	887803	1.51155e+06	533660	6.56001e+06	192060	1.73373e+06	651092	462355	4.45529e+06	1.47301e+06	2.9295e+06	802728	1.26998e+07	291383	2.51015e+06	999934	774699	6.24432e+06	2.41815e+06	4.08164e+06	1.11168e+06	1.8432e+07	10194.9	24203.5	68832	16002.4	36541.8	167405	16631.7	35238.9	375050	14089.4	25235.1	34635.2	18264	49071.5	74377	23246.5	33351	272270	24284.3	49438.6	103467	34266.5	85613.3	241782	39878.2	68590	647320	
2009	2	15	77579.8	764950	545943	210411	1.86689e+06	1.01946e+06	1.30791e+06	566633	6.35978e+06	182174	1.49982e+06	806834	432611	4.08548e+06	1.65213e+06	2.92658e+06	949674	1.25353e+07	284741	2.22863e+06	1.18745e+06	693213	5.82819e+06	2.66009e+06	4.18322e+06	1.33697e+06	1.84025e+07	10397.3	24341.3	67419.6	16903.6	36989.9	166451	17094.5	35248.6	374845	14608.6	23412.6	38290.7	19369.4	44449.3	83650.9	22095.4	34523.2	280400	25005.9	47753.8	105710	36272.9	81439.2	250102	39189.9	69771.8	655245	
2009	3	15	65197	751404	599205	213112	1.66611e+06	1.01102e+06	1.15114e+06	517003	5.97419e+06	161000	1.36593e+06	984578	410142	3.67193e+06	1.83675e+06	2.69235e+06	1.04912e+06	1.21718e+07	257614	2.00085e+06	1.42946e+06	630723	5.23636e+06	2.90296e+06	3.98647e+06	1.50638e+06	1.79508e+07	10793.6	24232.9	66329.7	16570.3	37560.5	166012	17221.6	35403.7	374124	14791.7	22378	40544.2	18631.7	42145.4	89508.5	20702.5	35714.1	284416	25585.3	46610.9	106874	35202.1	79705.9	255520	37924.1	71117.8	658540	
2009	4	15	56549.2	761645	658274	159119	1.61103e+06	1.05656e+06	1.05992e+06	498201	5.8613e+06	134543	1.37186e+06	1.10101e+06	368209	3.22393e+06	1.93603e+06	2.36263e+06	1.0058e+06	1.1504e+07	214920	1.9074e+06	1.60607e+06	557747	4.6782e+06	3.02957e+06	3.62391e+06	1.52583e+06	1.71437e+07	10777	24220	65339.3	15009.3	37957.8	166245	17215.6	35726.4	372490	14369.4	21740.7	42191.7	16407.7	40600	94238.7	19286.6	36775.1	285610	25146.4	45960.7	107531	31416.9	78557.8	260483	36502.2	72501.6	658100	
2009	5	15	52571.4	853689	719180	124404	1.73451e+06	956694	1.02702e+06	454948	5.92302e+06	111024	1.39684e+06	1.18194e+06	310831	3.0336e+06	1.89533e+06	2.14018e+06	909144	1.09789e+07	180773	1.93728e+06	1.76675e+06	477830	4.31969e+06	3.02297e+06	3.26738e+06	1.41265e+06	1.63853e+07	10537.6	24176.1	64945.9	13382.3	38079.4	166334	17167.6	36153.4	370776	13740.3	21256.9	43022.3	14101.7	37973.7	98010.5	17951.7	37971.5	284029	24277.9	45433	107968	27484	76053	264345	35119.3	74124.8	654805	
2009	6	15	54017	966969	612454	109315	1.82904e+06	837890	1.01598e+06	364232	5.78989e+06	101397	1.49386e+06	1.26948e+06	245785	3.10512e+06	1.8403e+06	2.04239e+06	825409	1.09237e+07	157496	2.0447e+06	1.87619e+06	404557	4.2878e+06	2.89091e+06	3.05625e+06	1.25803e+06	1.59759e+07	9903.16	24238.5	64405.6	12214.4	37850.8	166926	17147	36519.7	369205	12866.8	20992.7	43421.9	12674.9	35572	100990	16729.1	39395.8	282643	22769.9	45231.2	107827	24889.3	73422.8	267916	33876.1	75915.5	651848	
2009	7	15	67699.6	1.07017e+06	433148	111753	1.93892e+06	615540	1.00046e+06	281019	5.51871e+06	103335	1.6894e+06	1.20321e+06	214657	3.31748e+06	1.66261e+06	2.01724e+06	702382	1.09103e+07	151830	2.24224e+06	1.85861e+06	344195	4.48715e+06	2.7284e+06	2.97399e+06	1.09484e+06	1.58813e+07	9136.84	24067.4	64447.3	11656	37988.9	167272	17110.1	36941.6	368620	12007.8	20360.3	44671.4	12430.1	34116.5	102054	15451.5	40992.9	282085	21144.6	44427.6	109119	24086.1	72105.4	269326	32561.6	77934.5	650704	
2009	8	15	98502.6	1.11865e+06	283444	132272	1.90564e+06	488163	958255	222136	5.20706e+06	118621	1.89542e+06	958703	229037	3.4708e+06	1.38925e+06	1.97899e+06	567228	1.0608e+07	167274	2.53099e+06	1.65193e+06	350151	4.70857e+06	2.42048e+06	2.92915e+06	918566	1.56771e+07	8758.1	23649	64867.4	12060.3	37522.3	168276	17042.3	37114.3	369290	11596.4	20468.3	41900.3	12508.7	36053.3	92351.9	15225.9	39438.3	269543	20354.5	44117.3	106768	24569	73575.6	260628	32268.2	76552.6	638833	
2009	9	15	119383	1.15571e+06	287228	120301	2.15111e+06	485865	1.02558e+06	260142	5.60531e+06	161547	2.03094e+06	695712	270580	3.52345e+06	1.10243e+06	1.92814e+06	463709	1.01765e+07	212583	2.77467e+06	1.30637e+06	401690	4.83717e+06	2.04342e+06	2.88024e+06	758241	1.52144e+07	8546.28	22995.9	65367.3	12367.4	37456.1	169619	16988.6	37188.7	370529	11267.3	21732.1	38455.2	12067.6	42356.1	82077.3	17946.3	36885.5	262787	19813.5	44728	103823	24435	79812.2	251696	34934.9	74074.2	633316	
2009	10	15	125528	1.16143e+06	290189	94460.7	2.5115e+06	443202	1.22166e+06	298809	6.14678e+06	208407	2.10631e+06	577074	260666	3.75219e+06	978396	1.93909e+06	451315	1.02735e+07	270161	2.93999e+06	1.05919e+06	400239	5.1391e+06	1.75896e+06	2.84925e+06	692863	1.51098e+07	8266.61	23030.7	65497.6	12109.7	37164.7	170441	17064.7	37074.2	370650	11056.9	22524.5	35582.7	11698.9	46996.3	73229	20996.7	33633.1	255718	19323.5	45555.2	101080	23808.6	84161.1	243670	38061.4	70707.3	626367	
2009	11	15	118158	1.04066e+06	321724	71066.3	2.62285e+06	488797	1.38187e+06	336060	6.38118e+06	235581	2.1256e+06	600167	198061	4.31264e+06	959696	2.18294e+06	513163	1.11279e+07	323698	3.01039e+06	958816	337597	5.69789e+06	1.62874e+06	3.05134e+06	712377	1.57208e+07	8006.46	23421.8	65089.7	11443.4	37245.1	170817	17252.6	36709.9	369986	11237.3	22855.7	33565.8	11371.3	49728.5	67165.4	22925.5	31335.5	250185	19243.7	46277.5	98655.5	22814.7	86973.6	237982	40178.1	68045.4	620171	
2009	12	15	125694	930123	408578	68835.8	2.57721e+06	528308	1.40496e+06	388057	6.43177e+06	239102	1.99498e+06	655093	162304	4.71178e+06	994598	2.49257e+06	597293	1.18477e+07	344337	2.9002e+06	1.02757e+06	279992	6.24327e+06	1.72472e+06	3.38469e+06	830187	1.6735e+07	7751.9	23504.6	64511.5	11224.6	36910.4	170758	17603.6	36288.2	368553	11419.5	22677.8	32437.3	11365.8	50168.2	64629	23647.6	30891.5	247237	19171.4	46182.4	96948.9	22590.4	87078.6	235387	41251.2	67179.8	615789	
2010	1	15	145813	811791	494122	75359.3	2.45844e+06	618906	1.40499e+06	455940	6.46536e+06	247480	1.78361e+06	753962	156754	4.74536e+06	1.09061e+06	2.62153e+06	691955	1.20913e+07	362358	2.66873e+06	1.1527e+06	260948	6.43005e+06	1.92902e+06	3.6498e+06	973600	1.74272e+07	7629.01	23653.3	63633.3	10771.9	36961	170391	17967.1	35962.9	366970	11851.7	21745.5	33035.7	11726.9	45018.8	69744.4	21901.8	31995.1	247020	19480.7	45398.8	96669	22498.8	81979.8	240136	39868.9	67958	613990	
2010	2	15	176091	747697	593394	84643.7	2.16826e+06	787160	1.23166e+06	482094	6.271e+06	276866	1.59252e+06	894680	158548	4.51796e+06	1.25211e+06	2.61852e+06	802064	1.21133e+07	389659	2.37106e+06	1.31535e+06	244560	6.22198e+06	2.19148e+06	3.72652e+06	1.13228e+06	1.75929e+07	7535.76	24121.6	62480.5	10145.9	36826.3	170612	17957.4	35928.9	365608	12129.9	20701.1	36151.4	12001.2	39803.4	79705.3	20711.2	33238.6	254442	19665.6	44822.7	98632	22147.1	76629.8	250317	38668.7	69167.4	620050	
2010	3	15	211300	764299	618961	127723	2.11145e+06	814056	1.10399e+06	407061	6.15884e+06	327192	1.4377e+06	1.05933e+06	190749	4.15136e+06	1.44139e+06	2.46254e+06	865329	1.19356e+07	449267	2.13548e+06	1.54207e+06	275995	5.80274e+06	2.40819e+06	3.57587e+06	1.23793e+06	1.74275e+07	7549.03	24330.5	61753.3	9669.93	36278.5	171148	17717	36075.4	364522	11959.3	19835.4	38111.2	11285.7	37659.6	85808.7	19445.7	34548.3	258654	19508.3	44165.9	99864.5	20955.6	73938.1	256957	37162.6	70623.8	623176	
2010	4	15	207417	886705	653562	147734	2.1691e+06	892910	1.04634e+06	372306	6.37608e+06	371906	1.43438e+06	1.12703e+06	228870	3.89597e+06	1.55045e+06	2.21262e+06	796424	1.16176e+07	506389	2.0591e+06	1.65517e+06	326547	5.486e+06	2.53661e+06	3.33775e+06	1.21421e+06	1.71218e+07	7574.85	24363.9	61128.2	9684.72	35031.7	171998	17221	36422.8	363425	11449.2	19386.8	39574.3	10796.5	35198.7	90574.5	18212.6	35784.7	260977	19024	43750.6	100703	20481.2	70230.4	262572	35433.5	72207.4	624402	
2010	5	15	185371	973605	696921	150992	2.04607e+06	885716	987646	355821	6.28214e+06	382198	1.60989e+06	1.13799e+06	276873	3.9091e+06	1.6282e+06	2.01452e+06	710214	1.1669e+07	533686	2.2047e+06	1.72379e+06	386797	5.36279e+06	2.64586e+06	3.01892e+06	1.12839e+06	1.70049e+07	7456.08	24520.6	60639.5	9760.81	33699.4	172677	16605.3	36878.8	362237	10858.7	19118.6	39991.7	10482.1	32861.7	94283.3	17006.1	37050.3	261652	18314.8	43639.2	100631	20243	66561	266960	33611.4	73929.2	623890	
2010	6	15	178758	1.04784e+06	640289	171309	1.97855e+06	807043	987435	301049	6.11227e+06	361716	1.81046e+06	1.20249e+06	309024	3.82914e+06	1.67822e+06	1.90696e+06	654425	1.17524e+07	527254	2.43249e+06	1.79358e+06	449253	5.29848e+06	2.64805e+06	2.81156e+06	1.00167e+06	1.69623e+07	7459.25	24545.5	60138.9	10148.4	32656	173224	16112.6	37266	361551	10707	18988.3	39953.1	10682.6	30879.7	96682.2	16025.2	38628	262546	18166.2	43533.8	100092	20831	63535.6	269906	32137.8	75894.1	624097	
2010	7	15	149048	1.11409e+06	445730	211074	1.94064e+06	676476	1.0052e+06	259486	5.80174e+06	320567	1.9843e+06	1.18632e+06	355029	3.65699e+06	1.58625e+06	1.88105e+06	592951	1.15635e+07	490326	2.72206e+06	1.80523e+06	522903	5.1707e+06	2.59024e+06	2.75804e+06	910435	1.69699e+07	8141.46	23517.3	60704.4	10877.1	31794.1	173123	15991.4	37609.7	361759	10857	18129.7	41046.5	11143.2	29376.5	97686.9	15145.5	40084.6	263470	18998.4	41647	101751	22020.3	61170.6	270810	31136.9	77694.3	625229	
2010	8	15	124162	1.11048e+06	295963	259612	1.9335e+06	536644	1.03553e+06	212739	5.50862e+06	286008	2.11775e+06	949555	451923	3.5729e+06	1.414e+06	1.90275e+06	515202	1.12101e+07	464418	2.92786e+06	1.59667e+06	651714	4.96796e+06	2.42528e+06	2.75837e+06	811773	1.66041e+07	8840.22	22569.6	61283.8	12120.5	30694.5	173723	15931.9	37799.4	362963	10790.5	17732.9	38473.4	11600.6	32734.3	88097.5	15105.9	38712.7	253248	19630.8	40302.5	99757.2	23721.1	63428.8	261821	31037.8	76512.1	616211	
2010	9	15	101601	988128	294589	305534	2.18912e+06	602936	1.16044e+06	278157	5.9205e+06	252550	2.14433e+06	674635	534878	3.5244e+06	1.20464e+06	1.92639e+06	445943	1.07078e+07	423848	3.02935e+06	1.26677e+06	778244	4.85459e+06	2.18165e+06	2.78971e+06	709028	1.60332e+07	9375.54	22197.8	61616.3	12893.5	30192.7	174651	15798	37902.1	364627	10954	18261.6	35505.5	11515	39936.5	78532.7	17580.1	36074.1	248360	20329.5	40459.4	97121.9	24408.5	70129.2	253184	33378.1	73976.3	612986	
2010	10	15	100254	880515	300649	318628	2.50492e+06	628031	1.40179e+06	352919	6.4877e+06	234100	1.97411e+06	585764	606637	3.74004e+06	1.16581e+06	2.06384e+06	472371	1.08427e+07	390880	2.88893e+06	1.05077e+06	891004	5.04698e+06	2.02466e+06	2.94018e+06	707947	1.59414e+07	10119.7	21826.5	61632.1	13852.9	29814	174928	16264.2	37790	366227	11019.7	18820.9	32931	12055.1	44409	70799.4	20294.8	32580.4	242910	21139.3	40647.4	94563.2	25908	74223	245727	36559	70370.4	609137	
2010	11	15	92852.6	792864	355093	320490	2.5943e+06	676830	1.56274e+06	368710	6.76388e+06	214495	1.73452e+06	616482	669003	4.25298e+06	1.24711e+06	2.41474e+06	596491	1.17458e+07	356358	2.61862e+06	991610	989010	5.5482e+06	1.97801e+06	3.32014e+06	797985	1.65999e+07	10717.4	21383.8	61523.8	15094.7	29159.4	174690	16958	37529.7	367057	11171.9	19287.9	31010.9	12705.9	47372.5	65052.7	21982.5	30417.3	239002	21889.3	40671.7	92534.8	27800.6	76532	239742	38940.5	67946.9	606058	
2010	12	15	87301.7	770318	414854	312743	2.59425e+06	720948	1.58581e+06	439017	6.92524e+06	202204	1.55604e+06	662699	687511	4.61721e+06	1.34364e+06	2.79526e+06	689583	1.25542e+07	321884	2.32545e+06	1.04141e+06	1.05757e+06	6.05059e+06	2.18944e+06	3.80855e+06	945557	1.77405e+07	11060.7	21473.4	60949.9	16503.5	28540.2	174199	17610.5	37155.2	367493	11813.5	19362.8	29915.7	13919.2	48456.5	62521.1	22469.2	30196.2	238654	22874.2	40836.2	90865.6	30422.7	76996.8	236721	40079.7	67351.4	606147	
